AccelX1, AccelY1, AccelZ1, GyroX1, GyroY1, GyroZ1, AccelX2, AccelY2, AccelZ2, GyroX2, GyroY2, GyroZ2
0.367298,0.090927,9.931410,0.032987,-0.081856,0.002443,0.315853,0.498904,9.8285198,0.034208,-0.043982,-0.004887
0.392423,0.571885,9.652646,0.013439,-0.087965,0.009774,0.315853,0.498904,9.8285198,0.034208,-0.043982,-0.004887
0.532403,0.096909,9.290133,0.017104,-0.063530,0.003665,0.742971,0.294317,9.5461664,0.021991,-0.023213,-0.002443
0.171087,0.463011,10.005588,0.079412,-0.050091,-0.002443,0.742971,0.294317,9.5461664,0.021991,-0.023213,-0.002443
0.340977,0.275175,9.664610,-0.030543,-0.120951,0.001222,0.236889,0.933201,10.1503534,0.026878,-0.054978,-0.003665
0.224925,0.434297,9.915856,0.058643,-0.067195,0.007330,0.381655,0.504886,9.9673023,0.059865,-0.029322,-0.006109
0.415155,0.126820,9.980463,0.004887,-0.102625,0.000000,0.295514,0.514457,10.0773716,0.000000,-0.067195,-0.004887
0.273978,0.169890,10.096515,0.045204,-0.075747,0.003665,0.295514,0.514457,10.0773716,0.000000,-0.067195,-0.004887
0.357727,0.656830,9.839287,0.010996,-0.096517,0.000000,0.296710,0.702293,9.8763752,0.040317,-0.041539,-0.003665
0.192622,0.691526,9.565309,0.039095,-0.080634,0.001222,0.326620,0.800399,9.7028952,0.034208,-0.046426,-0.006109
0.272782,0.220140,9.553344,0.017104,-0.091630,0.001222,0.437887,0.726222,10.1096754,0.021991,-0.052534,-0.003665
0.284746,0.029910,9.785448,0.036652,-0.079412,0.002443,0.437887,0.726222,10.1096754,0.021991,-0.052534,-0.003665
0.138784,-0.259621,10.135996,0.014661,-0.094073,0.001222,0.594616,1.067199,10.1551399,0.034208,-0.041539,-0.002443
0.210568,-0.086142,10.080962,0.036652,-0.079412,0.001222,0.360120,0.474975,9.9098749,0.028100,-0.047647,-0.001222
0.290728,0.488136,9.259027,0.020769,-0.090408,0.002443,0.646062,0.823131,10.0343018,0.015882,-0.053756,-0.004887
0.318245,0.873380,9.669396,0.025656,-0.085521,0.002443,0.646062,0.823131,10.0343018,0.015882,-0.053756,-0.004887
0.363709,0.141177,10.238889,0.025656,-0.086743,0.000000,0.053839,0.514457,9.8249292,0.025656,-0.051313,-0.004887
0.277567,0.248854,9.284152,0.030543,-0.089186,0.002443,-0.052642,0.376870,9.7495565,0.032987,-0.045204,-0.002443
0.294317,0.855434,9.639486,0.020769,-0.090408,0.001222,0.602991,1.125823,9.9134645,0.020769,-0.053756,-0.001222
0.093320,-0.143569,9.884750,0.030543,-0.087965,0.003665,0.602991,1.125823,9.9134645,0.020769,-0.053756,-0.001222
0.350549,0.959522,9.686147,0.024435,-0.089186,0.002443,0.293121,0.717847,9.9302139,0.029322,-0.050091,-0.002443
0.192622,0.124427,9.501899,0.029322,-0.089186,0.002443,0.256032,0.480957,9.9038925,0.031765,-0.047647,-0.001222
0.374477,0.971486,9.627522,0.025656,-0.089186,0.002443,0.308674,0.556331,9.8775721,0.024435,-0.054978,0.000000
0.258425,-0.163908,9.639486,0.026878,-0.091630,-0.001222,0.308674,0.556331,9.8775721,0.024435,-0.054978,0.000000
0.388834,-0.015553,10.571491,0.026878,-0.087965,0.007330,-0.157926,-0.069392,10.0773716,0.028100,-0.054978,-0.004887
0.356531,1.031307,9.859626,0.020769,-0.091630,0.000000,0.228515,0.713061,9.8715897,0.034208,-0.050091,-0.004887
0.180658,-0.071785,9.710074,0.032987,-0.086743,0.000000,0.906880,1.241875,9.9373922,0.029322,-0.047647,-0.002443
0.259621,-0.308674,10.338190,0.020769,-0.091630,0.003665,0.906880,1.241875,9.9373922,0.029322,-0.047647,-0.002443
0.288335,0.555135,10.630115,0.021991,-0.083078,0.003665,-0.281157,-0.059821,9.9481602,0.024435,-0.051313,-0.001222
0.264407,0.798006,9.720841,0.023213,-0.087965,-0.001222,0.411566,0.964308,9.9146614,0.030543,-0.046426,-0.004887
0.278764,0.803988,9.265010,0.028100,-0.084299,0.000000,0.611366,0.848256,10.1814604,0.024435,-0.046426,-0.001222
0.285942,0.196211,8.987441,0.028100,-0.086743,-0.001222,0.611366,0.848256,10.1814604,0.024435,-0.046426,-0.001222
0.178265,-0.282353,9.404989,0.031765,-0.089186,0.007330,0.742971,1.418944,9.8297148,0.025656,-0.047647,-0.004887
0.210568,-0.074178,9.850055,0.020769,-0.092852,0.003665,0.143569,0.443869,9.9302139,0.040317,-0.047647,0.002443
0.396012,0.623330,10.080962,0.031765,-0.086743,0.006109,0.447458,1.061217,9.8201447,0.036652,-0.051313,-0.003665
0.293121,0.157926,10.514063,0.013439,-0.094073,0.008552,0.447458,1.061217,9.8201447,0.036652,-0.051313,-0.003665
0.338584,0.301496,10.595419,0.032987,-0.086743,0.007330,-0.302692,-0.045464,9.9852486,0.021991,-0.059865,0.000000
0.356531,0.445065,10.500902,0.017104,-0.095295,0.004887,0.940379,1.403391,9.7722883,0.021991,-0.054978,-0.002443
0.376870,0.821935,10.234102,0.026878,-0.090408,0.004887,0.436690,1.129412,9.8835545,0.037874,-0.050091,-0.006109
0.363709,1.094716,9.756735,0.021991,-0.090408,0.003665,0.436690,1.129412,9.8835545,0.037874,-0.050091,-0.006109
0.411566,0.175872,10.179068,0.024435,-0.084299,0.006109,0.206979,0.509671,10.0319090,0.031765,-0.050091,-0.003665
0.485743,-0.283549,10.725827,0.015882,-0.081856,-0.002443,0.033500,0.275175,9.8153582,0.021991,-0.053756,0.000000
0.508475,-0.267996,10.736595,0.024435,-0.079412,0.003665,1.037289,1.489532,9.7746811,0.029322,-0.041539,-0.003665
0.392423,-0.166301,10.485349,0.026878,-0.080634,0.006109,1.037289,1.489532,9.7746811,0.029322,-0.041539,-0.003665
0.337388,-0.061017,10.015160,0.026878,-0.083078,0.004887,0.783650,1.502692,9.7148600,0.028100,-0.041539,-0.003665
0.173480,-0.254836,9.413364,0.023213,-0.084299,0.004887,-0.130409,0.065803,10.1623182,0.026878,-0.046426,-0.010996
0.254836,-0.124427,9.632308,0.023213,-0.087965,0.001222,0.049053,0.396012,9.9529467,0.025656,-0.048869,0.000000
0.218943,-0.041874,9.891929,0.020769,-0.087965,0.000000,0.049053,0.396012,9.9529467,0.025656,-0.048869,0.000000
0.186640,0.283549,9.745967,0.020769,-0.091630,-0.001222,0.204586,0.410369,9.6646099,0.028100,-0.048869,-0.003665
0.321835,0.453440,9.603594,0.021991,-0.095295,0.000000,0.756132,1.289732,9.7866449,0.013439,-0.056200,0.001222
0.398405,0.725025,9.883554,0.029322,-0.092852,0.001222,1.074377,1.430908,9.9541426,0.019548,-0.052534,-0.004887
0.354138,0.021535,10.109675,0.026878,-0.089186,0.004887,1.074377,1.430908,9.9541426,0.019548,-0.052534,-0.004887
0.332602,-0.569492,10.212566,0.024435,-0.094073,0.004887,0.794417,1.322034,9.6646099,0.032987,-0.051313,-0.003665
0.308674,-0.601795,10.012767,0.031765,-0.092852,0.002443,0.922433,1.412962,9.9505529,0.025656,-0.051313,-0.004887
0.222532,0.509671,9.278170,0.026878,-0.095295,-0.002443,0.472582,1.204786,9.6825571,0.028100,-0.052534,-0.006109
0.240479,0.754936,10.066606,0.025656,-0.085521,-0.001222,0.472582,1.204786,9.6825571,0.028100,-0.052534,-0.006109
0.263210,-0.405583,10.259228,0.024435,-0.086743,0.001222,0.748953,1.289732,9.4791670,0.028100,-0.048869,-0.002443
0.197408,-0.486939,9.894321,0.020769,-0.091630,-0.003665,0.845863,1.258625,9.7686987,0.024435,-0.046426,-0.003665
0.329013,0.366102,9.333204,0.017104,-0.091630,-0.004887,0.788435,1.531407,9.7411814,0.020769,-0.050091,0.003665
0.256032,1.189233,9.690931,0.013439,-0.086743,-0.003665,0.788435,1.531407,9.7411814,0.020769,-0.050091,0.003665
0.435494,0.855434,10.229317,0.015882,-0.083078,0.001222,0.902094,1.526621,9.6634140,0.028100,-0.048869,-0.006109
0.236889,-0.157926,9.919446,0.031765,-0.089186,0.000000,0.753739,1.526621,9.6873426,0.026878,-0.046426,-0.006109
0.369691,0.893719,9.751948,0.025656,-0.089186,-0.002443,0.933201,1.307678,9.8596258,0.017104,-0.051313,-0.004887
0.352941,0.977468,9.761520,0.024435,-0.086743,0.000000,0.933201,1.307678,9.8596258,0.017104,-0.051313,-0.004887
0.375673,-0.226122,10.047462,0.023213,-0.086743,0.003665,0.288335,0.421137,9.7710915,0.035430,-0.051313,-0.001222
0.305085,-0.567099,9.905089,0.030543,-0.085521,0.001222,0.200997,0.247657,9.9122677,0.030543,-0.050091,0.000000
0.366102,1.141376,9.718450,0.020769,-0.089186,0.000000,0.614955,0.941576,9.5928259,0.021991,-0.050091,-0.001222
0.245264,0.065803,9.932607,0.024435,-0.086743,0.004887,0.614955,0.941576,9.5928259,0.021991,-0.050091,-0.001222
0.423530,-0.721436,9.694522,0.036652,-0.086743,0.001222,-0.120838,0.368495,10.0295162,0.028100,-0.050091,-0.004887
0.229711,0.376870,9.903893,-0.004887,-0.108734,-0.001222,-0.424726,-0.153141,10.2903337,0.075747,-0.025656,0.004887
0.276371,1.232304,9.868000,-0.010996,-0.106291,-0.003665,-0.348156,0.128016,10.1754789,0.030543,-0.046426,-0.003665
0.224925,-0.526421,9.589237,0.059865,-0.064752,-0.001222,-0.348156,0.128016,10.1754789,0.030543,-0.046426,-0.003665
0.285942,0.276371,9.651450,0.004887,-0.103847,-0.001222,0.189033,0.501296,10.4171534,0.065973,-0.023213,-0.008552
0.451047,1.056431,10.345368,0.043982,-0.073304,-0.001222,0.187837,0.478565,10.0450697,0.008552,-0.062308,-0.008552
0.333799,-0.123230,10.448260,0.010996,-0.091630,0.004887,0.650848,1.426122,9.7998047,0.018326,-0.048869,-0.007330
0.165105,-0.282353,9.182457,0.039095,-0.081856,0.000000,0.650848,1.426122,9.7998047,0.018326,-0.048869,-0.007330
0.440279,0.963111,10.029516,0.018326,-0.089186,0.003665,0.704686,0.814756,9.8404837,0.034208,-0.041539,0.000000
0.352941,-0.844666,10.468598,0.034208,-0.084299,0.004887,0.417548,0.827917,9.3798647,0.026878,-0.052534,-0.001222
0.248854,0.166301,9.288938,0.023213,-0.095295,-0.002443,0.221336,0.221336,10.0283194,0.023213,-0.054978,0.000000
0.291924,1.499103,9.387044,0.025656,-0.083078,0.001222,0.221336,0.221336,10.0283194,0.023213,-0.054978,0.000000
0.272782,-0.431904,9.936196,0.021991,-0.085521,0.004887,0.661615,1.241875,9.8895359,0.028100,-0.046426,-0.009774
0.413958,1.213161,10.161121,0.021991,-0.084299,0.001222,0.808774,1.743171,9.4456673,0.029322,-0.042761,-0.006109
0.284746,-0.601795,10.272388,0.026878,-0.085521,0.006109,0.900898,1.292124,9.6885395,0.028100,-0.046426,-0.004887
0.356531,0.467797,8.702696,0.025656,-0.091630,0.004887,0.900898,1.292124,9.6885395,0.028100,-0.046426,-0.004887
0.480957,1.647458,9.672985,0.028100,-0.083078,-0.001222,-0.010768,0.033500,10.2436743,0.026878,-0.052534,-0.001222
0.276371,-0.486939,10.236495,0.030543,-0.087965,0.003665,-0.093320,0.923630,10.2412815,0.026878,-0.051313,-0.007330
0.289532,1.100698,9.730413,0.026878,-0.090408,-0.006109,0.295514,0.646062,9.9589281,0.025656,-0.051313,-0.010996
0.104088,0.459422,10.000803,0.087965,-0.048869,-0.003665,0.295514,0.646062,9.9589281,0.025656,-0.051313,-0.010996
0.285942,0.056231,8.975477,0.054978,-0.083078,-0.003665,0.620938,1.611566,9.8177519,0.067195,-0.030543,-0.004887
0.501296,1.266999,10.802398,-0.012217,-0.013439,-0.020769,0.598206,0.623330,9.9720879,0.147829,0.046426,-0.007330
-0.717847,-0.885344,10.863415,-0.272446,0.399506,-0.379958,0.246461,0.380459,10.1766748,-0.205251,0.395841,-0.384845
-1.902294,0.447458,10.322637,0.364076,0.874759,-1.152092,0.246461,0.380459,10.1766748,-0.205251,0.395841,-0.384845
-3.706482,0.649651,8.251650,0.500910,1.051910,-1.604132,-1.951347,0.564706,10.3669043,0.493579,0.880868,-1.328021
-5.326423,1.299303,9.708878,0.463036,1.193631,-1.683545,-4.706682,0.879362,8.9084787,0.441045,1.240056,-1.721418
-5.478368,0.223729,9.524631,0.684169,0.530231,-1.620015,-6.093323,1.051646,8.8223372,0.580322,0.642630,-1.611462
-5.295316,0.932004,9.641879,1.080010,0.158825,-1.971873,-6.093323,1.051646,8.8223372,0.580322,0.642630,-1.611462
-5.397011,0.825524,8.894122,1.308473,-0.040317,-2.364048,-5.113462,1.494318,9.5306120,1.115440,0.094073,-2.021964
-5.515456,1.420140,9.227921,1.221730,-0.160047,-2.836858,-5.775077,1.765903,9.1908321,1.295034,-0.123395,-2.619390
-5.192425,0.908076,9.168099,1.088562,-0.557109,-2.913827,-5.063213,1.405783,8.9001036,1.089784,-0.515570,-2.904053
-4.417151,0.948754,7.722835,1.365895,-0.615752,-2.591290,-5.063213,1.405783,8.9001036,1.089784,-0.515570,-2.904053
-4.228117,0.635294,8.932407,1.363451,-0.200364,-2.384818,-3.590430,1.558924,8.1643114,1.395216,-0.605978,-2.495995
-3.638287,2.079363,6.648458,0.850324,0.251676,-1.568702,-3.107080,1.596013,7.8963151,1.095892,0.031765,-2.145359
-3.518646,0.939183,8.720641,0.274889,0.229685,-0.796568,-3.930212,0.867398,7.7383885,0.428827,0.178373,-0.957837
-4.237689,0.159123,7.551749,-0.018326,0.191812,-0.241903,-3.930212,0.867398,7.7383885,0.428827,0.178373,-0.957837
-4.120440,0.595813,9.091529,-0.009774,0.345750,0.054978,-3.383451,0.948754,8.7326069,-0.030543,0.213803,-0.162490
-4.382454,0.009571,8.175079,0.315206,0.400728,0.204029,-3.479164,1.012164,8.2576313,0.191812,0.361632,0.201586
-4.639683,0.681954,9.157332,0.415388,0.409280,-0.024435,-4.986642,0.417548,7.9465647,0.393397,0.465479,0.026878
-4.723432,0.074178,8.026724,0.400728,0.283441,-0.205251,-4.986642,0.417548,7.9465647,0.393397,0.465479,0.026878
-4.567898,0.540778,9.466007,0.237016,-0.062308,-0.194255,-4.351348,0.961915,8.9395847,0.371406,0.287107,-0.228464
-5.210371,-0.345763,8.319845,0.052534,-0.420275,-0.259007,-5.230711,0.333799,8.2863445,0.097738,-0.268781,-0.249233
-5.306085,0.857827,8.407183,0.147829,-0.704938,-0.117286,-5.937789,0.882952,7.7742805,0.168599,-0.594983,-0.105069
-4.913661,0.131605,7.719245,0.204029,-0.636522,-0.173486,-5.937789,0.882952,7.7742805,0.168599,-0.594983,-0.105069
-4.036692,0.415155,8.019545,-0.050091,-0.499688,-0.477697,-5.150551,-0.089731,8.8055868,0.075747,-0.530231,-0.265115
-4.804788,-0.464208,7.904690,-0.057421,-0.414167,-0.411723,-5.284549,0.191426,7.9238319,-0.052534,-0.417832,-0.481362
-4.481757,1.077967,9.211171,-0.052534,-0.105069,-0.215025,-4.344170,0.239282,10.3381901,-0.052534,-0.138056,-0.261450
-4.110869,0.104088,7.160522,0.045204,0.091630,-0.102625,-4.344170,0.239282,10.3381901,-0.052534,-0.138056,-0.261450
-4.776074,0.378066,9.043673,-0.035430,0.067195,0.003665,-4.587041,-0.027517,7.5206418,0.084299,0.182038,-0.076969
-4.565506,0.131605,7.771888,-0.089186,0.179594,0.161268,-4.939982,-0.013161,8.8833542,-0.092852,0.185703,0.037874
-4.454239,0.411566,9.536594,-0.056200,0.250455,0.204029,-4.396811,0.294317,9.2410812,-0.068417,0.243124,0.211359
-4.521238,0.220140,8.067401,-0.059865,0.087965,0.017104,-4.396811,0.294317,9.2410812,-0.068417,0.243124,0.211359
-4.628915,-0.151944,8.288737,-0.068417,-0.130725,-0.063530,-4.258028,-0.052642,9.4325066,-0.061087,0.089186,-0.014661
-4.934000,0.346959,8.597412,0.002443,-0.186925,-0.295659,-4.149154,0.552742,8.5914297,-0.035430,-0.166155,-0.196699
-4.490132,-0.624527,7.805387,0.279776,-0.273668,0.043982,-5.306085,-1.088734,8.4849491,0.271224,-0.190590,-0.003665
-4.559524,-0.110070,8.628518,0.069639,-0.338419,0.111177,-5.306085,-1.088734,8.4849491,0.271224,-0.190590,-0.003665
-4.311867,0.430708,7.494321,-0.117286,-0.084299,0.091630,-3.771089,0.793221,8.2037926,0.039095,-0.272446,0.112399
-4.392026,-0.835095,9.541381,-0.262672,0.012217,0.146608,-4.816752,-0.200997,7.6558361,-0.230907,-0.017104,0.074526
-4.993821,0.315853,9.227921,0.120951,-0.227242,0.302989,-4.012764,1.159323,8.1679001,-0.012217,-0.130725,0.246790
-5.168497,0.686740,9.018549,0.481362,-0.296880,0.370184,-4.012764,1.159323,8.1679001,-0.012217,-0.130725,0.246790
-4.484150,0.281157,8.214561,0.150273,-0.183260,0.101404,-5.361119,1.423730,9.0652084,0.442266,-0.267559,0.346971
-5.629115,0.293121,9.270991,-0.485027,-0.078191,-0.399506,-6.185446,0.675972,10.5475626,-0.141721,-0.070860,-0.117286
-5.594419,-0.046660,10.340583,-0.251676,-0.092852,-0.175929,-5.974878,0.144766,9.9708920,-0.283441,-0.046426,-0.237016
-5.464011,0.318245,10.298709,0.096517,-0.129503,0.222355,-5.974878,0.144766,9.9708920,-0.283441,-0.046426,-0.237016
-4.535595,0.709472,9.357133,0.136834,-0.133169,0.228464,-5.251050,0.532403,9.7375917,0.096517,-0.076969,0.229685
-4.070191,0.100499,6.958328,0.219911,0.025656,0.092852,-3.957729,0.758525,9.6323080,0.108734,0.013439,0.128282
-3.841677,-0.043071,8.189436,0.384845,0.100182,0.091630,-4.723432,0.169890,7.3794651,0.409280,0.151495,0.152716
-3.895515,0.470190,7.046863,0.227242,0.076969,-0.076969,-4.723432,0.169890,7.3794651,0.409280,0.151495,0.152716
-5.306085,0.729811,10.399208,-0.185703,-0.010996,-0.290772,-3.431308,0.940379,8.5770721,0.152716,0.097738,-0.124617
-5.265406,0.837488,10.975878,0.323759,-0.094073,0.113621,-5.686543,0.875773,8.7026958,-0.129503,-0.036652,-0.226020
-5.349155,0.812363,8.882158,0.764803,-0.036652,-0.098960,-5.245068,1.682154,10.3106728,0.647517,0.037874,0.007330
-4.155136,1.846063,8.689535,0.576657,-0.025656,-0.324980,-5.245068,1.682154,10.3106728,0.647517,0.037874,0.007330
-4.307081,0.357727,6.952346,-0.069639,-0.324980,-0.274889,-5.560920,0.571885,8.3593264,0.497244,-0.040317,-0.272446
-4.271188,1.759921,8.525627,-0.460592,-0.229685,-0.111177,-4.113262,1.691726,8.3054876,-0.276111,-0.284663,-0.162490
-4.451847,1.684547,8.813962,-0.627970,-0.039095,0.146608,-3.605984,1.874776,8.9599247,-0.585209,-0.079412,0.054978
-4.648058,-0.028714,7.752745,-0.414167,0.057421,0.533896,-3.605984,1.874776,8.9599247,-0.585209,-0.079412,0.054978
-4.405187,1.172483,7.776673,-0.459371,0.112399,0.530231,-4.394419,-0.236889,9.2291174,-0.417832,0.106291,0.538783
-4.561916,-0.275175,7.228717,0.189368,-0.054978,0.323759,-4.919643,0.326620,6.9104719,-0.133169,0.169821,0.480140
-4.870591,0.976272,9.443274,0.316428,-0.063530,-0.010996,-5.301299,0.358923,9.0077810,0.382402,-0.025656,0.100182
-5.392226,1.885544,9.061619,0.305433,-0.376293,0.171042,-5.301299,0.358923,9.0077810,0.382402,-0.025656,0.100182
-4.844270,0.222532,8.477771,0.089186,-0.298102,0.063530,-5.503492,1.222732,9.3260260,0.271224,-0.346971,0.180816
-4.533203,1.416551,9.306884,0.086743,-0.114843,-0.008552,-5.054838,1.546960,8.9036932,0.134390,-0.205251,0.140499
-4.493721,0.768096,7.798209,0.019548,-0.031765,-0.108734,-4.792824,1.289732,8.5507517,0.034208,0.031765,-0.109956
-4.442276,1.405783,9.694522,-0.010996,-0.173486,-0.076969,-4.792824,1.289732,8.5507517,0.034208,0.031765,-0.109956
-4.576273,1.469193,8.882158,-0.141721,-0.194255,-0.039095,-4.512863,1.719243,8.4634142,-0.056200,-0.131947,-0.144164
-4.491328,0.666401,7.429714,-0.221133,-0.101404,0.105069,-5.127820,1.055235,7.7838521,-0.218690,-0.150273,-0.010996
-4.249653,-0.312263,9.884750,-0.252898,0.036652,0.085521,-4.126423,1.135394,8.3198452,-0.249233,0.058643,0.098960
-4.476971,0.607777,8.644073,-0.075747,0.147829,0.084299,-4.126423,1.135394,8.3198452,-0.249233,0.058643,0.098960
-4.902894,0.227318,8.368897,-0.035430,0.061087,0.006109,-3.897908,1.121037,8.7816591,-0.076969,0.168599,0.040317
-4.992624,-0.949951,8.695518,0.086743,-0.234572,0.041539,-5.670990,0.001196,8.9539423,0.031765,-0.053756,0.069639
-4.712665,0.332602,9.487542,0.171042,-0.163712,0.062308,-4.459025,1.386641,9.4600248,0.179594,-0.200364,0.116064
-4.967500,1.381855,9.293723,0.034208,-0.162490,-0.197920,-4.459025,1.386641,9.4600248,0.179594,-0.200364,0.116064
-4.884947,-0.903291,8.981460,0.123395,-0.318872,0.081856,-4.438686,0.841077,9.7387877,0.040317,-0.168599,-0.189368
-4.572684,0.793221,9.419346,-0.107512,-0.041539,0.127060,-4.706682,0.301496,8.7481604,0.052534,-0.120951,0.120951
-4.767699,1.058824,11.093125,-0.227242,-0.067195,0.228464,-4.450650,1.255036,9.5270233,-0.233351,-0.035430,0.152716
-5.548955,0.354138,10.106087,-0.177151,0.020769,0.117286,-4.450650,1.255036,9.5270233,-0.233351,-0.035430,0.152716
-5.766702,0.218943,10.800006,-0.282220,-0.010996,-0.029322,-5.882755,0.758525,10.8502541,-0.156382,0.080634,0.058643
-4.776074,0.946361,11.471191,-0.571770,-0.087965,0.186925,-5.162515,1.238286,10.3836546,-0.476475,-0.062308,-0.064752
-4.589434,0.926022,8.545966,-0.525344,0.328645,0.805120,-4.192225,1.422533,9.2219381,-0.546114,0.232129,0.618196
-4.098905,0.509671,7.162915,-0.216246,0.469144,1.148427,-4.192225,1.422533,9.2219381,-0.546114,0.232129,0.618196
-3.968496,0.096909,7.741978,0.111177,0.251676,1.048245,-3.992425,0.458226,8.9204435,-0.184481,0.533896,1.155757
-4.383651,0.422333,6.848258,0.135612,-0.377515,0.755029,-4.302295,0.471386,7.1784678,0.206472,-0.034208,0.949285
-4.295117,0.044267,7.323234,-0.012217,-0.500910,0.799012,-4.559524,0.082552,7.4943209,0.039095,-0.470366,0.763582
-4.462614,0.725025,9.075976,-0.348193,-0.334754,0.593761,-4.559524,0.082552,7.4943209,0.039095,-0.470366,0.763582
-4.418347,1.144966,8.921639,-0.114843,-0.417832,0.204029,-4.826323,0.546760,7.9896350,-0.289550,-0.241903,0.579100
-4.522435,0.736989,7.543374,0.085521,-0.548557,0.067195,-4.738986,1.966900,8.3078804,0.006109,-0.403171,0.150273
-4.197011,0.510868,9.128618,0.087965,-0.309098,-0.163712,-5.113462,0.601795,7.9740815,0.084299,-0.344528,-0.101404
-4.265206,1.384248,7.219146,-0.015882,-0.116064,-0.406836,-5.113462,0.601795,7.9740815,0.084299,-0.344528,-0.101404
-4.773681,0.508475,8.127223,-0.201586,-0.010996,-0.002443,-3.750750,1.875973,8.0350981,-0.084299,-0.064752,-0.426384
-4.786842,0.605384,9.330812,-0.251676,0.412945,0.222355,-5.115855,0.211765,7.8233333,-0.211359,0.215025,0.174707
-4.983053,0.769292,8.218149,-0.216246,0.414167,0.162490,-4.206582,0.727418,8.8402834,-0.278555,0.486249,0.193033
-4.954340,0.186640,7.712068,-0.174707,0.235794,-0.114843,-4.206582,0.727418,8.8402834,-0.278555,0.486249,0.193033
-4.755735,0.076570,9.053245,0.094073,-0.193033,-0.235794,-4.260421,0.987039,8.3330050,-0.131947,0.215025,-0.080634
-4.721039,0.991825,7.860423,0.384845,-0.563218,-0.582765,-5.558527,0.326620,8.2540417,0.295659,-0.428827,-0.431271
-4.516453,0.259621,8.523234,0.184481,-0.224798,-0.337198,-4.143172,1.420140,8.3832541,0.197920,-0.189368,-0.362854
-4.600202,0.435494,9.561719,0.129503,-0.101404,0.029322,-4.143172,1.420140,8.3832541,0.197920,-0.189368,-0.362854
-4.707879,0.223729,7.524231,0.125838,-0.058643,-0.086743,-5.310870,0.136391,8.7661057,0.153938,-0.070860,0.004887
-5.026124,-1.021735,8.895318,-0.103847,0.382402,-0.398284,-4.807181,0.543171,8.2839518,-0.020769,0.188146,-0.384845
-5.702096,0.095713,9.060423,-0.235794,0.558331,0.106291,-6.217750,-0.691526,9.1178503,-0.189368,0.594983,0.117286
-5.793024,-0.401994,8.300702,-0.394619,0.426384,0.309098,-6.217750,-0.691526,9.1178503,-0.189368,0.594983,0.117286
-5.760720,-0.679562,7.916654,0.018326,0.039095,0.182038,-6.065805,-0.362513,7.7240319,-0.333532,0.368963,0.062308
-5.654240,0.585045,7.895118,-0.024435,-0.097738,-0.133169,-5.888737,-0.052642,8.5040922,0.015882,-0.009774,0.069639
-6.266803,-0.888934,7.488339,0.043982,-0.045204,-0.054978,-5.743971,0.466600,6.5958157,0.025656,-0.046426,-0.101404
-6.339784,0.267996,8.090134,0.004887,0.041539,0.070860,-5.743971,0.466600,6.5958157,0.025656,-0.046426,-0.101404
-5.911468,1.335195,7.071988,0.020769,-0.125838,0.012217,-5.657829,0.472582,7.5601234,-0.029322,0.067195,0.152716
-5.668597,-0.412762,8.084151,0.122173,-0.686613,0.171042,-6.047859,-0.887737,7.5912299,0.017104,-0.252898,0.145386
-5.399405,0.552742,8.389236,0.199142,-0.829555,-0.257785,-5.825326,0.269193,8.5782700,0.226020,-0.825890,0.045204
-4.969893,0.739382,8.550752,0.240681,-0.592539,-0.163712,-5.825326,0.269193,8.5782700,0.226020,-0.825890,0.045204
-4.925625,-0.458226,8.209774,0.133169,-0.183260,-0.107512,-5.075177,0.107677,9.1417789,0.266337,-0.487470,-0.123395
-4.624130,-0.242872,7.889136,0.282220,-0.450819,-0.145386,-5.277370,-0.896112,8.4406815,0.162490,-0.210138,-0.135612
-4.272385,1.322034,8.157133,0.405614,-0.340863,-0.364076,-4.290331,1.012164,8.3976116,0.444710,-0.389732,-0.234572
-4.648058,0.428315,8.595018,0.163712,-0.109956,-0.542448,-4.290331,1.012164,8.3976116,0.444710,-0.389732,-0.234572
-4.856234,0.400798,9.986445,-0.058643,0.135612,-0.384845,-4.677968,0.746561,9.1609221,0.141721,-0.041539,-0.499688
-5.051249,0.689133,9.329616,-0.061087,0.218690,-0.223577,-5.107480,1.343570,9.8596258,-0.083078,0.211359,-0.306654
-4.448257,-0.147159,7.665407,0.014661,0.062308,0.028100,-4.475775,0.253639,8.6775713,-0.010996,0.152716,-0.079412
-4.120440,0.297906,7.640283,0.003665,-0.245568,0.127060,-4.475775,0.253639,8.6775713,-0.010996,0.152716,-0.079412
-4.177869,0.702293,7.820941,-0.124617,0.096517,-0.138056,-4.369295,0.242872,7.3196445,-0.010996,-0.173486,0.084299
-4.621737,-0.196211,7.890333,0.037874,0.162490,0.122173,-4.398008,1.116252,8.5292168,-0.064752,0.228464,-0.059865
-4.766503,1.087538,8.788837,0.139277,0.096517,0.010996,-5.131408,0.279960,8.0554371,0.139277,0.179594,0.050091
-4.984250,-0.151944,8.879765,0.252898,-0.224798,-0.052534,-5.131408,0.279960,8.0554371,0.139277,0.179594,0.050091
-4.532006,-0.032303,7.240681,0.436158,-0.288328,-0.090408,-4.353741,1.089931,8.1032944,0.240681,-0.175929,-0.098960
-4.913661,-0.461815,8.292327,0.118508,-0.167377,-0.540005,-4.983053,-0.001196,8.8366938,0.133169,-0.153938,-0.509462
-4.803592,-0.059821,7.923832,0.177151,-0.056200,-0.492357,-4.983053,-0.001196,8.8366938,0.133169,-0.153938,-0.509462
-4.433900,1.021735,9.065208,0.153938,0.174707,-0.570548,-4.491328,1.728814,8.2169533,0.133169,-0.107512,-0.510683
-4.856234,-0.209372,8.421539,0.054978,0.199142,-0.575435,-4.928018,0.077767,8.6943216,0.068417,0.244346,-0.642630
-4.486543,-0.619741,7.726425,0.145386,0.041539,-0.575435,-4.604987,0.184247,8.2815599,0.050091,0.058643,-0.671952
-4.472186,1.247857,8.385648,0.079412,-0.032987,-0.434936,-4.604987,0.184247,8.2815599,0.050091,0.058643,-0.671952
-4.614559,0.912862,8.940782,0.070860,-0.179594,-0.039095,-4.319045,-0.540778,8.2588272,0.103847,0.003665,-0.338419
-5.429315,-0.437887,9.110673,0.052534,-0.283441,0.111177,-4.655236,1.148555,8.5986080,0.050091,-0.168599,0.063530
-5.163712,0.329013,9.391829,-0.039095,-0.324980,0.014661,-5.925825,-0.319442,9.8943214,-0.047647,-0.348193,0.041539
-4.832305,0.417548,8.769695,0.232129,-0.360410,0.046426,-5.925825,-0.319442,9.8943214,-0.047647,-0.348193,0.041539
-4.978268,-0.914058,8.641679,0.267559,-0.344528,-0.205251,-5.673382,-0.416351,8.6117687,0.267559,-0.315206,0.034208
-4.784449,-0.083749,8.557931,0.283441,-0.222355,-0.312763,-4.211368,1.061217,8.2468634,0.197920,-0.197920,-0.395841
-4.395615,0.910469,8.329416,0.525344,-0.289550,-0.001222,-4.561916,0.066999,8.4263248,0.483805,-0.240681,-0.021991
-4.694718,-0.595813,8.720641,0.328645,-0.030543,-0.210138,-4.561916,0.066999,8.4263248,0.483805,-0.240681,-0.021991
-4.613362,0.361316,9.211171,0.149051,0.048869,-0.349415,-4.472186,1.160519,8.4574318,0.294437,0.041539,-0.271224
-4.642076,0.327817,8.288737,0.015882,0.195477,-0.114843,-5.079963,-0.137587,9.5270233,0.091630,0.127060,-0.251676
-4.896912,-0.545564,8.994620,-0.169821,0.068417,0.201586,-4.085745,1.135394,8.8043919,-0.140499,0.160047,0.158825
-4.657629,0.269193,8.817552,-0.518014,-0.335976,-0.306654,-4.085745,1.135394,8.8043919,-0.140499,0.160047,0.158825
-4.103691,1.345963,7.543374,-0.279776,-0.472810,-0.248011,-4.189833,1.281357,7.8017983,-0.485027,-0.383623,-0.316428
-4.502096,-0.287139,7.832905,0.100182,-0.436158,0.122173,-4.255635,0.064606,7.7862453,-0.130725,-0.389732,-0.089186
-4.840680,0.163908,9.444470,0.103847,-0.030543,-0.101404,-4.329813,1.074377,8.6536436,0.090408,-0.074526,-0.092852
-5.810970,1.211965,11.807384,0.026878,0.422719,-0.145386,-4.329813,1.074377,8.6536436,0.090408,-0.074526,-0.092852
-4.972286,0.116052,9.424131,0.366519,0.009774,0.422719,-5.487939,1.292124,11.3324080,-0.043982,0.421497,-0.195477
-4.280760,-0.281157,8.011170,0.221133,0.361632,-0.136834,-5.136194,-0.214158,8.5794659,0.464258,0.213803,0.271224
-4.141976,0.977468,7.867601,0.021991,0.046426,-0.032987,-4.000800,0.520439,8.1140614,0.039095,0.138056,-0.097738
-4.603791,-1.014557,7.726425,0.094073,-0.149051,0.113621,-4.000800,0.520439,8.1140614,0.039095,0.138056,-0.097738
-4.705486,0.685544,8.295916,-0.042761,0.068417,-0.023213,-5.247460,-0.087338,9.0508518,0.054978,-0.064752,0.056200
-4.819145,0.750150,9.357133,0.050091,-0.173486,0.149051,-4.607380,0.184247,8.5172520,0.073304,-0.021991,0.169821
-4.783252,0.351745,8.216953,0.114843,-0.332311,-0.021991,-5.386244,0.016750,9.1716890,0.122173,-0.250455,0.075747
-4.688736,0.189033,8.821140,0.163712,-0.467923,-0.299324,-5.386244,0.016750,9.1716890,0.122173,-0.250455,0.075747
-4.236493,0.924826,8.337791,-0.012217,-0.757473,-0.526566,-4.723432,0.334995,8.1272230,0.136834,-0.458149,-0.359189
-4.338188,-0.139980,8.871389,-0.116064,-0.795347,-0.405614,-3.780660,1.226322,8.8438730,-0.050091,-0.786794,-0.474031
-3.589234,-0.595813,8.088937,0.334754,-0.412945,0.172264,-3.278167,0.277567,9.0987082,0.153938,-0.410501,0.078191
-1.802992,0.437887,6.898508,0.432493,-1.216843,0.265115,-3.278167,0.277567,9.0987082,0.153938,-0.410501,0.078191
-1.574477,1.133002,9.023334,0.406836,-0.875981,0.142942,-2.000400,0.460618,6.9870420,0.467923,-1.054353,0.310320
-1.075574,0.393619,10.201799,0.331089,-0.444710,0.078191,-0.752543,1.374677,10.0402842,0.389732,-0.630413,0.147829
-0.600598,1.391426,10.834702,0.222355,-0.001222,0.047647,-1.129412,1.056431,10.2400837,0.277333,-0.018326,0.052534
-1.039681,1.819742,9.997213,0.081856,0.190590,0.001222,-1.129412,1.056431,10.2400837,0.277333,-0.018326,0.052534
-1.805385,1.424926,10.821540,-0.207694,0.282220,-0.047647,-1.075574,1.927419,10.2006025,0.056200,0.244346,-0.013439
-1.814956,1.064806,10.358529,-0.431271,-0.072082,-0.065973,-2.115255,2.249253,9.9062862,-0.304211,0.139277,-0.065973
-1.828116,1.150948,10.013963,-0.507018,-0.009774,-0.095295,-1.868794,0.911665,10.7246323,-0.505796,-0.025656,-0.107512
-1.842474,0.057428,10.727024,-0.427606,0.200364,-0.105069,-1.868794,0.911665,10.7246323,-0.505796,-0.025656,-0.107512
-2.159523,-0.113659,9.885946,-0.235794,0.161268,-0.042761,-1.954936,0.689133,10.1288185,-0.392175,0.227242,-0.131947
-2.286342,-0.492921,9.850055,-0.048869,0.111177,-0.006109,-2.176272,0.102891,9.9613209,-0.160047,0.164934,-0.045204
-2.431108,-0.501296,9.707682,0.114843,0.142942,-0.001222,-2.419144,-0.055035,9.5318089,0.078191,0.167377,-0.013439
-2.918047,-0.159123,9.454042,0.193033,0.237016,-0.012217,-2.419144,-0.055035,9.5318089,0.078191,0.167377,-0.013439
-3.300899,-0.247657,9.443274,0.251676,0.335976,-0.028100,-2.816352,0.064606,9.4779711,0.207694,0.299324,-0.025656
-3.726821,0.229711,9.180064,0.313985,0.323759,-0.058643,-3.396612,0.136391,9.5246305,0.278555,0.377515,-0.051313
-4.125226,0.480957,8.837891,0.368963,0.298102,-0.065973,-3.859623,0.635294,9.2973127,0.353080,0.357967,-0.083078
-4.118048,0.796810,8.957531,0.384845,0.276111,-0.075747,-3.859623,0.635294,9.2973127,0.353080,0.357967,-0.083078
-4.700700,1.049253,8.669196,0.283441,0.268781,-0.169821,-4.588237,1.026521,8.8977108,0.373850,0.318872,-0.085521
-4.862216,1.217947,8.268398,0.118508,0.218690,-0.299324,-4.725825,1.527817,8.3174515,0.210138,0.279776,-0.237016
-5.245068,0.842274,8.305488,-0.025656,0.091630,-0.414167,-5.217550,1.313660,8.1679001,0.002443,0.153938,-0.410501
-5.406582,0.533599,8.273185,-0.024435,-0.075747,-0.425162,-5.217550,1.313660,8.1679001,0.002443,0.153938,-0.410501
-5.267799,0.204586,8.593822,0.085521,-0.194255,-0.355524,-5.381458,0.634098,8.0985079,-0.014661,-0.075747,-0.426384
-5.048856,0.352941,8.344969,0.234572,-0.249233,-0.261450,-5.188836,0.269193,8.4634142,0.157603,-0.193033,-0.313985
-4.872983,0.080160,8.488539,0.272446,-0.190590,-0.205251,-4.717450,0.762114,8.2540417,0.276111,-0.180816,-0.205251
-4.816752,0.510868,8.189436,0.216246,-0.052534,-0.234572,-4.717450,0.762114,8.2540417,0.276111,-0.180816,-0.205251
-5.067998,0.702293,8.130812,0.171042,-0.009774,-0.310320,-4.884947,0.837488,8.3892365,0.204029,-0.003665,-0.245568
-5.376672,0.460618,8.456235,0.152716,-0.161268,-0.366519,-5.270192,0.870987,8.0949192,0.157603,-0.031765,-0.344528
-5.161318,0.504886,8.178668,0.189368,-0.301767,-0.364076,-5.204389,0.762114,8.1619177,0.175929,-0.262672,-0.362854
-4.944768,0.372084,8.504092,0.234572,-0.200364,-0.337198,-5.204389,0.762114,8.1619177,0.175929,-0.262672,-0.362854
-4.572684,0.254836,8.377273,0.277333,-0.083078,-0.302989,-4.905287,0.602991,8.4287176,0.235794,-0.129503,-0.322537
-4.841877,0.488136,8.362915,0.312763,-0.059865,-0.296880,-4.759324,0.510868,8.1714897,0.294437,-0.032987,-0.294437
-4.995017,0.588634,8.548359,0.271224,-0.128282,-0.305433,-4.936393,0.577867,8.6464653,0.280998,-0.079412,-0.294437
-4.951946,0.440279,8.035098,0.166155,-0.222355,-0.331089,-4.936393,0.577867,8.6464653,0.280998,-0.079412,-0.294437
-5.002196,0.553938,8.328219,0.106291,-0.287107,-0.351858,-4.869394,1.146162,8.6380901,0.158825,-0.205251,-0.332311
-4.566702,0.553938,8.516056,0.098960,-0.331089,-0.361632,-4.843073,0.671187,8.2372923,0.096517,-0.279776,-0.349415
-4.320241,0.239282,8.470592,0.145386,-0.365297,-0.353080,-4.290331,0.539581,8.4729853,0.133169,-0.327424,-0.346971
-3.988835,0.266800,8.726624,0.226020,-0.375071,-0.323759,-4.290331,0.539581,8.4729853,0.133169,-0.327424,-0.346971
-3.622734,0.312263,8.782855,0.278555,-0.368963,-0.317650,-3.862016,0.567099,8.7050886,0.239459,-0.339641,-0.310320
-3.390630,0.500100,9.054441,0.276111,-0.337198,-0.332311,-3.602395,0.693919,9.0317087,0.294437,-0.318872,-0.305433
-3.211168,0.622134,9.172886,0.233351,-0.321315,-0.373850,-3.416951,0.921237,9.1106730,0.249233,-0.294437,-0.348193
-3.069991,0.582652,9.347562,0.116064,-0.344528,-0.423940,-3.416951,0.921237,9.1106730,0.249233,-0.294437,-0.348193
-2.794817,0.581456,9.318848,0.069639,-0.313985,-0.450819,-3.073581,0.873380,9.3403835,0.097738,-0.321315,-0.430049
-2.854637,0.337388,9.211171,0.134390,-0.223577,-0.436158,-2.807977,0.734596,9.1393862,0.103847,-0.238237,-0.443488
-2.823531,0.520439,9.426525,0.228464,-0.152716,-0.419054,-2.733800,0.757328,9.3583288,0.205251,-0.140499,-0.423940
-2.665605,0.722632,9.505488,0.273668,-0.144164,-0.399506,-2.733800,0.757328,9.3583288,0.205251,-0.140499,-0.423940
-2.599802,0.769292,9.376275,0.306654,-0.131947,-0.371406,-2.849852,0.881755,9.3200436,0.273668,-0.119730,-0.390954
-2.669194,0.861416,9.475577,0.311541,-0.140499,-0.355524,-2.676372,1.097109,9.4947205,0.309098,-0.097738,-0.356745
-2.681158,1.045663,9.589237,0.311541,-0.149051,-0.359189,-2.629712,1.239482,9.3391876,0.317650,-0.118508,-0.356745
-2.587838,1.265803,9.517452,0.255342,-0.183260,-0.383623,-2.629712,1.239482,9.3391876,0.317650,-0.118508,-0.356745
-2.566302,1.195215,9.543774,0.164934,-0.228464,-0.404393,-2.595016,1.551746,9.5748796,0.228464,-0.162490,-0.384845
-2.670390,1.203590,9.542577,0.089186,-0.262672,-0.409280,-2.433501,1.540978,9.6801643,0.131947,-0.224798,-0.404393
-2.376073,1.119841,9.657433,0.034208,-0.255342,-0.403171,-2.425126,1.491925,9.6095753,0.051313,-0.232129,-0.404393
-2.347359,0.941576,9.775877,-0.025656,-0.241903,-0.419054,-2.425126,1.491925,9.6095753,0.051313,-0.232129,-0.404393
-2.250450,0.823131,9.734003,-0.017104,-0.201586,-0.420275,-2.330609,1.316052,9.8141623,-0.025656,-0.217468,-0.421497
-2.203789,0.728615,9.773483,0.026878,-0.145386,-0.384845,-2.219343,1.086341,9.7675018,0.009774,-0.147829,-0.410501
-2.184647,0.668794,9.784252,0.048869,-0.102625,-0.328645,-2.160719,0.997807,9.7914305,0.045204,-0.086743,-0.346971
-2.218147,0.638884,9.798609,0.096517,-0.084299,-0.274889,-2.160719,0.997807,9.7914305,0.045204,-0.086743,-0.346971
-2.191825,0.549153,9.701700,0.129503,-0.074526,-0.233351,-2.190629,0.975075,9.8189478,0.102625,-0.052534,-0.271224
-2.305485,0.679562,9.730413,0.138056,-0.063530,-0.219911,-2.261218,1.013360,9.7579308,0.130725,-0.039095,-0.232129
-2.263610,0.665205,9.678967,0.131947,-0.065973,-0.211359,-2.298306,1.045663,9.7292166,0.139277,-0.032987,-0.215025
-2.379662,0.782453,9.710074,0.108734,-0.067195,-0.200364,-2.298306,1.045663,9.7292166,0.139277,-0.032987,-0.215025
-2.366502,0.792024,9.602398,0.089186,-0.052534,-0.186925,-2.396412,1.128216,9.6215401,0.105069,-0.034208,-0.202807
-2.435893,0.764507,9.610772,0.058643,-0.076969,-0.164934,-2.425126,1.136591,9.7914305,0.076969,-0.029322,-0.179594
-2.457429,0.732204,9.598808,0.059865,-0.067195,-0.133169,-2.456232,1.088734,9.6227360,0.057421,-0.032987,-0.147829
-2.495714,0.774078,9.631111,0.053756,-0.068417,-0.096517,-2.456232,1.088734,9.6227360,0.057421,-0.032987,-0.147829
-2.530410,0.756132,9.690931,0.034208,-0.083078,-0.045204,-2.477768,1.062413,9.6358967,0.046426,-0.034208,-0.094073
-2.481357,0.826720,9.617950,0.001222,-0.086743,-0.013439,-2.537588,1.148555,9.7471628,0.026878,-0.046426,-0.034208
-2.520839,0.665205,9.670592,-0.062308,-0.113621,0.018326,-2.554338,1.063610,9.6071835,-0.043982,-0.065973,0.002443
-2.549552,0.641276,9.816555,-0.114843,-0.108734,0.036652,-2.554338,1.063610,9.6071835,-0.043982,-0.065973,0.002443
-2.528017,0.445065,9.552149,-0.145386,-0.095295,0.052534,-2.480161,0.960718,9.6358967,-0.117286,-0.070860,0.025656
-2.475375,0.244068,9.519845,-0.122173,-0.069639,0.074526,-2.516053,0.695115,9.6885395,-0.144164,-0.052534,0.052534
-2.513660,0.198604,9.665807,-0.084299,-0.047647,0.106291,-2.562713,0.533599,9.6071835,-0.098960,-0.013439,0.086743
-2.536392,0.171087,9.712467,-0.037874,-0.025656,0.144164,-2.562713,0.533599,9.6071835,-0.098960,-0.013439,0.086743
-2.580659,0.211765,9.595219,0.015882,-0.018326,0.185703,-2.592623,0.549153,9.7136631,-0.012217,0.018326,0.145386
-2.690729,0.240479,9.558130,0.053756,-0.018326,0.193033,-2.699104,0.559921,9.4995060,0.040317,0.041539,0.183260
-2.708675,0.303888,9.625129,0.041539,-0.035430,0.201586,-2.660819,0.686740,9.7244320,0.054978,0.014661,0.190590
-2.766103,0.581456,9.517452,0.045204,-0.036652,0.212581,-2.660819,0.686740,9.7244320,0.054978,0.014661,0.190590
-2.830709,0.463011,9.470792,0.024435,-0.043982,0.211359,-2.791228,0.758525,9.4372921,0.039095,0.012217,0.207694
-2.790031,0.398405,9.529416,-0.007330,-0.067195,0.207694,-2.810370,0.719043,9.3451691,0.001222,-0.008552,0.205251
-2.848655,0.531207,9.522238,-0.024435,-0.063530,0.193033,-2.798406,0.844666,9.4899349,-0.031765,-0.025656,0.190590
-2.949154,0.405583,9.250652,-0.069639,-0.070860,0.213803,-2.798406,0.844666,9.4899349,-0.031765,-0.025656,0.190590
-2.817549,0.570688,9.594023,-0.042761,-0.070860,0.235794,-2.752943,0.742971,9.7088776,-0.059865,-0.019548,0.197920
-2.801995,0.525225,9.347562,-0.002443,-0.101404,0.243124,-2.901298,0.705883,9.4707918,-0.031765,-0.037874,0.233351
-2.734996,0.532403,9.482756,0.002443,-0.135612,0.233351,-2.813959,0.910469,9.4205427,0.010996,-0.079412,0.233351
-2.681158,0.662812,9.376275,0.008552,-0.151495,0.230907,-2.813959,0.910469,9.4205427,0.010996,-0.079412,0.233351
-2.662015,0.722632,9.487542,0.008552,-0.147829,0.212581,-2.708675,0.935594,9.4576321,0.006109,-0.101404,0.226020
-2.565106,0.628116,9.548558,-0.012217,-0.142942,0.201586,-2.571088,0.966700,9.5330057,-0.004887,-0.098960,0.205251
-2.524428,0.697508,9.437292,-0.029322,-0.113621,0.182038,-2.526821,1.025324,9.5856476,-0.021991,-0.070860,0.180816
-2.511267,0.709472,9.479167,-0.028100,-0.095295,0.163712,-2.526821,1.025324,9.5856476,-0.021991,-0.070860,0.180816
-2.483750,0.652044,9.584451,-0.030543,-0.081856,0.149051,-2.489732,0.953540,9.4815607,-0.028100,-0.052534,0.158825
-2.507678,0.655633,9.530612,-0.032987,-0.058643,0.129503,-2.427519,0.972682,9.5581303,-0.028100,-0.024435,0.128282
-2.510071,0.626920,9.634700,-0.029322,-0.039095,0.111177,-2.463411,0.915255,9.5318089,-0.030543,-0.004887,0.108734
-2.548356,0.594616,9.519845,-0.023213,-0.023213,0.097738,-2.463411,0.915255,9.5318089,-0.030543,-0.004887,0.108734
-2.591427,0.601795,9.432507,0.003665,-0.021991,0.098960,-2.586641,0.928415,9.5342026,-0.017104,0.021991,0.090408
-2.714657,0.628116,9.652646,0.007330,-0.008552,0.085521,-2.585445,0.876970,9.4995060,0.006109,0.025656,0.085521
-2.719443,0.564706,9.416954,0.003665,-0.025656,0.070860,-2.707479,0.941576,9.4672031,0.007330,0.023213,0.064752
-2.770889,0.604188,9.471989,0.003665,-0.023213,0.054978,-2.707479,0.941576,9.4672031,0.007330,0.023213,0.064752
-2.842673,0.659223,9.607183,0.013439,-0.067195,0.050091,-2.756532,0.923630,9.5114708,0.002443,0.007330,0.050091
-2.885744,0.658026,9.480363,0.015882,-0.075747,0.042761,-2.860619,0.920040,9.3978109,0.019548,-0.029322,0.043982
-2.801995,0.567099,9.455239,0.012217,-0.091630,0.041539,-2.782853,0.963111,9.5126667,0.013439,-0.050091,0.036652
-2.796013,0.571885,9.452846,0.012217,-0.102625,0.040317,-2.782853,0.963111,9.5126667,0.013439,-0.050091,0.036652
-2.815156,0.598206,9.410972,0.014661,-0.103847,0.043982,-2.768496,0.945165,9.4456673,0.017104,-0.062308,0.036652
-2.775674,0.632902,9.422935,0.012217,-0.113621,0.039095,-2.784049,0.924826,9.4492569,0.013439,-0.067195,0.037874
-2.736193,0.574277,9.464810,0.004887,-0.107512,0.034208,-2.757728,0.933201,9.4325066,0.008552,-0.068417,0.028100
-2.699104,0.569492,9.438489,-0.003665,-0.108734,0.025656,-2.757728,0.933201,9.4325066,0.008552,-0.068417,0.028100
-2.729014,0.570688,9.474380,0.003665,-0.098960,0.024435,-2.705086,0.911665,9.4755774,0.002443,-0.064752,0.020769
-2.730211,0.552742,9.439686,0.008552,-0.089186,0.029322,-2.746960,0.832702,9.4683990,0.006109,-0.054978,0.020769
-2.688336,0.546760,9.466007,0.012217,-0.083078,0.032987,-2.700300,0.833899,9.4480610,0.012217,-0.045204,0.025656
-2.719443,0.527617,9.480363,0.012217,-0.076969,0.036652,-2.700300,0.833899,9.4480610,0.012217,-0.045204,0.025656
-2.717050,0.476172,9.427721,0.001222,-0.042761,0.031765,-2.713461,0.825524,9.3990078,0.012217,-0.030543,0.028100
-2.786442,0.504886,9.476774,0.010996,-0.051313,0.034208,-2.764907,0.814756,9.4672031,0.004887,-0.004887,0.025656
-2.806781,0.494118,9.458828,0.019548,-0.062308,0.042761,-2.794817,0.809970,9.4755774,0.018326,-0.023213,0.037874
-2.824727,0.512064,9.442079,0.018326,-0.061087,0.048869,-2.794817,0.809970,9.4755774,0.018326,-0.023213,0.037874
-2.857030,0.516850,9.462417,0.018326,-0.064752,0.056200,-2.801995,0.839881,9.4779711,0.019548,-0.019548,0.043982
-2.837888,0.558724,9.473186,0.025656,-0.086743,0.065973,-2.852245,0.872184,9.5174522,0.025656,-0.032987,0.054978
-2.870191,0.552742,9.445667,0.014661,-0.083078,0.067195,-2.849852,0.884148,9.4516497,0.020769,-0.041539,0.059865
-2.866601,0.549153,9.432507,-0.003665,-0.089186,0.058643,-2.849852,0.884148,9.4516497,0.020769,-0.041539,0.059865
-2.851048,0.544367,9.440882,-0.010996,-0.090408,0.051313,-2.870191,0.878166,9.4492569,-0.003665,-0.047647,0.052534
-2.860619,0.522832,9.437292,-0.018326,-0.090408,0.052534,-2.867798,0.854238,9.4576321,-0.013439,-0.048869,0.045204
-2.858227,0.507278,9.420543,-0.014661,-0.094073,0.050091,-2.852245,0.807578,9.4014006,-0.013439,-0.051313,0.042761
-2.821138,0.463011,9.436095,-0.008552,-0.094073,0.048869,-2.852245,0.807578,9.4014006,-0.013439,-0.051313,0.042761
-2.848655,0.429512,9.382257,0.001222,-0.094073,0.050091,-2.823531,0.768096,9.4241314,-0.006109,-0.053756,0.042761
-2.816352,0.421137,9.347562,-0.004887,-0.059865,0.040317,-2.841477,0.771685,9.3918295,0.001222,-0.039095,0.036652
-2.831906,0.429512,9.436095,0.004887,-0.068417,0.046426,-2.849852,0.720240,9.4073820,0.002443,-0.028100,0.039095
-2.846263,0.401994,9.360723,0.019548,-0.075747,0.050091,-2.849852,0.720240,9.4073820,0.002443,-0.028100,0.039095
-2.859423,0.429512,9.397811,0.024435,-0.072082,0.047647,-2.845066,0.751346,9.4181499,0.023213,-0.035430,0.041539
-2.880959,0.464208,9.393025,0.028100,-0.081856,0.051313,-2.860619,0.769292,9.4181499,0.026878,-0.034208,0.045204
-2.854637,0.453440,9.457632,0.039095,-0.105069,0.057421,-2.873780,0.770489,9.4265251,0.037874,-0.054978,0.050091
-2.889333,0.427119,9.445667,-0.018326,-0.107512,0.029322,-2.873780,0.770489,9.4265251,0.037874,-0.054978,0.050091
-2.877369,0.415155,9.420543,-0.045204,-0.083078,0.008552,-2.879762,0.771685,9.4755774,-0.026878,-0.063530,0.008552
-2.877369,0.348156,9.442079,-0.065973,-0.073304,-0.006109,-2.890530,0.685544,9.4624166,-0.057421,-0.039095,-0.008552
-2.852245,0.258425,9.450453,-0.041539,-0.053756,0.000000,-2.894119,0.573081,9.4408817,-0.047647,-0.021991,-0.012217
-2.939583,0.218943,9.455239,-0.002443,-0.045204,0.014661,-2.894119,0.573081,9.4408817,-0.047647,-0.021991,-0.012217
-2.981457,0.229711,9.439686,0.032987,-0.045204,0.031765,-2.926422,0.520439,9.4600248,0.003665,-0.006109,0.008552
-3.014956,0.247657,9.382257,0.064752,-0.046426,0.046426,-2.991028,0.553938,9.4133644,0.048869,-0.004887,0.030543
-3.035296,0.288335,9.433703,0.078191,-0.035430,0.048869,-3.037688,0.583849,9.4181499,0.076969,0.002443,0.041539
-3.095116,0.379262,9.425329,0.089186,-0.086743,0.057421,-3.037688,0.583849,9.4181499,0.076969,0.002443,0.041539
-3.097509,0.399601,9.433703,0.039095,-0.102625,0.018326,-3.090331,0.731007,9.4337034,0.085521,-0.047647,0.047647
-3.055634,0.301496,9.446864,-0.149051,-0.145386,-0.108734,-3.171686,0.740579,9.5964146,-0.023213,-0.080634,-0.031765
-2.930012,0.053839,9.460025,-0.251676,-0.167377,-0.185703,-3.083152,0.468993,9.5509520,-0.232129,-0.136834,-0.185703
-2.863013,-0.206979,9.460025,-0.217468,-0.196699,-0.177151,-3.083152,0.468993,9.5509520,-0.232129,-0.136834,-0.185703
-2.796013,-0.413958,9.404989,-0.098960,-0.158825,-0.135612,-2.834299,0.069392,9.3535442,-0.195477,-0.164934,-0.184481
-2.746960,-0.538385,9.404989,0.025656,-0.116064,-0.080634,-2.712264,-0.167498,9.3834543,-0.052534,-0.109956,-0.117286
-2.748157,-0.519243,9.450453,0.107512,-0.076969,-0.056200,-2.721836,-0.203390,9.4707918,0.092852,-0.045204,-0.064752
-2.737389,-0.430708,9.419346,0.172264,-0.042761,-0.040317,-2.721836,-0.203390,9.4707918,0.092852,-0.045204,-0.064752
-2.823531,-0.240479,9.357133,0.260229,-0.003665,-0.001222,-2.713461,-0.068195,9.4181499,0.188146,0.003665,-0.035430
-2.933601,0.015553,9.414560,0.295659,0.019548,0.007330,-2.839084,0.192622,9.4253292,0.284663,0.052534,0.007330
-3.017349,0.218943,9.366704,0.277333,0.024435,-0.004887,-3.026921,0.473779,9.4145603,0.284663,0.065973,0.001222
-3.123830,0.422333,9.347562,0.233351,0.026878,-0.029322,-3.026921,0.473779,9.4145603,0.284663,0.065973,0.001222
-3.208775,0.561117,9.381062,0.180816,-0.007330,-0.053756,-3.131009,0.781257,9.3822575,0.224798,0.063530,-0.034208
-3.305685,0.653241,9.304491,0.111177,-0.030543,-0.089186,-3.270988,0.935594,9.3391876,0.145386,0.015882,-0.076969
-3.346363,0.680758,9.274581,0.045204,-0.063530,-0.114843,-3.342773,0.995414,9.3236341,0.062308,-0.019548,-0.116064
-3.369094,0.628116,9.300902,-0.006109,-0.091630,-0.135612,-3.342773,0.995414,9.3236341,0.062308,-0.019548,-0.116064
-3.364309,0.541974,9.259027,-0.045204,-0.112399,-0.145386,-3.370291,0.930808,9.3020973,-0.013439,-0.064752,-0.145386
-3.337988,0.442672,9.261420,-0.067195,-0.135612,-0.153938,-3.340380,0.806381,9.2542410,-0.057421,-0.092852,-0.158825
-3.285346,0.293121,9.281759,-0.078191,-0.155160,-0.156382,-3.298506,0.634098,9.3164549,-0.074526,-0.118508,-0.163712
-3.248257,0.161516,8.854641,-0.112399,-0.018326,-0.177151,-3.298506,0.634098,9.3164549,-0.074526,-0.118508,-0.163712
-3.445665,-0.123230,9.072388,-0.189368,0.102625,-0.193033,-3.330809,0.336192,9.1298141,-0.134390,0.026878,-0.197920
-3.604787,-0.396012,9.034101,-0.221133,0.152716,-0.212581,-3.530610,0.000000,8.9312096,-0.204029,0.151495,-0.219911
-3.797410,-0.800399,8.951550,-0.210138,0.155160,-0.223577,-3.748357,-0.463011,8.8235331,-0.215025,0.174707,-0.249233
-3.966104,-1.043271,8.734999,-0.134390,0.134390,-0.194255,-3.748357,-0.463011,8.8235331,-0.215025,0.174707,-0.249233
-4.167100,-1.146162,8.763713,-0.021991,0.072082,-0.146608,-3.943372,-0.784846,8.7050886,-0.111177,0.151495,-0.204029
-4.212564,-1.228714,8.719445,0.042761,-0.024435,-0.119730,-4.286742,-0.945165,8.7900343,0.013439,0.063530,-0.144164
-4.290331,-1.298106,8.650054,0.079412,-0.116064,-0.091630,-4.210171,-1.015753,8.6572323,0.069639,-0.057421,-0.105069
-4.181458,-1.104288,8.924032,0.111177,-0.171042,-0.053756,-4.210171,-1.015753,8.6572323,0.069639,-0.057421,-0.105069
-4.064209,-1.161715,8.855837,0.107512,-0.190590,-0.029322,-4.156333,-0.982254,8.9599247,0.112399,-0.138056,-0.046426
-3.906283,-1.075574,8.993423,0.059865,-0.182038,-0.025656,-4.124030,-0.902094,8.9204435,0.086743,-0.151495,-0.024435
-3.920640,-1.159323,8.858230,0.028100,-0.150273,-0.008552,-3.899105,-0.833899,8.9455671,0.039095,-0.118508,-0.013439
-3.917051,-1.052842,8.995816,-0.010996,-0.102625,-0.003665,-3.899105,-0.833899,8.9455671,0.039095,-0.118508,-0.013439
-3.829713,-1.133002,8.993423,-0.024435,-0.087965,0.003665,-3.847659,-0.842274,8.9766750,-0.009774,-0.061087,-0.007330
-3.913461,-1.268196,8.900104,-0.052534,-0.106291,-0.015882,-3.899105,-0.912862,9.2207422,-0.034208,-0.051313,-0.008552
-3.756732,-1.296910,9.068798,-0.052534,-0.127060,-0.018326,-3.809374,-0.947558,9.1788683,-0.057421,-0.085521,-0.030543
-3.812963,-1.415355,8.864212,-0.026878,-0.144164,-0.006109,-3.809374,-0.947558,9.1788683,-0.057421,-0.085521,-0.030543
-3.773481,-1.328017,8.998210,0.000000,-0.142942,0.007330,-3.724428,-1.051646,9.1860456,-0.020769,-0.101404,-0.009774
-3.633501,-1.348356,9.058030,0.048869,-0.123395,0.054978,-3.663411,-1.063610,9.0281200,0.021991,-0.097738,0.020769
-3.678965,-1.444068,8.913264,0.084299,-0.102625,0.106291,-3.719643,-1.134198,8.9527464,0.078191,-0.061087,0.094073
-3.653840,-1.268196,9.002995,0.079412,-0.095295,0.127060,-3.719643,-1.134198,8.9527464,0.078191,-0.061087,0.094073
-3.735196,-1.148555,9.020942,-0.002443,-0.117286,0.092852,-3.676572,-0.814756,9.2398844,0.069639,-0.052534,0.119730
-3.670590,-1.153341,9.159724,-0.079412,-0.150273,0.067195,-3.744768,-0.842274,9.1932249,-0.039095,-0.094073,0.073304
-3.602395,-1.353141,8.922836,-0.107512,-0.160047,0.068417,-3.604787,-1.032503,9.0520477,-0.101404,-0.116064,0.059865
-3.616751,-1.371087,9.154940,-0.103847,-0.166155,0.064752,-3.604787,-1.032503,9.0520477,-0.101404,-0.116064,0.059865
-3.467200,-1.490729,9.055637,-0.053756,-0.162490,0.083078,-3.512664,-1.121037,9.1250296,-0.096517,-0.125838,0.059865
-3.432504,-1.456033,9.206386,0.018326,-0.180816,0.118508,-3.470789,-1.133002,9.2362957,-0.020769,-0.123395,0.095295
-3.420540,-1.380659,9.165707,0.050091,-0.169821,0.164934,-3.365505,-1.051646,9.1740818,0.052534,-0.125838,0.153938
-3.327220,-1.424926,9.379865,-0.004887,-0.197920,0.179594,-3.365505,-1.051646,9.1740818,0.052534,-0.125838,0.153938
-3.152544,-1.271785,9.372686,-0.056200,-0.235794,0.160047,-3.282953,-0.995414,9.5820589,-0.012217,-0.155160,0.177151
-3.037688,-1.245464,9.265010,0.015882,-0.205251,0.221133,-3.017349,-0.985843,9.3978109,-0.023213,-0.174707,0.185703
-3.010171,-1.160519,9.442079,0.085521,-0.178373,0.285885,-2.957529,-0.876970,9.4636135,0.078191,-0.129503,0.273668
-2.964707,-1.082752,9.507881,0.035430,-0.190590,0.279776,-2.957529,-0.876970,9.4636135,0.078191,-0.129503,0.273668
-2.916851,-0.981057,9.564113,-0.001222,-0.210138,0.270002,-2.997010,-0.662812,9.6813602,0.037874,-0.136834,0.279776
-2.819942,-0.916451,9.458828,0.006109,-0.202807,0.267559,-2.876173,-0.634098,9.5677013,-0.013439,-0.160047,0.260229
-2.707479,-0.823131,9.476774,0.070860,-0.173486,0.296880,-2.703890,-0.522832,9.5365944,0.061087,-0.125838,0.289550
-2.715854,-0.664008,9.591630,0.112399,-0.129503,0.320093,-2.703890,-0.522832,9.5365944,0.061087,-0.125838,0.289550
-2.689533,-0.510868,9.598808,0.128282,-0.113621,0.332311,-2.712264,-0.313460,9.6981106,0.111177,-0.070860,0.318872
-2.729014,-0.350549,9.668200,0.098960,-0.109956,0.324980,-2.687140,-0.065803,9.6813602,0.129503,-0.054978,0.331089
-2.642873,-0.242872,9.576077,-0.056200,-0.138056,0.274889,-2.632105,0.083749,9.6813602,-0.047647,-0.084299,0.266337
-2.606981,-0.332602,9.583255,-0.107512,-0.120951,0.248011,-2.632105,0.083749,9.6813602,-0.047647,-0.084299,0.266337
-2.556731,-0.323031,9.549755,-0.050091,-0.133169,0.285885,-2.562713,-0.019143,9.5916300,-0.101404,-0.070860,0.249233
-2.542374,-0.271585,9.605987,0.023213,-0.139277,0.322537,-2.538785,0.014357,9.5700941,-0.018326,-0.083078,0.296880
-2.531606,-0.178265,9.607183,0.074526,-0.142942,0.349415,-2.529213,0.087338,9.6095753,0.063530,-0.086743,0.342085
-2.478964,-0.032303,9.655040,0.084299,-0.145386,0.360410,-2.529213,0.087338,9.6095753,0.063530,-0.086743,0.342085
-2.462215,0.055035,9.690931,0.040317,-0.133169,0.344528,-2.472982,0.326620,9.7435732,0.085521,-0.084299,0.356745
-2.555535,0.126820,9.741181,-0.065973,-0.107512,0.320093,-2.432304,0.486939,9.8069830,-0.008552,-0.074526,0.329867
-2.271985,0.059821,9.524631,-0.101404,-0.103847,0.313985,-2.315056,0.484547,9.7375917,-0.100182,-0.053756,0.295659
-2.250450,0.025125,9.584451,-0.100182,-0.106291,0.312763,-2.315056,0.484547,9.7375917,-0.100182,-0.053756,0.295659
-2.304288,0.032303,9.640682,-0.111177,-0.083078,0.306654,-2.254039,0.376870,9.7435732,-0.095295,-0.052534,0.302989
-2.361716,-0.003589,9.786645,-0.085521,-0.084299,0.311541,-2.360520,0.345763,9.7950191,-0.102625,-0.036652,0.298102
-2.367698,-0.029910,9.605987,-0.032987,-0.076969,0.312763,-2.359323,0.343370,9.7112703,-0.043982,-0.028100,0.301767
-2.362912,-0.070588,9.856036,-0.010996,-0.078191,0.305433,-2.359323,0.343370,9.7112703,-0.043982,-0.028100,0.301767
-2.379662,0.038285,9.513863,-0.029322,-0.062308,0.279776,-2.395216,0.352941,9.6789675,-0.002443,-0.023213,0.293215
-2.405983,0.017946,9.595219,-0.041539,-0.043982,0.260229,-2.413162,0.349352,9.8153582,-0.047647,-0.007330,0.260229
-2.435893,0.033500,9.640682,0.003665,-0.037874,0.261450,-2.402394,0.386441,9.5665045,0.001222,0.014661,0.255342
-2.478964,0.082552,9.656236,0.041539,-0.046426,0.262672,-2.402394,0.386441,9.5665045,0.001222,0.014661,0.255342
-2.559124,0.256032,9.578468,0.065973,-0.030543,0.248011,-2.474179,0.531207,9.6598253,0.057421,0.007330,0.259007
-2.596212,0.257228,9.619147,0.029322,-0.041539,0.216246,-2.586641,0.571885,9.6131649,0.054978,0.017104,0.227242
-2.590230,0.387637,9.644272,0.019548,-0.069639,0.190590,-2.572284,0.648455,9.6406822,0.018326,-0.024435,0.188146
-2.602195,0.428315,9.689735,-0.010996,-0.080634,0.174707,-2.572284,0.648455,9.6406822,0.018326,-0.024435,0.188146
-2.612962,0.339781,9.622736,-0.080634,-0.078191,0.175929,-2.577070,0.758525,9.6490574,-0.010996,-0.035430,0.169821
-2.632105,0.200997,9.505488,-0.130725,-0.051313,0.151495,-2.593820,0.656830,9.6071835,-0.102625,-0.015882,0.151495
-2.620141,0.126820,9.658628,-0.120951,-0.064752,0.138056,-2.618945,0.441476,9.5234337,-0.123395,-0.021991,0.129503
-2.620141,0.241675,9.582059,-0.056200,-0.091630,0.150273,-2.618945,0.441476,9.5234337,-0.123395,-0.021991,0.129503
-2.622534,0.112463,9.489935,-0.002443,-0.103847,0.190590,-2.548356,0.358923,9.4707918,-0.036652,-0.053756,0.153938
-2.583052,0.123230,9.535398,0.018326,-0.095295,0.207694,-2.611766,0.394816,9.5342026,0.001222,-0.054978,0.195477
-2.603391,0.132802,9.571291,0.031765,-0.100182,0.212581,-2.593820,0.442672,9.5401840,0.028100,-0.053756,0.213803
-2.595016,0.270389,9.620344,0.073304,-0.098960,0.195477,-2.593820,0.442672,9.5401840,0.028100,-0.053756,0.213803
-2.565106,0.303888,9.534203,0.062308,-0.080634,0.149051,-2.604587,0.528814,9.5042915,0.068417,-0.048869,0.179594
-2.561517,0.226122,9.555737,0.008552,-0.083078,0.111177,-2.603391,0.579063,9.5353985,0.036652,-0.034208,0.124617
-2.591427,0.267996,9.530612,-0.009774,-0.084299,0.080634,-2.584248,0.533599,9.5198450,-0.009774,-0.043982,0.076969
-2.551945,0.221336,9.616754,-0.051313,-0.073304,0.053756,-2.584248,0.533599,9.5198450,-0.009774,-0.043982,0.076969
-2.599802,0.407976,9.540184,-0.057421,-0.061087,0.036652,-2.583052,0.617348,9.4935236,-0.039095,-0.028100,0.039095
-2.587838,0.047856,9.505488,-0.067195,-0.081856,0.028100,-2.644069,0.401994,9.5090771,-0.073304,-0.035430,0.028100
-2.658426,0.096909,9.572487,-0.068417,-0.078191,0.020769,-2.577070,0.410369,9.5892372,-0.068417,-0.040317,0.013439
-2.561517,0.038285,9.471989,-0.035430,-0.109956,0.039095,-2.577070,0.410369,9.5892372,-0.068417,-0.040317,0.013439
-2.579463,-0.090927,9.635897,-0.028100,-0.112399,0.061087,-2.544767,0.326620,9.5964146,-0.043982,-0.070860,0.031765
-2.559124,-0.086142,9.586843,-0.019548,-0.118508,0.073304,-2.518446,0.282353,9.6370935,-0.023213,-0.074526,0.061087
-2.476572,-0.104088,9.586843,0.004887,-0.111177,0.098960,-2.474179,0.270389,9.6167536,0.001222,-0.072082,0.085521
-2.472982,0.082552,9.614362,0.028100,-0.090408,0.113621,-2.474179,0.270389,9.6167536,0.001222,-0.072082,0.085521
-2.538785,-0.174676,9.573684,0.041539,-0.108734,0.140499,-2.458625,0.449851,9.8021984,0.037874,-0.042761,0.112399
-2.506482,-0.026321,9.577272,0.026878,-0.080634,0.155160,-2.398805,0.396012,9.6909313,0.039095,-0.042761,0.141721
-2.486143,0.138784,9.600005,0.026878,-0.052534,0.173486,-2.459822,0.442672,9.6143618,0.028100,-0.013439,0.161268
-2.568695,0.150748,9.513863,0.010996,-0.036652,0.173486,-2.459822,0.442672,9.6143618,0.028100,-0.013439,0.161268
-2.585445,0.119641,9.580862,-0.015882,-0.043982,0.179594,-2.563910,0.439083,9.6215401,-0.002443,0.004887,0.167377
-2.653640,0.126820,9.506684,-0.031765,-0.042761,0.168599,-2.584248,0.443869,9.5449696,-0.014661,0.002443,0.167377
-2.660819,0.122034,9.644272,-0.037874,-0.052534,0.162490,-2.664408,0.382852,9.5569334,-0.035430,-0.001222,0.156382
-2.688336,0.124427,9.471989,-0.040317,-0.046426,0.162490,-2.664408,0.382852,9.5569334,-0.035430,-0.001222,0.156382
-2.675175,0.022732,9.377472,-0.030543,-0.062308,0.166155,-2.724229,0.378066,9.5150595,-0.048869,0.001222,0.151495
-2.714657,0.008375,9.652646,-0.051313,-0.075747,0.163712,-2.707479,0.382852,9.6239328,-0.034208,-0.024435,0.156382
-2.758924,0.025125,9.646665,-0.063530,-0.063530,0.152716,-2.693122,0.300299,9.6000051,-0.068417,-0.021991,0.146608
-2.762514,-0.027517,9.489935,-0.079412,-0.073304,0.155160,-2.693122,0.300299,9.6000051,-0.068417,-0.021991,0.146608
-2.804389,-0.106481,9.564113,-0.096517,-0.075747,0.152716,-2.732604,0.254836,9.5820589,-0.089186,-0.026878,0.140499
-2.796013,-0.142373,9.492327,-0.075747,-0.101404,0.169821,-2.778067,0.224925,9.4887381,-0.079412,-0.043982,0.152716
-2.773281,-0.291924,9.449257,-0.078191,-0.087965,0.185703,-2.732604,0.139980,9.5844507,-0.074526,-0.046426,0.172264
-2.712264,-0.253639,9.608379,-0.053756,-0.094073,0.207694,-2.732604,0.139980,9.5844507,-0.074526,-0.046426,0.172264
-2.749353,-0.281157,9.485149,-0.056200,-0.090408,0.228464,-2.761317,0.080160,9.5030956,-0.050091,-0.051313,0.202807
-2.772085,-0.228515,9.379865,-0.035430,-0.100182,0.256563,-2.755335,0.083749,9.6215401,-0.054978,-0.045204,0.230907
-2.824727,-0.291924,9.543774,-0.039095,-0.084299,0.280998,-2.754139,0.098106,9.6514502,-0.024435,-0.037874,0.270002
-2.776871,-0.264407,9.455239,-0.084299,-0.069639,0.289550,-2.754139,0.098106,9.6514502,-0.024435,-0.037874,0.270002
-2.825924,-0.282353,9.537791,-0.135612,-0.042761,0.291994,-2.798406,0.072981,9.5748796,-0.090408,-0.015882,0.277333
-2.914458,-0.295514,9.503096,-0.064752,-0.080634,0.320093,-2.774478,0.087338,9.5509520,-0.116064,-0.007330,0.291994
-2.829513,-0.248854,9.477971,-0.013439,-0.084299,0.339641,-2.852245,0.057428,9.4624166,-0.020769,-0.032987,0.329867
-2.853441,-0.150748,9.476774,0.014661,-0.094073,0.354302,-2.852245,0.057428,9.4624166,-0.020769,-0.032987,0.329867
-2.819942,-0.070588,9.470792,0.034208,-0.112399,0.367741,-2.843870,0.150748,9.4923267,0.023213,-0.042761,0.353080
-2.824727,0.038285,9.522238,0.021991,-0.107512,0.368963,-2.813959,0.314656,9.4899349,0.043982,-0.058643,0.368963
-2.811567,0.058624,9.531809,-0.111177,-0.065973,0.345750,-2.822334,0.384048,9.6741819,-0.073304,-0.025656,0.343306
-2.853441,-0.025125,9.460025,-0.177151,-0.036652,0.332311,-2.822334,0.384048,9.6741819,-0.073304,-0.025656,0.343306
-2.878566,-0.119641,9.442079,-0.157603,-0.034208,0.331089,-2.818745,0.315853,9.4995060,-0.174707,0.012217,0.316428
-2.934797,-0.190229,9.375079,-0.140499,-0.032987,0.331089,-2.907279,0.191426,9.4456673,-0.152716,0.017104,0.317650
-2.963511,-0.222532,9.415757,-0.097738,-0.046426,0.335976,-2.956332,0.119641,9.4121675,-0.101404,0.006109,0.324980
-2.992225,-0.218943,9.409776,-0.084299,-0.054978,0.339641,-2.956332,0.119641,9.4121675,-0.101404,0.006109,0.324980
-2.997010,-0.224925,9.327223,-0.059865,-0.073304,0.346971,-3.004189,0.099302,9.4349003,-0.081856,-0.004887,0.329867
-3.036492,-0.128016,9.337990,-0.014661,-0.095295,0.356745,-3.036492,0.130409,9.3427763,-0.039095,-0.029322,0.344528
-3.026921,-0.033500,9.366704,0.035430,-0.131947,0.365297,-3.002992,0.263210,9.3738832,0.024435,-0.065973,0.360410
-2.982653,0.071785,9.376275,0.047647,-0.147829,0.362854,-3.002992,0.263210,9.3738832,0.024435,-0.065973,0.360410
-2.900101,0.177069,9.384650,0.036652,-0.145386,0.348193,-2.951547,0.442672,9.4289179,0.045204,-0.091630,0.356745
-2.837888,0.289532,9.395419,0.019548,-0.129503,0.326202,-2.882155,0.569492,9.4265251,0.032987,-0.083078,0.334754
-2.787638,0.342174,9.503096,0.000000,-0.140499,0.312763,-2.801995,0.672383,9.5162563,0.019548,-0.089186,0.315206
-2.764907,0.358923,9.494720,-0.125838,-0.072082,0.273668,-2.801995,0.672383,9.5162563,0.019548,-0.089186,0.315206
-2.749353,0.238086,9.436095,-0.221133,-0.010996,0.250455,-2.778067,0.662812,9.5964146,-0.145386,-0.014661,0.256563
-2.913262,0.044267,9.396614,-0.226020,0.024435,0.243124,-2.807977,0.478565,9.4396858,-0.224798,0.052534,0.228464
-2.989832,-0.075374,9.373883,-0.197920,0.045204,0.246790,-2.934797,0.276371,9.3619194,-0.202807,0.083078,0.227242
-3.097509,-0.132802,9.347562,-0.141721,0.031765,0.263894,-2.934797,0.276371,9.3619194,-0.202807,0.083078,0.227242
-3.211168,-0.175872,9.321241,-0.085521,0.003665,0.285885,-3.092723,0.147159,9.3667040,-0.131947,0.073304,0.251676
-3.238685,-0.174676,9.284152,-0.019548,-0.040317,0.307876,-3.200400,0.128016,9.2650099,-0.052534,0.032987,0.287107
-3.279364,-0.117248,9.308080,0.014661,-0.085521,0.326202,-3.274578,0.186640,9.3260260,0.013439,-0.023213,0.317650
-3.250650,-0.021535,9.310472,0.015882,-0.127060,0.335976,-3.274578,0.186640,9.3260260,0.013439,-0.023213,0.317650
-3.229114,0.114855,9.317652,0.001222,-0.147829,0.334754,-3.265007,0.333799,9.3332043,0.017104,-0.076969,0.332311
-3.187240,0.186640,9.326026,-0.017104,-0.162490,0.329867,-3.186044,0.430708,9.3439722,-0.003665,-0.101404,0.331089
-3.101098,0.245264,9.345169,-0.036652,-0.163712,0.317650,-3.103491,0.534796,9.3308125,-0.030543,-0.109956,0.317650
-3.006582,0.230907,9.357133,-0.056200,-0.157603,0.305433,-3.103491,0.534796,9.3308125,-0.030543,-0.109956,0.317650
-2.956332,0.263210,9.408579,-0.075747,-0.145386,0.294437,-2.989832,0.570688,9.3966141,-0.054978,-0.103847,0.299324
-2.919244,0.247657,9.442079,-0.100182,-0.116064,0.282220,-2.930012,0.559921,9.4480610,-0.085521,-0.081856,0.280998
-2.851048,0.157926,9.396614,-0.131947,-0.072082,0.278555,-2.868994,0.498904,9.4743805,-0.123395,-0.034208,0.268781
-2.922833,0.075374,9.433703,-0.160047,-0.013439,0.277333,-2.868994,0.498904,9.4743805,-0.123395,-0.034208,0.268781
-2.957529,0.055035,9.499506,-0.144164,-0.014661,0.299324,-2.916851,0.425922,9.5258274,-0.156382,0.040317,0.268781
-2.983850,0.112463,9.609575,-0.034208,-0.173486,0.359189,-2.986243,0.352941,9.6287184,-0.112399,-0.015882,0.310320
-2.957529,0.238086,9.671789,0.048869,-0.208916,0.411723,-2.907279,0.545564,9.6538429,0.043982,-0.136834,0.400728
-2.843870,0.215354,9.602398,0.078191,-0.221133,0.428827,-2.907279,0.545564,9.6538429,0.043982,-0.136834,0.400728
-2.505286,0.397209,9.426525,0.124617,-0.223577,0.425162,-2.813959,0.616152,9.5054884,0.096517,-0.158825,0.430049
-2.447858,0.665205,9.611969,0.107512,-0.216246,0.427606,-2.595016,0.965504,9.6658068,0.124617,-0.163712,0.425162
-2.267200,0.739382,9.544970,0.065973,-0.196699,0.410501,-2.248057,1.231107,9.8787689,0.084299,-0.144164,0.416610
-2.049453,0.917647,9.614362,0.023213,-0.169821,0.393397,-2.248057,1.231107,9.8787689,0.084299,-0.144164,0.416610
-1.993221,1.067199,9.762717,-0.021991,-0.128282,0.392175,-2.094916,1.243071,9.6670036,0.012217,-0.109956,0.386067
-2.129612,1.113859,9.791430,-0.068417,-0.086743,0.382402,-2.171487,1.314856,9.5497551,-0.035430,-0.048869,0.392175
-1.886741,0.987039,9.565309,-0.107512,-0.051313,0.375071,-1.975275,1.389034,9.8249292,-0.106291,-0.006109,0.354302
-1.965704,0.977468,9.741181,-0.127060,-0.017104,0.355524,-1.975275,1.389034,9.8249292,-0.106291,-0.006109,0.354302
-2.133201,0.867398,9.743573,-0.139277,0.010996,0.337198,-2.142773,1.184447,9.6490574,-0.133169,0.036652,0.338419
-2.334198,0.782453,9.771091,-0.146608,0.035430,0.324980,-2.081756,1.217947,9.7423773,-0.134390,0.073304,0.320093
-2.403590,0.674776,9.651450,-0.131947,0.050091,0.310320,-2.299503,1.046860,9.6574326,-0.138056,0.096517,0.291994
-2.380858,0.582652,9.640682,-0.117286,0.043982,0.323759,-2.299503,1.046860,9.6574326,-0.138056,0.096517,0.291994
-2.572284,0.574277,9.766306,-0.098960,0.054978,0.337198,-2.385644,0.912862,9.5569334,-0.116064,0.098960,0.305433
-2.676372,0.568295,9.616754,-0.094073,0.053756,0.373850,-2.581856,0.850649,9.7148600,-0.097738,0.108734,0.339641
-2.632105,0.467797,9.525827,-0.097738,0.029322,0.408058,-2.620141,0.750150,9.4935236,-0.096517,0.091630,0.388510
-2.635694,0.397209,9.346365,-0.090408,-0.013439,0.437380,-2.620141,0.750150,9.4935236,-0.096517,0.091630,0.388510
-2.835495,0.576670,9.628718,-0.091630,-0.050091,0.432493,-2.726621,0.786042,9.5246305,-0.083078,0.035430,0.420275
-2.718246,0.477368,9.385847,-0.092852,-0.097738,0.447153,-2.746960,0.997807,9.7387877,-0.083078,-0.017104,0.434936
-2.629712,0.417548,9.334401,-0.101404,-0.135612,0.454484,-2.770889,0.813560,9.5964146,-0.091630,-0.062308,0.445932
-2.554338,0.442672,9.567701,-0.122173,-0.156382,0.488692,-2.770889,0.813560,9.5964146,-0.091630,-0.062308,0.445932
-2.597409,0.521635,9.704092,-0.130725,-0.149051,0.493579,-2.599802,0.949951,9.7842522,-0.120951,-0.094073,0.480140
-2.359323,0.375673,9.300902,-0.114843,-0.155160,0.488692,-2.562713,0.756132,9.4169540,-0.122173,-0.092852,0.485027
-2.358127,0.411566,9.556933,-0.107512,-0.130725,0.493579,-2.411965,0.853041,9.6682005,-0.107512,-0.067195,0.485027
-2.382055,0.445065,9.741181,-0.113621,-0.114843,0.493579,-2.411965,0.853041,9.6682005,-0.107512,-0.067195,0.485027
-2.437090,0.535992,9.842876,-0.100182,-0.097738,0.478918,-2.297110,0.881755,9.7746811,-0.106291,-0.052534,0.475253
-2.383251,0.540778,9.768699,-0.075747,-0.068417,0.467923,-2.328217,0.719043,9.5557375,-0.087965,-0.031765,0.476475
-2.273182,0.435494,9.710074,-0.063530,-0.069639,0.470366,-2.264807,0.752543,9.7567348,-0.059865,-0.013439,0.461814
-2.294717,0.592224,9.840484,-0.073304,-0.054978,0.442266,-2.264807,0.752543,9.7567348,-0.059865,-0.013439,0.461814
-2.295913,0.573081,9.625129,-0.064752,-0.046426,0.456927,-2.170290,0.861416,9.6717892,-0.065973,0.004887,0.433714
-2.206183,0.404387,9.469596,-0.072082,-0.046426,0.453262,-2.248057,0.941576,9.7998047,-0.070860,0.015882,0.448375
-2.312663,0.423530,9.524631,-0.095295,-0.014661,0.437380,-2.356930,0.736989,9.5449696,-0.085521,0.037874,0.427606
-2.395216,0.503689,9.737592,-0.079412,-0.029322,0.444710,-2.356930,0.736989,9.5449696,-0.085521,0.037874,0.427606
-2.382055,0.504886,9.664610,-0.064752,-0.062308,0.428827,-2.333002,0.841077,9.6849499,-0.073304,0.024435,0.431271
-2.376073,0.508475,9.638290,-0.064752,-0.072082,0.406836,-2.409573,0.788435,9.6107721,-0.053756,-0.004887,0.411723
-2.362912,0.516850,9.555737,-0.079412,-0.080634,0.382402,-2.353341,0.819542,9.6012011,-0.073304,-0.025656,0.382402
-2.374876,0.443869,9.491131,-0.079412,-0.084299,0.354302,-2.353341,0.819542,9.6012011,-0.073304,-0.025656,0.382402
-2.349752,0.437887,9.497113,-0.075747,-0.095295,0.313985,-2.312663,0.771685,9.5353985,-0.084299,-0.037874,0.334754
-2.384448,0.430708,9.615559,-0.084299,-0.080634,0.261450,-2.331806,0.705883,9.5904331,-0.078191,-0.035430,0.285885
-2.391626,0.391227,9.538987,-0.091630,-0.067195,0.232129,-2.248057,0.756132,9.6299152,-0.084299,-0.025656,0.228464
-2.325824,0.278764,9.501899,-0.098960,-0.040317,0.211359,-2.248057,0.756132,9.6299152,-0.084299,-0.025656,0.228464
-2.400001,0.226122,9.588040,-0.080634,-0.017104,0.185703,-2.334198,0.623330,9.5677013,-0.092852,0.013439,0.191812
-2.443072,0.135194,9.536594,-0.056200,-0.012217,0.160047,-2.391626,0.528814,9.5509520,-0.065973,0.029322,0.162490
-2.511267,0.110070,9.489935,-0.025656,-0.015882,0.123395,-2.489732,0.495314,9.5449696,-0.030543,0.031765,0.120951
-2.590230,0.107677,9.494720,-0.013439,-0.021991,0.064752,-2.489732,0.495314,9.5449696,-0.030543,0.031765,0.120951
-2.652444,0.123230,9.568897,0.015882,-0.052534,0.020769,-2.600998,0.457029,9.5306120,-0.009774,0.017104,0.050091
-2.638087,0.142373,9.544970,0.046426,-0.083078,-0.020769,-2.660819,0.465404,9.5270233,0.030543,-0.028100,-0.004887
-2.658426,0.147159,9.498309,0.070860,-0.102625,-0.059865,-2.648855,0.455833,9.5389872,0.068417,-0.062308,-0.057421
-2.599802,0.175872,9.504292,0.081856,-0.100182,-0.114843,-2.648855,0.455833,9.5389872,0.068417,-0.062308,-0.057421
-2.591427,0.215354,9.519845,0.098960,-0.111177,-0.147829,-2.642873,0.510868,9.5246305,0.084299,-0.065973,-0.122173
-2.621337,0.206979,9.518648,0.094073,-0.097738,-0.185703,-2.638087,0.524028,9.4875422,0.096517,-0.070860,-0.166155
-2.606981,0.218943,9.497113,0.089186,-0.098960,-0.229685,-2.609373,0.549153,9.4923267,0.090408,-0.069639,-0.222355
-2.634498,0.200997,9.498309,0.083078,-0.089186,-0.268781,-2.609373,0.549153,9.4923267,0.090408,-0.069639,-0.222355
-2.641676,0.169890,9.542577,0.087965,-0.087965,-0.316428,-2.636891,0.531207,9.5497551,0.087965,-0.058643,-0.283441
-2.664408,0.137587,9.540184,0.098960,-0.085521,-0.357967,-2.653640,0.503689,9.5593271,0.090408,-0.059865,-0.340863
-2.650051,0.107677,9.482756,0.114843,-0.069639,-0.386067,-2.673980,0.440279,9.5605230,0.108734,-0.048869,-0.387289
-2.717050,0.098106,9.436095,0.127060,-0.034208,-0.387289,-2.673980,0.440279,9.5605230,0.108734,-0.048869,-0.387289
-2.831906,0.222532,9.317652,0.135612,0.014661,-0.377515,-2.744568,0.404387,9.3200436,0.125838,-0.006109,-0.390954
-2.889333,0.179462,9.168099,0.114843,0.084299,-0.328645,-2.745764,0.446261,9.2985086,0.120951,0.078191,-0.364076
-3.019742,0.129212,9.160922,0.098960,0.119730,-0.290772,-2.937190,0.410369,9.2805624,0.101404,0.133169,-0.316428
-3.273381,0.135194,9.066405,0.069639,0.133169,-0.248011,-2.937190,0.410369,9.2805624,0.101404,0.133169,-0.316428
-3.512664,0.166301,9.102298,0.045204,0.125838,-0.200364,-3.243471,0.425922,9.1848497,0.063530,0.161268,-0.254120
-3.664608,0.082552,9.055637,0.014661,0.103847,-0.149051,-3.507878,0.326620,9.0867443,0.029322,0.149051,-0.185703
-3.749553,-0.034696,9.005387,0.017104,0.032987,-0.094073,-3.702893,0.245264,9.0400839,0.013439,0.089186,-0.120951
-3.826123,-0.043071,8.877372,0.034208,-0.026878,-0.059865,-3.702893,0.245264,9.0400839,0.013439,0.089186,-0.120951
-3.907479,-0.100499,8.888140,0.030543,-0.070860,-0.024435,-3.822534,0.220140,8.9742813,0.036652,0.003665,-0.059865
-3.911069,-0.099302,9.054441,0.034208,-0.113621,0.000000,-3.881158,0.195015,8.9659061,0.034208,-0.050091,-0.019548
-3.847659,-0.086142,8.933603,0.039095,-0.160047,0.019548,-3.859623,0.267996,8.9862452,0.039095,-0.109956,0.010996
-3.763910,-0.050249,8.963513,0.028100,-0.200364,0.040317,-3.859623,0.267996,8.9862452,0.039095,-0.109956,0.010996
-3.699304,-0.011964,9.060423,0.019548,-0.212581,0.061087,-3.769892,0.258425,9.1178503,0.029322,-0.157603,0.041539
-3.571288,-0.095713,9.105886,0.021991,-0.180816,0.079412,-3.644269,0.236889,9.0006027,0.020769,-0.153938,0.065973
-3.481557,-0.041874,9.122637,0.042761,-0.163712,0.094073,-3.482754,0.267996,9.0903330,0.035430,-0.124617,0.089186
-3.436093,0.035892,9.193225,0.067195,-0.144164,0.101404,-3.482754,0.267996,9.0903330,0.035430,-0.124617,0.089186
-3.373880,0.141177,9.297313,0.078191,-0.135612,0.114843,-3.388237,0.379262,9.2841520,0.072082,-0.097738,0.102625
-3.354738,0.156730,9.434900,0.112399,-0.144164,0.123395,-3.352345,0.428315,9.3176517,0.089186,-0.091630,0.119730
-3.358327,0.271585,9.500702,0.150273,-0.184481,0.101404,-3.359523,0.549153,9.4839525,0.147829,-0.124617,0.114843
-3.383451,0.168694,9.839287,0.185703,-0.295659,0.006109,-3.359523,0.549153,9.4839525,0.147829,-0.124617,0.114843
-3.176472,0.451047,9.924232,0.195477,-0.372628,-0.096517,-3.488736,0.552742,9.8823576,0.196699,-0.270002,-0.007330
-2.614159,0.709472,9.513863,0.047647,-0.301767,-0.133169,-2.891726,0.954736,9.7160568,0.136834,-0.317650,-0.114843
-2.493321,0.692722,9.473186,-0.102625,-0.160047,-0.134390,-2.595016,0.990629,9.6023979,-0.062308,-0.167377,-0.141721
-2.563910,0.452244,9.470792,-0.191812,-0.037874,-0.113621,-2.595016,0.990629,9.6023979,-0.062308,-0.167377,-0.141721
-2.678765,0.180658,9.314062,-0.229685,0.073304,-0.092852,-2.548356,0.739382,9.4133644,-0.195477,0.002443,-0.127060
-2.845066,-0.076570,9.322437,-0.222355,0.151495,-0.056200,-2.701497,0.379262,9.3559361,-0.232129,0.146608,-0.100182
-3.114259,-0.265603,9.235100,-0.168599,0.212581,0.001222,-3.011367,0.017946,9.2207422,-0.182038,0.230907,-0.037874
-3.367898,-0.390030,9.146564,-0.087965,0.204029,0.057421,-3.011367,0.017946,9.2207422,-0.182038,0.230907,-0.037874
-3.605984,-0.471386,9.066405,0.025656,0.136834,0.116064,-3.379862,-0.145962,9.1405830,-0.076969,0.232129,0.047647
-3.838088,-0.315853,9.247063,0.141721,0.019548,0.155160,-3.656233,-0.099302,9.1920280,0.075747,0.138056,0.124617
-3.958925,-0.281157,9.300902,0.234572,-0.153938,0.131947,-3.930212,0.056231,9.2709913,0.210138,-0.050091,0.150273
-3.824927,0.065803,9.565309,0.289550,-0.357967,0.037874,-3.930212,0.056231,9.2709913,0.210138,-0.050091,0.150273
-3.416951,0.391227,9.629915,0.210138,-0.423940,-0.026878,-3.774678,0.373280,9.3475618,0.283441,-0.328645,0.047647
-3.108277,0.318245,9.455239,0.106291,-0.392175,-0.067195,-3.324827,0.595813,9.3942213,0.168599,-0.373850,-0.030543
-2.857030,0.354138,9.542577,0.014661,-0.300546,-0.092852,-2.925226,0.637687,9.5653086,0.036652,-0.285885,-0.086743
-2.713461,0.203390,9.585648,-0.043982,-0.175929,-0.090408,-2.925226,0.637687,9.5653086,0.036652,-0.285885,-0.086743
-2.730211,0.161516,9.723235,-0.031765,-0.080634,-0.070860,-2.724229,0.549153,9.6861467,-0.045204,-0.120951,-0.096517
-2.888137,0.269193,9.747163,-0.007330,0.004887,-0.061087,-2.784049,0.452244,9.6239328,-0.010996,0.000000,-0.075747
-2.991028,0.189033,9.515059,-0.006109,0.063530,-0.042761,-2.823531,0.362513,9.4420786,-0.002443,0.086743,-0.053756
-3.138187,0.211765,9.425329,-0.034208,0.108734,-0.031765,-2.823531,0.362513,9.4420786,-0.002443,0.086743,-0.053756
-3.321238,0.151944,9.262616,-0.065973,0.127060,-0.032987,-3.067599,0.495314,9.4480610,-0.036652,0.149051,-0.048869
-3.444468,-0.113659,9.148958,-0.112399,0.133169,-0.029322,-3.351148,0.374477,9.2410812,-0.095295,0.168599,-0.050091
-3.706482,-0.098106,9.160922,-0.089186,0.075747,-0.037874,-3.605984,0.039482,9.1130648,-0.096517,0.123395,-0.047647
-3.737589,-0.265603,9.132208,-0.083078,0.024435,-0.035430,-3.605984,0.039482,9.1130648,-0.096517,0.123395,-0.047647
-3.820141,-0.282353,8.900104,-0.125838,0.014661,-0.015882,-3.682554,0.108873,9.0173521,-0.086743,0.051313,-0.051313
-3.848855,-0.599402,8.782855,-0.167377,0.023213,0.036652,-3.707679,-0.250050,8.8917294,-0.149051,0.054978,-0.009774
-3.929015,-0.790828,8.757731,-0.152716,0.004887,0.108734,-3.936193,-0.382852,8.8091764,-0.160047,0.052534,0.076969
-3.990032,-0.782453,8.824731,-0.095295,-0.031765,0.175929,-3.936193,-0.382852,8.8091764,-0.160047,0.052534,0.076969
-4.074977,-0.793221,8.684750,-0.065973,-0.032987,0.216246,-3.950550,-0.581456,8.7003040,-0.084299,0.009774,0.169821
-4.151547,-0.771685,8.811569,-0.030543,-0.061087,0.246790,-4.029513,-0.530010,8.7194452,-0.048869,0.003665,0.223577
-4.149154,-0.667598,8.894122,0.015882,-0.117286,0.263894,-4.162315,-0.434297,8.8366938,0.009774,-0.052534,0.255342
-4.167100,-0.506082,8.938390,0.045204,-0.166155,0.255342,-4.162315,-0.434297,8.8366938,0.009774,-0.052534,0.255342
-4.079762,-0.570688,9.069994,0.098960,-0.271224,0.199142,-4.169494,-0.293121,9.0113697,0.053756,-0.129503,0.250455
-3.863212,-0.406780,9.286545,0.119730,-0.367741,0.081856,-4.132405,-0.150748,9.2291174,0.116064,-0.263894,0.162490
-3.608377,-0.232104,9.333204,0.128282,-0.383623,-0.021991,-3.750750,0.025125,9.2195463,0.130725,-0.344528,0.003665
-3.288934,-0.198604,9.306884,0.079412,-0.301767,-0.050091,-3.750750,0.025125,9.2195463,0.130725,-0.344528,0.003665
-3.178865,-0.171087,9.180064,0.021991,-0.172264,-0.046426,-3.293720,0.205783,9.2674026,0.072082,-0.234572,-0.053756
-3.128615,-0.338584,9.254241,-0.007330,-0.054978,-0.014661,-3.154937,0.035892,9.2829561,0.001222,-0.075747,-0.036652
-3.244668,-0.317049,9.276974,0.020769,0.008552,-0.007330,-3.208775,-0.021535,9.3116693,0.010996,0.032987,-0.018326
-3.390630,-0.273978,9.261420,0.053756,0.019548,-0.008552,-3.208775,-0.021535,9.3116693,0.010996,0.032987,-0.018326
-3.480361,-0.206979,9.255438,0.073304,-0.006109,-0.013439,-3.397808,-0.016750,9.3320084,0.057421,0.057421,-0.014661
-3.516253,-0.189033,9.237493,0.073304,-0.035430,-0.028100,-3.469593,0.076570,9.2602234,0.079412,0.015882,-0.028100
-3.524628,-0.094517,9.281759,0.067195,-0.087965,-0.047647,-3.546163,0.200997,9.2590275,0.070860,-0.036652,-0.048869
-3.513860,-0.104088,9.317652,0.035430,-0.118508,-0.054978,-3.546163,0.200997,9.2590275,0.070860,-0.036652,-0.048869
-3.493521,-0.104088,9.351151,0.004887,-0.134390,-0.046426,-3.485146,0.236889,9.3463650,0.029322,-0.083078,-0.061087
-3.425326,-0.123230,9.324830,-0.006109,-0.152716,-0.031765,-3.421736,0.211765,9.3367939,0.001222,-0.105069,-0.046426
-3.360719,-0.192622,9.310472,-0.008552,-0.142942,-0.010996,-3.320041,0.147159,9.3511515,-0.006109,-0.105069,-0.020769
-3.314059,-0.224925,9.324830,0.003665,-0.127060,0.012217,-3.320041,0.147159,9.3511515,-0.006109,-0.105069,-0.020769
-3.292524,-0.238086,9.326026,0.026878,-0.112399,0.032987,-3.268596,0.071785,9.3607225,0.010996,-0.085521,0.012217
-3.292524,-0.236889,9.315259,0.043982,-0.094073,0.047647,-3.268596,0.069392,9.3463650,0.036652,-0.061087,0.035430
-3.292524,-0.191426,9.312866,0.075747,-0.087965,0.054978,-3.314059,0.112463,9.3595257,0.067195,-0.045204,0.047647
-3.302095,-0.144766,9.404989,0.107512,-0.106291,0.056200,-3.314059,0.112463,9.3595257,0.067195,-0.045204,0.047647
-3.284149,0.001196,9.369098,0.114843,-0.125838,0.046426,-3.317649,0.198604,9.4049892,0.111177,-0.069639,0.052534
-3.225525,0.102891,9.341579,0.095295,-0.130725,0.034208,-3.297310,0.329013,9.4014006,0.108734,-0.084299,0.040317
-3.211168,0.080160,9.413364,0.063530,-0.124617,0.017104,-3.230310,0.412762,9.4432745,0.072082,-0.083078,0.017104
-3.190829,0.120838,9.443274,0.046426,-0.145386,0.001222,-3.230310,0.412762,9.4432745,0.072082,-0.083078,0.017104
-3.145365,0.072981,9.494720,0.028100,-0.161268,-0.029322,-3.211168,0.459422,9.4815607,0.048869,-0.105069,-0.006109
-3.068795,0.087338,9.552149,0.009774,-0.177151,-0.078191,-3.131009,0.399601,9.5677013,0.021991,-0.133169,-0.053756
-2.986243,0.049053,9.522238,0.007330,-0.175929,-0.108734,-3.016153,0.372084,9.5928259,0.007330,-0.138056,-0.107512
-2.898905,0.015553,9.516256,0.014661,-0.152716,-0.114843,-3.016153,0.372084,9.5928259,0.007330,-0.138056,-0.107512
-2.857030,-0.028714,9.552149,0.041539,-0.135612,-0.108734,-2.882155,0.321835,9.5724869,0.019548,-0.111177,-0.117286
-2.840280,-0.014357,9.625129,0.073304,-0.125838,-0.105069,-2.858227,0.285942,9.6287184,0.057421,-0.092852,-0.108734
-2.803192,0.008375,9.638290,0.092852,-0.119730,-0.111177,-2.824727,0.306281,9.6646099,0.089186,-0.084299,-0.111177
-2.792424,0.031107,9.669396,0.086743,-0.092852,-0.116064,-2.824727,0.306281,9.6646099,0.089186,-0.084299,-0.111177
-2.788835,0.023928,9.631111,0.079412,-0.070860,-0.118508,-2.748157,0.374477,9.6490574,0.087965,-0.053756,-0.120951
-2.829513,0.055035,9.635897,0.058643,-0.051313,-0.117286,-2.829513,0.364905,9.6705923,0.070860,-0.025656,-0.124617
-2.873780,0.049053,9.582059,0.035430,-0.032987,-0.113621,-2.821138,0.375673,9.6143618,0.037874,-0.002443,-0.124617
-2.852245,0.150748,9.598808,0.056200,-0.056200,-0.091630,-2.821138,0.375673,9.6143618,0.037874,-0.002443,-0.124617
-2.975475,0.064606,9.939785,0.131947,-0.191812,0.025656,-2.815156,0.558724,10.0713902,0.052534,-0.020769,-0.084299
-3.016153,0.415155,9.859626,0.122173,-0.133169,0.102625,-2.408376,0.677169,9.8261261,0.145386,-0.136834,0.061087
-2.866601,0.516850,9.759127,0.118508,-0.129503,0.166155,-2.511267,0.851845,9.6574326,0.134390,-0.080634,0.161268
-2.315056,0.382852,9.462417,0.075747,-0.152716,0.199142,-2.511267,0.851845,9.6574326,0.134390,-0.080634,0.161268
-2.938386,0.908076,9.683753,0.040317,-0.156382,0.210138,-3.019742,0.930808,9.5365944,0.064752,-0.101404,0.199142
-3.171686,0.900898,9.659825,0.023213,-0.163712,0.205251,-1.994418,0.851845,9.5700941,0.023213,-0.106291,0.218690
-2.964707,0.655633,9.543774,-0.004887,-0.173486,0.213803,-2.311467,0.879362,9.3248301,0.020769,-0.129503,0.204029
-2.383251,0.461815,9.419346,0.012217,-0.201586,0.229685,-2.311467,0.879362,9.3248301,0.020769,-0.129503,0.204029
-1.584049,0.325424,9.692128,-0.017104,-0.206472,0.224798,-2.781656,1.214357,9.8727865,0.021991,-0.152716,0.213803
-2.793620,1.079163,9.883554,-0.037874,-0.183260,0.204029,-2.030310,0.760918,9.4911308,-0.029322,-0.140499,0.226020
-2.484946,0.588634,9.585648,-0.057421,-0.158825,0.207694,-1.679762,1.336391,10.0977116,-0.051313,-0.119730,0.193033
-1.702493,0.226122,9.623933,-0.070860,-0.140499,0.211359,-1.679762,1.336391,10.0977116,-0.051313,-0.119730,0.193033
-1.099502,0.279960,9.601201,-0.053756,-0.135612,0.240681,-1.294517,0.886541,9.7543421,-0.064752,-0.096517,0.205251
-1.324427,0.611366,9.828520,-0.017104,-0.116064,0.244346,-2.230111,1.050449,9.9254284,-0.035430,-0.080634,0.228464
-1.864009,0.367298,9.375079,-0.020769,-0.074526,0.277333,-1.511068,1.147359,9.9038925,-0.017104,-0.039095,0.244346
-1.277767,0.276371,9.578468,-0.031765,-0.059865,0.299324,-1.511068,1.147359,9.9038925,-0.017104,-0.039095,0.244346
-1.122234,0.385244,9.829715,-0.035430,-0.039095,0.318872,-1.256232,0.892523,9.8057871,-0.025656,-0.009774,0.291994
-1.456033,0.544367,9.719646,-0.058643,-0.057421,0.293215,-2.225325,0.994218,9.8775721,-0.031765,0.009774,0.295659
-1.972882,0.480957,9.735199,-0.062308,-0.052534,0.288328,-1.648655,0.836291,9.8739824,-0.072082,-0.001222,0.288328
-1.424926,0.541974,9.839287,-0.061087,-0.048869,0.285885,-1.648655,0.836291,9.8739824,-0.072082,-0.001222,0.288328
-1.616352,0.276371,9.485149,-0.057421,-0.068417,0.260229,-1.511068,0.756132,9.9062862,-0.050091,-0.003665,0.278555
-1.733600,-0.011964,9.571291,-0.136834,-0.123395,0.263894,-2.036292,0.745364,9.7100744,-0.067195,-0.031765,0.241903
-1.853241,0.199801,9.418150,-0.222355,-0.065973,0.248011,-1.764707,0.599402,9.6346998,-0.227242,-0.036652,0.243124
-1.861616,0.000000,9.229117,-0.177151,-0.034208,0.234572,-1.764707,0.599402,9.6346998,-0.227242,-0.036652,0.243124
-1.840081,-0.418744,9.332008,0.053756,-0.130725,0.140499,-1.770689,0.242872,9.3559361,-0.144164,-0.002443,0.215025
-1.670190,-0.327817,9.077173,0.422719,-0.364076,-0.059865,-2.001596,-0.114855,8.9288187,0.204029,-0.169821,0.068417
-1.596013,0.138784,9.055637,0.572992,-0.480140,-0.288328,-1.883151,0.333799,9.1154575,0.530231,-0.378736,-0.202807
-1.400998,0.696311,9.177670,0.664621,-0.494801,-0.463036,-1.883151,0.333799,9.1154575,0.530231,-0.378736,-0.202807
-1.123430,1.406980,9.388239,0.667065,-0.447153,-0.706160,-1.427319,1.201197,9.1716890,0.662178,-0.455705,-0.475253
-0.738186,2.298306,9.456435,0.549779,-0.301767,-0.924850,-1.123430,2.201397,9.6478605,0.609644,-0.359189,-0.788016
-0.821935,2.757728,9.544970,0.365297,-0.019548,-1.071458,-0.819542,3.068795,9.6418791,0.422719,-0.106291,-1.025032
-1.402194,2.642873,9.586843,0.160047,0.272446,-1.120327,-0.819542,3.068795,9.6418791,0.422719,-0.106291,-1.025032
-2.060220,2.231307,9.542577,-0.039095,0.445932,-1.127657,-1.521835,2.977868,9.6514502,0.111177,0.299324,-1.150870
-2.725425,1.773082,9.366704,-0.067195,0.481362,-1.075123,-2.362912,2.362912,9.5090771,-0.084299,0.454484,-1.145983
-3.494718,1.332802,9.129814,0.035430,0.401949,-1.020145,-3.316452,1.747957,9.1238327,0.001222,0.405614,-1.065349
-4.218546,1.210768,8.934800,0.188146,0.290772,-0.895528,-3.316452,1.747957,9.1238327,0.001222,0.405614,-1.065349
-4.604987,1.229911,8.693125,0.237016,0.155160,-0.708604,-4.186243,1.525424,8.7577314,0.196699,0.265115,-0.873537
-4.844270,1.148555,8.467003,0.211359,-0.028100,-0.665843,-4.656433,1.552942,8.3832541,0.239459,0.070860,-0.678060
-4.943572,0.959522,8.510075,0.149051,-0.279776,-0.686613,-4.932804,1.286142,8.3868437,0.164934,-0.216246,-0.681726
-4.674379,0.769292,8.726624,0.069639,-0.432493,-0.711047,-4.932804,1.286142,8.3868437,0.164934,-0.216246,-0.681726
-4.262814,0.532403,8.740981,-0.031765,-0.367741,-0.700052,-4.584648,1.028914,8.7457666,0.053756,-0.417832,-0.709825
-4.080959,0.186640,8.784052,-0.063530,-0.134390,-0.608422,-4.108477,0.665205,8.8582296,-0.051313,-0.268781,-0.671952
-4.280760,-0.297906,9.073583,-0.036652,0.116064,-0.459371,-4.043870,0.111266,8.9324074,-0.045204,0.062308,-0.522901
-4.784449,-0.369691,9.066405,0.004887,0.306654,-0.252898,-4.043870,0.111266,8.9324074,-0.045204,0.062308,-0.522901
-5.191229,-0.191426,8.554340,0.059865,0.357967,-0.067195,-4.772485,-0.068195,8.9587288,0.013439,0.349415,-0.228464
-5.353941,-0.252443,8.338987,0.087965,0.255342,-0.059865,-5.212764,0.145962,8.2205420,0.084299,0.364076,-0.047647
-5.291728,-0.497707,8.499306,0.021991,-0.010996,-0.194255,-5.330013,-0.119641,8.3988075,0.046426,0.105069,-0.166155
-5.197211,-0.702293,8.462217,-0.019548,-0.248011,-0.241903,-5.330013,-0.119641,8.3988075,0.046426,0.105069,-0.166155
-5.063213,-0.892523,8.394022,-0.012217,-0.310320,-0.228464,-5.158926,-0.483350,8.4598246,-0.019548,-0.232129,-0.241903
-4.834698,-0.653241,7.880762,-0.008552,-0.226020,-0.094073,-4.826323,-0.559921,8.1391859,0.010996,-0.250455,-0.180816
-5.017749,-0.774078,8.129615,-0.080634,-0.211359,0.119730,-4.904090,-0.504886,8.0937223,-0.062308,-0.149051,0.074526
-4.825127,-0.952343,8.431110,-0.134390,-0.356745,0.171042,-4.904090,-0.504886,8.0937223,-0.062308,-0.149051,0.074526
-4.308277,-1.014557,8.642875,-0.135612,-0.494801,0.184481,-4.742575,-0.714258,8.4634142,-0.129503,-0.329867,0.171042
-3.913461,-1.051646,9.121439,-0.144164,-0.693943,0.174707,-4.095316,-0.725025,8.8031940,-0.119730,-0.524122,0.188146
-3.370291,-1.101895,9.439686,-0.202807,-0.857655,0.199142,-3.416951,-0.776471,9.5018988,-0.184481,-0.788016,0.204029
-2.800799,-1.216750,9.644272,-0.197920,-0.777021,0.372628,-3.416951,-0.776471,9.5018988,-0.184481,-0.788016,0.204029
-2.606981,-1.417747,10.083356,-0.146608,-0.487470,0.610865,-2.656033,-0.935594,9.8117695,-0.180816,-0.675617,0.416610
-2.374876,-1.403391,9.791430,-0.118508,-0.321315,0.723264,-2.354537,-0.972682,9.8967152,-0.131947,-0.317650,0.687834
-2.391626,-1.554138,10.048658,-0.098960,-0.114843,0.755029,-2.277967,-1.168894,10.1611214,-0.091630,-0.107512,0.739147
-2.425126,-1.489532,9.811769,-0.125838,-0.003665,0.734260,-2.277967,-1.168894,10.1611214,-0.091630,-0.107512,0.739147
-2.421537,-1.283749,9.397811,-0.161268,0.015882,0.660956,-2.417947,-1.101895,9.8680000,-0.124617,0.070860,0.713491
-2.697908,-1.446461,9.682557,-0.262672,-0.007330,0.585209,-2.443072,-0.882952,9.4325066,-0.179594,0.076969,0.624304
-2.811567,-1.828116,9.834501,-0.541227,-0.177151,0.311541,-2.952743,-1.322034,10.0438738,-0.458149,-0.078191,0.371406
-2.732604,-2.437090,9.784252,-0.766025,-0.364076,0.015882,-2.952743,-1.322034,10.0438738,-0.458149,-0.078191,0.371406
-2.362912,-3.047260,9.461221,-0.745256,-0.441045,-0.035430,-2.794817,-2.183451,10.0103731,-0.780686,-0.360410,-0.048869
-2.062613,-3.504289,9.166904,-0.322537,-0.287107,0.311541,-1.990828,-2.997010,9.3164549,-0.593761,-0.350637,0.070860
-2.012364,-3.376273,8.857033,0.149051,-0.113621,0.636522,-1.762314,-3.170490,8.9120684,0.024435,-0.098960,0.548557
-2.082952,-3.050849,8.683554,0.343306,-0.042761,0.758695,-1.762314,-3.170490,8.9120684,0.024435,-0.098960,0.548557
-2.319842,-2.865405,8.853443,0.257785,-0.123395,0.693943,-2.072184,-2.708675,8.9324074,0.346971,0.030543,0.769690
-2.440679,-2.745764,8.962317,-0.081856,-0.294437,0.467923,-2.464607,-2.471786,9.2458668,0.111177,-0.136834,0.597426
-2.306681,-2.516053,8.898909,-0.532674,-0.477697,0.151495,-2.544767,-2.234896,9.4217396,-0.420275,-0.389732,0.215025
-2.013560,-2.662015,8.766106,-0.592539,-0.485027,0.037874,-2.544767,-2.234896,9.4217396,-0.420275,-0.389732,0.215025
-1.798206,-3.728018,7.702497,-0.392175,-0.326202,0.032987,-1.986043,-2.315056,8.9336033,-0.577879,-0.439823,0.018326
-1.718047,-3.661019,9.841680,0.488692,-0.081856,0.068417,-1.581656,-3.000600,8.5639124,0.298102,-0.109956,0.043982
-1.490729,-4.262814,13.813766,0.024435,-0.844216,-0.169821,-1.390230,-3.745964,14.8582325,0.284663,-0.463036,-0.091630
1.110270,-4.455436,9.034101,-1.622458,-1.706757,-0.021991,-1.390230,-3.745964,14.8582325,0.284663,-0.463036,-0.091630
1.140180,-4.348955,8.422735,-0.486249,-0.861320,0.614530,2.008775,-4.883751,9.3451691,-1.588250,-1.511281,0.048869
0.860220,-3.750750,8.141579,0.817338,-0.463036,0.894307,1.164108,-3.821338,8.0458660,0.116064,-0.535118,0.811229
0.981057,-3.527020,9.426525,1.513724,-0.375071,0.748921,0.747757,-2.872583,9.7124672,1.494176,-0.167377,0.912633
0.856631,-3.617948,11.145767,1.014036,-0.492357,0.415388,0.747757,-2.872583,9.7124672,1.494176,-0.167377,0.912633
0.679562,-3.664608,10.108479,0.554666,-0.218690,-0.008552,0.677169,-2.953940,11.6578331,0.839329,-0.410501,0.394619
0.841077,-3.443272,10.112069,0.404393,-0.106291,0.070860,0.975075,-3.263810,10.3824577,0.568105,-0.070860,-0.064752
0.508475,-3.087938,9.083155,0.118508,-0.172264,0.226020,0.720240,-2.819942,9.6849499,0.212581,-0.125838,0.185703
0.471386,-3.132205,8.405987,0.004887,-0.059865,0.153938,0.720240,-2.819942,9.6849499,0.212581,-0.125838,0.185703
-0.004786,-2.602195,7.405786,-0.388510,-0.020769,-0.111177,0.503689,-2.428715,8.5220385,0.018326,-0.002443,0.111177
0.147159,-2.973082,8.070992,-0.454484,0.015882,-0.243124,0.149551,-2.414358,7.8520479,-0.507018,0.009774,-0.278555
0.220140,-3.237489,8.695518,-0.012217,-0.167377,0.042761,0.555135,-2.873780,8.3294163,-0.152716,-0.072082,-0.087965
0.193819,-2.803192,8.798409,0.290772,-0.392175,1.001819,0.555135,-2.873780,8.3294163,-0.152716,-0.072082,-0.087965
0.133998,-2.992225,8.950354,0.366519,-0.378736,1.452638,0.754936,-2.662015,8.9359961,0.274889,-0.310320,1.154535
0.648455,-3.001796,8.256434,-0.023213,0.012217,1.519833,0.412762,-2.286342,9.1872425,0.216246,-0.169821,1.543046
0.808774,-2.918047,9.181261,0.111177,0.316428,1.557706,1.213161,-2.565106,9.4349003,0.073304,0.373850,1.529607
0.841077,-3.297310,9.576077,0.309098,0.164934,1.222952,1.213161,-2.565106,9.4349003,0.073304,0.373850,1.529607
0.876970,-2.714657,9.347562,0.335976,-0.009774,0.838107,0.725025,-2.721836,9.9972134,0.359189,0.216246,1.159422
0.711865,-0.185444,6.087341,0.481362,-0.618196,0.207694,1.607977,0.020339,18.0370979,0.078191,-0.113621,0.712269
0.349352,-2.567499,8.183454,0.455705,-0.531453,-0.561996,0.491725,-1.569692,9.2434740,0.273668,-0.392175,-0.229685
0.480957,-1.255036,10.600205,0.232129,0.311541,-1.384221,0.491725,-1.569692,9.2434740,0.273668,-0.392175,-0.229685
-0.716650,-0.734596,11.124232,0.120951,-0.183260,-0.276111,0.970290,-0.477368,11.1565361,0.117286,0.263894,-1.229061
-0.294317,0.561117,9.541381,0.252898,-0.018326,-0.526566,-0.051446,-0.491725,8.3641119,-0.234572,0.185703,-0.878424
-0.239282,-0.610170,9.903893,0.499688,-0.179594,-0.021991,-0.681954,-0.476172,10.0869446,0.564439,-0.158825,0.095295
-0.257228,-0.014357,10.078569,0.223577,-0.139277,-0.008552,-0.681954,-0.476172,10.0869446,0.564439,-0.158825,0.095295
-0.070588,-0.308674,9.871590,0.305433,-0.153938,-0.006109,-0.159123,-0.001196,10.0247307,0.144164,-0.095295,-0.012217
-0.424726,0.637687,10.053444,0.053756,-0.015882,0.009774,-0.014357,0.527617,10.3011017,0.379958,-0.084299,0.003665
-0.138784,-0.174676,9.712467,0.030543,-0.075747,0.009774,-0.125623,0.145962,9.7208414,-0.030543,-0.043982,-0.002443
-0.344566,0.041874,9.857233,0.190590,-0.128282,-0.008552,-0.125623,0.145962,9.7208414,-0.030543,-0.043982,-0.002443
-0.125623,0.141177,9.854840,-0.018326,-0.092852,0.006109,-0.065803,0.606581,10.1348009,0.201586,-0.079412,-0.003665
-0.128016,0.020339,9.872787,0.053756,-0.092852,0.002443,-0.149551,0.364905,9.9038925,-0.010996,-0.050091,-0.001222
-0.191426,0.153141,9.900304,0.040317,-0.092852,0.000000,-0.138784,0.557528,10.0498552,0.054978,-0.043982,-0.003665
-0.187837,0.123230,9.853643,0.061087,-0.081856,-0.001222,-0.138784,0.557528,10.0498552,0.054978,-0.043982,-0.003665
-0.256032,0.206979,9.911071,0.031765,-0.085521,0.003665,-0.114855,0.549153,9.8907328,0.072082,-0.036652,-0.006109
-0.220140,0.262014,9.839287,0.004887,-0.122173,0.001222,-0.155533,0.545564,9.9613209,0.023213,-0.052534,-0.002443
-0.135194,0.235693,9.920643,0.074526,-0.059865,-0.002443,-0.025125,0.504886,9.9086790,0.084299,-0.023213,-0.007330
-0.124427,0.296710,9.949356,0.024435,-0.073304,0.003665,-0.025125,0.504886,9.9086790,0.084299,-0.023213,-0.007330
0.017946,-0.016750,9.946964,0.074526,-0.080634,0.000000,-0.129212,0.731007,9.9804630,0.017104,-0.031765,0.000000
-0.187837,0.196211,9.918250,0.045204,-0.090408,-0.002443,-0.471386,0.503689,10.1970139,-0.008552,-0.061087,0.002443
-0.233300,0.265603,9.827323,0.068417,-0.063530,-0.001222,-0.173480,0.577867,9.8524475,0.052534,-0.028100,-0.006109
-0.246461,0.285942,9.938589,0.009774,-0.092852,0.001222,-0.173480,0.577867,9.8524475,0.052534,-0.028100,-0.006109
-0.242872,0.220140,9.871590,0.054978,-0.063530,-0.001222,-0.200997,0.637687,10.0187483,0.004887,-0.058643,-0.002443
-0.204586,0.233300,9.914661,0.118508,-0.036652,-0.006109,-0.340977,0.552742,10.2125664,0.001222,-0.041539,0.002443
-0.306281,0.258425,9.865608,0.065973,-0.068417,0.002443,-0.222532,0.585045,9.8775721,0.042761,-0.034208,0.001222
-0.287139,0.337388,9.775877,0.048869,-0.116064,0.004887,-0.222532,0.585045,9.8775721,0.042761,-0.034208,0.001222
-0.191426,0.362513,9.852448,0.024435,-0.089186,0.003665,-0.150748,0.731007,9.8165550,0.051313,-0.061087,0.002443
-0.289532,0.329013,9.990034,0.009774,-0.090408,0.001222,-0.181855,0.636491,9.8823576,0.021991,-0.039095,-0.002443
-0.167498,0.313460,9.869197,0.012217,-0.105069,0.003665,-0.189033,0.672383,10.0043917,0.006109,-0.063530,-0.003665
-0.271585,0.391227,9.801002,0.101404,-0.051313,0.000000,-0.189033,0.672383,10.0043917,0.006109,-0.063530,-0.003665
-0.324227,0.611366,9.753145,0.039095,-0.085521,0.001222,-0.285942,0.778864,9.8775721,0.092852,-0.017104,0.001222
-0.259621,0.349352,9.847662,0.021991,-0.080634,0.002443,-0.235693,0.652044,9.8632145,-0.009774,-0.061087,-0.001222
-0.332602,0.437887,9.911071,0.002443,-0.089186,0.002443,-0.278764,0.842274,10.0259266,0.028100,-0.034208,-0.003665
-0.331406,0.415155,9.935000,0.003665,-0.101404,0.002443,-0.278764,0.842274,10.0259266,0.028100,-0.034208,-0.003665
-0.257228,0.330210,9.879965,0.034208,-0.091630,0.002443,-0.257228,0.796810,9.9625168,-0.002443,-0.065973,-0.003665
-0.311067,0.446261,9.842876,0.059865,-0.079412,0.002443,-0.224925,0.705883,9.8512506,0.034208,-0.043982,-0.002443
-0.345763,0.482154,9.940982,0.004887,-0.109956,0.002443,-0.235693,0.819542,10.0343018,0.029322,-0.048869,-0.002443
-0.306281,0.276371,9.955338,0.015882,-0.089186,0.002443,-0.235693,0.819542,10.0343018,0.029322,-0.048869,-0.002443
-0.367298,0.723829,9.962517,0.140499,-0.030543,0.000000,-0.240479,0.640080,9.9194460,0.032987,-0.047647,-0.001222
-0.185444,0.631705,9.769895,0.090408,-0.053756,0.000000,0.258425,0.569492,9.4408817,-0.185703,-0.107512,0.008552
-0.094517,0.089731,9.688540,-0.009774,-0.112399,0.004887,-0.128016,0.470190,9.7256279,-0.069639,-0.116064,0.002443
-0.247657,0.393619,9.878769,-0.020769,-0.113621,0.003665,-0.128016,0.470190,9.7256279,-0.069639,-0.116064,0.002443
-0.193819,0.300299,9.879965,-0.002443,-0.101404,0.004887,-0.082552,0.512064,9.7471628,-0.019548,-0.074526,0.001222
-0.336192,0.381655,9.993624,0.002443,-0.095295,0.003665,-0.165105,0.727418,9.9373922,0.053756,-0.024435,-0.002443
-0.178265,0.301496,9.786645,0.035430,-0.086743,0.002443,-0.150748,0.562313,9.8261261,0.012217,-0.059865,-0.001222
-0.224925,0.297906,9.873982,0.003665,-0.098960,0.003665,-0.150748,0.562313,9.8261261,0.012217,-0.059865,-0.001222
-0.222532,0.323031,9.841680,-0.019548,-0.118508,0.003665,-0.159123,0.634098,9.9110708,0.008552,-0.057421,-0.002443
-0.222532,0.295514,9.884750,-0.021991,-0.120951,0.004887,-0.199801,0.585045,9.9493561,0.034208,-0.042761,-0.006109
-0.272782,0.360120,9.848859,0.111177,-0.026878,0.000000,-0.142373,0.613759,9.8345013,0.085521,-0.007330,-0.003665
-0.209372,0.221336,9.827323,-0.013439,-0.111177,0.003665,-0.142373,0.613759,9.8345013,0.085521,-0.007330,-0.003665
-0.233300,0.358923,9.816555,0.032987,-0.092852,0.003665,-0.163908,0.582652,9.8213406,0.019548,-0.053756,-0.002443
-0.203390,0.234497,9.873982,0.002443,-0.102625,0.006109,-0.273978,0.770489,10.0510521,0.031765,-0.030543,-0.002443
-0.264407,0.403191,9.911071,0.029322,-0.091630,0.003665,-0.260818,0.729811,9.9876413,0.037874,-0.034208,-0.003665
-0.266800,0.334995,9.834501,0.030543,-0.085521,0.002443,-0.260818,0.729811,9.9876413,0.037874,-0.034208,-0.003665
-0.275175,0.302692,9.891929,0.035430,-0.079412,0.003665,-0.234497,0.697508,9.9326067,0.028100,-0.046426,-0.002443
-0.302692,0.326620,9.913465,0.041539,-0.080634,0.002443,-0.233300,0.705883,9.9421778,0.014661,-0.053756,0.000000
-0.198604,0.215354,9.828520,0.020769,-0.096517,0.003665,-0.181855,0.567099,9.8763752,-0.003665,-0.068417,0.000000
-0.246461,0.285942,9.870394,0.008552,-0.101404,0.003665,-0.181855,0.567099,9.8763752,-0.003665,-0.068417,0.000000
-0.305085,0.401994,9.969696,0.035430,-0.078191,0.003665,-0.180658,0.640080,9.8967152,0.014661,-0.057421,0.000000
-0.174676,0.262014,9.877572,0.030543,-0.089186,0.003665,-0.184247,0.623330,9.9098749,-0.002443,-0.067195,0.000000
-0.165105,0.236889,9.862019,-0.008552,-0.113621,0.006109,-0.184247,0.623330,9.9098749,-0.002443,-0.067195,0.000000
0.058624,-0.302692,10.120443,-0.030543,-0.061087,0.000000,-0.235693,0.611366,9.9433746,-0.013439,-0.074526,-0.001222
-0.205783,0.173480,9.720841,-0.039095,-0.116064,0.004887,-0.372084,0.471386,10.1850500,0.014661,-0.026878,-0.004887
-0.291924,0.291924,9.970892,0.081856,-0.042761,-0.001222,-0.372084,0.471386,10.1850500,0.014661,-0.026878,-0.004887
-0.245264,0.244068,9.952947,-0.100182,-0.146608,0.007330,-0.275175,0.780060,10.0809622,0.080634,-0.010996,-0.004887
-0.521635,0.616152,10.072587,0.056200,-0.024435,-0.001222,-0.159123,0.204586,9.4456673,0.031765,-0.034208,-0.002443
-0.080160,0.410369,10.046266,0.085521,-0.061087,0.002443,-0.186640,0.525225,9.7208414,0.076969,-0.026878,-0.003665
-0.098106,0.149551,9.755538,0.031765,-0.095295,0.003665,-0.186640,0.525225,9.7208414,0.076969,-0.026878,-0.003665
-0.260818,0.434297,9.921840,0.003665,-0.102625,0.003665,-0.111266,0.429512,9.7543421,0.072082,-0.024435,-0.003665
-0.308674,0.567099,9.968499,0.074526,-0.061087,0.000000,-0.070588,0.552742,9.7124672,0.031765,-0.046426,-0.003665
-0.168694,0.197408,9.743573,0.062308,-0.068417,0.001222,-0.090927,0.494118,9.7340031,-0.003665,-0.068417,-0.001222
-0.145962,0.179462,9.873982,-0.007330,-0.108734,0.004887,-0.090927,0.494118,9.7340031,-0.003665,-0.068417,-0.001222
-0.265603,0.330210,9.911071,0.028100,-0.085521,0.002443,-0.086142,0.563510,9.8356981,0.013439,-0.056200,-0.001222
-0.275175,0.350549,9.918250,0.040317,-0.076969,0.001222,-0.183051,0.634098,9.9003038,0.015882,-0.051313,-0.002443
-0.270389,0.301496,9.932607,0.028100,-0.086743,0.001222,-0.229711,0.678365,9.9457674,0.024435,-0.048869,-0.003665
-0.200997,0.361316,9.857233,0.048869,-0.078191,0.000000,-0.229711,0.678365,9.9457674,0.024435,-0.048869,-0.003665
-0.236889,0.309871,9.942178,-0.006109,-0.086743,0.001222,-0.232104,0.765703,10.0103731,0.054978,-0.032987,-0.003665
-0.382852,0.472582,9.955338,0.026878,-0.081856,0.002443,-0.027517,0.855434,9.9385891,0.036652,-0.050091,-0.004887
-0.266800,0.360120,9.901500,0.048869,-0.079412,0.002443,-0.183051,0.622134,9.9038925,0.032987,-0.048869,-0.002443
-0.184247,0.229711,9.888340,0.025656,-0.090408,0.002443,-0.183051,0.622134,9.9038925,0.032987,-0.048869,-0.002443
-0.206979,0.263210,9.852448,0.013439,-0.098960,0.003665,-0.175872,0.661615,9.9517498,0.041539,-0.041539,-0.002443
-0.244068,0.303888,9.876375,0.023213,-0.091630,0.002443,-0.175872,0.636491,9.9505529,0.032987,-0.043982,-0.002443
-0.206979,0.343370,9.870394,0.031765,-0.085521,0.002443,-0.198604,0.660419,9.9098749,0.031765,-0.043982,-0.003665
-0.217747,0.303888,9.845268,0.034208,-0.085521,0.001222,-0.198604,0.660419,9.9098749,0.031765,-0.043982,-0.003665
-0.212961,0.293121,9.821341,0.007330,-0.098960,0.003665,-0.184247,0.695115,9.9003038,0.036652,-0.042761,-0.002443
-0.266800,0.346959,9.842876,0.030543,-0.081856,0.003665,-0.171087,0.634098,9.8859463,0.026878,-0.040317,-0.003665
-0.232104,0.311067,9.854840,0.034208,-0.078191,0.001222,-0.184247,0.653241,9.8847504,0.030543,-0.040317,-0.002443
-0.229711,0.293121,9.876375,0.025656,-0.084299,0.002443,-0.184247,0.653241,9.8847504,0.030543,-0.040317,-0.002443
-0.251246,0.312263,9.876375,0.024435,-0.085521,0.002443,-0.196211,0.673580,9.9158564,0.029322,-0.041539,-0.002443
-0.247657,0.321835,9.853643,0.026878,-0.084299,0.002443,-0.209372,0.662812,9.9493561,0.026878,-0.042761,-0.002443
-0.259621,0.319442,9.906286,0.028100,-0.081856,0.002443,-0.211765,0.675972,9.9553385,0.028100,-0.041539,-0.003665
-0.273978,0.309871,9.926625,0.028100,-0.084299,0.002443,-0.211765,0.675972,9.9553385,0.028100,-0.041539,-0.003665
-0.282353,0.301496,9.964911,0.023213,-0.090408,0.002443,-0.256032,0.703490,10.0259266,0.029322,-0.042761,-0.003665
-0.260818,0.300299,9.900304,0.020769,-0.096517,0.003665,-0.271585,0.703490,10.0163555,0.032987,-0.047647,-0.002443
-0.287139,0.331406,9.877572,0.024435,-0.091630,0.002443,-0.251246,0.693919,9.9445715,0.030543,-0.047647,-0.003665
-0.258425,0.291924,9.803394,0.028100,-0.089186,0.002443,-0.251246,0.693919,9.9445715,0.030543,-0.047647,-0.003665
-0.266800,0.308674,9.833304,0.024435,-0.087965,0.002443,-0.223729,0.685544,9.8787689,0.029322,-0.046426,-0.002443
-0.248854,0.350549,9.835698,0.025656,-0.091630,0.002443,-0.253639,0.683151,9.9888382,0.025656,-0.047647,-0.002443
-0.259621,0.318245,9.835698,0.030543,-0.078191,0.001222,-0.192622,0.626920,9.8356981,0.028100,-0.046426,-0.002443
-0.215354,0.325424,9.960124,0.020769,-0.086743,0.002443,-0.192622,0.626920,9.8356981,0.028100,-0.046426,-0.002443
-0.295514,0.385244,9.932607,0.029322,-0.085521,0.001222,-0.156730,0.746561,9.9852486,0.026878,-0.048869,-0.002443
-0.212961,0.279960,9.877572,0.029322,-0.086743,0.002443,-0.206979,0.726222,9.9744816,0.012217,-0.058643,-0.002443
-0.254836,0.312263,9.856036,0.019548,-0.091630,0.002443,-0.236889,0.719043,9.9290180,0.026878,-0.048869,-0.002443
-0.290728,0.333799,9.897911,0.023213,-0.089186,0.002443,-0.236889,0.719043,9.9290180,0.026878,-0.048869,-0.002443
-0.271585,0.299103,9.974482,0.020769,-0.090408,0.002443,-0.248854,0.697508,9.9433746,0.021991,-0.050091,-0.003665
-0.257228,0.289532,9.906286,0.026878,-0.090408,0.002443,-0.226122,0.669990,10.0019979,0.026878,-0.047647,-0.002443
-0.254836,0.290728,9.902697,0.025656,-0.087965,0.003665,-0.218943,0.671187,9.9601240,0.026878,-0.047647,-0.002443
-0.299103,0.344566,9.906286,0.026878,-0.089186,0.002443,-0.218943,0.671187,9.9601240,0.026878,-0.047647,-0.002443
-0.297906,0.331406,9.943375,0.025656,-0.090408,0.002443,-0.242872,0.713061,9.9373922,0.025656,-0.051313,-0.002443
-0.235693,0.299103,9.839287,0.025656,-0.094073,0.002443,-0.233300,0.698704,10.0151596,0.023213,-0.054978,-0.002443
-0.238086,0.295514,9.900304,0.020769,-0.092852,0.003665,-0.210568,0.699901,9.9828568,0.024435,-0.050091,-0.002443
-0.262014,0.346959,9.844072,0.026878,-0.087965,0.001222,-0.210568,0.699901,9.9828568,0.024435,-0.050091,-0.002443
-0.312263,0.363709,9.911071,0.031765,-0.085521,0.002443,-0.204586,0.705883,9.9014997,0.025656,-0.047647,-0.002443
-0.262014,0.348156,9.838090,0.035430,-0.084299,0.002443,-0.222532,0.687937,9.9110708,0.018326,-0.054978,-0.002443
-0.203390,0.289532,9.853643,0.025656,-0.090408,0.002443,-0.180658,0.668794,9.9302139,0.017104,-0.053756,-0.001222
-0.229711,0.308674,9.845268,0.021991,-0.090408,0.002443,-0.180658,0.668794,9.9302139,0.017104,-0.053756,-0.001222
-0.254836,0.318245,9.908679,0.023213,-0.089186,0.002443,-0.204586,0.667598,9.9062862,0.024435,-0.047647,-0.002443
-0.284746,0.349352,9.850055,0.025656,-0.087965,0.002443,-0.224925,0.671187,9.9385891,0.028100,-0.046426,-0.003665
-0.254836,0.406780,9.851251,0.029322,-0.091630,0.002443,-0.265603,0.703490,9.9924278,0.025656,-0.050091,-0.002443
-0.204586,0.329013,9.821341,0.031765,-0.087965,0.002443,-0.265603,0.703490,9.9924278,0.025656,-0.050091,-0.002443
-0.209372,0.351745,9.952947,0.014661,-0.095295,0.004887,-0.267996,0.763310,9.9194460,0.032987,-0.042761,-0.003665
-0.252443,0.380459,9.888340,0.030543,-0.089186,0.003665,-0.204586,0.705883,9.9565353,0.031765,-0.045204,-0.001222
-0.283549,0.382852,9.846465,0.040317,-0.083078,0.003665,-0.198604,0.686740,9.9182501,0.035430,-0.043982,0.000000
-0.226122,0.299103,9.823733,0.023213,-0.090408,0.004887,-0.198604,0.686740,9.9182501,0.035430,-0.043982,0.000000
-0.208176,0.269193,9.878769,0.024435,-0.089186,0.004887,-0.174676,0.684347,9.8548403,0.031765,-0.048869,0.001222
-0.235693,0.296710,9.851251,0.026878,-0.086743,0.004887,-0.174676,0.648455,9.9469643,0.031765,-0.043982,0.000000
-0.270389,0.312263,9.834501,0.028100,-0.083078,0.003665,-0.224925,0.696311,9.8811607,0.029322,-0.043982,-0.002443
-0.252443,0.327817,9.824929,0.026878,-0.086743,0.003665,-0.224925,0.696311,9.8811607,0.029322,-0.043982,-0.002443
-0.169890,0.226122,9.907482,0.019548,-0.087965,0.003665,-0.217747,0.710668,9.9254284,0.028100,-0.043982,-0.001222
-0.264407,0.344566,9.862019,0.020769,-0.086743,0.003665,-0.217747,0.699901,9.9206429,0.035430,-0.037874,-0.002443
-0.238086,0.330210,9.930214,0.031765,-0.078191,0.003665,-0.180658,0.675972,9.8883400,0.030543,-0.037874,-0.002443
-0.303888,0.356531,9.889536,0.037874,-0.075747,0.002443,-0.180658,0.675972,9.8883400,0.030543,-0.037874,-0.002443
-0.356531,0.362513,9.962517,0.026878,-0.079412,0.002443,-0.283549,0.757328,10.0091782,0.032987,-0.039095,-0.002443
-0.180658,0.223729,9.775877,0.009774,-0.091630,0.004887,-0.258425,0.647258,9.9170542,0.001222,-0.059865,0.000000
-0.206979,0.195015,9.930214,-0.006109,-0.098960,0.004887,-0.178265,0.716650,9.9984093,-0.007330,-0.063530,0.000000
-0.296710,0.367298,9.964911,0.051313,-0.063530,0.003665,-0.178265,0.716650,9.9984093,-0.007330,-0.063530,0.000000
-0.271585,0.360120,9.857233,0.059865,-0.061087,0.002443,-0.272782,0.802792,10.0283194,0.046426,-0.026878,-0.002443
-0.203390,0.199801,9.739985,-0.007330,-0.105069,0.006109,-0.327817,0.896112,10.0965147,0.029322,-0.040317,-0.002443
-0.334995,0.336192,9.912268,-0.040317,-0.125838,0.006109,-0.441476,0.955933,10.2305136,0.013439,-0.051313,-0.001222
-0.282353,0.372084,9.961321,0.024435,-0.087965,0.003665,-0.441476,0.955933,10.2305136,0.013439,-0.051313,-0.001222
-0.142373,-0.027517,10.102497,0.109956,-0.041539,-0.004887,-0.235693,0.731007,9.9984093,0.015882,-0.053756,-0.001222
-0.386441,0.053839,9.854840,0.030543,-0.063530,0.004887,-0.544367,1.134198,10.3346014,-0.054978,-0.105069,0.004887
-0.171087,-0.778864,9.680164,0.056200,-0.065973,0.015882,-0.308674,0.630509,9.9780712,-0.012217,-0.039095,-0.002443
-0.457029,0.251246,9.908679,-0.158825,-0.190590,0.013439,-0.308674,0.630509,9.9780712,-0.012217,-0.039095,-0.002443
-0.077767,0.059821,9.796216,0.023213,-0.103847,0.006109,0.068195,0.197408,9.5294161,-0.160047,-0.156382,0.008552
-0.342174,0.348156,10.054641,0.111177,-0.046426,0.002443,-0.345763,0.503689,9.7890377,0.114843,-0.035430,-0.001222
-0.241675,0.269193,9.890733,0.041539,-0.084299,0.002443,-0.205783,0.613759,9.8297148,0.019548,-0.047647,-0.001222
-0.257228,0.289532,9.809377,0.003665,-0.098960,0.004887,-0.205783,0.613759,9.8297148,0.019548,-0.047647,-0.001222
-0.306281,0.368495,9.818948,0.010996,-0.098960,0.003665,-0.228515,0.637687,9.7663059,0.021991,-0.050091,-0.002443
-0.238086,0.368495,9.853643,0.017104,-0.097738,0.002443,-0.184247,0.628116,9.9003038,0.021991,-0.052534,-0.002443
-0.368495,0.313460,9.929018,0.026878,-0.076969,0.001222,-0.250050,0.746561,9.9469643,0.034208,-0.040317,-0.003665
-0.364905,0.227318,9.980463,0.024435,-0.078191,0.001222,-0.250050,0.746561,9.9469643,0.034208,-0.040317,-0.003665
-0.394816,0.364905,9.937392,0.057421,-0.064752,0.001222,-0.287139,0.751346,9.9541426,0.054978,-0.036652,-0.003665
-0.326620,0.467797,9.932607,0.037874,-0.083078,0.002443,-0.326620,0.848256,10.0067844,0.063530,-0.037874,-0.002443
-0.228515,0.349352,9.791430,0.032987,-0.092852,0.003665,-0.315853,0.777667,9.9134645,0.001222,-0.059865,-0.002443
-0.313460,0.360120,9.869197,0.009774,-0.089186,0.002443,-0.315853,0.777667,9.9134645,0.001222,-0.059865,-0.002443
-0.224925,0.235693,9.805787,0.014661,-0.089186,0.002443,-0.291924,0.765703,9.9218397,0.010996,-0.050091,-0.002443
-0.318245,0.428315,9.781858,0.017104,-0.094073,0.002443,-0.346959,0.775275,9.9074821,0.032987,-0.032987,-0.006109
-0.309871,0.373280,9.872787,0.052534,-0.064752,0.000000,-0.305085,0.729811,9.8799648,0.053756,-0.024435,-0.004887
-0.334995,0.348156,9.905089,0.030543,-0.080634,0.002443,-0.305085,0.729811,9.8799648,0.053756,-0.024435,-0.004887
-0.378066,0.360120,9.894321,0.034208,-0.078191,0.001222,-0.319442,0.742971,9.9577312,0.032987,-0.039095,-0.003665
-0.388834,0.387637,9.901500,0.028100,-0.084299,0.002443,-0.374477,0.769292,9.9840527,0.032987,-0.037874,-0.003665
-0.381655,0.381655,9.926625,0.030543,-0.086743,0.002443,-0.387637,0.763310,9.9780712,0.025656,-0.046426,-0.002443
-0.087338,1.374677,9.962517,0.042761,-0.151495,0.105069,-0.387637,0.763310,9.9780712,0.025656,-0.046426,-0.002443
-0.105284,-0.014357,9.658628,0.160047,-0.020769,-0.004887,-0.379262,1.552942,10.4087782,-0.163712,-0.123395,-0.031765
-0.234497,0.187837,9.803394,-0.134390,-0.182038,0.015882,-0.673580,1.213161,10.4626169,0.185703,0.042761,-0.008552
-0.559921,1.848456,10.417153,-0.046426,-0.103847,0.018326,-0.425922,0.972682,10.0845509,0.138056,0.012217,-0.003665
-0.015553,0.338584,9.622736,0.074526,-0.103847,-0.004887,-0.425922,0.972682,10.0845509,0.138056,0.012217,-0.003665
-0.521635,0.634098,10.000803,0.092852,-0.052534,-0.001222,-0.227318,0.861416,9.9314098,0.076969,0.008552,-0.004887
-0.279960,0.275175,9.929018,-0.109956,-0.162490,0.006109,-0.334995,1.225125,10.1946211,0.043982,-0.047647,-0.009774
-0.435494,0.437887,9.998409,0.062308,-0.059865,-0.001222,-0.256032,0.774078,9.9661064,0.062308,-0.026878,-0.004887
-0.245264,0.410369,9.929018,0.162490,0.004887,-0.012217,-0.256032,0.774078,9.9661064,0.062308,-0.026878,-0.004887
-0.484547,-0.113659,9.632308,-0.074526,-0.199142,0.010996,-0.417548,1.195215,10.2364950,0.156382,0.042761,-0.009774
-0.417548,0.416351,9.931410,0.067195,-0.061087,0.000000,0.203390,0.940379,9.7543421,0.040317,-0.045204,-0.007330
-0.325424,0.297906,9.832108,-0.047647,-0.141721,0.007330,-0.399601,0.926022,10.1587286,0.014661,-0.067195,0.000000
-0.410369,0.010768,9.882358,0.119730,-0.014661,0.004887,-0.399601,0.926022,10.1587286,0.014661,-0.067195,0.000000
-0.599402,0.502493,9.987641,0.046426,-0.073304,-0.001222,-0.169890,0.729811,9.8321085,0.169821,0.037874,-0.002443
-0.236889,-0.061017,9.881161,-0.074526,-0.145386,-0.001222,-0.576670,0.784846,10.2269239,-0.078191,-0.089186,-0.002443
-0.064606,-0.007178,9.791430,-0.034208,-0.111177,0.006109,-0.056231,0.905683,9.7627172,0.007330,-0.098960,0.001222
-0.565903,0.449851,10.073783,0.032987,-0.075747,0.006109,-0.056231,0.905683,9.7627172,0.007330,-0.098960,0.001222
-0.247657,0.217747,9.828520,-0.002443,-0.105069,0.003665,-0.387637,0.943969,10.0654078,0.026878,-0.056200,0.002443
-0.273978,0.273978,9.814162,0.045204,-0.070860,0.000000,-0.301496,0.859023,10.0905333,0.054978,-0.034208,-0.007330
-0.296710,0.287139,9.894321,0.072082,-0.039095,0.003665,-0.230907,0.879362,9.9433746,0.076969,-0.008552,-0.001222
-0.403191,0.470190,9.803394,-0.094073,-0.179594,0.009774,-0.230907,0.879362,9.9433746,0.076969,-0.008552,-0.001222
-0.490529,0.482154,9.974482,0.052534,-0.069639,-0.001222,-0.279960,0.513260,9.6945219,-0.105069,-0.142942,0.003665
-0.376870,0.510868,9.860823,0.037874,-0.078191,0.001222,-0.202194,0.631705,9.7926273,0.057421,-0.030543,0.002443
-0.305085,0.388834,9.839287,-0.004887,-0.107512,0.004887,-0.277567,0.715454,9.9397850,-0.001222,-0.065973,0.001222
-0.378066,0.358923,9.869197,0.114843,-0.026878,0.001222,-0.277567,0.715454,9.9397850,-0.001222,-0.065973,0.001222
-0.540778,0.269193,9.981660,-0.080634,-0.116064,0.015882,-0.378066,1.043271,10.1754789,0.102625,0.002443,-0.007330
-0.441476,0.612563,9.944571,0.019548,-0.111177,0.046426,-0.180658,0.667598,9.7986088,0.035430,-0.034208,0.004887
-0.124427,0.157926,9.729217,-0.095295,-0.207694,0.021991,-0.528814,0.602991,10.0522490,-0.094073,-0.150273,0.021991
-0.429512,0.117248,10.017551,0.067195,-0.065973,-0.003665,-0.528814,0.602991,10.0522490,-0.094073,-0.150273,0.021991
-0.342174,0.458226,9.872787,0.013439,-0.105069,0.007330,-0.342174,0.580260,9.9840527,0.100182,-0.058643,-0.010996
-0.002393,0.530010,9.553344,-0.053756,-0.193033,0.000000,-0.476172,0.563510,10.0414801,-0.069639,-0.031765,0.019548
-0.443869,0.235693,10.033106,0.053756,-0.032987,-0.004887,-0.014357,0.784846,9.7591267,0.030543,-0.021991,-0.006109
-0.258425,0.299103,9.944571,0.036652,-0.067195,0.006109,-0.014357,0.784846,9.7591267,0.030543,-0.021991,-0.006109
0.092124,0.780060,10.005588,-0.131947,0.131947,0.012217,-0.285942,0.794417,9.9457674,0.039095,-0.028100,0.000000
-1.002593,-0.206979,9.821341,-0.301767,0.205251,-0.045204,-0.610170,0.610170,9.7411814,-0.361632,0.287107,-0.018326
-0.503689,-0.465404,9.395419,-0.025656,-0.338419,-0.058643,-0.541974,-0.345763,9.9457674,-0.133169,-0.291994,-0.035430
-0.916451,-0.558724,9.464810,0.718378,-0.095295,0.012217,-0.541974,-0.345763,9.9457674,-0.133169,-0.291994,-0.035430
-1.282553,1.530210,9.775877,-0.144164,-0.278555,0.036652,-0.960718,0.037089,9.2518482,0.946841,-0.142942,0.030543
-1.118644,-0.287139,9.793823,0.204029,0.040317,0.008552,0.100499,-0.020339,9.1872425,-0.235794,-0.127060,0.004887
-0.340977,0.302692,9.294920,0.012217,-0.101404,0.013439,-0.838684,0.808774,10.4410810,-0.194255,0.010996,-0.034208
-0.588634,0.368495,9.952947,-0.042761,-0.083078,0.001222,-0.838684,0.808774,10.4410810,-0.194255,0.010996,-0.034208
-0.269193,0.526421,9.924232,0.028100,-0.120951,0.003665,-0.364905,0.652044,9.7698946,-0.023213,-0.073304,-0.003665
-0.279960,0.334995,9.845268,0.043982,-0.076969,0.003665,-0.159123,0.802792,9.9134645,0.035430,-0.072082,0.002443
-0.369691,0.401994,9.829715,0.039095,0.001222,0.008552,-0.130409,0.848256,9.8656082,0.035430,0.002443,-0.001222
-0.302692,0.155533,9.967302,0.045204,-0.107512,0.004887,-0.130409,0.848256,9.8656082,0.035430,0.002443,-0.001222
-0.447458,0.289532,10.009178,-0.015882,-0.087965,0.000000,-0.297906,0.668794,9.8787689,0.078191,-0.069639,0.009774
-0.228515,0.538385,9.530612,-0.065973,0.052534,-0.006109,-0.227318,0.994218,9.7651091,0.031765,-0.112399,-0.007330
-0.245264,0.307478,9.897911,-0.087965,-0.052534,0.003665,0.351745,0.978664,10.5367937,0.008552,-0.195477,0.006109
-0.082552,0.227318,10.013963,0.024435,-0.108734,-0.002443,0.351745,0.978664,10.5367937,0.008552,-0.195477,0.006109
-0.294317,0.640080,9.846465,0.032987,-0.076969,0.001222,-0.339781,0.735793,10.0534439,0.042761,-0.034208,-0.001222
-0.254836,0.160319,9.804591,0.086743,-0.053756,0.003665,-0.351745,0.455833,9.7160568,-0.021991,-0.074526,0.000000
-0.467797,0.379262,9.966106,0.050091,-0.144164,0.006109,-0.735793,0.708275,10.0019979,0.036652,0.001222,-0.006109
-0.744168,0.391227,10.064212,-0.024435,-0.096517,0.001222,-0.735793,0.708275,10.0019979,0.036652,0.001222,-0.006109
-0.375673,0.342174,9.856036,-0.034208,-0.058643,-0.002443,-0.813560,0.826720,9.7124672,0.020769,-0.053756,-0.009774
-0.539581,0.397209,10.192227,0.051313,-0.139277,0.003665,-0.198604,0.781257,9.8608227,0.070860,-0.059865,0.000000
-0.250050,0.404387,9.818948,-0.010996,-0.059865,0.002443,-0.041874,0.650848,10.1264257,0.040317,-0.112399,0.001222
-0.209372,0.597009,9.737592,-0.075747,-0.052534,-0.012217,-0.041874,0.650848,10.1264257,0.040317,-0.112399,0.001222
-0.507278,0.375673,10.882558,-0.009774,0.068417,0.008552,-0.597009,0.056231,9.3726864,-0.047647,-0.059865,-0.014661
-0.664008,-0.114855,9.926625,-0.141721,-0.002443,-0.002443,-0.076570,0.891326,10.6684008,0.012217,-0.167377,0.003665
0.516850,0.565903,11.794223,0.217468,-0.223577,0.003665,-0.664008,0.010768,9.2135639,0.206472,-0.208916,0.014661
-0.509671,0.189033,10.095320,-0.130725,-0.123395,0.006109,-0.664008,0.010768,9.2135639,0.206472,-0.208916,0.014661
-0.591027,0.239282,10.296315,0.053756,-0.006109,-0.001222,-0.141177,0.604188,9.8165550,-0.073304,-0.081856,-0.006109
0.052642,0.412762,9.482756,-0.019548,-0.059865,0.004887,-0.112463,1.037289,9.8345013,-0.014661,-0.095295,0.003665
-0.693919,0.178265,10.055838,-0.013439,-0.040317,0.002443,0.003589,1.111466,9.9517498,0.084299,-0.028100,-0.007330
-0.082552,0.531207,9.717253,0.010996,-0.097738,0.001222,0.003589,1.111466,9.9517498,0.084299,-0.028100,-0.007330
-0.337388,0.059821,9.909875,0.021991,-0.116064,0.003665,-0.363709,0.500100,9.8596258,-0.004887,-0.046426,0.000000
-0.179462,0.257228,9.881161,-0.023213,-0.109956,0.002443,-0.275175,0.626920,9.9625168,0.010996,-0.040317,-0.003665
0.031107,0.669990,9.538987,0.182038,-0.020769,-0.001222,-0.063410,0.368495,9.5760765,0.118508,-0.045204,0.001222
-0.244068,0.277567,9.894321,-0.032987,-0.127060,0.004887,-0.063410,0.368495,9.5760765,0.118508,-0.045204,0.001222
-0.321835,0.358923,9.902697,0.041539,-0.076969,0.000000,-0.138784,0.557528,9.8440723,-0.009774,-0.073304,-0.001222
-0.143569,0.229711,9.838090,0.004887,-0.102625,0.004887,-0.193819,0.739382,9.9888382,0.007330,-0.065973,-0.001222
-0.271585,0.415155,9.927821,0.026878,-0.087965,0.001222,-0.311067,0.704686,9.9996061,0.046426,-0.035430,-0.003665
-0.289532,0.346959,9.870394,0.048869,-0.069639,0.000000,-0.311067,0.704686,9.9996061,0.046426,-0.035430,-0.003665
-0.189033,0.234497,9.786645,0.019548,-0.092852,0.001222,-0.284746,0.722632,9.9625168,0.045204,-0.034208,-0.003665
-0.287139,0.288335,9.884750,0.008552,-0.096517,0.002443,-0.235693,0.715454,9.9613209,0.042761,-0.037874,-0.003665
-0.282353,0.352941,9.895518,0.029322,-0.086743,0.002443,-0.230907,0.655633,9.9732847,0.036652,-0.039095,-0.004887
-0.173480,0.381655,9.798609,0.061087,-0.080634,0.001222,-0.230907,0.655633,9.9732847,0.036652,-0.039095,-0.004887
-0.166301,0.075374,9.955338,0.084299,-0.028100,-0.002443,-0.416351,0.806381,10.1922274,0.031765,-0.043982,-0.002443
0.640080,1.579263,9.695717,0.211359,-0.083078,0.114843,-0.340977,-0.643669,7.0767732,0.235794,0.111177,-0.012217
0.008375,0.156730,9.757931,-0.087965,-0.175929,0.009774,-0.535992,0.535992,9.8404837,-0.171042,-0.167377,-0.008552
-0.510868,1.038485,9.829715,0.058643,-0.091630,-0.001222,-0.535992,0.535992,9.8404837,-0.171042,-0.167377,-0.008552
-0.503689,0.686740,10.112069,0.188146,0.020769,-0.003665,-0.345763,0.783650,10.0055876,-0.045204,-0.081856,-0.009774
0.072981,-0.072981,9.412168,-0.200364,-0.206472,0.014661,-0.506082,1.357927,10.3944216,-0.229685,-0.163712,0.002443
-0.168694,0.168694,9.897911,0.014661,-0.097738,-0.007330,-0.385244,0.660419,10.1084785,0.021991,-0.041539,-0.013439
-0.503689,0.586242,9.840484,0.096517,-0.053756,-0.008552,-0.385244,0.660419,10.1084785,0.021991,-0.041539,-0.013439
-0.168694,0.197408,9.761520,0.032987,-0.083078,0.000000,-0.352941,0.932004,10.1647100,0.054978,-0.034208,-0.007330
-0.066999,-0.683151,9.505488,-0.340863,-0.221133,-0.034208,-0.955933,2.572284,13.8029976,0.173486,-0.037874,-0.113621
-0.367298,-0.868595,9.377472,0.111177,-0.075747,-0.024435,-0.220140,-0.190229,9.3140621,-0.109956,0.007330,-0.012217
-0.971486,0.842274,11.304890,0.056200,0.136834,-0.031765,-0.220140,-0.190229,9.3140621,-0.109956,0.007330,-0.012217
-0.557528,0.179462,10.515260,-0.213803,-0.172264,-0.003665,-1.598405,0.918844,10.8885403,0.064752,-0.014661,-0.051313
-0.378066,-0.087338,9.863214,0.315206,-0.042761,-0.014661,0.209372,0.102891,9.5593271,-0.109956,-0.112399,0.001222
0.342174,0.338584,10.149158,-0.224798,-0.244346,0.039095,-0.242872,0.999003,10.3657084,0.021991,-0.089186,-0.001222
-0.163908,-0.957129,9.635897,0.184481,0.079412,-0.024435,-0.242872,0.999003,10.3657084,0.021991,-0.089186,-0.001222
-0.212961,0.501296,9.729217,-0.135612,-0.194255,0.007330,-0.143569,0.600598,10.9998055,0.487470,0.119730,-0.017104
-1.496711,0.807578,11.197213,-0.291994,-0.252898,-0.068417,0.587438,-2.038685,8.5710907,0.073304,-0.003665,0.039095
0.281157,0.646062,9.926625,0.382402,0.065973,-0.024435,-0.257228,-0.291924,9.6012011,0.313985,0.083078,-0.007330
-0.679562,-0.882952,10.012767,0.202807,0.013439,0.025656,-0.257228,-0.291924,9.6012011,0.313985,0.083078,-0.007330
0.798006,-0.837488,8.738589,-0.261450,-0.265115,0.015882,0.640080,1.947758,12.8207445,0.778242,0.295659,0.122173
0.186640,-0.320638,10.003196,0.332311,0.136834,0.063530,0.116052,0.547956,9.8428764,0.282220,0.076969,-0.009774
-0.762114,-0.490529,9.364311,-0.229685,-0.276111,-0.012217,-0.375673,0.669990,10.4386883,-0.445932,-0.175929,-0.045204
-0.102891,1.641476,10.317852,0.084299,-0.003665,0.018326,-0.375673,0.669990,10.4386883,-0.445932,-0.175929,-0.045204
0.186640,0.015553,9.560523,0.069639,-0.095295,0.001222,-1.732404,0.218943,10.3585291,-0.073304,-0.046426,-0.015882
0.562313,-0.449851,9.200403,-0.161268,-0.202807,0.001222,-0.896112,1.008575,10.6229362,-0.168599,-0.127060,-0.007330
-0.227318,-0.038285,9.842876,-0.090408,-0.135612,0.006109,-0.035892,1.294517,10.4279222,0.048869,-0.009774,-0.002443
-0.205783,-0.098106,9.846465,-0.109956,-0.113621,0.000000,-0.035892,1.294517,10.4279222,0.048869,-0.009774,-0.002443
-0.061017,0.320638,10.045070,0.105069,-0.120951,-0.003665,0.114855,0.087338,10.0043917,-0.151495,-0.087965,-0.023213
0.150748,0.183051,9.519845,0.100182,-0.070860,-0.008552,-0.014357,0.116052,9.8584299,0.070860,-0.045204,-0.008552
-0.518046,1.825724,11.860025,0.031765,-0.081856,0.002443,-0.125623,0.667598,10.1132650,0.072082,-0.009774,-0.006109
0.051446,-0.722632,9.775877,0.068417,-0.117286,-0.010996,-0.125623,0.667598,10.1132650,0.072082,-0.009774,-0.006109
-0.171087,0.744168,9.999606,0.107512,-0.079412,-0.006109,0.179462,-0.293121,9.1597242,0.174707,-0.075747,-0.010996
-0.057428,-0.090927,10.648062,-0.054978,-0.178373,-0.056200,0.039482,0.492921,9.9026966,-0.042761,-0.108734,0.001222
-0.221336,0.460618,10.086945,0.230907,0.040317,-0.010996,-0.069392,0.635294,10.1348009,0.312763,0.078191,-0.003665
0.208176,-0.056231,9.055637,-0.019548,-0.113621,0.002443,-0.069392,0.635294,10.1348009,0.312763,0.078191,-0.003665
0.561117,-0.271585,9.250652,-0.293215,-0.218690,0.029322,-0.157926,0.544367,7.9645104,-0.123395,-0.008552,0.101404
0.264407,2.830709,8.346166,0.458149,0.152716,0.036652,-0.077767,-0.873380,8.9300146,0.263894,0.073304,-0.042761
0.278764,-0.599402,9.711270,-0.144164,-0.241903,0.002443,-0.334995,0.053839,10.0857468,-0.238237,-0.139277,0.029322
-0.390030,0.801596,10.035498,0.040317,-0.081856,-0.002443,-0.334995,0.053839,10.0857468,-0.238237,-0.139277,0.029322
0.605384,0.429512,9.932607,0.091630,-0.068417,0.116064,-0.090927,0.704686,10.0845509,-0.068417,-0.105069,0.000000
-0.222532,0.634098,9.848859,0.155160,-0.019548,-0.002443,0.171087,-0.005982,9.5054884,0.163712,0.032987,-0.021991
-0.218943,0.021535,9.838090,0.235794,0.068417,-0.012217,0.720240,-0.172283,8.9910316,0.023213,-0.078191,0.004887
0.425922,-0.464208,9.479167,-0.014661,-0.146608,0.009774,0.720240,-0.172283,8.9910316,0.023213,-0.078191,0.004887
-0.309871,0.429512,10.124033,-0.251676,-0.205251,-0.006109,0.600598,-0.364905,8.8031940,0.119730,0.004887,-0.001222
-0.631705,1.183251,10.204191,0.086743,-0.057421,-0.001222,0.830309,-0.287139,8.8809605,0.128282,-0.028100,-0.004887
-0.366102,0.671187,10.114462,0.271224,0.054978,-0.010996,0.299103,-0.144766,9.3571329,0.180816,0.043982,-0.008552
0.342174,-0.532403,9.395419,-0.031765,-0.114843,0.008552,0.299103,-0.144766,9.3571329,0.180816,0.043982,-0.008552
-0.111266,0.940379,9.979266,-0.112399,-0.157603,0.007330,0.166301,0.045464,9.4624166,0.101404,-0.001222,-0.004887
-0.058624,0.196211,9.750751,0.161268,0.007330,-0.003665,0.294317,0.318245,9.5054884,-0.136834,-0.153938,0.020769
0.045464,-0.032303,9.753145,-0.062308,-0.145386,0.009774,-0.108873,0.638884,10.0295162,-0.065973,-0.105069,0.002443
-0.022732,-0.776471,10.407582,-0.287107,0.119730,0.031765,-0.108873,0.638884,10.0295162,-0.065973,-0.105069,0.002443
-0.043071,-1.337588,9.584451,0.105069,-0.017104,0.004887,-1.149751,-0.531207,10.2843523,-0.100182,0.078191,-0.021991
-1.652244,-0.546760,12.252448,-0.007330,0.190590,-0.091630,-0.195015,-0.016750,9.7794666,0.572992,-0.098960,0.003665
0.180658,-0.100499,9.433703,0.064752,-0.131947,0.010996,-0.171087,-0.059821,9.8608227,-0.208916,-0.078191,-0.028100
-0.101695,0.063410,9.964911,-0.021991,-0.125838,0.006109,-0.171087,-0.059821,9.8608227,-0.208916,-0.078191,-0.028100
0.021535,1.568495,9.711270,-0.180816,-0.155160,0.009774,0.424726,-0.585045,7.9968133,0.012217,-0.067195,-0.003665
0.055035,0.320638,10.033106,0.191812,0.007330,-0.006109,0.272782,0.273978,9.5700941,-0.163712,-0.223577,0.031765
-0.717847,0.223729,10.484154,0.047647,-0.045204,-0.006109,0.674776,-0.047856,10.0163555,0.086743,-0.047647,0.032987
-0.236889,0.442672,10.320245,0.028100,-0.094073,-0.008552,0.674776,-0.047856,10.0163555,0.086743,-0.047647,0.032987
-0.458226,0.139980,9.984053,-0.130725,-0.184481,-0.001222,-0.598206,0.588634,10.1312122,-0.124617,-0.139277,-0.004887
-0.410369,0.358923,10.229317,-0.090408,-0.133169,0.002443,-0.362513,0.746561,10.2987089,-0.089186,-0.094073,-0.004887
-0.214158,0.388834,9.974482,0.105069,-0.037874,0.000000,-0.362513,0.746561,10.2987089,-0.089186,-0.094073,-0.004887
-0.033500,0.088534,9.809377,0.042761,-0.076969,0.003665,-0.253639,0.815953,10.2113714,0.047647,-0.030543,-0.002443
0.050249,0.181855,9.753145,0.020769,-0.103847,0.003665,-0.161516,0.707079,10.0474625,0.032987,-0.039095,-0.001222
-0.057428,0.215354,9.841680,0.021991,-0.090408,0.003665,-0.171087,0.530010,9.9565353,0.008552,-0.045204,-0.002443
-0.199801,0.216550,9.817752,-0.059865,-0.135612,0.007330,-0.171087,0.530010,9.9565353,0.008552,-0.045204,-0.002443
-0.273978,0.393619,10.090533,0.003665,-0.106291,0.003665,0.001196,0.448654,9.7304134,-0.054978,-0.094073,-0.001222
-0.413958,0.452244,9.948160,0.040317,-0.094073,0.003665,-0.087338,0.571885,9.8321085,0.097738,-0.018326,-0.007330
-0.234497,0.258425,9.964911,0.051313,-0.073304,0.003665,-0.106481,0.544367,9.9158564,0.047647,-0.032987,-0.001222
-0.387637,0.044267,10.140782,0.019548,-0.070860,0.001222,-0.106481,0.544367,9.9158564,0.047647,-0.032987,-0.001222
0.061017,0.089731,10.010373,0.029322,-0.096517,0.006109,-0.098106,0.594616,9.9972134,0.047647,-0.043982,0.001222
-0.206979,0.021535,10.066606,0.001222,-0.112399,0.007330,-0.221336,0.495314,9.9696960,0.034208,-0.046426,-0.001222
-0.478565,0.397209,10.108479,0.041539,-0.062308,0.001222,0.058624,0.709472,9.9170542,0.095295,-0.013439,-0.006109
-0.314656,0.222532,9.979266,0.061087,-0.052534,-0.001222,0.058624,0.709472,9.9170542,0.095295,-0.013439,-0.006109
-0.226122,0.177069,10.057034,0.000000,-0.102625,0.002443,-0.070588,0.815953,10.1910324,0.034208,-0.054978,0.000000
-0.039482,0.087338,9.692128,-0.012217,-0.119730,0.008552,-0.105284,0.591027,10.0247307,0.053756,-0.030543,-0.004887
-1.180858,-1.421337,9.767502,-0.028100,-0.161268,-0.090408,0.289532,0.552742,10.0833559,0.008552,-0.100182,-0.058643
0.958325,1.257428,9.438489,0.075747,-0.222355,-0.375071,0.289532,0.552742,10.0833559,0.008552,-0.100182,-0.058643
-1.185644,-0.926022,9.320044,-0.164934,-0.084299,-0.577879,-0.110070,0.928415,9.7256279,-0.047647,-0.175929,-0.355524
-0.010768,1.146162,11.071590,0.119730,0.052534,-1.440420,-0.977468,0.078963,9.4241314,0.026878,-0.095295,-1.273043
1.134198,1.371087,10.375279,0.072082,-0.078191,-0.933402,1.472782,0.941576,9.8919287,-0.008552,-0.120951,-1.084897
0.041874,0.868595,9.929018,-0.039095,-0.127060,-0.329867,1.472782,0.941576,9.8919287,-0.008552,-0.120951,-1.084897
0.190229,1.416551,10.342977,0.091630,-0.054978,-0.042761,0.562313,0.775275,9.8249292,-0.008552,-0.106291,-0.249233
0.044267,0.094517,9.670592,0.050091,-0.089186,0.002443,-0.376870,0.363709,10.1874428,-0.043982,-0.034208,0.004887
1.868794,2.009971,7.160522,0.306654,-0.109956,0.195477,-1.548156,0.703490,11.6183510,0.047647,-0.034208,-0.037874
0.013161,0.215354,9.950553,0.052534,-0.081856,-0.001222,-1.548156,0.703490,11.6183510,0.047647,-0.034208,-0.037874
0.393619,0.149551,8.693125,-0.068417,-0.090408,0.196699,-0.043071,0.628116,10.1886387,0.028100,-0.018326,-0.003665
-0.150748,-0.521635,9.726824,-0.350637,-0.153938,0.045204,-0.250050,0.581456,10.6025972,-0.219911,0.065973,0.000000
-0.162712,0.154337,10.333405,-0.035430,0.020769,-0.025656,-0.763310,-0.205783,10.4506531,0.100182,0.083078,0.040317
-0.978664,-0.002393,9.669396,-0.185703,0.164934,-0.070860,-0.763310,-0.205783,10.4506531,0.100182,0.083078,0.040317
0.363709,-1.137787,9.407382,-0.416610,-0.059865,-0.019548,-0.380459,0.461815,10.1683006,-0.256563,0.178373,-0.048869
-0.169890,-1.514657,9.389436,0.028100,-0.105069,0.000000,-0.352941,-1.197608,9.4360952,-0.229685,0.030543,-0.030543
-0.398405,-1.493121,9.603594,0.873537,-0.251676,-0.014661,-0.281157,-1.361516,9.1070833,0.682947,-0.155160,0.026878
2.244468,2.002793,8.154739,1.328021,0.393397,-0.052534,-0.281157,-1.361516,9.1070833,0.682947,-0.155160,0.026878
-0.031107,-0.473779,9.667004,-0.432493,-0.386067,0.023213,-2.094916,4.220940,15.0616217,0.338419,0.404393,-0.142942
0.034696,0.595813,9.672985,0.263894,0.141721,0.017104,0.313460,-0.476172,8.7984095,0.135612,0.075747,0.000000
-0.580260,-0.348156,10.402797,-0.070860,-0.118508,0.015882,-0.089731,0.705883,9.9350004,-0.008552,-0.133169,0.017104
-0.204586,0.287139,9.829715,0.125838,-0.031765,0.000000,-0.089731,0.705883,9.9350004,-0.008552,-0.133169,0.017104
-0.141177,0.110070,9.773483,-0.014661,-0.116064,0.004887,-0.248854,0.602991,10.1647100,0.098960,0.003665,-0.004887
-0.186640,0.229711,9.966106,0.059865,-0.068417,0.001222,-0.104088,0.424726,9.8608227,0.035430,-0.041539,-0.003665
-1.042074,1.294517,10.710275,-0.243124,-0.272446,-0.008552,-0.300299,0.772882,10.2699947,-0.008552,-0.080634,0.000000
-0.758525,-1.661815,9.434900,0.417832,0.008552,0.002443,-0.300299,0.772882,10.2699947,-0.008552,-0.080634,0.000000
0.943969,1.508675,10.395618,-0.133169,-0.229685,0.054978,1.228714,0.266800,9.7675018,0.475253,0.145386,0.006109
0.168694,-0.652044,9.255438,0.047647,-0.090408,0.002443,0.034696,0.082552,9.7064857,-0.149051,-0.224798,0.008552
-0.729811,-0.123230,9.956535,-0.327424,-0.254120,-0.002443,0.154337,1.958525,10.7772722,-0.166155,-0.173486,0.021991
-0.129212,0.045464,9.832108,0.216246,0.061087,-0.007330,0.154337,1.958525,10.7772722,-0.166155,-0.173486,0.021991
0.095713,0.904487,9.594023,-0.041539,-0.140499,0.031765,-0.128016,0.593420,10.2006025,0.222355,0.112399,-0.015882
-0.373280,0.739382,9.973285,-0.050091,-0.125838,-0.001222,-0.766900,-0.236889,9.7914305,0.111177,0.019548,0.040317
-0.076570,-0.175872,9.903893,0.199142,0.043982,0.030543,0.428315,0.151944,9.4169540,0.116064,0.019548,0.025656
0.143569,-0.078963,9.589237,-0.171042,-0.227242,0.010996,0.428315,0.151944,9.4169540,0.116064,0.019548,0.025656
-0.576670,0.802792,10.151551,0.070860,-0.059865,-0.020769,0.100499,-0.058624,9.4612207,-0.086743,-0.116064,0.003665
0.133998,-0.629312,9.358329,0.057421,-0.061087,0.014661,-0.283549,0.522832,10.1144619,-0.155160,-0.160047,-0.004887
-0.430708,0.689133,10.091730,-0.040317,-0.112399,0.013439,-0.559921,1.318445,10.7090769,0.210138,0.061087,-0.012217
-0.023928,-0.125623,9.739985,0.045204,-0.075747,0.001222,-0.559921,1.318445,10.7090769,0.210138,0.061087,-0.012217
0.055035,-0.373280,10.468598,-0.301767,-0.233351,0.018326,0.114855,0.315853,9.7770729,0.089186,0.000000,-0.007330
-1.439283,-1.544567,12.150753,-0.561996,-0.371406,-0.021991,0.390030,0.192622,9.4408817,0.130725,-0.007330,-0.001222
1.058824,0.373280,10.005588,0.323759,0.028100,-0.018326,-0.710668,-0.122034,9.8117695,0.361632,0.019548,-0.023213
-0.108873,-0.137587,9.921840,-0.139277,-0.249233,0.019548,-0.710668,-0.122034,9.8117695,0.361632,0.019548,-0.023213
-0.465404,0.137587,9.894321,0.393397,0.136834,-0.017104,0.452244,-0.362513,9.1322079,-0.101404,-0.167377,0.010996
-0.163908,0.172283,10.108479,-0.153938,-0.211359,0.004887,-0.070588,2.087738,11.4975138,0.141721,-0.008552,0.048869
-0.005982,0.049053,9.850055,0.083078,-0.048869,0.001222,0.021535,0.473779,9.6646099,0.040317,-0.048869,-0.001222
-0.392423,0.429512,9.870394,0.035430,-0.083078,0.001222,0.021535,0.473779,9.6646099,0.040317,-0.048869,-0.001222
-0.242872,0.180658,9.730413,0.042761,-0.080634,0.002443,-0.360120,0.678365,10.0307131,-0.003665,-0.063530,-0.002443
-0.139980,0.147159,9.814162,0.015882,-0.091630,0.002443,-0.179462,0.574277,9.9230356,0.034208,-0.045204,-0.001222
-0.020339,-0.830309,9.828520,-0.212581,-0.263894,0.076969,-1.153341,1.582852,11.4257278,-0.061087,-0.101404,-0.050091
-0.585045,0.662812,10.266405,0.185703,0.019548,-0.003665,-1.153341,1.582852,11.4257278,-0.061087,-0.101404,-0.050091
0.977468,-1.257428,9.253046,-0.425162,-0.311541,0.087965,-0.622134,1.244268,10.5020990,0.142942,-0.018326,-0.003665
-1.225125,0.598206,10.676774,0.250455,0.034208,-0.019548,-0.441476,0.037089,10.3573332,0.313985,0.046426,-0.002443
-0.089731,-0.236889,9.814162,-0.084299,-0.153938,0.007330,0.074178,0.429512,9.7734833,-0.138056,-0.162490,0.003665
-0.385244,0.392423,10.133603,0.152716,0.001222,-0.001222,0.074178,0.429512,9.7734833,-0.138056,-0.162490,0.003665
0.208176,0.409173,9.546166,-0.026878,-0.178373,0.018326,-0.449851,0.896112,10.3657084,0.085521,0.002443,-0.003665
-0.398405,0.315853,9.907482,0.129503,-0.017104,-0.002443,-0.112463,0.254836,9.7830553,0.029322,-0.054978,0.002443
-0.185444,0.082552,9.845268,-0.026878,-0.130725,0.006109,-0.263210,0.595813,9.9385891,-0.035430,-0.096517,0.000000
-0.326620,0.227318,9.974482,0.026878,-0.089186,0.003665,-0.263210,0.595813,9.9385891,-0.035430,-0.096517,0.000000
-0.131605,0.098106,9.739985,0.045204,-0.078191,0.003665,-0.241675,0.612563,9.9816599,0.010996,-0.061087,0.000000
-0.265603,0.173480,9.826126,-0.014661,-0.108734,0.004887,-0.334995,0.567099,10.1096754,0.053756,-0.017104,-0.003665
-0.348156,0.246461,9.955338,0.042761,-0.073304,0.003665,-0.265603,0.564706,9.9397850,0.048869,-0.026878,-0.001222
-0.241675,0.285942,9.903893,0.050091,-0.084299,0.004887,-0.265603,0.564706,9.9397850,0.048869,-0.026878,-0.001222
-0.180658,0.040678,9.949356,0.015882,-0.091630,0.003665,-0.302692,0.648455,10.1048899,0.013439,-0.056200,-0.001222
-0.192622,0.094517,9.912268,-0.008552,-0.108734,0.003665,-0.269193,0.532403,10.0474625,0.045204,-0.036652,0.000000
-0.092124,-0.040678,9.712467,-0.078191,-0.136834,0.007330,-0.159123,0.686740,10.1072836,-0.063530,-0.131947,-0.003665
-0.390030,0.265603,9.976874,0.131947,-0.014661,-0.001222,-0.159123,0.686740,10.1072836,-0.063530,-0.131947,-0.003665
-0.519243,0.370888,10.155140,-0.345750,-0.321315,0.026878,-0.309871,0.720240,10.2113714,0.114843,0.010996,-0.002443
0.007178,1.369891,8.604589,0.438601,0.129503,0.006109,0.023928,-0.468993,8.8953180,-0.015882,0.004887,0.002443
-0.184247,0.157926,9.781858,-0.155160,-0.232129,0.017104,-0.504886,0.613759,10.1024971,-0.167377,-0.156382,-0.001222
-0.206979,0.148355,9.841680,0.144164,-0.013439,0.000000,-0.504886,0.613759,10.1024971,-0.167377,-0.156382,-0.001222
-0.254836,0.196211,9.907482,-0.051313,-0.150273,0.007330,-0.281157,0.528814,10.0235338,0.142942,0.031765,-0.003665
-0.185444,-0.429512,9.688540,-0.006109,-0.098960,0.012217,-1.109073,-0.038285,10.1312122,-0.084299,-0.122173,0.015882
-0.315853,0.361316,10.005588,0.086743,-0.058643,-0.001222,-0.125623,0.623330,9.9948206,0.122173,0.009774,-0.004887
1.094716,-0.752543,9.525827,-0.351858,-0.328645,0.008552,-0.125623,0.623330,9.9948206,0.122173,0.009774,-0.004887
-0.284746,1.822134,9.323634,0.169821,-0.169821,0.048869,0.723829,-0.741775,8.5567331,0.129503,0.073304,0.000000
-0.129212,-0.133998,9.744770,0.073304,-0.062308,0.002443,-0.503689,0.118445,9.7507515,-0.153938,-0.149051,-0.015882
-0.398405,0.148355,9.979266,-0.131947,-0.197920,0.010996,-0.319442,1.052842,10.2364950,-0.065973,-0.097738,0.001222
-0.105284,0.057428,9.754342,0.084299,-0.053756,0.002443,-0.319442,1.052842,10.2364950,-0.065973,-0.097738,0.001222
-0.178265,0.251246,9.786645,-0.020769,-0.119730,0.004887,-0.083749,0.491725,9.9541426,0.105069,0.006109,-0.002443
-0.340977,0.692722,10.036695,-0.227242,-0.152716,-0.002443,0.142373,0.083749,9.6514502,0.285885,0.153938,0.017104
-0.464208,-0.199801,10.120443,0.043982,-0.017104,-0.014661,1.182054,0.311067,9.6454687,-0.015882,-0.096517,-0.054978
-0.151944,0.191426,10.000803,-0.054978,-0.136834,0.004887,1.182054,0.311067,9.6454687,-0.015882,-0.096517,-0.054978
-0.178265,0.180658,9.833304,0.076969,-0.061087,0.000000,-0.064606,0.461815,9.8452682,-0.054978,-0.101404,0.000000
-0.216550,0.112463,9.820145,-0.003665,-0.107512,0.002443,-0.222532,0.641276,10.1467648,0.032987,-0.040317,-0.003665
-0.156730,-0.467797,10.569098,0.072082,-0.002443,0.041539,1.746760,0.722632,10.0510521,0.037874,-0.050091,-0.375071
-0.222532,0.046660,10.017551,-0.076969,-0.150273,0.015882,1.746760,0.722632,10.0510521,0.037874,-0.050091,-0.375071
-0.254836,0.074178,9.589237,0.083078,-0.050091,-0.002443,-0.114855,0.440279,9.8285198,-0.062308,-0.103847,0.004887
-0.250050,0.145962,10.024731,0.004887,-0.084299,0.013439,-0.187837,1.086341,9.7591267,0.067195,-0.036652,-0.036652
-0.233300,0.132802,9.893125,0.043982,-0.070860,0.002443,-0.101695,0.516850,9.8309116,0.029322,-0.041539,0.000000
-0.238086,0.165105,9.842876,0.012217,-0.096517,0.004887,-0.101695,0.516850,9.8309116,0.029322,-0.041539,0.000000
-0.273978,0.226122,9.909875,0.021991,-0.090408,0.004887,-0.186640,0.507278,9.9158564,0.015882,-0.050091,-0.001222
-0.186640,0.198604,9.792627,0.031765,-0.080634,0.002443,-0.143569,0.540778,9.9242315,0.019548,-0.052534,0.000000
-0.124427,0.183051,9.885946,0.017104,-0.090408,0.003665,-0.118445,0.579063,9.9720879,0.018326,-0.048869,-0.002443
-0.199801,0.223729,9.875179,0.028100,-0.080634,0.002443,-0.118445,0.579063,9.9720879,0.018326,-0.048869,-0.002443
-0.245264,0.217747,9.914661,0.026878,-0.084299,0.002443,-0.161516,0.585045,9.9409819,0.025656,-0.041539,-0.002443
-0.270389,0.248854,9.903893,0.028100,-0.084299,0.002443,-0.193819,0.555135,9.8967152,0.020769,-0.047647,-0.002443
-0.244068,0.171087,9.925428,0.034208,-0.080634,0.002443,-0.143569,0.524028,9.9601240,0.015882,-0.050091,-0.002443
-0.209372,0.162712,9.906286,0.009774,-0.096517,0.003665,-0.143569,0.524028,9.9601240,0.015882,-0.050091,-0.002443
-0.344566,0.254836,9.956535,0.029322,-0.087965,0.003665,-0.211765,0.526421,9.9146614,0.023213,-0.046426,-0.002443
-0.327817,0.265603,9.852448,0.040317,-0.081856,0.001222,-0.174676,0.587438,9.9673023,0.019548,-0.056200,-0.001222
-0.214158,0.208176,9.775877,0.029322,-0.092852,0.003665,-0.223729,0.583849,9.8620186,0.013439,-0.058643,-0.001222
-0.251246,0.221336,9.799805,0.015882,-0.098960,0.003665,-0.223729,0.583849,9.8620186,0.013439,-0.058643,-0.001222
-0.198604,0.223729,9.926625,0.030543,-0.089186,0.003665,-0.175872,0.522832,9.9026966,0.014661,-0.057421,0.000000
-0.202194,0.159123,9.877572,0.023213,-0.092852,0.002443,-0.098106,0.598206,9.9720879,0.020769,-0.054978,-0.001222
-0.185444,0.183051,9.881161,0.015882,-0.096517,0.002443,-0.128016,0.598206,9.9984093,0.019548,-0.053756,-0.002443
-0.217747,0.217747,9.872787,0.023213,-0.090408,0.002443,-0.128016,0.598206,9.9984093,0.019548,-0.053756,-0.002443
-0.270389,0.234497,9.897911,0.028100,-0.087965,0.002443,-0.175872,0.581456,9.9732847,0.021991,-0.047647,-0.002443
-0.248854,0.178265,9.891929,0.029322,-0.085521,0.001222,-0.186640,0.558724,9.9744816,0.018326,-0.052534,-0.002443
-0.208176,0.171087,9.860823,0.020769,-0.092852,0.002443,-0.179462,0.573081,9.9565353,0.018326,-0.051313,-0.001222
-0.205783,0.206979,9.829715,0.023213,-0.087965,0.002443,-0.179462,0.573081,9.9565353,0.018326,-0.051313,-0.001222
-0.258425,0.242872,9.859626,0.030543,-0.081856,0.002443,-0.149551,0.608973,9.9026966,0.019548,-0.045204,-0.002443
-0.232104,0.202194,9.856036,0.029322,-0.080634,0.001222,-0.172283,0.568295,9.9433746,0.018326,-0.045204,-0.002443
-0.242872,0.165105,9.919446,0.018326,-0.086743,0.002443,-0.224925,0.581456,9.9972134,0.019548,-0.045204,-0.002443
-0.308674,0.236889,9.872787,0.025656,-0.086743,0.002443,-0.224925,0.581456,9.9972134,0.019548,-0.045204,-0.002443
-0.278764,0.206979,9.933803,0.028100,-0.086743,0.002443,-0.253639,0.583849,9.9960165,0.021991,-0.043982,-0.002443
-0.240479,0.227318,9.806983,0.028100,-0.085521,0.002443,-0.200997,0.581456,9.9350004,0.025656,-0.046426,-0.002443
-0.263210,0.239282,9.891929,0.026878,-0.085521,0.002443,-0.216550,0.580260,9.9732847,0.021991,-0.042761,-0.002443
-0.240479,0.227318,9.839287,0.020769,-0.089186,0.003665,-0.216550,0.580260,9.9732847,0.021991,-0.042761,-0.002443
-0.295514,0.206979,9.888340,0.024435,-0.084299,0.002443,-0.191426,0.587438,9.9110708,0.021991,-0.045204,-0.001222
-0.205783,0.212961,9.824929,0.023213,-0.080634,0.002443,-0.149551,0.563510,9.9409819,0.021991,-0.047647,-0.002443
-0.214158,0.199801,9.888340,0.030543,-0.075747,0.001222,-0.161516,0.553938,9.9218397,0.023213,-0.037874,-0.003665
-0.250050,0.156730,9.905089,0.025656,-0.074526,0.001222,-0.161516,0.553938,9.9218397,0.023213,-0.037874,-0.003665
-1.567299,-0.136391,9.879965,0.039095,-0.042761,-0.008552,-0.230907,0.568295,9.9936237,0.032987,-0.030543,-0.003665
-0.358923,0.165105,9.911071,0.040317,-0.074526,0.001222,-0.437887,0.196211,9.9218397,-0.029322,-0.046426,-0.003665
-0.296710,0.153141,9.882358,0.017104,-0.090408,0.000000,-0.273978,0.537189,9.9649105,0.010996,-0.053756,-0.003665
-0.320638,0.242872,9.859626,0.019548,-0.092852,0.000000,-0.273978,0.537189,9.9649105,0.010996,-0.053756,-0.003665
-0.252443,0.179462,9.847662,0.026878,-0.084299,0.000000,-0.233300,0.527617,9.9912319,0.018326,-0.050091,-0.001222
-0.352941,0.252443,9.841680,0.024435,-0.092852,0.002443,-0.334995,0.601795,9.9146614,0.037874,-0.034208,-0.003665
-0.275175,0.212961,9.901500,0.023213,-0.091630,0.001222,-0.250050,0.585045,9.9314098,0.026878,-0.050091,-0.002443
-0.308674,0.208176,9.918250,0.021991,-0.094073,0.002443,-0.250050,0.585045,9.9314098,0.026878,-0.050091,-0.002443
-0.260818,0.179462,9.957731,0.018326,-0.097738,0.001222,-0.289532,0.583849,10.0079813,0.023213,-0.050091,-0.002443
-0.252443,0.205783,9.948160,0.019548,-0.096517,0.002443,-0.276371,0.569492,10.0199442,0.029322,-0.050091,-0.002443
-0.312263,0.263210,9.938589,0.032987,-0.089186,0.002443,-0.287139,0.576670,10.0558376,0.039095,-0.040317,-0.002443
-0.283549,0.136391,9.900304,0.029322,-0.091630,0.002443,-0.287139,0.576670,10.0558376,0.039095,-0.040317,-0.002443
-0.199801,0.155533,9.884750,0.012217,-0.102625,0.002443,-0.278764,0.540778,10.0319090,0.031765,-0.042761,-0.002443
-0.224925,0.181855,9.944571,0.014661,-0.102625,0.002443,-0.253639,0.559921,10.0115700,0.041539,-0.041539,-0.002443
-0.272782,0.232104,9.907482,0.039095,-0.081856,0.001222,-0.191426,0.534796,9.9649105,0.036652,-0.041539,-0.002443
-0.334995,0.033500,10.122837,-0.017104,-0.097738,0.003665,-0.191426,0.534796,9.9649105,0.036652,-0.041539,-0.002443
-0.210568,0.541974,9.901500,-0.097738,-0.141721,0.001222,-0.244068,0.632902,9.9589281,0.015882,-0.059865,-0.001222
-0.800399,0.562313,10.497313,0.189368,0.007330,0.000000,0.368495,0.051446,9.2398844,0.053756,-0.015882,0.000000
-0.251246,-0.156730,9.584451,0.105069,-0.045204,-0.002443,0.366102,0.412762,9.3487577,-0.035430,-0.103847,-0.002443
-0.368495,0.473779,10.103694,-0.020769,-0.129503,0.004887,0.366102,0.412762,9.3487577,-0.035430,-0.103847,-0.002443
-0.031107,0.049053,9.769895,0.056200,-0.101404,-0.003665,-0.333799,1.115055,10.3214407,-0.058643,-0.108734,0.008552
-0.647258,0.866202,10.226924,0.223577,0.024435,-0.009774,0.076570,0.110070,9.7100744,0.128282,0.085521,-0.025656
0.330210,0.191426,9.499506,0.017104,-0.102625,-0.020769,-0.282353,1.136591,9.9170542,0.129503,-0.087965,0.017104
-0.884148,0.087338,10.115658,-0.138056,-0.168599,0.001222,-0.282353,1.136591,9.9170542,0.129503,-0.087965,0.017104
0.028714,0.044267,9.643075,0.140499,-0.012217,0.000000,-0.132802,0.210568,9.7387877,-0.096517,-0.149051,0.006109
-0.169890,0.099302,9.749557,-0.146608,-0.213803,0.013439,-0.631705,1.190429,10.3094769,0.141721,0.023213,-0.010996
-0.424726,0.044267,10.024731,0.106291,-0.041539,0.000000,0.064606,0.311067,9.6000051,0.045204,-0.040317,-0.003665
-0.289532,0.334995,9.783055,-0.063530,-0.151495,0.006109,0.064606,0.311067,9.6000051,0.045204,-0.040317,-0.003665
-0.063410,0.034696,9.860823,0.152716,0.001222,-0.003665,-0.056231,0.436690,9.8991070,-0.090408,-0.116064,0.002443
-0.302692,0.387637,10.010373,-0.031765,-0.119730,0.001222,-0.260818,0.741775,10.1407824,0.155160,0.042761,-0.009774
-0.254836,0.284746,9.927821,0.153938,-0.006109,-0.004887,-0.071785,0.319442,9.7028952,0.112399,0.003665,-0.006109
-0.203390,0.189033,9.906286,-0.065973,-0.145386,0.006109,-0.071785,0.319442,9.7028952,0.112399,0.003665,-0.006109
-0.155533,0.106481,9.895518,0.061087,-0.056200,0.000000,-0.113659,0.459422,9.8811607,-0.058643,-0.097738,0.000000
-0.406780,0.190229,10.097712,0.007330,-0.096517,0.001222,-0.295514,0.570688,10.1383896,0.048869,-0.026878,-0.007330
-0.264407,0.235693,9.856036,0.015882,-0.097738,0.001222,-0.327817,0.561117,10.0354977,0.023213,-0.040317,-0.003665
-0.221336,0.173480,9.915856,0.030543,-0.086743,0.000000,-0.327817,0.561117,10.0354977,0.023213,-0.040317,-0.003665
-0.189033,0.156730,9.876375,0.023213,-0.090408,0.001222,-0.198604,0.564706,10.0498552,0.030543,-0.046426,-0.003665
-0.318245,0.352941,10.000803,-0.009774,-0.097738,0.001222,-0.186640,0.586242,10.0067844,0.032987,-0.041539,-0.004887
-0.179462,0.047856,9.793823,0.124617,-0.024435,-0.003665,0.000000,0.222532,9.5653086,0.041539,-0.041539,-0.003665
-0.202194,0.116052,9.811769,-0.052534,-0.144164,0.004887,0.000000,0.222532,9.5653086,0.041539,-0.041539,-0.003665
-0.327817,0.340977,9.952947,0.063530,-0.064752,-0.001222,-0.129212,0.397209,9.7112703,-0.041539,-0.094073,-0.001222
-0.133998,0.096909,9.742377,0.010996,-0.091630,0.001222,-0.180658,0.559921,9.9481602,-0.021991,-0.073304,-0.002443
-0.373280,0.019143,10.041480,-0.062308,-0.109956,0.001222,0.087338,0.692722,10.0378914,-0.004887,-0.073304,0.001222
-0.222532,0.306281,9.853643,0.069639,-0.037874,-0.002443,0.087338,0.692722,10.0378914,-0.004887,-0.073304,0.001222
-0.202194,0.038285,9.802198,0.028100,-0.059865,-0.001222,-0.246461,0.693919,10.0941219,0.048869,-0.009774,-0.007330
-0.768096,0.552742,9.975677,0.030543,-0.063530,0.001222,-0.059821,0.422333,9.9517498,0.113621,0.039095,-0.008552
-0.725025,0.612563,10.005588,-0.010996,-0.037874,0.002443,-0.800399,0.753739,10.1072836,0.050091,0.084299,0.006109
-0.269193,0.262014,10.133603,-0.273668,0.185703,-0.017104,-0.800399,0.753739,10.1072836,0.050091,0.084299,0.006109
-1.116252,-0.387637,9.632308,0.249233,-0.410501,-0.001222,-0.486939,0.166301,9.9649105,-0.285885,0.278555,-0.051313
-2.226521,-1.052842,11.860025,-0.267559,0.028100,-0.156382,-0.827917,0.303888,10.1599255,0.537561,-0.636522,0.050091
0.177069,0.435494,9.389436,0.129503,-0.070860,0.023213,-0.920040,-0.270389,9.7411814,-0.079412,-0.046426,-0.035430
-0.288335,0.205783,9.895518,-0.030543,-0.138056,0.004887,-0.920040,-0.270389,9.7411814,-0.079412,-0.046426,-0.035430
-0.193819,-0.072981,10.015160,0.000000,-0.109956,0.006109,-0.227318,0.403191,9.8895359,-0.032987,-0.091630,0.000000
-0.242872,0.303888,9.779467,-0.025656,-0.138056,0.006109,-0.218943,0.664008,9.9708920,0.098960,0.004887,-0.004887
0.112463,-0.241675,9.260223,0.081856,-0.013439,-0.006109,0.413958,0.094517,9.3140621,-0.139277,-0.173486,0.018326
0.244068,0.311067,9.639486,-0.052534,-0.139277,0.018326,0.413958,0.094517,9.3140621,-0.139277,-0.173486,0.018326
-0.360120,0.343370,9.906286,-0.017104,-0.079412,0.002443,0.002393,-0.025125,9.5796652,-0.024435,-0.047647,-0.007330
-0.338584,0.284746,9.919446,0.015882,-0.081856,-0.001222,-0.253639,0.853041,10.0438738,-0.008552,-0.050091,-0.001222
-0.308674,0.185444,9.802198,0.138056,-0.056200,0.006109,-0.367298,0.309871,9.6251287,0.090408,-0.006109,-0.001222
-0.424726,0.423530,9.871590,-0.053756,-0.078191,-0.002443,-0.367298,0.309871,9.6251287,0.090408,-0.006109,-0.001222
-0.439083,0.404387,10.045070,-0.034208,-0.118508,0.003665,-0.623330,0.708275,10.1288185,-0.062308,-0.054978,-0.006109
0.380459,-0.344566,9.242277,0.147829,0.004887,-0.004887,-0.248854,0.614955,9.9421778,-0.107512,-0.138056,0.006109
-0.637687,0.378066,9.603594,0.101404,-0.037874,-0.019548,-0.295514,0.031107,9.9936237,-0.124617,-0.001222,-0.039095
-0.447458,0.410369,10.128819,-0.130725,-0.065973,-0.025656,-0.295514,0.031107,9.9936237,-0.124617,-0.001222,-0.039095
-0.005982,0.000000,9.499506,-0.065973,-0.111177,0.007330,-0.479761,0.434297,9.6789675,-0.113621,-0.030543,-0.029322
-0.363709,0.398405,9.984053,-0.013439,-0.114843,0.004887,-0.226122,0.667598,10.0414801,0.133169,0.021991,0.001222
-0.217747,0.210568,9.835698,0.062308,-0.065973,0.006109,-0.254836,0.458226,9.7830553,0.034208,-0.036652,0.000000
-0.342174,0.003589,9.790234,0.006109,-0.120951,0.003665,-0.254836,0.458226,9.7830553,0.034208,-0.036652,0.000000
-0.413958,0.349352,9.985249,0.006109,-0.091630,0.003665,-0.259621,0.287139,9.8117695,0.053756,-0.068417,0.000000
-0.279960,0.211765,9.893125,0.072082,-0.056200,0.002443,-0.241675,0.443869,9.8823576,-0.020769,-0.070860,0.000000
-0.259621,0.136391,9.830912,0.010996,-0.096517,0.003665,-0.296710,0.525225,9.9302139,-0.007330,-0.063530,-0.001222
-0.476172,0.206979,9.974482,-0.039095,-0.130725,0.002443,-0.296710,0.525225,9.9302139,-0.007330,-0.063530,-0.001222
-0.435494,0.374477,10.041480,0.095295,-0.045204,0.000000,0.096909,0.543171,9.7005033,-0.030543,-0.086743,0.004887
-0.190229,0.081356,9.754342,0.018326,-0.096517,0.003665,-0.299103,0.686740,10.0773716,-0.024435,-0.081856,-0.003665
-0.338584,0.211765,9.893125,0.014661,-0.095295,0.003665,-0.314656,0.618545,10.0354977,0.037874,-0.037874,-0.001222
-0.330210,0.233300,9.862019,0.032987,-0.085521,0.003665,-0.314656,0.618545,10.0354977,0.037874,-0.037874,-0.001222
-0.289532,0.171087,9.857233,0.021991,-0.091630,0.002443,-0.301496,0.592224,9.9708920,0.024435,-0.047647,-0.001222
-0.306281,0.191426,9.894321,0.021991,-0.091630,0.003665,-0.254836,0.585045,9.9661064,0.028100,-0.046426,-0.001222
-0.266800,0.128016,9.803394,0.021991,-0.095295,0.003665,-0.248854,0.484547,9.9170542,0.001222,-0.057421,-0.001222
-0.256032,0.144766,9.823733,-0.061087,-0.150273,0.006109,-0.248854,0.484547,9.9170542,0.001222,-0.057421,-0.001222
-0.338584,0.228515,9.913465,0.133169,-0.013439,-0.001222,-0.180658,0.460618,9.8404837,-0.058643,-0.105069,0.000000
-0.299103,0.160319,9.939785,-0.080634,-0.167377,0.006109,-0.480957,0.854238,10.2664051,0.046426,-0.032987,-0.002443
-0.224925,0.022732,9.866805,0.139277,-0.007330,-0.001222,-0.058624,0.265603,9.7423773,0.092852,0.001222,-0.002443
-0.290728,0.094517,9.894321,-0.131947,-0.199142,0.009774,-0.058624,0.265603,9.7423773,0.092852,0.001222,-0.002443
-0.287139,0.185444,9.969696,0.141721,-0.004887,0.000000,-0.059821,0.331406,9.7890377,-0.116064,-0.146608,0.001222
-0.282353,0.099302,9.957731,-0.035430,-0.120951,0.004887,-0.379262,0.740579,10.2400837,0.076969,-0.008552,-0.002443
-0.338584,0.156730,9.935000,0.083078,-0.052534,0.001222,-0.141177,0.466600,9.8596258,0.050091,-0.034208,-0.002443
-0.259621,0.119641,9.868000,-0.012217,-0.116064,0.004887,-0.141177,0.466600,9.8596258,0.050091,-0.034208,-0.002443
-0.299103,0.241675,9.903893,0.050091,-0.075747,0.003665,-0.198604,0.465404,9.8919287,0.007330,-0.061087,0.000000
-0.253639,0.064606,9.863214,0.023213,-0.090408,0.003665,-0.265603,0.626920,10.0187483,0.007330,-0.061087,0.000000
-0.342174,0.257228,9.946964,0.012217,-0.102625,0.003665,-0.320638,0.664008,10.0917301,0.048869,-0.032987,-0.001222
-0.264407,0.185444,9.878769,0.045204,-0.080634,0.003665,-0.320638,0.664008,10.0917301,0.048869,-0.032987,-0.001222
-0.229711,0.163908,9.828520,0.018326,-0.096517,0.004887,-0.242872,0.586242,9.9792662,0.042761,-0.037874,-0.001222
-0.276371,0.202194,9.903893,0.020769,-0.091630,0.003665,-0.223729,0.551546,9.9481602,0.035430,-0.041539,-0.001222
-0.299103,0.238086,9.924232,0.031765,-0.086743,0.003665,-0.224925,0.546760,9.9852486,0.031765,-0.041539,0.000000
-0.232104,-0.082552,9.814162,-0.039095,-0.116064,0.004887,-0.224925,0.546760,9.9852486,0.031765,-0.041539,0.000000
-0.357727,0.446261,9.974482,0.036652,-0.069639,0.002443,-0.139980,0.297906,9.7411814,0.014661,-0.057421,0.000000
-0.291924,0.052642,9.942178,0.020769,-0.091630,0.003665,-0.136391,0.626920,9.9110708,-0.023213,-0.076969,0.000000
-0.052642,-0.019143,9.554541,-0.080634,-0.161268,0.009774,-0.271585,0.544367,10.0223379,-0.090408,-0.130725,0.002443
-0.396012,0.183051,9.992428,0.050091,-0.075747,0.003665,-0.271585,0.544367,10.0223379,-0.090408,-0.130725,0.002443
-0.190229,-0.270389,9.491131,0.048869,-0.065973,0.001222,-0.355334,0.698704,10.1407824,0.025656,-0.046426,-0.001222
-0.129212,0.104088,9.725628,-0.004887,-0.123395,0.007330,-0.288335,0.607777,10.1407824,0.057421,-0.012217,-0.001222
-0.068195,0.086142,9.652646,0.039095,-0.083078,0.003665,-0.105284,0.424726,9.7734833,0.031765,-0.043982,-0.001222
-0.321835,0.273978,9.984053,0.076969,-0.063530,0.006109,-0.105284,0.424726,9.7734833,0.031765,-0.043982,-0.001222
-0.230907,0.390030,9.705289,-0.002443,-0.125838,0.010996,-0.132802,0.382852,9.6466646,0.064752,-0.018326,0.013439
-0.245264,0.041874,9.954143,-0.019548,-0.118508,0.001222,-0.278764,0.687937,10.0127668,-0.013439,-0.083078,-0.004887
0.360120,0.051446,9.396614,-0.015882,-0.133169,0.010996,-0.045464,0.264407,9.7746811,-0.075747,-0.131947,0.008552
-0.010768,-0.241675,9.270991,0.051313,-0.043982,-0.002443,-0.045464,0.264407,9.7746811,-0.075747,-0.131947,0.008552
-0.031107,-0.111266,9.772288,0.172264,0.024435,0.000000,-0.247657,0.168694,10.0821581,0.118508,0.028100,-0.010996
-0.149551,0.084945,9.943375,-0.138056,-0.174707,0.003665,-0.556331,1.142573,10.7030954,0.199142,0.067195,-0.008552
-0.230907,0.144766,9.957731,0.094073,-0.041539,0.001222,-0.089731,0.455833,9.8345013,0.070860,-0.021991,-0.002443
-0.281157,0.141177,9.732806,-0.030543,-0.130725,0.004887,-0.089731,0.455833,9.8345013,0.070860,-0.021991,-0.002443
-0.324227,0.276371,9.903893,0.063530,-0.064752,0.002443,-0.132802,0.453440,9.7830553,-0.026878,-0.081856,0.001222
-0.117248,0.129212,9.755538,0.001222,-0.100182,0.004887,-0.228515,0.617348,10.0654078,-0.004887,-0.059865,-0.001222
-0.183051,0.138784,9.883554,-0.006109,-0.103847,0.006109,-0.150748,0.543171,9.9577312,-0.007330,-0.058643,0.000000
-0.025125,-0.019143,9.948160,-0.018326,-0.107512,0.007330,-0.150748,0.543171,9.9577312,-0.007330,-0.058643,0.000000
-0.137587,-0.022732,9.720841,-0.006109,-0.098960,0.007330,-0.129212,0.338584,9.8309116,0.001222,-0.041539,-0.001222
-0.272782,0.104088,10.003196,-0.001222,-0.090408,0.002443,-0.216550,0.348156,9.9744816,0.067195,-0.001222,-0.010996
-0.345763,0.221336,10.128819,0.130725,0.000000,0.002443,-0.129212,0.591027,9.9649105,0.158825,0.041539,-0.001222
-0.025125,0.084945,9.712467,-0.030543,-0.130725,0.006109,-0.129212,0.591027,9.9649105,0.158825,0.041539,-0.001222
-0.515653,0.361316,9.988838,0.059865,-0.064752,-0.001222,-0.056231,0.422333,9.9373922,0.003665,-0.064752,-0.002443
-0.197408,0.117248,9.781858,0.026878,-0.090408,0.003665,-0.295514,0.623330,9.9780712,-0.003665,-0.068417,-0.002443
-0.282353,0.227318,9.906286,0.013439,-0.094073,0.003665,-0.272782,0.613759,10.0211420,0.032987,-0.039095,-0.003665
-0.267996,0.205783,9.826126,0.029322,-0.084299,0.002443,-0.272782,0.613759,10.0211420,0.032987,-0.039095,-0.003665
-0.295514,0.159123,9.842876,0.020769,-0.087965,0.002443,-0.223729,0.550349,9.9302139,0.023213,-0.042761,-0.002443
-0.297906,0.181855,9.860823,0.019548,-0.087965,0.002443,-0.254836,0.543171,9.9924278,0.020769,-0.045204,-0.002443
-0.315853,0.195015,9.937392,0.002443,-0.106291,0.003665,-0.245264,0.546760,10.0067844,0.012217,-0.052534,-0.002443
-0.046660,-0.245264,9.705289,-0.048869,-0.129503,0.007330,-0.245264,0.546760,10.0067844,0.012217,-0.052534,-0.002443
-0.510868,0.478565,10.164710,0.095295,-0.037874,0.000000,0.059821,0.005982,9.5234337,0.018326,-0.040317,-0.001222
-0.254836,0.117248,9.868000,0.135612,-0.031765,-0.002443,-0.154337,0.381655,9.7974119,-0.010996,-0.092852,0.000000
-0.478565,0.617348,9.952947,0.009774,-0.079412,0.001222,-0.351745,0.851845,10.1766748,0.085521,-0.024435,-0.007330
-0.256032,0.203390,9.876375,0.009774,-0.109956,0.004887,-0.351745,0.851845,10.1766748,0.085521,-0.024435,-0.007330
-0.221336,0.302692,9.814162,0.056200,-0.079412,0.003665,-0.228515,0.586242,9.9338026,0.003665,-0.057421,-0.001222
-0.278764,0.156730,9.868000,0.020769,-0.092852,0.002443,-0.300299,0.599402,10.0378914,0.010996,-0.057421,-0.001222
0.575474,0.245264,9.072388,-0.025656,-0.131947,0.007330,-1.202393,1.064806,10.0642118,0.025656,-0.078191,0.013439
-0.356531,0.058624,9.844072,0.096517,-0.046426,0.001222,-1.202393,1.064806,10.0642118,0.025656,-0.078191,0.013439
-0.147159,0.212961,9.668200,0.026878,-0.087965,0.001222,-0.122034,0.594616,10.0630159,0.125838,0.010996,-0.008552
-0.340977,0.111266,9.999606,0.017104,-0.043982,-0.006109,-0.285942,0.606581,9.9780712,0.057421,-0.010996,-0.004887
-0.644866,0.071785,9.832108,-0.085521,0.002443,0.004887,-0.355334,0.644866,10.1072836,-0.062308,0.042761,-0.009774
0.903291,0.050249,10.435100,0.107512,-0.164934,0.047647,-0.355334,0.644866,10.1072836,-0.062308,0.042761,-0.009774
-0.422333,0.489332,9.816555,0.001222,-0.091630,-0.002443,-0.616152,1.464407,10.3740826,0.089186,-0.008552,0.004887
-1.228714,0.275175,9.881161,-0.012217,-0.041539,-0.004887,-0.104088,0.592224,10.1264257,0.032987,0.042761,0.001222
-0.473779,0.750150,9.773483,-0.265115,-0.036652,0.194255,-0.320638,1.245464,9.9792662,0.032987,0.080634,0.135612
-0.725025,-0.368495,10.230514,-0.243124,0.180816,0.193033,-0.320638,1.245464,9.9792662,0.032987,0.080634,0.135612
-1.220340,0.429512,9.524631,0.065973,-0.397062,0.346971,-0.720240,-0.001196,9.5485582,-0.199142,0.177151,0.261450
0.049053,1.289732,11.479567,0.277333,-0.421497,0.013439,0.271585,0.205783,9.8524475,0.371406,-0.340863,-0.070860
-0.281157,-0.650848,11.430513,-0.338419,-0.087965,-0.219911,0.037089,3.221936,11.3252306,-0.043982,0.097738,0.058643
-0.247657,0.299103,9.672985,-0.119730,-0.175929,0.009774,0.037089,3.221936,11.3252306,-0.043982,0.097738,0.058643
-0.080160,0.327817,9.610772,0.024435,-0.123395,0.010996,-0.180658,0.334995,9.7794666,-0.129503,-0.128282,0.004887
-1.014557,-0.095713,10.923235,0.028100,-0.169821,0.116064,0.046660,0.600598,10.5750799,0.094073,0.081856,0.034208
-1.634298,-0.252443,9.954143,-0.123395,-0.328645,0.939511,-0.248854,-0.354138,9.6705923,-0.317650,-0.135612,0.821003
-0.183051,-0.157926,9.730413,0.006109,-0.092852,0.002443,-0.248854,-0.354138,9.6705923,-0.317650,-0.135612,0.821003
-0.544367,0.600598,10.143176,0.095295,-0.046426,-0.001222,0.025125,0.205783,9.7160568,0.067195,-0.018326,-0.009774
0.766900,0.168694,9.945767,0.078191,0.006109,0.070860,-0.894916,0.323031,10.2843523,-0.025656,-0.040317,-0.002443
-1.777867,0.520439,9.890733,0.081856,-0.090408,0.455705,0.093320,-0.092124,9.8895359,-0.028100,-0.002443,0.437380
-0.156730,0.185444,9.584451,0.031765,-0.103847,0.838107,0.093320,-0.092124,9.8895359,-0.028100,-0.002443,0.437380
-0.324227,0.284746,9.869197,-0.003665,-0.084299,-0.007330,-2.910869,0.680758,9.4576321,0.097738,-0.075747,0.711047
-0.308674,0.258425,9.804591,0.059865,-0.070860,0.008552,-0.094517,0.136391,9.5497551,-0.026878,-0.053756,-0.034208
0.463011,0.844666,9.826126,-0.083078,-0.086743,0.353080,-0.069392,0.760918,10.2723885,0.046426,-0.007330,0.105069
-2.193022,1.502692,9.817752,0.073304,-0.067195,0.267559,-0.069392,0.760918,10.2723885,0.046426,-0.007330,0.105069
-0.447458,-0.154337,9.793823,-0.155160,-0.201586,-0.042761,-0.279960,0.521635,10.2412815,-0.129503,-0.107512,-0.046426
-0.199801,0.223729,9.862019,0.118508,-0.026878,-0.004887,-0.241675,0.474975,9.9900341,0.117286,0.002443,0.001222
-0.217747,0.329013,9.901500,-0.009774,-0.108734,0.004887,-0.192622,0.796810,10.0295162,0.004887,-0.053756,-0.002443
-0.099302,0.043071,9.906286,-0.021991,-0.069639,0.008552,-0.192622,0.796810,10.0295162,0.004887,-0.053756,-0.002443
-0.260818,0.317049,9.958928,0.053756,-0.085521,0.002443,-0.240479,0.540778,10.0977116,0.004887,-0.024435,0.002443
-0.214158,0.135194,10.041480,0.118508,-0.013439,0.006109,-0.148355,0.503689,10.0654078,0.065973,-0.043982,0.004887
0.002393,0.138784,9.644272,-0.072082,-0.156382,0.003665,-0.602991,0.788435,10.3106728,-0.035430,-0.075747,-0.008552
-0.547956,-0.448654,10.506885,-0.072082,-0.149051,0.002443,-0.602991,0.788435,10.3106728,-0.035430,-0.075747,-0.008552
0.130409,-0.190229,9.724432,0.023213,-0.094073,0.001222,0.246461,0.460618,9.7136631,-0.034208,-0.136834,-0.025656
-0.200997,0.306281,10.003196,0.078191,-0.069639,0.000000,-0.064606,0.329013,9.6574326,0.042761,-0.026878,0.004887
-0.277567,0.210568,9.875179,0.043982,-0.080634,0.001222,-0.072981,0.411566,9.7854481,0.015882,-0.051313,0.001222
-0.388834,0.137587,9.952947,0.037874,-0.069639,0.006109,-0.072981,0.411566,9.7854481,0.015882,-0.051313,0.001222
0.265603,1.062413,10.744969,-0.001222,-0.112399,0.014661,-0.283549,0.611366,10.0977116,0.051313,-0.041539,-0.002443
-0.094517,0.003589,10.029516,0.019548,-0.097738,0.004887,-0.128016,0.605384,9.8691969,0.058643,-0.054978,0.007330
-0.027517,0.044267,9.798609,-0.048869,-0.117286,0.009774,0.051446,0.806381,10.1982098,-0.020769,-0.085521,-0.006109
-0.235693,0.022732,9.949356,0.012217,-0.097738,0.007330,0.051446,0.806381,10.1982098,-0.020769,-0.085521,-0.006109
0.112463,0.162712,9.684950,0.065973,-0.065973,-0.002443,-0.157926,0.386441,9.8691969,0.017104,-0.063530,0.004887
-0.815953,0.199801,10.445868,0.035430,0.002443,-0.006109,-0.906880,-0.078963,9.4791670,0.138056,-0.094073,0.008552
-0.055035,-0.028714,9.832108,0.050091,-0.073304,0.001222,0.059821,0.491725,9.6741819,0.013439,-0.079412,0.003665
-0.040678,0.025125,9.766306,-0.063530,-0.140499,-0.006109,0.059821,0.491725,9.6741819,0.013439,-0.079412,0.003665
-0.250050,0.385244,9.986445,0.039095,-0.083078,0.001222,0.028714,0.183051,9.6550398,-0.024435,-0.070860,-0.015882
-0.129212,0.138784,9.907482,0.097738,-0.057421,-0.001222,-0.070588,0.367298,9.8859463,-0.020769,-0.086743,0.006109
-0.162712,0.156730,9.818948,0.040317,-0.084299,0.003665,-0.043071,0.357727,9.8033943,-0.006109,-0.063530,0.000000
-0.195015,0.137587,9.847662,0.041539,-0.085521,0.002443,-0.043071,0.357727,9.8033943,-0.006109,-0.063530,0.000000
-0.046660,-0.055035,9.724432,0.024435,-0.086743,0.002443,-0.177069,0.611366,10.1192474,0.024435,-0.051313,0.000000
-0.118445,0.003589,9.917054,-0.013439,-0.106291,0.004887,-0.263210,0.611366,10.1395855,0.065973,-0.015882,-0.003665
-0.136391,0.206979,9.939785,0.041539,-0.085521,0.002443,-0.100499,0.500100,9.9708920,0.039095,-0.036652,-0.001222
0.117248,-0.029910,9.925428,0.057421,-0.083078,0.004887,-0.100499,0.500100,9.9708920,0.039095,-0.036652,-0.001222
0.017946,0.058624,9.798609,0.057421,-0.083078,0.001222,0.154337,0.650848,9.9529467,0.069639,-0.017104,-0.008552
-0.112463,0.147159,9.964911,0.020769,-0.086743,0.003665,-0.084945,0.552742,10.2640133,0.057421,-0.036652,0.000000
-0.137587,0.177069,9.688540,0.023213,-0.094073,0.002443,-0.119641,0.562313,10.0031958,0.026878,-0.043982,-0.002443
-0.058624,0.391227,9.917054,0.001222,-0.103847,0.006109,-0.119641,0.562313,10.0031958,0.026878,-0.043982,-0.002443
-0.270389,0.143569,9.821341,0.018326,-0.081856,0.001222,-0.187837,0.224925,9.8811607,-0.004887,-0.059865,0.002443
-0.279960,0.356531,9.840484,-0.010996,-0.086743,0.000000,-0.358923,0.533599,9.6610212,0.037874,-0.032987,-0.004887
-0.693919,0.141177,10.155140,0.111177,-0.064752,-0.006109,0.088534,0.376870,9.8165550,-0.014661,0.000000,-0.014661
0.262014,-0.087338,10.338190,-0.043982,-0.108734,-0.001222,0.088534,0.376870,9.8165550,-0.014661,0.000000,-0.014661
0.393619,-0.309871,11.016556,-0.074526,-0.013439,-0.034208,-0.323031,0.302692,10.1671038,0.015882,-0.018326,-0.006109
0.068195,0.211765,10.118051,-0.014661,-0.326202,0.013439,-0.400798,0.989432,10.5798664,0.142942,-0.040317,-0.002443
-1.623530,-0.291924,9.779467,0.202807,0.037874,0.017104,1.829313,-1.579263,9.3260260,-0.078191,0.111177,-0.036652
-0.262014,0.096909,10.153943,-0.031765,-0.125838,0.014661,1.829313,-1.579263,9.3260260,-0.078191,0.111177,-0.036652
0.101695,-0.209372,10.342977,0.009774,-0.062308,-0.017104,0.189033,0.809970,10.2699947,0.081856,-0.206472,-0.002443
-0.281157,-0.016750,9.974482,-0.051313,-0.120951,0.007330,-0.619741,0.798006,10.2759771,0.107512,-0.001222,-0.004887
-0.367298,0.220140,9.885946,0.001222,-0.094073,0.004887,0.077767,0.876970,10.0091782,0.059865,-0.043982,0.001222
-0.224925,0.285942,9.912268,0.024435,-0.086743,0.002443,0.077767,0.876970,10.0091782,0.059865,-0.043982,0.001222
-0.245264,0.343370,9.865608,0.026878,-0.090408,0.003665,-0.141177,0.544367,10.0486584,0.015882,-0.051313,-0.001222
-0.256032,0.271585,9.943375,0.029322,-0.079412,0.002443,-0.046660,0.404387,9.8356981,0.001222,-0.052534,-0.002443
-0.168694,0.256032,9.894321,0.024435,-0.087965,0.004887,-0.202194,0.580260,10.0737829,0.034208,-0.036652,-0.001222
-0.180658,0.145962,9.950553,0.023213,-0.085521,0.002443,-0.202194,0.580260,10.0737829,0.034208,-0.036652,-0.001222
-0.185444,0.163908,9.890733,0.026878,-0.086743,0.003665,-0.132802,0.539581,10.0091782,0.032987,-0.037874,-0.001222
-0.183051,0.157926,9.896715,0.024435,-0.091630,0.003665,-0.179462,0.630509,10.0522490,0.025656,-0.047647,-0.001222
-0.203390,0.197408,9.921840,0.028100,-0.089186,0.003665,-0.173480,0.539581,9.9984093,0.026878,-0.043982,-0.001222
-0.181855,0.195015,9.900304,0.021991,-0.096517,0.004887,-0.173480,0.539581,9.9984093,0.026878,-0.043982,-0.001222
-0.179462,0.129212,9.847662,0.019548,-0.092852,0.003665,-0.113659,0.496511,9.9062862,0.023213,-0.048869,0.000000
-0.179462,0.204586,9.850055,0.028100,-0.095295,0.003665,-0.157926,0.571885,9.9565353,0.025656,-0.048869,-0.001222
-0.069392,0.090927,9.757931,0.018326,-0.102625,0.004887,-0.183051,0.387637,9.8033943,0.009774,-0.045204,-0.001222
-0.179462,0.277567,9.857233,0.050091,-0.069639,0.001222,-0.183051,0.387637,9.8033943,0.009774,-0.045204,-0.001222
-0.160319,0.190229,9.902697,0.035430,-0.086743,0.002443,-0.262014,0.622134,10.0630159,0.034208,-0.034208,-0.001222
-0.407976,0.040678,10.048658,-0.010996,-0.101404,0.009774,-0.130409,0.582652,9.9804630,0.021991,-0.051313,0.000000
0.070588,0.253639,9.281759,0.047647,-0.141721,0.007330,-0.076570,0.605384,10.0594263,-0.031765,-0.080634,0.017104
0.098106,-0.144766,9.689735,-0.047647,-0.147829,0.007330,-0.076570,0.605384,10.0594263,-0.031765,-0.080634,0.017104
-0.007178,0.100499,9.724432,0.078191,-0.064752,0.002443,0.235693,0.406780,9.7830553,-0.015882,-0.069639,-0.004887
-0.003589,0.407976,10.145568,0.002443,-0.128282,-0.006109,-0.144766,0.483350,10.1192474,0.015882,-0.042761,-0.006109
0.228515,-0.318245,9.499506,-0.020769,-0.285885,0.041539,0.094517,0.478565,10.0127668,-0.036652,-0.215025,0.035430
0.489332,0.090927,9.238688,0.053756,0.151495,0.029322,0.094517,0.478565,10.0127668,-0.036652,-0.215025,0.035430
0.399601,0.660419,10.183853,0.114843,-0.018326,-0.074526,0.510868,0.297906,9.2829561,0.067195,0.260229,0.028100
-0.210568,0.195015,9.957731,-0.007330,-0.105069,0.008552,-0.486939,0.746561,9.9816599,0.009774,-0.010996,0.009774
-0.199801,0.238086,10.426724,0.050091,-0.063530,0.001222,-0.130409,0.626920,9.9122677,0.089186,-0.019548,-0.004887
0.015553,0.210568,9.515059,0.097738,-0.080634,-0.007330,-0.130409,0.626920,9.9122677,0.089186,-0.019548,-0.004887
-0.186640,0.173480,9.773483,-0.036652,-0.131947,0.009774,-0.017946,0.453440,9.8500547,0.106291,0.007330,-0.013439
0.017946,-0.046660,9.676576,-0.058643,-0.140499,0.006109,-0.211765,0.556331,10.0498552,0.030543,-0.031765,0.015882
-0.337388,0.421137,10.088140,0.087965,-0.070860,0.012217,-0.525225,0.251246,10.3393869,0.151495,0.064752,0.035430
-0.412762,0.417548,10.146765,0.048869,-0.065973,0.007330,-0.525225,0.251246,10.3393869,0.151495,0.064752,0.035430
-0.165105,0.098106,9.901500,0.045204,-0.069639,-0.002443,-0.262014,0.854238,10.1994076,-0.020769,-0.078191,0.009774
-0.382852,0.563510,10.035498,0.051313,-0.091630,-0.001222,0.040678,0.167498,10.0043917,0.036652,-0.064752,-0.029322
-0.313460,0.308674,9.986445,0.026878,-0.101404,-0.002443,-0.118445,0.473779,9.9924278,0.068417,-0.032987,-0.013439
-0.378066,0.623330,10.331012,0.070860,-0.037874,-0.001222,-0.118445,0.473779,9.9924278,0.068417,-0.032987,-0.013439
0.071785,-0.003589,9.779467,0.032987,-0.086743,0.001222,-0.320638,1.293321,10.3298159,0.056200,-0.017104,0.004887
-0.179462,0.010768,9.724432,-0.009774,-0.113621,0.004887,-0.250050,0.781257,10.1623182,0.057421,-0.037874,-0.003665
-0.236889,0.198604,10.015160,0.031765,-0.081856,-0.024435,-0.177069,0.696311,10.1324072,0.069639,-0.013439,-0.040317
-0.226122,0.267996,9.860823,-0.002443,-0.128282,0.000000,-0.177069,0.696311,10.1324072,0.069639,-0.013439,-0.040317
-0.056231,-0.102891,9.750751,0.037874,-0.084299,0.009774,-0.445065,0.697508,10.1312122,-0.014661,-0.090408,-0.003665
-0.211765,0.563510,10.095320,-0.036652,-0.149051,0.037874,-0.145962,0.722632,10.0869446,0.101404,-0.001222,0.025656
-0.074178,-0.014357,9.824929,0.107512,-0.039095,-0.003665,0.196211,0.421137,9.9026966,0.063530,-0.018326,-0.010996
-0.058624,0.078963,9.730413,0.035430,-0.094073,0.006109,0.196211,0.421137,9.9026966,0.063530,-0.018326,-0.010996
-0.074178,0.027517,9.586843,-0.013439,-0.098960,0.019548,-0.074178,0.624527,9.9900341,0.041539,-0.035430,0.003665
-0.293121,0.101695,9.984053,0.009774,-0.091630,0.003665,-0.071785,0.398405,9.9361963,0.030543,-0.024435,-0.004887
-0.380459,0.248854,10.064212,0.035430,-0.029322,0.050091,0.333799,0.356531,9.5617189,-0.002443,-0.021991,0.006109
-0.096909,-0.132802,9.710074,-0.030543,-0.076969,0.001222,0.333799,0.356531,9.5617189,-0.002443,-0.021991,0.006109
-0.166301,0.332602,11.205588,0.162490,-0.103847,-0.003665,-0.108873,0.266800,9.7998047,-0.003665,-0.039095,-0.007330
-0.356531,-0.128016,10.572686,0.035430,-0.056200,-0.007330,-0.128016,0.418744,9.9433746,0.019548,-0.051313,0.006109
0.084945,-0.485743,9.542577,0.091630,-0.029322,-0.014661,0.096909,1.609173,10.5403843,0.035430,0.036652,-0.052534
0.005982,0.424726,9.799805,0.097738,-0.042761,-0.150273,0.096909,1.609173,10.5403843,0.035430,0.036652,-0.052534
0.145962,0.690329,9.985249,0.007330,-0.051313,-0.032987,-0.195015,1.816152,9.8333044,0.133169,0.014661,-0.125838
-0.252443,0.123230,9.718450,0.019548,-0.086743,0.021991,-0.552742,1.098306,10.5344009,-0.003665,-0.053756,0.015882
-0.457029,0.672383,10.083356,-0.025656,-0.130725,0.013439,-0.419940,0.943969,10.1826572,0.059865,-0.020769,-0.008552
-0.165105,0.540778,9.426525,0.086743,-0.083078,0.045204,-0.419940,0.943969,10.1826572,0.059865,-0.020769,-0.008552
-0.059821,0.070588,9.720841,-0.015882,-0.130725,0.032987,-0.396012,0.332602,10.1623182,0.008552,-0.047647,0.015882
-0.218943,0.308674,9.988838,0.045204,-0.079412,0.004887,-0.114855,0.445065,9.8309116,0.032987,-0.037874,0.006109
-0.252443,0.228515,9.926625,0.029322,-0.083078,0.004887,-0.204586,0.556331,9.9684992,0.037874,-0.040317,0.000000
-0.224925,0.227318,9.866805,0.028100,-0.089186,0.003665,-0.204586,0.556331,9.9684992,0.037874,-0.040317,0.000000
-0.191426,0.208176,9.812965,0.026878,-0.090408,0.003665,-0.180658,0.599402,9.9649105,0.026878,-0.046426,0.000000
-0.265603,-0.112463,9.789038,0.014661,-0.081856,0.003665,-0.139980,0.553938,9.9098749,0.024435,-0.045204,-0.001222
-0.527617,-0.107677,9.439686,0.188146,0.007330,-0.050091,-0.156730,0.562313,10.3070841,0.097738,-0.001222,-0.036652
-0.731007,1.696511,9.284152,0.157603,-0.032987,-0.168599,-0.156730,0.562313,10.3070841,0.097738,-0.001222,-0.036652
-0.367298,0.074178,9.696914,0.050091,-0.091630,-0.092852,-0.635294,1.470389,9.7770729,0.094073,-0.015882,-0.166155
-0.340977,1.607977,9.466007,0.065973,-0.086743,-0.108734,-0.357727,1.372284,9.9242315,0.072082,-0.025656,-0.043982
-0.324227,-0.526421,9.754342,0.023213,-0.111177,-0.200364,-0.680758,0.116052,9.9290180,-0.012217,-0.072082,-0.059865
-0.032303,1.024128,9.689735,0.068417,-0.097738,-0.461814,-0.680758,0.116052,9.9290180,-0.012217,-0.072082,-0.059865
-0.400798,0.460618,9.980463,-0.069639,-0.131947,0.043982,-0.123230,1.616352,10.1419783,0.068417,-0.048869,-0.331089
-0.567099,0.119641,9.933803,0.050091,-0.067195,0.013439,-0.550349,0.736989,9.6466646,-0.034208,-0.079412,0.046426
-0.326620,0.050249,9.783055,-0.006109,-0.109956,0.018326,-0.468993,1.026521,9.9074821,0.001222,-0.063530,0.007330
-0.508475,0.494118,9.761520,-0.010996,-0.102625,0.003665,-0.468993,1.026521,9.9074821,0.001222,-0.063530,0.007330
-0.510868,1.052842,9.895518,-0.039095,-0.101404,0.083078,-0.400798,0.833899,9.8153582,0.004887,-0.058643,-0.002443
-0.725025,0.904487,9.366704,-0.090408,-0.160047,0.032987,-0.032303,0.379262,10.6540432,-0.042761,-0.059865,0.056200
-0.084945,0.178265,9.816555,-0.070860,-0.147829,0.040317,-0.368495,0.652044,10.0666056,-0.057421,-0.105069,0.025656
-0.145962,-0.025125,9.865608,-0.217468,-0.309098,0.057421,-0.368495,0.652044,10.0666056,-0.057421,-0.105069,0.025656
-0.815953,-0.971486,11.408978,0.828333,0.449597,-0.196699,0.052642,0.177069,9.7507515,-0.153938,-0.245568,0.035430
-0.317049,0.423530,9.824929,0.018326,-0.064752,0.007330,0.013161,1.659423,9.5377913,0.197920,-0.012217,-0.089186
-0.198604,0.086142,9.437292,0.015882,-0.083078,0.000000,-0.220140,0.610170,9.9026966,0.012217,-0.042761,0.007330
-0.289532,0.222532,10.074981,0.013439,-0.086743,0.012217,-0.220140,0.610170,9.9026966,0.012217,-0.042761,0.007330
-0.291924,0.211765,9.747163,0.051313,-0.068417,0.002443,-0.187837,0.827917,9.9804630,0.024435,-0.048869,0.018326
-0.397209,-0.007178,9.631111,0.237016,0.024435,-0.097738,-0.129212,0.969093,10.4566345,0.111177,-0.008552,-0.024435
-0.569492,0.720240,10.286745,0.020769,-0.064752,-0.012217,0.448654,1.511068,10.1587286,0.151495,0.014661,-0.068417
0.154337,1.576870,9.198010,0.152716,-0.003665,-0.043982,0.448654,1.511068,10.1587286,0.151495,0.014661,-0.068417
-0.610170,0.058624,10.011570,0.070860,0.004887,-0.070860,-0.514457,0.524028,10.1958160,-0.073304,-0.064752,-0.068417
-0.539581,0.510868,10.024731,0.041539,-0.067195,-0.026878,-0.497707,1.237089,10.0450697,0.015882,-0.001222,-0.010996
-0.530010,0.732204,9.817752,0.054978,-0.072082,-0.015882,-0.480957,0.772882,9.8703938,0.069639,-0.007330,-0.029322
-0.544367,0.412762,9.769895,0.081856,-0.094073,-0.063530,-0.480957,0.772882,9.8703938,0.069639,-0.007330,-0.029322
-0.492921,0.957129,9.873982,0.080634,-0.076969,-0.152716,-0.557528,1.101895,9.9517498,0.042761,-0.052534,-0.120951
-0.589831,0.690329,9.936196,-0.036652,-0.102625,0.004887,-0.425922,1.259821,9.9421778,0.046426,-0.041539,-0.063530
-0.567099,0.311067,9.906286,0.059865,-0.078191,-0.041539,-0.630509,0.661615,9.8919287,0.040317,-0.034208,-0.017104
-0.697508,1.100698,9.869197,-0.017104,-0.092852,-0.012217,-0.630509,0.661615,9.8919287,0.040317,-0.034208,-0.017104
-0.591027,0.681954,9.949356,0.045204,-0.094073,0.001222,-0.491725,1.116252,10.0127668,-0.059865,-0.062308,0.008552
2.042274,2.630909,7.901100,0.237016,-0.117286,0.000000,-3.145365,-0.214158,9.4289179,-0.081856,-0.048869,0.037874
-0.331406,0.362513,10.149158,0.078191,-0.023213,0.028100,-0.619741,0.346959,9.6095753,-0.037874,-0.056200,-0.001222
-0.556331,0.443869,9.716057,0.030543,-0.081856,0.034208,-0.619741,0.346959,9.6095753,-0.037874,-0.056200,-0.001222
-0.558724,0.483350,9.690931,0.018326,-0.078191,0.004887,-0.558724,0.802792,9.8691969,0.021991,-0.032987,0.006109
-0.564706,0.588634,9.562916,0.031765,-0.100182,-0.008552,-0.628116,0.943969,10.0211420,0.030543,-0.046426,-0.003665
-0.664008,0.732204,10.088140,-0.029322,-0.123395,-0.008552,-0.612563,1.381855,9.6562357,0.018326,-0.036652,0.015882
-0.573081,0.452244,9.911071,0.004887,-0.097738,0.004887,-0.612563,1.381855,9.6562357,0.018326,-0.036652,0.015882
-0.573081,0.461815,9.827323,0.020769,-0.089186,0.003665,-0.510868,0.803988,9.8608227,0.009774,-0.053756,0.002443
-0.563510,0.434297,9.832108,0.025656,-0.085521,0.003665,-0.501296,0.764507,9.9661064,0.021991,-0.043982,-0.001222
-0.540778,0.425922,9.824929,0.024435,-0.087965,0.003665,-0.525225,0.784846,9.9314098,0.021991,-0.045204,-0.001222
-0.600598,0.429512,9.900304,0.020769,-0.089186,0.003665,-0.525225,0.784846,9.9314098,0.021991,-0.045204,-0.001222
-0.631705,0.465404,9.895518,0.030543,-0.086743,0.003665,-0.544367,0.782453,9.9565353,0.020769,-0.046426,0.000000
-0.626920,0.449851,9.847662,0.025656,-0.091630,0.003665,-0.576670,0.806381,9.9445715,0.024435,-0.045204,-0.001222
-0.592224,0.434297,9.857233,0.023213,-0.091630,0.003665,-0.567099,0.805185,9.9266253,0.021991,-0.048869,-0.001222
-0.591027,0.424726,9.876375,0.021991,-0.092852,0.003665,-0.567099,0.805185,9.9266253,0.021991,-0.048869,-0.001222
-0.534796,0.497707,9.790234,0.028100,-0.089186,0.004887,-0.528814,0.772882,9.9338026,0.021991,-0.050091,0.000000
-0.569492,0.448654,9.887143,0.025656,-0.086743,0.003665,-0.520439,0.719043,9.8572330,0.023213,-0.040317,-0.001222
-0.608973,0.437887,9.841680,0.024435,-0.086743,0.003665,-0.561117,0.805185,9.9433746,0.026878,-0.041539,-0.001222
-0.570688,0.434297,9.839287,0.020769,-0.091630,0.003665,-0.561117,0.805185,9.9433746,0.026878,-0.041539,-0.001222
-0.549153,0.433101,9.851251,0.024435,-0.091630,0.003665,-0.582652,0.764507,9.9026966,0.023213,-0.043982,-0.001222
-0.553938,0.424726,9.914661,0.023213,-0.090408,0.003665,-0.502493,0.800399,9.9122677,0.021991,-0.047647,0.000000
-0.547956,0.443869,9.842876,0.026878,-0.086743,0.003665,-0.518046,0.814756,9.8715897,0.026878,-0.043982,-0.001222
-0.592224,0.428315,9.865608,0.026878,-0.084299,0.002443,-0.518046,0.814756,9.8715897,0.026878,-0.043982,-0.001222
-0.594616,0.455833,9.846465,0.029322,-0.086743,0.002443,-0.558724,0.792024,9.9696960,0.026878,-0.041539,-0.002443
-0.611366,0.431904,9.858430,0.024435,-0.094073,0.003665,-0.579063,0.799203,9.9302139,0.025656,-0.046426,-0.001222
-0.587438,0.424726,9.847662,0.020769,-0.096517,0.003665,-0.570688,0.799203,9.9194460,0.020769,-0.052534,-0.001222
-0.571885,0.427119,9.871590,0.023213,-0.094073,0.003665,-0.570688,0.799203,9.9194460,0.020769,-0.052534,-0.001222
-0.556331,0.429512,9.811769,0.025656,-0.087965,0.003665,-0.516850,0.780060,9.9517498,0.023213,-0.048869,-0.001222
-0.583849,0.434297,9.862019,0.030543,-0.083078,0.002443,-0.559921,0.809970,9.9278212,0.026878,-0.040317,-0.001222
-0.624527,0.448654,9.853643,0.024435,-0.087965,0.003665,-0.582652,0.812363,9.9302139,0.028100,-0.042761,-0.001222
-0.610170,0.452244,9.876375,0.021991,-0.094073,0.003665,-0.582652,0.812363,9.9302139,0.028100,-0.042761,-0.001222
-0.568295,0.412762,9.857233,0.024435,-0.092852,0.004887,-0.569492,0.805185,9.9457674,0.021991,-0.050091,0.000000
-0.532403,0.399601,9.935000,0.025656,-0.087965,0.003665,-0.502493,0.753739,9.9409819,0.023213,-0.047647,-0.001222
-0.557528,0.392423,9.844072,0.029322,-0.081856,0.002443,-0.482154,0.758525,9.8560362,0.028100,-0.041539,0.000000
-0.632902,0.454636,9.938589,0.031765,-0.080634,0.003665,-0.482154,0.758525,9.8560362,0.028100,-0.041539,0.000000
-0.653241,0.461815,9.870394,0.028100,-0.086743,0.003665,-0.577867,0.798006,9.9290180,0.026878,-0.039095,-0.002443
-0.613759,0.476172,9.804591,0.024435,-0.095295,0.003665,-0.631705,0.847059,9.9481602,0.021991,-0.048869,0.000000
-0.567099,0.441476,9.858430,0.020769,-0.097738,0.003665,-0.540778,0.805185,9.9541426,0.019548,-0.053756,0.000000
-0.555135,0.428315,9.889536,0.026878,-0.091630,0.003665,-0.540778,0.805185,9.9541426,0.019548,-0.053756,0.000000
-0.558724,0.309871,10.059426,0.031765,-0.094073,0.000000,-0.551546,0.777667,9.9134645,0.025656,-0.047647,0.000000
-0.571885,0.370888,9.823733,0.015882,-0.087965,0.006109,-0.614955,0.888934,9.9409819,0.036652,-0.037874,0.008552
-0.496511,0.319442,10.128819,0.028100,-0.091630,0.006109,-0.597009,0.782453,10.0247307,0.045204,-0.036652,-0.001222
-0.599402,0.502493,9.638290,-0.010996,-0.124617,-0.001222,-0.597009,0.782453,10.0247307,0.045204,-0.036652,-0.001222
-0.545564,0.302692,9.894321,0.039095,-0.069639,0.004887,-0.531207,0.940379,9.8691969,-0.031765,-0.058643,0.019548
-0.501296,0.293121,9.698111,0.010996,-0.091630,0.006109,-0.549153,0.912862,9.9732847,0.006109,-0.047647,-0.001222
-0.522832,0.325424,9.890733,0.025656,-0.085521,0.001222,-0.538385,0.753739,9.9086790,0.024435,-0.042761,-0.006109
-0.567099,0.305085,9.962517,0.002443,-0.095295,0.006109,-0.538385,0.753739,9.9086790,0.024435,-0.042761,-0.006109
-0.647258,0.238086,10.003196,-0.021991,-0.108734,-0.006109,-0.567099,0.716650,9.9254284,0.018326,-0.050091,-0.001222
-0.527617,-0.116052,10.112069,-0.039095,-0.047647,-0.007330,-0.967897,0.920040,9.8691969,0.083078,-0.036652,-0.014661
-0.896112,1.141376,10.766506,0.026878,-0.078191,0.024435,-0.741775,0.289532,9.4360952,0.003665,-0.048869,-0.014661
-0.486939,0.431904,9.771091,0.003665,-0.103847,0.008552,-0.528814,0.838684,9.8572330,0.024435,-0.059865,-0.001222
-0.650848,0.248854,9.826126,0.048869,-0.102625,0.006109,-0.528814,0.838684,9.8572330,0.024435,-0.059865,-0.001222
-0.613759,0.153141,9.899107,0.063530,-0.125838,0.000000,-0.695115,0.744168,9.7806635,0.054978,-0.047647,0.002443
-0.497707,0.311067,9.881161,0.092852,-0.091630,-0.013439,-0.599402,0.897308,10.0103731,0.109956,-0.058643,-0.008552
-0.576670,0.423530,9.877572,0.035430,-0.095295,-0.008552,-0.545564,0.888934,9.8835545,0.053756,-0.048869,-0.014661
-0.604188,0.513260,9.924232,0.036652,-0.080634,0.003665,-0.545564,0.888934,9.8835545,0.053756,-0.048869,-0.014661
-0.538385,0.552742,9.675379,0.025656,-0.089186,0.006109,-0.600598,0.902094,9.9661064,0.019548,-0.043982,0.001222
-0.461815,0.229711,10.009178,-0.146608,-0.032987,0.026878,-0.643669,0.815953,9.9541426,-0.167377,-0.018326,0.026878
-1.265803,0.954736,9.956535,0.020769,-0.133169,0.037874,-0.516850,0.687937,9.9888382,0.019548,-0.073304,0.013439
-0.571885,0.357727,9.915856,0.017104,-0.101404,0.123395,-0.516850,0.687937,9.9888382,0.019548,-0.073304,0.013439
-0.362513,0.177069,9.912268,0.020769,-0.097738,0.180816,-0.324227,0.331406,9.8847504,0.015882,-0.047647,0.102625
