AccelX1, AccelY1, AccelZ1, GyroX1, GyroY1, GyroZ1, AccelX2, AccelY2, AccelZ2, GyroX2, GyroY2, GyroZ2
-0.342174,0.480957,10.254441,-0.089186,-0.144164,-0.009774,-0.391227,0.927219,10.2819586,-0.085521,-0.105069,-0.015882
0.160319,-0.278764,9.628718,-0.081856,-0.122173,-0.001222,-0.391227,0.927219,10.2819586,-0.085521,-0.105069,-0.015882
-0.558724,0.425922,9.945767,0.020769,-0.128282,0.006109,-0.522832,0.851845,10.2604227,0.020769,-0.087965,0.002443
0.163908,-0.659223,9.343972,0.174707,-0.017104,0.010996,-0.522832,0.851845,10.2604227,0.020769,-0.087965,0.002443
-0.160319,0.299103,9.784252,0.030543,-0.072082,-0.010996,-0.223729,0.881755,10.3776722,0.241903,0.098960,-0.003665
-0.288335,0.135194,9.769895,0.057421,-0.064752,0.001222,0.063410,0.661615,9.3810616,0.002443,-0.058643,-0.004887
-0.271585,-0.086142,9.781858,-0.009774,-0.103847,-0.006109,-0.244068,0.678365,9.8165550,-0.023213,-0.097738,-0.004887
-0.544367,0.807578,10.214960,-0.047647,-0.140499,0.007330,-0.244068,0.678365,9.8165550,-0.023213,-0.097738,-0.004887
-0.354138,-0.028714,9.698111,0.037874,-0.073304,0.000000,-0.214158,0.631705,10.0331059,-0.072082,-0.117286,-0.001222
-0.311067,0.183051,9.799805,0.058643,-0.070860,0.000000,-0.619741,0.720240,9.6897354,0.064752,-0.025656,-0.003665
-0.098106,0.254836,9.783055,-0.061087,-0.135612,0.001222,0.053839,1.039681,9.8967152,-0.042761,-0.108734,-0.001222
-0.368495,0.518046,10.168301,0.040317,-0.090408,0.002443,0.053839,1.039681,9.8967152,-0.042761,-0.108734,-0.001222
-0.302692,0.466600,10.037891,0.062308,-0.068417,0.000000,-0.690329,0.948754,9.9804630,0.004887,-0.072082,-0.003665
-0.799203,0.391227,9.844072,0.009774,-0.097738,-0.018326,-0.130409,0.760918,10.0366945,0.034208,-0.047647,-0.003665
-0.062213,0.593420,9.735199,0.048869,-0.017104,-0.050091,-0.509671,0.917647,9.8799648,0.074526,-0.043982,-0.002443
2.367698,0.139980,10.474581,-0.237016,-0.453262,0.103847,-0.509671,0.917647,9.8799648,0.074526,-0.043982,-0.002443
-0.285942,0.306281,10.127622,0.171042,0.031765,-0.003665,0.317049,0.451047,8.7134638,-0.133169,-0.072082,-0.021991
-0.831506,-0.550349,10.931610,-0.034208,0.048869,0.034208,-0.993021,1.244268,10.3884401,0.080634,-0.024435,0.000000
-0.293121,0.278764,9.811769,0.141721,-0.042761,0.006109,-0.050249,-0.160319,9.7232351,0.041539,-0.026878,0.008552
-0.309871,-0.044267,9.882358,-0.029322,-0.124617,0.002443,-0.050249,-0.160319,9.7232351,0.041539,-0.026878,0.008552
-0.363709,0.245264,9.866805,0.138056,0.000000,0.009774,-0.315853,0.725025,10.0402842,-0.042761,-0.095295,-0.007330
-0.665205,0.485743,10.146765,0.059865,-0.045204,0.002443,0.049053,0.614955,9.8440723,-0.036652,-0.106291,-0.009774
-0.644866,0.905683,9.364311,0.014661,-0.117286,-0.039095,0.032303,0.734596,10.1790676,-0.149051,-0.257785,-0.003665
-0.519243,0.205783,10.171889,0.080634,-0.043982,0.018326,0.032303,0.734596,10.1790676,-0.149051,-0.257785,-0.003665
-0.272782,0.417548,10.024731,0.034208,-0.102625,0.003665,-0.905683,1.141376,9.9385891,0.117286,-0.029322,0.021991
0.313460,0.179462,9.609575,-0.009774,-0.072082,0.001222,-0.641276,0.827917,9.8237333,0.030543,-0.052534,-0.002443
-0.754936,0.257228,9.835698,-0.012217,-0.129503,-0.001222,-0.368495,0.311067,10.0857468,0.035430,-0.130725,0.001222
-0.595813,0.300299,9.929018,0.052534,-0.062308,-0.002443,-0.368495,0.311067,10.0857468,0.035430,-0.130725,0.001222
-0.381655,0.782453,10.222138,0.057421,-0.061087,-0.004887,-0.142373,0.910469,9.9888382,0.064752,-0.032987,0.001222
-0.145962,0.172283,9.729217,0.058643,-0.070860,0.001222,-0.465404,0.770489,9.8165550,-0.047647,-0.097738,-0.003665
-0.349352,-0.148355,9.644272,-0.002443,-0.106291,0.001222,-0.538385,0.935594,9.8117695,0.018326,-0.057421,-0.001222
-0.391227,0.539581,10.194621,0.046426,-0.072082,-0.002443,-0.538385,0.935594,9.8117695,0.018326,-0.057421,-0.001222
-0.324227,-0.187837,9.432507,0.008552,-0.107512,0.000000,-0.063410,0.880559,9.9684992,0.054978,-0.034208,-0.003665
-0.465404,0.433101,10.185050,0.029322,-0.076969,-0.001222,-0.667598,0.285942,9.7280207,0.024435,-0.051313,-0.002443
-0.266800,0.334995,10.083356,0.010996,-0.097738,0.000000,-0.698704,0.357727,9.7555380,0.018326,-0.054978,-0.007330
-0.410369,-0.092124,9.336794,-0.039095,-0.130725,0.000000,-0.698704,0.357727,9.7555380,0.018326,-0.054978,-0.007330
-0.293121,0.205783,9.755538,-0.026878,-0.118508,0.001222,0.142373,0.881755,10.1982098,-0.029322,-0.083078,-0.006109
-0.361316,0.200997,10.124033,-0.017104,-0.122173,0.014661,-0.051446,0.591027,9.8021984,-0.013439,-0.064752,-0.003665
-0.106481,-0.245264,9.586843,0.045204,-0.073304,-0.001222,-0.616152,0.200997,9.8847504,-0.019548,-0.078191,0.010996
-0.403191,0.238086,9.966106,0.048869,-0.073304,-0.004887,-0.616152,0.200997,9.8847504,-0.019548,-0.078191,0.010996
-0.315853,0.184247,9.899107,0.076969,-0.050091,-0.012217,-0.337388,0.393619,9.8500547,0.018326,-0.042761,-0.009774
-0.521635,0.835095,10.417153,0.072082,-0.078191,-0.003665,-0.716650,0.162712,9.5018988,0.068417,0.000000,-0.014661
-0.334995,-0.430708,9.233902,0.013439,-0.102625,0.012217,0.025125,0.696311,10.1132650,-0.039095,-0.094073,0.009774
-0.303888,0.539581,10.303495,-0.043982,-0.140499,0.021991,0.025125,0.696311,10.1132650,-0.039095,-0.094073,0.009774
-0.058624,-0.654437,9.152547,0.006109,-0.095295,0.003665,-0.449851,0.336192,9.6705923,-0.075747,-0.114843,0.023213
-0.881755,0.508475,10.423136,-0.119730,-0.161268,0.039095,0.167498,0.903291,10.6037941,0.298102,0.129503,0.001222
-0.230907,-0.135194,9.785448,0.056200,-0.056200,0.006109,-0.215354,0.379262,9.5222378,0.034208,-0.039095,0.012217
-0.356531,0.061017,9.653843,0.003665,-0.097738,0.007330,-0.215354,0.379262,9.5222378,0.034208,-0.039095,0.012217
-0.235693,0.214158,10.170693,0.087965,-0.046426,0.001222,0.168694,0.464208,10.6672029,0.020769,-0.045204,0.006109
-0.516850,-0.262014,9.617950,-0.010996,-0.116064,0.009774,-0.345763,0.503689,10.0343018,0.074526,-0.007330,0.018326
-0.506082,0.839881,10.098908,0.061087,-0.112399,0.014661,-0.348156,1.115055,10.7186499,0.100182,-0.009774,-0.010996
-0.295514,-0.039482,10.029516,-0.032987,-0.156382,0.013439,-0.348156,1.115055,10.7186499,0.100182,-0.009774,-0.010996
-0.110070,-0.092124,9.567701,-0.015882,-0.156382,0.003665,-0.826720,0.055035,9.4516497,-0.039095,-0.118508,0.001222
-0.104088,0.752543,10.438688,0.083078,-0.087965,0.013439,0.586242,0.669990,10.0773716,-0.032987,-0.111177,0.004887
-0.111266,-0.386441,9.351151,0.036652,-0.100182,0.004887,0.467797,0.519243,10.1300144,0.008552,-0.058643,0.000000
-0.224925,0.242872,10.320245,0.010996,-0.105069,-0.001222,0.467797,0.519243,10.1300144,0.008552,-0.058643,0.000000
-0.265603,-0.283549,10.085747,0.120951,-0.004887,-0.021991,-0.181855,0.019143,10.1407824,0.017104,-0.062308,-0.007330
-0.598206,-0.076570,10.658829,0.058643,0.013439,-0.013439,0.023928,0.099302,9.5521488,-0.052534,-0.102625,-0.001222
-0.412762,0.068195,9.852448,0.080634,-0.040317,-0.003665,-0.451047,0.206979,9.7411814,0.074526,-0.030543,0.000000
-0.217747,-0.070588,10.042677,-0.023213,-0.123395,0.002443,-0.451047,0.206979,9.7411814,0.074526,-0.030543,0.000000
-0.325424,0.095713,10.107284,0.084299,-0.051313,-0.001222,0.078963,0.413958,9.9242315,-0.015882,-0.086743,0.002443
-0.068195,-0.397209,9.410972,0.012217,-0.105069,0.003665,-0.790828,0.205783,9.8500547,0.073304,-0.021991,-0.002443
-0.418744,0.040678,9.777073,0.051313,-0.062308,-0.078191,-0.003589,0.684347,9.8021984,0.019548,-0.035430,-0.059865
-0.492921,0.102891,9.841680,0.024435,-0.097738,0.007330,-0.003589,0.684347,9.8021984,0.019548,-0.035430,-0.059865
-0.011964,-0.297906,9.390633,-0.069639,-0.156382,-0.003665,-0.107677,0.865005,10.0498552,-0.004887,-0.064752,-0.003665
-0.161516,0.680758,10.407582,0.035430,-0.089186,0.000000,0.022732,0.129212,9.9206429,0.030543,-0.075747,0.009774
-0.247657,-0.711865,10.278370,0.025656,-0.112399,0.012217,-0.238086,0.104088,9.7256279,-0.012217,-0.084299,0.000000
0.284746,-1.136591,8.681160,-0.064752,-0.157603,-0.014661,-0.238086,0.104088,9.7256279,-0.012217,-0.084299,0.000000
-0.089731,0.117248,10.313066,0.008552,-0.100182,0.004887,0.007178,0.190229,9.4049892,-0.020769,-0.084299,-0.014661
-0.155533,-0.400798,9.231510,0.084299,-0.048869,-0.003665,0.102891,0.248854,10.2448702,-0.048869,-0.094073,0.004887
-0.032303,-0.374477,9.516256,0.057421,-0.081856,0.004887,-0.522832,-0.019143,9.6023979,0.059865,-0.040317,0.001222
-0.315853,0.809970,10.295120,0.224798,0.056200,-0.007330,-0.522832,-0.019143,9.6023979,0.059865,-0.040317,0.001222
-0.406780,0.494118,10.411172,-0.015882,-0.120951,0.000000,-0.563510,0.167498,10.1766748,0.182038,0.074526,-0.006109
-0.177069,-0.861416,9.492327,0.043982,-0.074526,0.002443,0.066999,0.894916,9.8823576,-0.019548,-0.085521,-0.004887
-0.099302,0.181855,10.121639,0.025656,-0.090408,0.002443,-0.719043,0.222532,9.9385891,0.042761,-0.036652,-0.004887
-0.458226,0.416351,10.331012,0.048869,-0.069639,-0.003665,-0.719043,0.222532,9.9385891,0.042761,-0.036652,-0.004887
-0.174676,-0.819542,9.207582,0.025656,-0.087965,0.009774,-0.701097,-0.193819,9.8440723,0.047647,-0.031765,-0.001222
-0.178265,-0.817149,9.438489,0.067195,-0.064752,0.006109,0.308674,0.972682,10.1371937,0.032987,-0.042761,-0.001222
-0.228515,0.344566,10.174282,-0.017104,-0.123395,0.004887,-0.788435,0.056231,9.7758770,0.008552,-0.058643,-0.001222
-0.496511,0.412762,10.296315,0.059865,-0.064752,-0.004887,-0.788435,0.056231,9.7758770,0.008552,-0.058643,-0.001222
-0.193819,-0.564706,9.163315,-0.074526,-0.166155,0.008552,-0.916451,-0.078963,9.7639132,0.061087,-0.026878,-0.006109
0.003589,-0.184247,9.795019,0.056200,-0.067195,0.000000,0.173480,0.719043,9.8871431,-0.023213,-0.087965,0.002443
0.015553,0.026321,9.616754,0.233351,0.061087,-0.009774,-0.512064,-0.015553,9.7268238,0.147829,0.053756,-0.015882
-0.416351,0.471386,10.577473,0.000000,-0.091630,0.003665,-0.512064,-0.015553,9.7268238,0.147829,0.053756,-0.015882
-0.573081,0.044267,9.789038,-0.025656,-0.142942,-0.006109,-0.784846,0.144766,9.5054884,-0.008552,-0.065973,0.003665
-0.155533,-0.090927,9.424131,-0.083078,-0.184481,0.008552,0.076570,0.898505,10.0486584,-0.053756,-0.106291,0.000000
-0.203390,0.537189,10.401600,-0.010996,-0.124617,-0.001222,0.323031,0.982254,10.2640133,-0.025656,-0.085521,-0.007330
-0.204586,0.559921,10.316654,0.029322,-0.092852,0.000000,0.323031,0.982254,10.2640133,-0.025656,-0.085521,-0.007330
-0.288335,0.436690,10.351352,-0.056200,-0.150273,0.004887,-0.020339,0.912862,10.4135647,0.025656,-0.059865,-0.010996
-0.401994,-0.206979,9.964911,-0.078191,-0.136834,0.001222,-0.758525,-0.192622,9.3954191,0.041539,-0.040317,-0.008552
-0.221336,-0.561117,9.371490,0.116064,-0.036652,0.006109,0.309871,0.707079,9.9242315,0.111177,0.018326,0.001222
-0.074178,0.369691,10.193425,0.001222,-0.108734,0.006109,0.309871,0.707079,9.9242315,0.111177,0.018326,0.001222
-0.319442,0.715454,10.380065,0.098960,-0.041539,-0.001222,-0.189033,0.279960,9.6023979,0.020769,-0.046426,0.007330
-0.562313,0.141177,10.283155,0.084299,-0.040317,-0.001222,0.021535,0.581456,10.3956184,0.116064,0.025656,0.001222
-0.364905,-0.373280,9.317652,0.045204,-0.079412,0.002443,-0.829113,0.145962,9.2709913,0.043982,-0.039095,0.004887
-0.296710,-0.260818,9.213564,0.026878,-0.089186,0.001222,-0.829113,0.145962,9.2709913,0.043982,-0.039095,0.004887
-0.728615,0.851845,10.264013,0.069639,-0.057421,0.008552,-0.544367,0.203390,9.3690977,0.042761,-0.042761,0.002443
-0.233300,0.392423,9.773483,0.106291,-0.039095,-0.003665,-0.380459,0.107677,9.2997055,-0.045204,-0.094073,0.001222
-0.380459,0.555135,10.482956,-0.124617,-0.211359,-0.007330,0.099302,1.194019,10.5439739,-0.084299,-0.141721,-0.003665
-0.346959,-0.177069,9.935000,0.102625,-0.028100,-0.006109,0.099302,1.194019,10.5439739,-0.084299,-0.141721,-0.003665
-0.393619,-0.440279,9.129814,-0.010996,-0.123395,0.003665,-0.135194,0.947558,10.5056877,0.098960,0.004887,-0.010996
-0.155533,0.343370,9.650254,0.058643,-0.072082,0.002443,-0.926022,-0.173480,9.4169540,0.006109,-0.067195,0.000000
-0.331406,0.271585,9.492327,-0.037874,-0.156382,-0.001222,-0.029910,1.008575,9.9924278,0.023213,-0.046426,0.012217
-0.069392,-0.098106,10.185050,-0.193033,-0.237016,0.010996,-0.029910,1.008575,9.9924278,0.023213,-0.046426,0.012217
-0.630509,0.691526,11.179268,0.191812,0.057421,-0.018326,0.008375,-0.591027,9.0532446,-0.062308,-0.100182,0.000000
-0.218943,-0.005982,10.407582,-0.197920,-0.222355,0.007330,-0.132802,1.186840,10.1479597,-0.036652,-0.087965,-0.004887
-0.507278,-0.400798,9.632308,-0.018326,-0.117286,0.000000,-0.463011,0.576670,10.4781704,0.006109,-0.029322,0.015882
-0.285942,-0.373280,9.869197,-0.062308,-0.120951,0.001222,-0.463011,0.576670,10.4781704,0.006109,-0.029322,0.015882
-0.270389,-0.556331,9.455239,0.098960,-0.015882,-0.003665,-0.190229,0.466600,9.5952187,-0.051313,-0.083078,-0.013439
-0.214158,-0.623330,9.628718,0.175929,-0.021991,-0.008552,0.290728,0.671187,10.2364950,0.147829,0.001222,-0.010996
-0.068195,-0.232104,9.395419,-0.001222,-0.113621,0.001222,-0.396012,0.171087,10.2520475,0.002443,-0.075747,-0.003665
-0.421137,0.850649,10.377672,0.065973,-0.053756,-0.003665,-0.396012,0.171087,10.2520475,0.002443,-0.075747,-0.003665
-0.160319,0.052642,9.649057,-0.032987,-0.146608,0.009774,-0.552742,0.472582,10.5355988,0.007330,-0.054978,-0.002443
-0.334995,0.748953,10.325029,0.048869,-0.067195,-0.003665,-0.722632,-0.398405,9.7232351,0.007330,-0.065973,0.008552
-0.433101,1.063610,10.764113,0.017104,-0.087965,-0.003665,0.184247,0.996611,9.9014997,0.052534,-0.036652,0.007330
-0.381655,-0.020339,9.949356,-0.019548,-0.114843,0.001222,0.184247,0.996611,9.9014997,0.052534,-0.036652,0.007330
-0.434297,-0.661615,9.310472,0.107512,-0.040317,-0.006109,-0.875773,-0.295514,9.6490574,-0.025656,-0.090408,0.006109
-0.519243,-0.145962,9.973285,-0.031765,-0.140499,0.004887,-0.055035,0.766900,9.7531452,0.025656,-0.051313,-0.009774
-0.211765,-0.479761,9.305688,-0.029322,-0.135612,0.010996,0.412762,0.996611,10.4339037,-0.026878,-0.083078,0.000000
-0.037089,-0.593420,9.322437,-0.056200,-0.157603,0.002443,0.412762,0.996611,10.4339037,-0.026878,-0.083078,0.000000
-0.046660,-0.228515,9.446864,0.007330,-0.108734,-0.015882,0.339781,0.399601,10.0008030,-0.037874,-0.100182,-0.008552
-0.035892,-0.137587,10.502099,-0.015882,-0.112399,-0.287107,0.087338,0.808774,10.6540432,0.013439,-0.073304,-0.141721
0.088534,-0.159123,9.705289,-0.021991,-0.111177,0.052534,-0.108873,0.562313,10.3836546,0.014661,-0.035430,0.015882
-0.163908,0.831506,10.564313,0.139277,-0.031765,-0.014661,-0.108873,0.562313,10.3836546,0.014661,-0.035430,0.015882
-0.189033,0.198604,10.351352,0.020769,-0.097738,-0.009774,-0.193819,0.671187,10.2161570,0.111177,-0.001222,-0.012217
-0.387637,-0.308674,10.060623,0.031765,-0.070860,0.006109,-0.867398,-0.405583,9.6753788,0.075747,0.000000,-0.003665
-0.246461,-1.119841,9.426525,0.091630,-0.029322,-0.009774,-0.039482,0.175872,9.8057871,0.065973,-0.023213,0.002443
-0.301496,-0.346959,9.773483,0.013439,-0.102625,0.001222,-0.039482,0.175872,9.8057871,0.065973,-0.023213,0.002443
-0.162712,-1.024128,9.121439,0.054978,-0.068417,0.003665,-0.966700,-0.528814,9.8883400,-0.003665,-0.068417,0.001222
-0.273978,-0.717847,9.262616,0.023213,-0.092852,0.007330,-0.460618,0.026321,9.7387877,0.046426,-0.030543,0.001222
-0.138784,-0.302692,9.323634,0.042761,-0.075747,0.004887,0.285942,1.121037,9.6789675,0.036652,-0.037874,-0.002443
-0.089731,0.166301,9.918250,0.028100,-0.090408,0.003665,0.285942,1.121037,9.6789675,0.036652,-0.037874,-0.002443
-0.080160,-0.808774,9.125030,0.035430,-0.084299,0.001222,0.026321,0.531207,9.6382904,0.025656,-0.047647,0.001222
-0.112463,-0.561117,9.229117,0.029322,-0.090408,0.004887,-0.464208,-0.228515,9.8033943,0.023213,-0.051313,0.002443
-0.301496,0.136391,9.567701,0.035430,-0.089186,0.003665,0.254836,0.605384,9.6981106,0.032987,-0.045204,-0.001222
-0.242872,0.349352,9.930214,0.030543,-0.092852,0.002443,0.254836,0.605384,9.6981106,0.032987,-0.045204,-0.001222
-0.307478,0.958325,10.395618,0.029322,-0.098960,0.001222,-0.429512,-0.099302,9.7986088,0.029322,-0.053756,0.002443
-0.016750,-0.200997,9.370294,0.025656,-0.098960,-0.001222,0.159123,0.855434,9.8799648,0.020769,-0.062308,0.001222
-0.045464,0.248854,9.762717,0.023213,-0.101404,0.004887,-0.563510,0.071785,9.6275225,0.020769,-0.058643,0.002443
-0.126820,0.552742,10.158729,0.023213,-0.096517,0.002443,-0.563510,0.071785,9.6275225,0.020769,-0.058643,0.002443
-0.289532,0.851845,10.323834,0.024435,-0.095295,0.000000,-0.875773,-0.508475,9.8656082,0.023213,-0.054978,0.000000
-0.319442,1.070788,10.558331,0.017104,-0.096517,-0.001222,-0.222532,-0.031107,9.8488588,0.017104,-0.057421,0.001222
-0.215354,-0.092124,9.621540,0.029322,-0.084299,-0.002443,0.399601,0.770489,9.7854481,0.032987,-0.043982,0.000000
-0.100499,0.193819,10.034302,0.035430,-0.084299,0.004887,0.399601,0.770489,9.7854481,0.032987,-0.043982,0.000000
-0.026321,0.556331,10.152746,0.024435,-0.090408,0.002443,-0.470190,-0.190229,9.8368931,0.032987,-0.040317,0.002443
-0.199801,1.075574,10.388440,0.034208,-0.085521,0.000000,-0.969093,-0.506082,9.7686987,0.029322,-0.045204,0.002443
-0.332602,0.932004,10.461421,0.026878,-0.089186,-0.001222,-0.458226,-0.150748,9.7555380,0.023213,-0.053756,0.002443
-0.418744,0.547956,10.057034,0.031765,-0.084299,-0.002443,-0.458226,-0.150748,9.7555380,0.023213,-0.053756,0.002443
-0.239282,0.686740,10.336993,0.032987,-0.086743,0.003665,-0.971486,-0.527617,9.6012011,0.031765,-0.046426,0.002443
-0.136391,0.815953,10.150353,0.024435,-0.094073,0.001222,-0.809970,-0.168694,9.3978109,0.034208,-0.047647,0.002443
-0.210568,0.780060,10.289137,0.024435,-0.096517,0.002443,-0.756132,-0.212961,10.1802635,0.019548,-0.058643,-0.002443
-0.220140,0.485743,10.007981,0.026878,-0.087965,0.003665,-0.756132,-0.212961,10.1802635,0.019548,-0.058643,-0.002443
-0.233300,0.308674,10.057034,0.026878,-0.091630,0.003665,0.496511,1.233500,10.3286180,0.021991,-0.051313,-0.004887
-0.168694,-1.037289,9.188439,0.024435,-0.091630,0.006109,0.463011,0.772882,9.6741819,0.031765,-0.043982,-0.006109
-0.123230,-0.983450,9.020942,0.032987,-0.087965,0.004887,0.583849,1.118644,9.7124672,0.025656,-0.050091,-0.002443
-0.148355,-0.790828,9.135797,0.023213,-0.095295,0.006109,0.583849,1.118644,9.7124672,0.025656,-0.050091,-0.002443
-0.081356,-0.581456,9.402596,0.040317,-0.080634,0.007330,0.656830,1.392623,9.8680000,0.020769,-0.053756,-0.003665
-0.071785,0.015553,9.706486,0.023213,-0.096517,0.006109,0.490529,1.057628,10.0031958,0.031765,-0.047647,0.000000
-0.116052,-1.135394,9.175279,0.039095,-0.081856,0.004887,0.738186,1.189233,10.3944216,0.034208,-0.042761,-0.003665
-0.306281,-0.917647,9.142976,0.034208,-0.084299,0.003665,0.738186,1.189233,10.3944216,0.034208,-0.042761,-0.003665
-0.338584,-0.856631,9.377472,0.025656,-0.090408,0.004887,-0.126820,0.090927,9.7005033,0.034208,-0.043982,0.003665
-0.267996,-0.604188,9.692128,0.036652,-0.075747,0.003665,-0.259621,-0.046660,9.7363958,0.026878,-0.048869,0.004887
-0.314656,-0.400798,9.586843,0.021991,-0.086743,0.001222,-0.844666,-0.355334,10.1312122,0.021991,-0.048869,0.001222
-0.340977,0.979861,10.683953,0.028100,-0.078191,0.001222,-0.844666,-0.355334,10.1312122,0.021991,-0.048869,0.001222
-0.427119,1.042074,10.677971,0.036652,-0.072082,-0.002443,0.061017,0.918844,10.2281208,0.026878,-0.040317,-0.006109
-0.192622,0.666401,10.553544,0.014661,-0.091630,0.000000,-0.242872,0.390030,10.3752794,0.029322,-0.042761,-0.001222
-0.472582,0.634098,10.599008,0.035430,-0.074526,0.000000,-0.649651,-0.218943,10.1288185,0.037874,-0.034208,-0.002443
-0.366102,0.331406,10.503295,0.021991,-0.087965,-0.001222,-0.649651,-0.218943,10.1288185,0.037874,-0.034208,-0.002443
-0.210568,0.629312,10.260423,0.024435,-0.091630,0.003665,0.384048,0.780060,9.5700941,0.028100,-0.045204,-0.006109
-0.217747,0.867398,10.436296,0.043982,-0.085521,0.003665,0.580260,1.170090,9.7974119,0.012217,-0.062308,-0.001222
-0.325424,0.963111,10.321441,0.023213,-0.097738,0.002443,0.466600,1.435694,10.2125664,0.025656,-0.048869,-0.003665
-0.399601,1.251446,10.494920,0.052534,-0.086743,0.001222,0.466600,1.435694,10.2125664,0.025656,-0.048869,-0.003665
-0.305085,0.719043,10.520045,0.006109,-0.109956,0.000000,0.435494,1.171287,9.8321085,0.046426,-0.041539,-0.001222
-0.366102,0.600598,10.238889,0.039095,-0.080634,0.000000,0.483350,1.316052,9.9314098,0.020769,-0.047647,-0.002443
-0.293121,0.881755,10.296315,0.037874,-0.089186,0.001222,0.072981,1.016950,9.4109716,0.026878,-0.045204,-0.001222
-0.291924,0.971486,10.287941,0.013439,-0.102625,0.000000,0.072981,1.016950,9.4109716,0.026878,-0.045204,-0.001222
-0.361316,0.868595,10.353744,-0.001222,-0.118508,0.000000,-0.411566,0.132802,9.6251287,0.009774,-0.069639,0.000000
-0.220140,0.650848,10.345368,0.026878,-0.094073,0.000000,0.043071,0.555135,9.6442719,-0.002443,-0.076969,0.001222
-0.050249,-0.062213,9.565309,0.020769,-0.105069,0.004887,0.100499,0.735793,9.5952187,0.034208,-0.062308,-0.001222
-0.070588,-0.212961,9.363115,0.035430,-0.087965,0.004887,0.100499,0.735793,9.5952187,0.034208,-0.062308,-0.001222
-0.084945,-0.455833,9.243474,0.004887,-0.114843,0.007330,-0.014357,0.570688,10.3357983,0.015882,-0.056200,-0.003665
-0.203390,-0.400798,9.255438,0.032987,-0.074526,0.003665,-0.157926,0.303888,10.1168537,0.031765,-0.040317,-0.004887
0.001196,-0.476172,9.180064,0.036652,-0.086743,0.006109,-0.510868,0.110070,10.1898346,0.028100,-0.042761,-0.003665
-0.409173,-0.527617,9.552149,0.042761,-0.070860,0.001222,-0.510868,0.110070,10.1898346,0.028100,-0.042761,-0.003665
-0.391227,-0.697508,9.370294,0.054978,-0.069639,0.001222,0.367298,1.258625,10.1455679,0.041539,-0.035430,-0.007330
-0.306281,-0.738186,9.623933,-0.039095,-0.130725,0.003665,0.096909,1.165305,10.2376919,0.054978,-0.009774,-0.010996
-0.634098,-0.479761,9.936196,0.072082,-0.036652,-0.014661,0.430708,1.268196,9.8225374,0.078191,-0.008552,-0.003665
-0.440279,-0.413958,9.588040,0.014661,-0.090408,-0.001222,0.430708,1.268196,9.8225374,0.078191,-0.008552,-0.003665
-0.747757,0.552742,9.818948,0.025656,-0.073304,0.000000,-0.605384,-0.169890,9.8943214,-0.012217,-0.076969,0.000000
-0.349352,0.606581,9.781858,0.058643,-0.021991,0.013439,-0.358923,-0.769292,9.1657066,0.085521,0.028100,-0.023213
0.267996,-0.179462,10.429117,-0.053756,0.053756,0.538783,0.369691,-0.144766,10.6109724,0.089186,0.020769,0.414167
-0.406780,-0.324227,13.342380,-0.092852,0.008552,-0.035430,0.369691,-0.144766,10.6109724,0.089186,0.020769,0.414167
-0.845863,-1.027717,12.247663,0.223577,0.142942,-0.097738,-0.403191,-0.092124,13.2275238,-0.168599,0.072082,-0.032987
-0.750150,-0.738186,10.937592,0.492357,0.084299,-0.827111,-1.228714,-0.798006,12.3278227,0.423940,0.123395,-0.625526
-0.811167,-0.210568,11.068002,0.147829,-0.018326,-0.882089,-0.695115,-0.156730,11.7439737,0.338419,0.019548,-0.873537
-0.929612,-0.196211,9.920643,-0.232129,0.086743,-0.692721,-0.695115,-0.156730,11.7439737,0.338419,0.019548,-0.873537
-0.947558,-0.269193,8.902497,-0.442266,0.167377,-0.345750,-0.153141,0.029910,10.8801651,-0.259007,0.123395,-0.674395
-1.002593,-0.500100,8.486146,0.079412,0.343306,-0.327424,-0.971486,0.226122,7.8987079,-0.075747,0.337198,-0.218690
-0.707079,-0.102891,8.736196,0.218690,0.119730,-0.560774,-0.960718,0.367298,8.0004025,0.205251,0.157603,-0.560774
-1.113859,0.154337,8.530412,0.100182,-0.112399,-0.183260,-0.960718,0.367298,8.0004025,0.205251,0.157603,-0.560774
-1.249053,0.128016,8.772088,-0.331089,-0.389732,0.211359,-0.851845,0.448654,8.9084787,0.059865,-0.150273,-0.102625
-2.097309,0.254836,8.143971,-0.054978,-0.145386,0.248011,-1.487139,0.945165,9.2638121,-0.246790,-0.178373,0.300546
-1.749153,0.614955,7.659425,0.207694,-0.051313,-0.019548,-2.173879,0.747757,7.4045892,0.212581,0.009774,0.010996
-1.983650,1.344766,7.896315,0.588874,0.366519,0.166155,-2.173879,0.747757,7.4045892,0.212581,0.009774,0.010996
-1.831706,1.256232,7.445268,0.570548,0.496023,0.221133,-1.970490,1.629512,7.8161554,0.599870,0.442266,0.186925
-2.566302,1.752743,9.297313,0.464258,0.458149,0.309098,-2.173879,1.795813,8.8331041,0.536340,0.546114,0.301767
-2.715854,1.475175,9.214760,0.323759,0.343306,0.472810,-2.577070,2.118845,9.3032942,0.344528,0.398284,0.422719
-3.519842,1.757528,9.497113,-0.106291,0.108734,0.227242,-2.577070,2.118845,9.3032942,0.344528,0.398284,0.422719
-4.485346,2.600998,11.529816,0.146608,-1.094671,0.719599,-4.067799,2.362912,10.2771730,-0.208916,0.052534,0.118508
-3.938586,2.758924,10.762916,0.177151,-0.569326,0.338419,-4.469792,3.422933,11.4245319,0.401949,-0.856433,0.770912
-3.259024,2.547160,9.461221,-0.117286,0.204029,0.312763,-3.349952,3.241078,10.1611214,-0.168599,0.145386,0.142942
-3.378666,2.066202,8.562716,-0.186925,0.031765,0.559553,-3.349952,3.241078,10.1611214,-0.168599,0.145386,0.142942
-2.627319,1.867598,8.196614,0.000000,-0.002443,0.315206,-4.700700,2.449054,9.4480610,-0.311541,0.152716,0.324980
-3.201597,1.948954,8.315059,-0.014661,0.042761,-0.272446,-3.371487,1.724029,8.0985079,0.199142,-0.036652,0.345750
-3.799803,2.256432,8.797213,0.359189,-0.761138,-0.013439,-3.734000,2.618945,8.6955175,0.153938,-0.477697,-0.147829
-2.752943,2.072184,8.201400,0.294437,-0.309098,-0.554666,-3.734000,2.618945,8.6955175,0.153938,-0.477697,-0.147829
-3.044867,2.662015,8.927621,0.045204,0.087965,-0.817338,-3.486342,2.870191,8.2863445,0.271224,0.019548,-0.745256
-3.817749,3.378666,9.407382,-0.190590,-0.079412,-0.829555,-3.448057,3.169294,8.6512499,-0.212581,-0.021991,-0.850324
-4.789234,2.884548,9.760324,0.907746,-0.287107,0.241903,-3.637091,2.336591,7.9477601,0.868650,-0.237016,0.288328
-4.058227,2.419144,8.813962,0.274889,0.653626,-0.389732,-3.637091,2.336591,7.9477601,0.868650,-0.237016,0.288328
-3.275774,2.039881,7.989635,-0.157603,0.637743,-0.307876,-3.745964,3.383451,9.6023979,0.112399,0.744034,-0.482584
-3.761517,2.572284,9.147760,-0.213803,0.364076,-0.454484,-3.361916,3.038885,8.6524477,-0.114843,0.552222,-0.355524
-3.347559,2.689533,8.927621,-0.594983,-0.006109,-0.693943,-3.109473,3.071188,8.2624159,-0.700052,0.042761,-0.856433
-3.225525,2.568695,8.602198,0.354302,-0.333532,0.091630,-3.109473,3.071188,8.2624159,-0.700052,0.042761,-0.856433
-4.137190,2.793620,9.306884,-0.063530,-0.333532,-0.582765,-3.476772,2.642873,8.0997047,0.422719,-0.261450,0.140499
-3.409772,2.146362,8.366504,1.265713,-0.442266,0.718378,-2.480161,2.608176,7.6534433,0.052534,-0.571770,-0.401949
-3.617948,1.915455,8.295916,0.658513,-0.368963,-0.045204,-4.082156,3.041278,9.2793665,0.805120,-0.290772,0.122173
-3.909872,2.733800,9.141779,-0.535118,-0.147829,-0.769690,-4.082156,3.041278,9.2793665,0.805120,-0.290772,0.122173
-2.993421,3.054438,8.209774,-0.057421,0.064752,0.583987,-4.033103,3.232704,8.9671030,-0.692721,-0.141721,-0.772134
-3.288934,2.439483,7.637890,-0.080634,-0.172264,1.282817,-3.025724,2.464607,8.2061853,0.080634,0.180816,1.094671
-4.005585,1.872384,8.282756,-0.109956,-0.533896,1.304808,-4.158726,2.134398,8.3162556,-0.004887,-0.274889,1.481959
-4.237689,2.257628,8.891729,-0.736704,-0.422719,-0.290772,-4.158726,2.134398,8.3162556,-0.004887,-0.274889,1.481959
-3.285346,2.094916,8.209774,0.139277,0.682947,-0.576657,-4.281956,2.341377,8.5208416,-0.605978,-0.166155,-0.511905
-2.845066,2.483750,8.693125,0.431271,0.558331,-0.514349,-3.202793,2.099702,7.7575312,0.426384,0.812451,-0.559553
-3.208775,3.171686,9.693325,0.078191,0.123395,-0.288328,-3.274578,2.672783,8.8941221,0.226020,0.251676,-0.367741
-3.489932,3.293720,9.683753,-0.322537,-0.196699,0.257785,-3.274578,2.672783,8.8941221,0.226020,0.251676,-0.367741
-3.282953,2.593820,8.492128,-0.370184,-0.091630,0.478918,-2.967100,3.245864,9.8428764,-0.351858,-0.131947,0.288328
-3.556931,2.147558,8.665607,-0.224798,0.008552,0.427606,-2.699104,2.847459,8.0602236,-0.357967,-0.045204,0.475253
-3.675375,2.110470,9.580862,0.178373,-0.260229,0.156382,-4.564309,2.132005,8.6524477,0.108734,-0.146608,0.317650
-3.498307,2.524428,9.771091,0.305433,-0.434936,-0.299324,-4.564309,2.132005,8.6524477,0.108734,-0.146608,0.317650
-3.333202,2.193022,9.377472,0.408058,-0.316428,-0.379958,-2.782853,2.524428,9.5258274,0.349415,-0.416610,-0.223577
-3.019742,1.680958,8.183454,0.371406,-0.546114,-0.780686,-3.296113,2.551945,8.9431744,0.388510,-0.329867,-0.586431
-2.398805,1.753939,7.623533,-0.078191,-0.636522,-0.891863,-2.121237,2.124826,8.1020975,0.081856,-0.665843,-0.955393
-2.061417,1.591227,8.237292,-0.239459,-0.383623,0.014661,-2.121237,2.124826,8.1020975,0.081856,-0.665843,-0.955393
-2.571088,0.518046,10.450653,-1.175305,-0.353080,-0.217468,-1.799403,2.362912,8.6476612,-0.274889,-0.295659,0.025656
-2.087738,0.084945,8.648857,-0.704938,-0.401949,-0.180816,-2.514857,0.704686,9.0209417,-0.884533,-0.558331,-0.252898
-2.005185,-0.521635,9.115458,-0.511905,-0.158825,0.031765,-1.904687,-0.227318,8.9001036,-0.602313,-0.152716,0.117286
-1.265803,-1.188036,10.697113,-0.356745,-0.671952,-0.305433,-1.904687,-0.227318,8.9001036,-0.602313,-0.152716,0.117286
-1.397408,-2.642873,12.201003,-0.645074,-0.939511,-0.311541,-1.031307,-0.354138,11.2498550,-0.427606,-0.660956,-0.284663
-0.563510,-0.882952,10.455439,-0.241903,-0.350637,-1.033584,-1.159323,-2.054238,13.4488592,-0.294437,-0.874759,-0.866207
-0.206979,-1.761117,8.526823,-0.041539,0.164934,-0.967611,-0.963111,-1.446461,9.3296156,-0.018326,0.112399,-0.946841
-0.114855,-2.991028,9.069994,-0.477697,0.531453,-0.313985,-0.963111,-1.446461,9.3296156,-0.018326,0.112399,-0.946841
0.251246,-2.623730,9.665807,-0.493579,-0.048869,-1.940108,-0.302692,-2.109273,9.4444704,-0.344528,0.493579,-0.593761
0.748953,-2.147558,8.605787,-0.349415,-0.036652,-1.293813,1.634298,-1.706082,8.9192457,-0.442266,-0.284663,-1.811826
0.394816,-3.052045,9.357133,0.199142,-0.152716,-0.724486,1.042074,-2.650051,9.2949200,-0.047647,0.019548,-0.762360
1.378266,-2.721836,9.104691,0.107512,-0.546114,-0.311541,1.042074,-2.650051,9.2949200,-0.047647,0.019548,-0.762360
0.540778,-2.752943,8.883354,-0.224798,-0.311541,-0.233351,1.732404,-2.185843,10.5954189,0.046426,-0.426384,-0.162490
0.771685,-3.225525,9.541381,0.302989,-0.406836,-0.256563,0.798006,-2.711068,8.7074814,-0.032987,-0.227242,-0.260229
1.125823,-2.969493,10.110872,0.673173,-0.520457,0.032987,1.594816,-3.044867,10.1850500,0.643852,-0.470366,0.031765
1.434497,-3.535396,9.308080,0.230907,-0.221133,0.047647,1.594816,-3.044867,10.1850500,0.643852,-0.470366,0.031765
1.101895,-2.961118,8.745767,-0.141721,0.058643,-0.068417,0.958325,-3.174079,10.5415802,0.199142,-0.125838,0.010996
1.044467,-3.231507,8.583055,-0.485027,0.058643,-0.184481,1.251446,-2.470589,10.0247307,-0.280998,0.141721,-0.107512
1.500300,-2.471786,9.337990,-0.382402,0.222355,-0.230907,1.320838,-2.859423,9.0317087,-0.395841,0.180816,-0.296880
1.263410,-1.959722,9.203992,-0.397062,0.279776,0.263894,1.320838,-2.859423,9.0317087,-0.395841,0.180816,-0.296880
0.893719,-3.505485,8.385648,-0.208916,-0.390954,0.499688,1.947758,-2.397608,9.2638121,-0.469144,0.234572,0.324980
1.373480,-3.560520,8.635697,0.295659,-0.463036,0.871094,1.954936,-2.450250,8.9994059,0.048869,-0.461814,0.615752
1.427319,-2.859423,9.515059,0.682947,-0.351858,1.093449,1.904687,-2.433501,8.9934235,0.662178,-0.307876,1.060462
0.946361,-3.041278,10.600205,0.311541,-0.282220,0.905302,1.904687,-2.433501,8.9934235,0.662178,-0.307876,1.060462
1.371087,-3.001796,9.909875,-0.208916,-0.388510,0.634078,0.885344,-2.636891,10.8502541,0.243124,-0.284663,0.775799
0.827917,-3.494718,7.911868,0.092852,-0.575435,0.329867,1.398605,-2.270789,9.4025965,-0.202807,-0.376293,0.642630
1.306481,-3.108277,8.197810,0.238237,-0.160047,-0.097738,2.049453,-2.056631,9.6251287,0.243124,-0.323759,-0.032987
1.439283,-3.373880,11.475978,0.273668,0.309098,-0.469144,2.049453,-2.056631,9.6251287,0.243124,-0.323759,-0.032987
1.349552,-2.556731,10.124033,0.119730,0.213803,-0.383623,1.552942,-3.074777,11.2486601,0.201586,0.322537,-0.508240
1.135394,-2.334198,9.120243,0.293215,0.012217,-0.519235,1.660619,-1.829313,8.6572323,0.227242,0.194255,-0.362854
1.410569,-3.226721,8.781659,0.142942,0.025656,-0.106291,2.054238,-2.204986,10.1048899,0.160047,0.059865,-0.197920
1.414158,-3.014956,9.603594,0.125838,-0.172264,-0.153938,2.054238,-2.204986,10.1048899,0.160047,0.059865,-0.197920
1.158126,-2.836691,10.064212,-0.025656,-0.124617,-0.068417,1.030110,-2.033899,8.9419785,0.114843,-0.152716,-0.145386
1.434497,-2.621337,9.427721,-0.206472,-0.136834,-0.053756,1.234697,-2.461018,9.7005033,-0.095295,-0.125838,-0.127060
1.752743,-2.715854,9.306884,-0.234572,-0.014661,0.052534,2.085345,-1.792224,9.5018988,-0.273668,-0.019548,0.025656
1.511068,-2.762514,9.187243,-0.183260,0.008552,-0.107512,2.085345,-1.792224,9.5018988,-0.273668,-0.019548,0.025656
1.013360,-2.957529,8.480165,-0.058643,-0.096517,-0.241903,0.911665,-2.410769,9.5389872,-0.215025,0.026878,-0.123395
1.363909,-2.785245,9.671789,-0.009774,-0.008552,-0.073304,1.478764,-2.562713,9.2219381,0.007330,-0.004887,-0.158825
1.161715,-2.633301,9.710074,-0.106291,-0.094073,-0.139277,1.113859,-2.606981,9.9613209,-0.050091,-0.040317,-0.101404
1.710868,-2.541178,9.940982,-0.062308,-0.076969,-0.108734,1.113859,-2.606981,9.9613209,-0.050091,-0.040317,-0.101404
1.405783,-3.352345,8.958729,0.012217,-0.096517,-0.262672,1.714458,-2.563910,9.7387877,-0.054978,-0.003665,-0.109956
1.068395,-2.800799,9.032907,-0.054978,-0.061087,-0.111177,1.597209,-2.145165,9.9888382,-0.017104,-0.020769,-0.171042
1.433301,-3.582056,10.955539,0.070860,0.051313,-0.019548,1.791028,-2.450250,9.9541426,0.063530,0.012217,-0.103847
1.329213,-2.755335,9.538987,-0.006109,0.070860,0.021991,1.791028,-2.450250,9.9541426,0.063530,0.012217,-0.103847
1.223929,-2.620141,9.351151,0.141721,-0.042761,-0.097738,0.922433,-2.644069,8.9252281,0.019548,0.116064,0.029322
0.929612,-2.763710,9.007781,0.403171,-0.150273,-0.026878,0.933201,-2.563910,9.0041914,0.263894,-0.007330,0.002443
1.020539,-2.724229,9.607183,0.349415,-0.098960,-0.032987,1.678565,-2.628516,10.1778708,0.400728,-0.106291,-0.026878
1.124627,-2.566302,10.043874,0.023213,-0.003665,-0.075747,1.678565,-2.628516,10.1778708,0.400728,-0.106291,-0.026878
1.055235,-2.297110,9.497113,-0.040317,-0.043982,-0.147829,0.983450,-2.717050,10.1946211,-0.040317,0.051313,-0.100182
1.441676,-2.267200,9.097511,0.037874,-0.101404,-0.101404,0.906880,-1.153341,9.2662058,0.012217,-0.050091,-0.177151
1.122234,-1.966900,9.963714,0.208916,-0.042761,-0.268781,1.037289,-1.488336,9.5306120,0.210138,-0.051313,-0.227242
1.087538,-1.849652,10.280763,0.092852,0.042761,-0.300546,1.037289,-1.488336,9.5306120,0.210138,-0.051313,-0.227242
0.503689,-1.666601,9.835698,0.248011,0.032987,-0.315206,0.869791,-1.558924,9.9840527,0.096517,0.067195,-0.290772
0.703490,-1.592423,9.702895,0.118508,0.142942,-0.120951,1.037289,-1.034896,9.7567348,0.213803,0.094073,-0.224798
0.721436,-1.572084,9.795019,-0.083078,-0.004887,-0.287107,0.792024,-1.426122,10.9100752,-0.041539,0.056200,-0.277333
0.577867,-1.898705,9.675379,-0.502131,0.139277,-0.140499,0.792024,-1.426122,10.9100752,-0.041539,0.056200,-0.277333
0.116052,-2.249253,9.705289,-0.291994,0.080634,-0.255342,0.457029,-1.848456,9.7998047,-0.494801,0.157603,-0.183260
0.157926,-1.848456,9.427721,0.013439,0.090408,-0.073304,0.319442,-1.896312,9.3200436,-0.129503,0.075747,-0.226020
0.260818,-2.132005,9.256635,0.194255,0.045204,-0.028100,0.412762,-1.791028,9.6574326,0.141721,0.062308,-0.069639
0.142373,-2.379662,9.359526,0.259007,0.017104,-0.080634,0.412762,-1.791028,9.6574326,0.141721,0.062308,-0.069639
0.199801,-1.849652,10.436296,0.073304,-0.142942,-0.034208,0.088534,-1.878366,10.1168537,0.218690,0.025656,-0.098960
0.230907,-1.457229,9.762717,-0.283441,-0.270002,0.125838,0.239282,-2.069792,10.9962168,-0.083078,-0.205251,0.020769
0.123230,-2.581856,9.887143,-0.477697,-0.070860,0.238237,0.096909,-1.568495,9.9828568,-0.460592,-0.074526,0.229685
-0.052642,-3.121437,9.410972,-0.328645,0.041539,0.052534,0.096909,-1.568495,9.9828568,-0.460592,-0.074526,0.229685
0.035892,-3.237489,9.043673,-0.162490,0.084299,-0.026878,-0.029910,-2.677569,9.5952187,-0.293215,0.087965,-0.008552
0.178265,-3.269792,8.910872,-0.030543,-0.042761,-0.010996,0.118445,-3.019742,9.3762751,-0.079412,0.063530,-0.039095
-0.101695,-3.311667,9.090333,0.035430,-0.210138,-0.032987,-0.019143,-3.074777,8.9898348,0.036652,-0.116064,-0.023213
-0.092124,-3.564110,9.748360,-0.083078,-0.343306,0.015882,-0.019143,-3.074777,8.9898348,0.036652,-0.116064,-0.023213
0.080160,-3.284149,9.564113,-0.142942,-0.276111,0.127060,0.016750,-2.973082,10.2293167,-0.106291,-0.299324,0.040317
0.320638,-3.193222,8.865408,0.050091,-0.006109,0.182038,0.221336,-2.892923,9.6658068,-0.106291,-0.103847,0.158825
0.186640,-3.296113,9.067601,0.535118,0.004887,0.024435,0.047856,-3.169294,8.7816591,0.427606,0.094073,0.091630
0.199801,-2.979064,9.757931,0.483805,-0.191812,0.004887,0.047856,-3.169294,8.7816591,0.427606,0.094073,0.091630
0.300299,-2.740978,9.692128,0.092852,-0.390954,0.135612,0.446261,-2.361716,9.9469643,0.406836,-0.188146,0.029322
0.617348,-2.495714,9.511471,-0.128282,-0.350637,0.285885,0.898505,-2.360520,10.2077818,-0.010996,-0.360410,0.205251
0.421137,-2.915654,9.267403,-0.133169,-0.175929,0.288328,0.242872,-2.611766,9.7316103,-0.166155,-0.153938,0.320093
0.484547,-2.207379,8.785248,0.294437,0.042761,0.233351,0.242872,-2.611766,9.7316103,-0.166155,-0.153938,0.320093
0.113659,-2.001596,8.758926,0.590096,0.167377,0.317650,0.598206,-2.053042,8.6416788,0.331089,0.163712,0.260229
0.014357,-2.239682,9.372686,0.540005,0.116064,0.362854,0.000000,-1.923829,9.4205427,0.533896,0.188146,0.339641
-0.384048,-1.964507,9.609575,0.276111,0.119730,0.412945,-0.197408,-1.434497,10.5068846,0.327424,0.175929,0.406836
-0.656830,-1.701297,10.120443,0.064752,0.111177,0.434936,-0.197408,-1.434497,10.5068846,0.327424,0.175929,0.406836
-0.886541,-1.012164,9.903893,-0.068417,0.084299,0.445932,-0.480957,-0.531207,9.6287184,0.032987,0.166155,0.428827
-1.010968,-1.763510,9.834501,-0.021991,-0.076969,0.390954,-1.026521,-1.039681,9.7268238,-0.075747,0.094073,0.414167
-1.087538,-1.826920,10.019944,0.103847,-0.252898,0.364076,-0.838684,-0.790828,10.6791677,0.078191,-0.152716,0.365297
-0.859023,-1.605584,9.872787,0.129503,-0.291994,0.377515,-0.838684,-0.790828,10.6791677,0.078191,-0.152716,0.365297
-0.744168,-1.676172,9.668200,0.150273,-0.196699,0.383623,-0.819542,-0.605384,9.9924278,0.122173,-0.219911,0.383623
-0.684347,-0.866202,10.066606,0.196699,-0.135612,0.423940,-0.792024,-0.591027,9.9888382,0.177151,-0.081856,0.399506
-0.722632,-0.754936,10.186246,0.180816,-0.127060,0.472810,-0.693919,-0.736989,10.4805622,0.202807,-0.062308,0.470366
-0.610170,-0.629312,9.476774,0.014661,-0.043982,0.478918,-0.693919,-0.736989,10.4805622,0.202807,-0.062308,0.470366
-0.821935,-0.337388,9.662218,-0.175929,0.100182,0.455705,-0.561117,-0.355334,9.5736837,-0.004887,0.030543,0.466701
-1.074377,-1.061217,9.559327,-0.287107,0.207694,0.408058,-1.085145,-0.532403,9.7675018,-0.246790,0.218690,0.412945
-1.330409,-1.337588,9.291331,-0.278555,0.208916,0.368963,-1.275375,-0.351745,9.3439722,-0.289550,0.262672,0.346971
-1.765903,-0.978664,9.324830,-0.217468,0.081856,0.356745,-1.275375,-0.351745,9.3439722,-0.289550,0.262672,0.346971
-1.919044,-1.008575,9.499506,-0.106291,-0.112399,0.342085,-1.969293,-1.237089,9.6933250,-0.205251,0.113621,0.338419
-1.848456,-1.235893,9.495917,0.062308,-0.310320,0.322537,-2.134398,-1.649851,9.8859463,-0.036652,-0.140499,0.335976
-1.558924,-1.106680,9.620344,0.189368,-0.444710,0.301767,-1.610370,-0.739382,9.6777716,0.173486,-0.364076,0.317650
-1.222732,-0.784846,9.603594,0.224798,-0.384845,0.284663,-1.610370,-0.739382,9.6777716,0.173486,-0.364076,0.317650
-0.978664,-0.646062,9.868000,0.178373,-0.164934,0.266337,-0.811167,-0.442672,9.7280207,0.223577,-0.278555,0.295659
-1.100698,-0.447458,10.103694,0.090408,-0.008552,0.271224,-1.111466,-0.835095,10.4925280,0.139277,-0.030543,0.265115
-1.183251,-0.967897,9.714860,0.063530,0.083078,0.313985,-1.051646,-0.460618,9.9158564,0.064752,0.116064,0.295659
-1.616352,-0.775275,9.960124,0.046426,0.109956,0.316428,-1.051646,-0.460618,9.9158564,0.064752,0.116064,0.295659
-1.727618,-0.317049,9.756735,0.012217,0.098960,0.293215,-1.576870,-0.356531,10.1108723,0.036652,0.162490,0.302989
-1.923829,-0.671187,9.750751,-0.072082,0.073304,0.249233,-1.910669,-0.179462,10.0103731,-0.023213,0.136834,0.259007
-2.006382,-0.775275,9.836893,-0.215025,0.062308,0.212581,-2.207379,-0.288335,10.1802635,-0.182038,0.105069,0.205251
-2.165505,-0.853041,9.815358,-0.312763,0.089186,0.186925,-2.207379,-0.288335,10.1802635,-0.182038,0.105069,0.205251
-2.452643,-1.247857,9.595219,-0.305433,0.109956,0.158825,-2.244468,-0.715454,9.9038925,-0.320093,0.134390,0.162490
-2.706282,-1.507478,9.544970,-0.174707,0.068417,0.131947,-2.288735,-1.001396,9.0041914,-0.256563,0.139277,0.124617
-2.348555,-2.044667,8.835498,0.006109,-0.019548,0.123395,-2.372484,-1.353141,9.0352974,-0.032987,0.040317,0.116064
-2.639283,-1.231107,9.500702,0.094073,-0.064752,0.113621,-2.372484,-1.353141,9.0352974,-0.032987,0.040317,0.116064
-2.785245,-1.356730,9.657433,0.108734,-0.114843,0.083078,-2.365305,-1.177269,9.0077810,0.097738,-0.026878,0.111177
-2.857030,-0.866202,9.978071,0.105069,-0.173486,0.050091,-2.313859,-0.963111,9.3894358,0.102625,-0.090408,0.069639
-2.495714,-1.063610,9.184850,0.138056,-0.386067,0.046426,-2.432304,-0.506082,9.9601240,0.136834,-0.302989,0.062308
-2.075774,-0.818345,9.163315,0.152716,-0.401949,0.030543,-2.432304,-0.506082,9.9601240,0.136834,-0.302989,0.062308
-1.775474,-1.110270,9.311669,0.116064,-0.393397,0.004887,-2.190629,-0.372084,9.6526461,0.145386,-0.344528,0.042761
-1.639084,-1.116252,9.627522,0.025656,-0.379958,-0.014661,-1.493121,-0.333799,9.6143618,0.078191,-0.348193,0.000000
-1.322034,-1.103091,9.737592,-0.040317,-0.283441,-0.008552,-1.392623,-0.423530,9.8033943,-0.031765,-0.268781,-0.007330
-1.183251,-1.205983,9.656236,-0.020769,-0.113621,0.017104,-1.392623,-0.423530,9.8033943,-0.031765,-0.268781,-0.007330
-1.329213,-1.013360,9.859626,0.061087,-0.017104,0.041539,-1.180858,-0.708275,9.8991070,-0.006109,-0.046426,0.014661
-1.397408,-0.873380,9.828520,0.079412,0.000000,0.070860,-1.262214,-0.591027,9.8931246,0.073304,0.031765,0.050091
-1.508675,-0.597009,9.802198,0.035430,0.041539,0.079412,-1.424926,-0.483350,9.8835545,0.048869,0.074526,0.073304
-1.609173,-1.112662,9.623933,-0.068417,0.096517,0.053756,-1.424926,-0.483350,9.8835545,0.048869,0.074526,0.073304
-1.795813,-0.709472,9.511471,-0.167377,0.144164,0.017104,-1.441676,0.022732,9.4169540,-0.092852,0.145386,0.029322
-2.063810,-1.391426,9.388239,-0.212581,0.149051,0.018326,-1.823331,-0.643669,9.5545406,-0.199142,0.190590,-0.008552
-2.507678,-1.390230,9.675379,-0.151495,0.108734,0.046426,-2.080559,-1.223929,9.4109716,-0.184481,0.161268,0.017104
-2.305485,-1.690529,9.213564,0.006109,0.046426,0.073304,-2.080559,-1.223929,9.4109716,-0.184481,0.161268,0.017104
-2.545963,-1.519442,9.716057,0.162490,-0.036652,0.076969,-2.545963,-1.319642,9.6538429,0.037874,0.075747,0.067195
-2.662015,-1.209572,9.853643,0.234572,-0.078191,0.043982,-2.506482,-1.167697,9.3942213,0.212581,-0.024435,0.069639
-2.615355,-1.046860,9.684950,0.162490,-0.035430,-0.010996,-2.542374,-0.509671,9.8345013,0.184481,-0.002443,0.004887
-2.724229,-0.955933,9.628718,0.095295,-0.063530,-0.041539,-2.542374,-0.509671,9.8345013,0.184481,-0.002443,0.004887
-2.559124,-1.128216,9.300902,0.063530,-0.147829,-0.043982,-2.667997,-0.476172,9.6059866,0.092852,-0.032987,-0.043982
-2.749353,-1.075574,9.427721,0.068417,-0.133169,-0.056200,-2.548356,-0.734596,9.3954191,0.056200,-0.118508,-0.045204
-2.629712,-1.071985,9.340384,0.096517,-0.030543,-0.091630,-2.616551,-0.733400,9.3571329,0.089186,-0.003665,-0.084299
-2.687140,-1.077967,9.958928,0.078191,0.078191,-0.149051,-2.616551,-0.733400,9.3571329,0.089186,-0.003665,-0.084299
-2.969493,-0.710668,9.595219,0.052534,0.113621,-0.255342,-3.007778,-0.382852,9.5688972,0.092852,0.085521,-0.180816
-2.883351,-1.083949,9.357133,-0.015882,0.125838,-0.322537,-2.815156,-0.527617,9.4014006,0.015882,0.139277,-0.296880
-3.042474,-1.167697,8.793623,-0.041539,0.080634,-0.364076,-2.845066,-0.990629,9.0879402,-0.048869,0.127060,-0.371406
-3.207579,-1.379462,9.804591,-0.039095,0.062308,-0.342085,-2.845066,-0.990629,9.0879402,-0.048869,0.127060,-0.371406
-3.326023,-1.550549,9.066405,0.046426,-0.017104,-0.351858,-3.142973,-1.024128,9.6825571,-0.032987,0.072082,-0.346971
-3.384648,-1.674976,8.388040,0.188146,-0.140499,-0.332311,-3.013760,-1.028914,9.3559361,0.098960,-0.030543,-0.350637
-3.176472,-1.012164,8.790034,0.262672,-0.252898,-0.350637,-3.144169,-0.916451,9.2841520,0.223577,-0.171042,-0.335976
-2.718246,-1.042074,8.694322,0.278555,-0.333532,-0.361632,-3.144169,-0.916451,9.2841520,0.223577,-0.171042,-0.335976
-2.470589,-1.147359,9.217153,0.256563,-0.343306,-0.345750,-2.818745,-0.952343,9.1166544,0.255342,-0.295659,-0.359189
-2.254039,-1.098306,9.403793,0.223577,-0.317650,-0.328645,-2.336591,-0.769292,9.4995060,0.234572,-0.296880,-0.328645
-2.054238,-0.970290,9.550952,0.186925,-0.272446,-0.309098,-2.146362,-0.597009,9.7770729,0.190590,-0.250455,-0.301767
-1.987239,-0.885344,9.505488,0.144164,-0.211359,-0.285885,-2.146362,-0.597009,9.7770729,0.190590,-0.250455,-0.301767
-1.828116,-0.982254,9.674182,0.089186,-0.146608,-0.256563,-2.003989,-0.575474,9.8392868,0.129503,-0.163712,-0.276111
-1.799403,-0.971486,9.699306,0.067195,-0.074526,-0.248011,-1.718047,-0.468993,9.7387877,0.075747,-0.076969,-0.257785
-1.872384,-0.900898,9.725628,0.051313,-0.018326,-0.219911,-1.762314,-0.468993,9.6849499,0.052534,0.000000,-0.233351
-1.927419,-0.947558,9.627522,0.030543,0.007330,-0.191812,-1.762314,-0.468993,9.6849499,0.052534,0.000000,-0.233351
-1.954936,-1.019342,9.684950,0.018326,0.020769,-0.158825,-1.901098,-0.607777,9.7806635,0.024435,0.042761,-0.193033
-2.082952,-1.049253,9.978071,-0.019548,-0.040317,-0.111177,-1.958525,-0.610170,9.9804630,0.000000,0.041539,-0.147829
-2.039881,-1.140180,10.131212,-0.105069,-0.252898,-0.043982,-2.029114,-0.707079,10.3465652,-0.089186,-0.169821,-0.062308
-1.758725,-1.361516,10.047462,-0.133169,-0.333532,0.015882,-2.029114,-0.707079,10.3465652,-0.089186,-0.169821,-0.062308
-1.545763,-1.488336,9.985249,-0.131947,-0.322537,0.068417,-1.735993,-0.951147,10.1228371,-0.136834,-0.291994,0.020769
-1.375873,-1.578067,9.980463,-0.112399,-0.256563,0.123395,-1.415355,-1.119841,10.1192474,-0.124617,-0.248011,0.095295
-1.253839,-1.635494,10.141978,-0.074526,-0.183260,0.190590,-1.233500,-1.204786,10.2711916,-0.080634,-0.146608,0.173486
-1.226322,-1.691726,10.328618,-0.080634,-0.111177,0.262672,-1.233500,-1.204786,10.2711916,-0.080634,-0.146608,0.173486
-1.329213,-1.805385,10.083356,-0.057421,-0.030543,0.324980,-1.141376,-1.290928,10.5068846,-0.083078,-0.045204,0.270002
-1.473979,-1.860420,9.891929,0.013439,0.057421,0.362854,-1.286142,-1.430908,10.3106728,-0.030543,0.065973,0.337198
-1.694118,-1.746760,9.780663,0.080634,0.124617,0.367741,-1.576870,-1.424926,9.9385891,0.054978,0.166155,0.356745
-1.957329,-1.660619,9.629915,0.144164,0.151495,0.383623,-1.576870,-1.424926,9.9385891,0.054978,0.166155,0.356745
-2.236093,-1.453640,9.610772,0.139277,0.160047,0.377515,-1.974079,-1.216750,9.7447701,0.145386,0.211359,0.376293
-2.531606,-1.301696,9.604790,0.081856,0.151495,0.349415,-2.358127,-0.951147,9.7399845,0.120951,0.215025,0.353080
-2.745764,-1.105484,9.641879,-0.031765,0.096517,0.320093,-2.694318,-0.784846,9.5892372,0.000000,0.171042,0.313985
-2.932404,-1.214357,9.530612,-0.184481,0.032987,0.301767,-2.694318,-0.784846,9.5892372,0.000000,0.171042,0.313985
-3.090331,-1.349552,9.239884,-0.261450,-0.035430,0.279776,-2.975475,-0.807578,9.5808620,-0.197920,0.075747,0.285885
-3.214757,-1.414158,8.700304,-0.171042,-0.116064,0.233351,-3.203990,-1.237089,8.9742813,-0.239459,-0.013439,0.252898
-3.150151,-1.512264,8.913264,-0.021991,-0.204029,0.179594,-3.270988,-1.138984,8.7876415,-0.046426,-0.139277,0.189368
-3.006582,-1.477568,9.072388,0.086743,-0.255342,0.100182,-3.270988,-1.138984,8.7876415,-0.046426,-0.139277,0.189368
-2.830709,-1.246661,9.022138,0.156382,-0.262672,0.034208,-2.959922,-1.077967,9.0568342,0.103847,-0.207694,0.096517
-2.623730,-1.162912,9.077173,0.200364,-0.216246,-0.023213,-2.743371,-0.939183,9.1680994,0.178373,-0.205251,0.015882
-2.487339,-1.036092,9.061619,0.230907,-0.125838,-0.074526,-2.561517,-0.772882,9.0676012,0.223577,-0.107512,-0.057421
-2.737389,-1.221536,9.576077,0.202807,-0.024435,-0.113621,-2.561517,-0.772882,9.0676012,0.223577,-0.107512,-0.057421
-2.840280,-0.764507,9.148958,0.103847,0.074526,-0.127060,-2.612962,-0.821935,9.0556374,0.173486,0.030543,-0.111177
-3.013760,-0.524028,9.182457,0.046426,0.147829,-0.150273,-2.953940,-0.374477,8.9934235,0.062308,0.136834,-0.145386
-3.555735,-0.235693,8.468199,0.074526,0.146608,-0.194255,-3.050849,-0.668794,8.7828550,0.013439,0.200364,-0.166155
-3.169294,-0.691526,9.121439,0.072082,0.096517,-0.246790,-3.050849,-0.668794,8.7828550,0.013439,0.200364,-0.166155
-3.439683,-0.872184,9.064013,0.128282,0.004887,-0.331089,-3.268596,-0.242872,9.1788683,0.091630,0.096517,-0.278555
-3.408576,-1.033700,9.229117,0.201586,-0.073304,-0.387289,-3.212364,-0.592224,9.1166544,0.163712,-0.024435,-0.379958
-3.337988,-0.957129,9.037691,0.265115,-0.113621,-0.410501,-3.373880,-0.617348,9.0664053,0.246790,-0.074526,-0.403171
-3.463611,-0.796810,9.086744,0.301767,-0.158825,-0.439823,-3.373880,-0.617348,9.0664053,0.246790,-0.074526,-0.403171
-3.261417,-0.655633,9.208778,0.300546,-0.196699,-0.469144,-3.377469,-0.614955,8.9120684,0.291994,-0.138056,-0.432493
-3.111866,-0.653241,9.245867,0.244346,-0.226020,-0.493579,-3.265007,-0.294317,9.2063856,0.273668,-0.189368,-0.466701
-2.882155,-0.480957,9.400204,0.179594,-0.228464,-0.514349,-2.964707,-0.130409,9.4492569,0.201586,-0.206472,-0.502131
-2.775674,-0.693919,9.541381,0.116064,-0.204029,-0.537561,-2.964707,-0.130409,9.4492569,0.201586,-0.206472,-0.502131
-2.713461,-0.607777,9.506684,0.058643,-0.177151,-0.536340,-2.634498,-0.167498,9.6179504,0.100182,-0.183260,-0.535118
-2.484946,-0.722632,9.657433,0.002443,-0.133169,-0.502131,-2.504089,-0.412762,9.6598253,0.023213,-0.140499,-0.525344
-2.461018,-0.881755,9.481561,-0.026878,-0.090408,-0.465479,-2.380858,-0.477368,9.7698946,-0.024435,-0.079412,-0.478918
-2.420340,-1.051646,9.535398,-0.039095,-0.057421,-0.411723,-2.380858,-0.477368,9.7698946,-0.024435,-0.079412,-0.478918
-2.451447,-1.306481,9.556933,-0.009774,-0.045204,-0.359189,-2.444268,-0.801596,9.7040920,-0.045204,-0.034208,-0.411723
-2.472982,-1.343570,9.512667,0.051313,-0.050091,-0.312763,-2.417947,-0.999003,9.6000051,0.015882,-0.021991,-0.340863
-2.434697,-1.397408,9.538987,0.112399,-0.063530,-0.265115,-2.385644,-1.054038,9.5748796,0.102625,-0.032987,-0.277333
-2.366502,-1.351945,9.489935,0.156382,-0.085521,-0.227242,-2.385644,-1.054038,9.5748796,0.102625,-0.032987,-0.277333
-2.323431,-1.264607,9.566504,0.174707,-0.107512,-0.196699,-2.392823,-0.997807,9.6885395,0.155160,-0.056200,-0.219911
-2.312663,-1.234697,9.633504,0.166155,-0.112399,-0.177151,-2.274378,-0.865005,9.6646099,0.169821,-0.072082,-0.186925
-2.260021,-1.129412,9.622736,0.156382,-0.130725,-0.146608,-2.231307,-0.768096,9.6849499,0.157603,-0.089186,-0.149051
-2.204986,-1.042074,9.674182,0.138056,-0.146608,-0.122173,-2.231307,-0.768096,9.6849499,0.157603,-0.089186,-0.149051
-2.148755,-0.981057,9.773483,0.086743,-0.168599,-0.090408,-2.159523,-0.631705,9.7651091,0.128282,-0.109956,-0.111177
-2.041078,-1.001396,9.885946,-0.068417,-0.228464,-0.045204,-2.103291,-0.588634,9.9589281,0.021991,-0.151495,-0.070860
-1.889133,-1.229911,9.720841,-0.138056,-0.255342,0.008552,-1.914258,-0.689133,9.9529467,-0.138056,-0.210138,-0.010996
-1.756332,-1.243071,9.850055,-0.144164,-0.230907,0.059865,-1.914258,-0.689133,9.9529467,-0.138056,-0.210138,-0.010996
-1.590031,-1.573281,9.692128,-0.074526,-0.135612,0.168599,-1.551746,-1.211965,9.7567348,-0.073304,-0.084299,0.164934
-1.622334,-1.566102,9.695717,0.045204,-0.061087,0.230907,-1.551746,-1.211965,9.7567348,-0.073304,-0.084299,0.164934
-1.709672,-1.490729,9.766306,0.112399,-0.014661,0.291994,-1.557728,-1.182054,9.8273230,0.065973,0.008552,0.240681
-1.826920,-1.343570,9.730413,0.103847,-0.021991,0.342085,-1.715654,-0.977468,9.8895359,0.118508,0.043982,0.312763
-1.897508,-1.274178,9.688540,0.087965,-0.019548,0.373850,-1.837688,-0.800399,9.7471628,0.083078,0.030543,0.360410
-1.986043,-1.117448,9.713663,0.090408,-0.019548,0.379958,-1.837688,-0.800399,9.7471628,0.083078,0.030543,0.360410
-2.103291,-0.917647,9.755538,0.062308,-0.037874,0.373850,-2.005185,-0.690329,9.8488588,0.084299,0.037874,0.372628
-2.165505,-0.837488,9.632308,0.039095,-0.056200,0.367741,-2.114059,-0.513260,9.7794666,0.042761,0.015882,0.366519
-2.243271,-0.716650,9.729217,-0.006109,-0.080634,0.350637,-2.215754,-0.368495,9.7603235,0.003665,-0.012217,0.356745
-2.261218,-0.783650,9.647861,-0.081856,-0.102625,0.346971,-2.215754,-0.368495,9.7603235,0.003665,-0.012217,0.356745
-2.239682,-0.855434,9.651450,-0.158825,-0.105069,0.339641,-2.263610,-0.404387,9.8608227,-0.089186,-0.046426,0.334754
-2.238486,-0.955933,9.570094,-0.157603,-0.114843,0.338419,-2.224129,-0.466600,9.6526461,-0.158825,-0.054978,0.326202
-2.242075,-1.091127,9.603594,-0.156382,-0.101404,0.317650,-2.249253,-0.660419,9.6311111,-0.157603,-0.052534,0.316428
-2.311467,-1.097109,9.725628,-0.129503,-0.123395,0.322537,-2.249253,-0.660419,9.6311111,-0.157603,-0.052534,0.316428
-2.261218,-1.149751,9.696914,-0.116064,-0.127060,0.338419,-2.230111,-0.775275,9.7256279,-0.127060,-0.073304,0.322537
-2.268396,-1.235893,9.638290,-0.085521,-0.142942,0.346971,-2.280360,-0.812363,9.6897354,-0.101404,-0.079412,0.338419
-2.260021,-1.251446,9.558130,-0.061087,-0.152716,0.351858,-2.153541,-0.800399,9.6909313,-0.070860,-0.094073,0.349415
-2.199004,-1.264607,9.517452,-0.040317,-0.151495,0.360410,-2.153541,-0.800399,9.6909313,-0.070860,-0.094073,0.349415
-2.172683,-1.204786,9.556933,-0.030543,-0.161268,0.372628,-2.179861,-0.786042,9.6885395,-0.034208,-0.095295,0.361632
-2.157130,-1.251446,9.597611,-0.015882,-0.151495,0.375071,-2.121237,-0.808774,9.7184496,-0.023213,-0.096517,0.371406
-2.169094,-1.128216,9.574880,-0.012217,-0.139277,0.370184,-2.115255,-0.772882,9.7268238,-0.007330,-0.081856,0.372628
-2.166701,-1.079163,9.578468,-0.019548,-0.127060,0.361632,-2.115255,-0.772882,9.7268238,-0.007330,-0.081856,0.372628
-2.185843,-1.086341,9.725628,-0.014661,-0.118508,0.348193,-2.121237,-0.702293,9.7040920,-0.023213,-0.065973,0.356745
-2.179861,-1.075574,9.540184,-0.009774,-0.119730,0.312763,-2.209772,-0.727418,9.7519484,-0.012217,-0.056200,0.333532
-2.158326,-1.063610,9.565309,-0.018326,-0.119730,0.254120,-2.155933,-0.631705,9.6717892,-0.017104,-0.063530,0.263894
-2.134398,-1.105484,9.550952,-0.035430,-0.113621,0.195477,-2.155933,-0.631705,9.6717892,-0.017104,-0.063530,0.263894
-2.133201,-1.048056,9.577272,-0.034208,-0.118508,0.141721,-2.154737,-0.684347,9.7196455,-0.039095,-0.061087,0.179594
-2.114059,-1.085145,9.594023,-0.032987,-0.105069,0.095295,-2.115255,-0.732204,9.7017002,-0.034208,-0.068417,0.118508
-2.091327,-1.179662,9.552149,-0.035430,-0.080634,0.056200,-2.086541,-0.713061,9.6825571,-0.036652,-0.039095,0.057421
-2.133201,-1.191626,9.509077,-0.047647,-0.056200,-0.021991,-2.086541,-0.713061,9.6825571,-0.036652,-0.039095,0.057421
-2.157130,-1.261017,9.578468,-0.048869,-0.051313,-0.065973,-2.151147,-0.805185,9.6777716,-0.050091,-0.015882,-0.040317
-2.213361,-1.336391,9.567701,-0.026878,-0.056200,-0.100182,-2.221736,-0.910469,9.6047897,-0.040317,-0.013439,-0.089186
-2.207379,-1.391426,9.544970,-0.015882,-0.065973,-0.150273,-2.219343,-0.952343,9.6945219,-0.017104,-0.028100,-0.145386
-2.207379,-1.529014,9.373883,0.009774,-0.068417,-0.167377,-2.219343,-0.952343,9.6945219,-0.017104,-0.028100,-0.145386
-2.204986,-1.594816,9.475577,0.017104,-0.051313,-0.210138,-2.183451,-1.144966,9.5461664,0.009774,-0.030543,-0.183260
-2.213361,-1.641476,9.570094,0.054978,-0.053756,-0.219911,-2.196611,-1.280160,9.5617189,0.029322,-0.017104,-0.222355
-2.233700,-1.560120,9.509077,0.101404,-0.050091,-0.224798,-2.141577,-1.210768,9.5557375,0.090408,-0.018326,-0.227242
-2.220540,-1.470389,9.468399,0.164934,-0.057421,-0.217468,-2.141577,-1.210768,9.5557375,0.090408,-0.018326,-0.227242
-2.233700,-1.420140,9.503096,0.193033,-0.062308,-0.226020,-2.191825,-1.104288,9.6143618,0.169821,-0.028100,-0.219911
-2.239682,-1.311267,9.505488,0.204029,-0.062308,-0.239459,-2.237289,-1.018146,9.5952187,0.196699,-0.028100,-0.229685
-2.263610,-1.225125,9.512667,0.194255,-0.057421,-0.267559,-2.243271,-0.866202,9.6143618,0.195477,-0.024435,-0.259007
-2.242075,-1.154537,9.562916,0.172264,-0.062308,-0.317650,-2.243271,-0.866202,9.6143618,0.195477,-0.024435,-0.259007
-2.221736,-1.094716,9.583255,0.140499,-0.059865,-0.356745,-2.236093,-0.750150,9.6693964,0.161268,-0.032987,-0.331089
-2.218147,-1.118644,9.548558,0.094073,-0.047647,-0.377515,-2.196611,-0.690329,9.6789675,0.114843,-0.030543,-0.373850
-2.221736,-1.135394,9.549755,0.061087,-0.035430,-0.388510,-2.203789,-0.760918,9.6945219,0.063530,-0.012217,-0.389732
-2.197808,-1.198804,9.592826,0.042761,-0.025656,-0.398284,-2.203789,-0.760918,9.6945219,0.063530,-0.012217,-0.389732
-2.216950,-1.294517,9.580862,0.043982,-0.025656,-0.373850,-2.191825,-0.827917,9.6717892,0.037874,-0.001222,-0.400728
-2.225325,-1.347159,9.580862,0.052534,-0.020769,-0.355524,-2.239682,-0.928415,9.6670036,0.043982,0.002443,-0.372628
-2.294717,-1.354338,9.565309,0.076969,-0.018326,-0.329867,-2.256432,-1.028914,9.6466646,0.067195,0.006109,-0.340863
-2.294717,-1.324427,9.525827,0.103847,-0.029322,-0.311541,-2.256432,-1.028914,9.6466646,0.067195,0.006109,-0.340863
-2.299503,-1.366302,9.506684,0.119730,-0.032987,-0.294437,-2.282753,-0.996611,9.6299152,0.102625,-0.002443,-0.312763
-2.331806,-1.322034,9.485149,0.135612,-0.042761,-0.278555,-2.313859,-0.957129,9.6119690,0.125838,-0.007330,-0.289550
-2.337788,-1.272982,9.416954,0.140499,-0.047647,-0.274889,-2.319842,-0.891326,9.5377913,0.135612,-0.014661,-0.274889
-2.410769,-1.225125,8.903693,0.215025,0.026878,-0.340863,-2.319842,-0.891326,9.5377913,0.135612,-0.014661,-0.274889
-2.397608,-1.220340,8.796017,0.277333,0.072082,-0.383623,-2.404787,-0.910469,9.0699940,0.215025,0.067195,-0.350637
-2.688336,-1.010968,9.116654,0.310320,0.102625,-0.442266,-2.522035,-0.802792,9.0293159,0.289550,0.113621,-0.410501
-2.713461,-0.887737,9.133405,0.318872,0.103847,-0.496023,-2.751746,-0.518046,9.2422771,0.317650,0.127060,-0.485027
-3.008975,-0.795614,9.125030,0.273668,0.094073,-0.586431,-2.751746,-0.518046,9.2422771,0.317650,0.127060,-0.485027
-3.073581,-0.832702,9.170493,0.228464,0.059865,-0.658513,-3.065206,-0.485743,9.1944208,0.257785,0.109956,-0.598648
-3.261417,-0.695115,9.299706,0.167377,0.035430,-0.752586,-3.205186,-0.351745,9.2590275,0.206472,0.062308,-0.692721
-3.125026,-0.886541,9.068798,0.114843,0.003665,-0.812451,-3.046063,-0.513260,9.1657066,0.116064,0.021991,-0.812451
-3.200400,-1.028914,9.093923,0.138056,-0.108734,-0.790460,-3.046063,-0.513260,9.1657066,0.116064,0.021991,-0.812451
-3.047260,-1.067199,9.186046,0.172264,-0.180816,-0.747699,-2.998207,-0.780060,9.2733841,0.136834,-0.116064,-0.780686
-2.706282,-1.324427,9.641879,0.103847,-0.178373,-0.725708,-2.930012,-0.796810,9.5617189,0.139277,-0.183260,-0.742812
-2.602195,-1.435694,9.324830,0.123395,-0.169821,-0.681726,-2.583052,-0.976272,9.5198450,0.117286,-0.156382,-0.696386
-2.519642,-1.412962,9.372686,0.173486,-0.151495,-0.635300,-2.583052,-0.976272,9.5198450,0.117286,-0.156382,-0.696386
-2.449054,-1.433301,9.634700,0.193033,-0.140499,-0.572992,-2.445465,-1.097109,9.5868435,0.177151,-0.128282,-0.615752
-2.310270,-1.965704,9.753145,-0.397062,0.155160,-0.791681,-2.385644,-1.237089,11.1338034,-0.320093,0.072082,-0.846659
-2.356930,-2.433501,9.244671,-0.151495,0.097738,-0.675617,-2.301895,-1.875973,9.3475618,-0.237016,0.117286,-0.747699
-2.411965,-2.526821,9.327223,0.131947,0.039095,-0.532674,-2.301895,-1.875973,9.3475618,-0.237016,0.117286,-0.747699
-2.367698,-2.469393,9.290133,0.373850,-0.018326,-0.410501,-2.285146,-2.141577,9.3427763,0.158825,0.050091,-0.522901
-2.349752,-2.160719,9.436095,0.551000,-0.064752,-0.318872,-2.237289,-1.921437,9.4516497,0.464258,-0.009774,-0.350637
-2.315056,-1.657030,9.553344,0.653626,-0.107512,-0.256563,-2.251646,-1.342373,9.6562357,0.636522,-0.057421,-0.248011
-2.249253,-1.070788,9.765109,0.637743,-0.141721,-0.226020,-2.251646,-1.342373,9.6562357,0.636522,-0.057421,-0.248011
-2.169094,-0.611366,9.881161,0.500910,-0.204029,-0.208916,-2.224129,-0.617348,9.9170542,0.623083,-0.106291,-0.199142
-2.062613,-0.289532,9.817752,0.323759,-0.233351,-0.223577,-2.087738,-0.026321,10.0115700,0.421497,-0.180816,-0.197920
-1.932204,-0.205783,9.812965,0.174707,-0.219911,-0.251676,-1.953740,0.218943,9.9421778,0.207694,-0.188146,-0.237016
-1.810170,-0.131605,9.840484,0.046426,-0.189368,-0.272446,-1.953740,0.218943,9.9421778,0.207694,-0.188146,-0.237016
-1.739582,-0.232104,9.850055,-0.057421,-0.128282,-0.285885,-1.819742,0.204586,9.9266253,0.015882,-0.145386,-0.274889
-1.706082,-0.412762,9.857233,-0.135612,-0.074526,-0.278555,-1.676172,0.124427,9.9469643,-0.101404,-0.076969,-0.295659
-1.749153,-0.601795,9.890733,-0.167377,-0.032987,-0.250455,-1.672583,-0.105284,9.8859463,-0.161268,-0.018326,-0.271224
-1.775474,-0.768096,9.896715,-0.155160,-0.004887,-0.196699,-1.672583,-0.105284,9.8859463,-0.161268,-0.018326,-0.271224
-1.840081,-1.057628,9.714860,-0.150273,0.002443,-0.134390,-1.824527,-0.479761,9.9158564,-0.155160,0.029322,-0.204029
-1.941776,-1.241875,9.767502,-0.113621,0.002443,-0.057421,-1.909473,-0.722632,9.9637136,-0.133169,0.029322,-0.105069
-1.981257,-1.313660,9.640682,-0.045204,-0.009774,0.006109,-1.897508,-0.873380,9.7734833,-0.059865,0.039095,-0.025656
-2.130809,-1.316052,9.749557,0.013439,-0.035430,0.056200,-1.897508,-0.873380,9.7734833,-0.059865,0.039095,-0.025656
-2.152344,-1.228714,9.627522,0.057421,-0.064752,0.105069,-2.009971,-0.930808,9.7160568,0.014661,-0.002443,0.068417
-2.123630,-1.229911,9.651450,0.098960,-0.086743,0.157603,-2.039881,-0.920040,9.8345013,0.072082,-0.034208,0.133169
-2.219343,-1.045663,9.726824,0.122173,-0.086743,0.189368,-2.059024,-0.778864,9.7543421,0.112399,-0.024435,0.174707
-2.177469,-0.979861,9.613165,0.131947,-0.091630,0.211359,-2.059024,-0.778864,9.7543421,0.112399,-0.024435,0.174707
-2.298306,-0.800399,9.757931,0.122173,-0.087965,0.216246,-2.128416,-0.506082,9.9026966,0.134390,-0.034208,0.210138
-2.206183,-0.738186,9.676576,0.075747,-0.090408,0.204029,-2.236093,-0.407976,9.7543421,0.100182,-0.032987,0.210138
-2.243271,-0.654437,9.603594,0.028100,-0.097738,0.195477,-2.295913,-0.325424,9.7076817,0.037874,-0.036652,0.199142
-2.224129,-0.631705,9.600005,-0.018326,-0.081856,0.168599,-2.295913,-0.325424,9.7076817,0.037874,-0.036652,0.199142
-2.243271,-0.683151,9.683753,-0.062308,-0.095295,0.166155,-2.245664,-0.248854,9.6933250,-0.023213,-0.036652,0.172264
-2.262414,-0.660419,9.626326,-0.081856,-0.090408,0.149051,-2.195415,-0.306281,9.7005033,-0.072082,-0.050091,0.158825
-2.210968,-0.808774,9.570094,-0.098960,-0.111177,0.160047,-2.166701,-0.416351,9.6921282,-0.105069,-0.058643,0.145386
-2.277967,-0.899701,9.639486,-0.096517,-0.100182,0.164934,-2.166701,-0.416351,9.6921282,-0.105069,-0.058643,0.145386
-2.214557,-0.972682,9.625129,-0.090408,-0.117286,0.183260,-2.219343,-0.531207,9.6909313,-0.103847,-0.064752,0.162490
-2.236093,-0.934397,9.638290,-0.075747,-0.118508,0.201586,-2.213361,-0.643669,9.7184496,-0.087965,-0.057421,0.189368
-2.234896,-1.079163,9.661021,-0.059865,-0.127060,0.221133,-2.243271,-0.747757,9.7316103,-0.062308,-0.080634,0.213803
-2.230111,-1.129412,9.704092,-0.052534,-0.140499,0.249233,-2.243271,-0.747757,9.7316103,-0.062308,-0.080634,0.213803
-2.202593,-1.063610,9.643075,-0.076969,-0.161268,0.273668,-2.132005,-0.697508,9.6646099,-0.056200,-0.086743,0.250455
-2.084148,-1.158126,9.662218,-0.131947,-0.183260,0.299324,-2.191825,-0.821935,9.7890377,-0.105069,-0.112399,0.285885
-2.041078,-1.198804,9.763913,-0.161268,-0.188146,0.321315,-2.015953,-0.826720,9.7842522,-0.152716,-0.124617,0.310320
-1.965704,-1.390230,9.690931,-0.149051,-0.174707,0.349415,-2.015953,-0.826720,9.7842522,-0.152716,-0.124617,0.310320
-1.996810,-1.423730,9.620344,-0.107512,-0.144164,0.375071,-1.948954,-1.020539,9.6825571,-0.140499,-0.108734,0.349415
-1.971686,-1.561317,9.546166,-0.076969,-0.123395,0.401949,-1.971686,-1.067199,9.6418791,-0.090408,-0.073304,0.378736
-2.019542,-1.488336,9.602398,-0.072082,-0.108734,0.420275,-2.018346,-1.054038,9.6729851,-0.065973,-0.045204,0.414167
-2.013560,-1.518246,9.637094,-0.153938,-0.153938,0.470366,-2.018346,-1.054038,9.6729851,-0.065973,-0.045204,0.414167
-2.032703,-1.593620,9.522238,-0.210138,-0.167377,0.513127,-1.974079,-1.062413,9.7256279,-0.152716,-0.085521,0.464258
-2.072184,-1.634298,9.518648,-0.216246,-0.180816,0.540005,-2.021935,-1.247857,9.6586285,-0.223577,-0.101404,0.509462
-2.036292,-1.792224,9.568897,-0.224798,-0.188146,0.576657,-2.029114,-1.445265,9.6143618,-0.226020,-0.122173,0.564439
-2.080559,-1.899901,9.385847,-0.174707,-0.183260,0.610865,-2.029114,-1.445265,9.6143618,-0.226020,-0.122173,0.564439
-2.102095,-1.974079,9.369098,-0.057421,-0.166155,0.634078,-1.996810,-1.517050,9.5318089,-0.150273,-0.112399,0.610865
-2.118845,-1.858027,9.321241,0.056200,-0.146608,0.643852,-2.096112,-1.502692,9.4181499,0.000000,-0.083078,0.640187
-2.214557,-1.648655,9.498309,0.140499,-0.140499,0.640187,-2.161915,-1.311267,9.5653086,0.122173,-0.068417,0.646295
-2.250450,-1.369891,9.529416,0.158825,-0.133169,0.626748,-2.161915,-1.311267,9.5653086,0.122173,-0.068417,0.646295
-2.293520,-1.125823,9.509077,0.158825,-0.133169,0.597426,-2.254039,-0.920040,9.6442719,0.161268,-0.057421,0.625526
-2.269592,-0.884148,9.622736,0.078191,-0.124617,0.559553,-2.297110,-0.585045,9.7411814,0.124617,-0.058643,0.581544
-2.297110,-0.770489,9.579665,-0.036652,-0.101404,0.525344,-2.261218,-0.366102,9.7902336,-0.003665,-0.043982,0.530231
-2.340181,-0.783650,9.613165,-0.191812,-0.057421,0.480140,-2.261218,-0.366102,9.7902336,-0.003665,-0.043982,0.530231
-2.398805,-0.920040,9.548558,-0.243124,-0.056200,0.443488,-2.348555,-0.407976,9.7124672,-0.207694,0.004887,0.465479
-2.409573,-1.097109,9.522238,-0.254120,-0.069639,0.408058,-2.405983,-0.602991,9.6406822,-0.250455,-0.002443,0.411723
-2.480161,-1.264607,9.515059,-0.233351,-0.091630,0.386067,-2.453840,-0.783650,9.5820589,-0.238237,-0.029322,0.376293
-2.526821,-1.331606,9.371490,-0.188146,-0.113621,0.373850,-2.453840,-0.783650,9.5820589,-0.238237,-0.029322,0.376293
-2.525624,-1.392623,9.458828,-0.124617,-0.141721,0.376293,-2.452643,-1.000200,9.5234337,-0.178373,-0.059865,0.365297
-2.500499,-1.453640,9.383454,-0.096517,-0.131947,0.371406,-2.468197,-1.058824,9.4923267,-0.108734,-0.081856,0.367741
-2.511267,-1.462015,9.509077,-0.086743,-0.090408,0.375071,-2.488536,-1.083949,9.5784683,-0.086743,-0.042761,0.368963
-2.605784,-1.465604,9.503096,-0.063530,-0.026878,0.364076,-2.488536,-1.083949,9.5784683,-0.086743,-0.042761,0.368963
-2.713461,-1.448854,9.507881,0.001222,0.001222,0.340863,-2.605784,-1.082752,9.5401840,-0.059865,0.031765,0.353080
-2.878566,-1.375873,9.454042,0.069639,0.001222,0.307876,-2.796013,-1.066003,9.5090771,0.032987,0.064752,0.321315
-2.971886,-1.233500,9.341579,0.107512,-0.051313,0.277333,-2.922833,-0.874577,9.4289179,0.100182,0.020769,0.282220
-3.011367,-1.034896,9.363115,0.100182,-0.116064,0.239459,-2.922833,-0.874577,9.4289179,0.100182,0.020769,0.282220
-2.961118,-0.916451,9.317652,0.056200,-0.160047,0.191812,-3.010171,-0.695115,9.3762751,0.094073,-0.069639,0.234572
-2.878566,-0.878166,9.445667,0.009774,-0.208916,0.155160,-2.953940,-0.539581,9.5018988,0.035430,-0.127060,0.179594
-2.776871,-0.891326,9.437292,-0.040317,-0.230907,0.117286,-2.815156,-0.506082,9.5294161,-0.031765,-0.179594,0.125838
-2.635694,-0.989432,9.488738,-0.084299,-0.224798,0.081856,-2.815156,-0.506082,9.5294161,-0.031765,-0.179594,0.125838
-2.539981,-1.097109,9.515059,-0.116064,-0.199142,0.056200,-2.623730,-0.583849,9.5078812,-0.090408,-0.174707,0.073304
-2.425126,-1.237089,9.437292,-0.124617,-0.166155,0.041539,-2.478964,-0.740579,9.5413809,-0.123395,-0.139277,0.041539
-2.368894,-1.381855,9.407382,-0.116064,-0.133169,0.040317,-2.401197,-0.923630,9.4731855,-0.119730,-0.097738,0.034208
-2.360520,-1.473979,9.373883,-0.084299,-0.098960,0.046426,-2.401197,-0.923630,9.4731855,-0.119730,-0.097738,0.034208
-2.389233,-1.551746,9.337990,-0.039095,-0.070860,0.053756,-2.404787,-1.099502,9.5294161,-0.079412,-0.048869,0.041539
-2.419144,-1.483550,9.270991,0.004887,-0.048869,0.067195,-2.384448,-1.160519,9.4839525,-0.017104,-0.013439,0.054978
-2.488536,-1.524228,9.383454,0.061087,-0.050091,0.078191,-2.437090,-1.171287,9.4875422,0.045204,-0.001222,0.070860
-2.514857,-1.415355,9.341579,0.100182,-0.051313,0.078191,-2.437090,-1.171287,9.4875422,0.045204,-0.001222,0.070860
-2.593820,-1.323231,9.433703,0.120951,-0.050091,0.064752,-2.493321,-1.040878,9.5030956,0.098960,0.002443,0.073304
-2.626123,-1.259821,9.414560,0.123395,-0.068417,0.048869,-2.593820,-0.886541,9.3942213,0.120951,-0.007330,0.056200
-2.635694,-1.092324,9.476774,0.108734,-0.101404,0.023213,-2.673980,-0.806381,9.6287184,0.108734,-0.048869,0.032987
-2.589034,-1.075574,9.471989,0.073304,-0.131947,0.000000,-2.673980,-0.806381,9.6287184,0.108734,-0.048869,0.032987
-2.575874,-0.997807,9.519845,0.029322,-0.142942,-0.028100,-2.581856,-0.674776,9.6000051,0.064752,-0.086743,-0.007330
-2.445465,-1.076770,9.403793,-0.008552,-0.149051,-0.045204,-2.548356,-0.689133,9.6430750,0.008552,-0.102625,-0.036652
-2.431108,-1.144966,9.556933,-0.035430,-0.134390,-0.057421,-2.419144,-0.747757,9.6299152,-0.031765,-0.096517,-0.059865
-2.409573,-1.191626,9.443274,-0.051313,-0.107512,-0.067195,-2.419144,-0.747757,9.6299152,-0.031765,-0.096517,-0.059865
-2.347359,-1.343570,9.461221,-0.052534,-0.086743,-0.059865,-2.360520,-0.921237,9.6418791,-0.053756,-0.064752,-0.069639
-2.402394,-1.396212,9.555737,-0.030543,-0.072082,-0.047647,-2.331806,-0.911665,9.5425768,-0.043982,-0.040317,-0.061087
-2.405983,-1.438086,9.475577,0.000000,-0.062308,-0.041539,-2.333002,-1.044467,9.5126667,-0.012217,-0.024435,-0.046426
-2.409573,-1.435694,9.544970,0.046426,-0.089186,-0.018326,-2.333002,-1.044467,9.5126667,-0.012217,-0.024435,-0.046426
-2.373680,-1.429712,9.534203,0.078191,-0.102625,-0.001222,-2.403590,-1.070788,9.5521488,0.051313,-0.047647,-0.018326
-2.371287,-1.351945,9.476774,0.098960,-0.109956,0.010996,-2.341377,-1.016950,9.5856476,0.089186,-0.064752,0.004887
-2.342573,-1.287339,9.482756,0.101404,-0.108734,0.018326,-2.330609,-0.890130,9.6155586,0.101404,-0.059865,0.015882
-2.349752,-1.176072,9.513863,0.096517,-0.119730,0.026878,-2.330609,-0.890130,9.6155586,0.101404,-0.059865,0.015882
-2.323431,-1.140180,9.535398,0.078191,-0.113621,0.029322,-2.315056,-0.836291,9.6263256,0.094073,-0.072082,0.026878
-2.309074,-1.099502,9.560523,0.048869,-0.117286,0.029322,-2.287539,-0.752543,9.6610212,0.062308,-0.067195,0.028100
-2.291128,-1.100698,9.542577,0.019548,-0.111177,0.030543,-2.242075,-0.697508,9.6789675,0.025656,-0.067195,0.026878
-2.273182,-1.082752,9.600005,-0.006109,-0.098960,0.029322,-2.242075,-0.697508,9.6789675,0.025656,-0.067195,0.026878
-2.261218,-1.113859,9.651450,-0.021991,-0.092852,0.034208,-2.240878,-0.746561,9.6837530,-0.010996,-0.052534,0.026878
-2.243271,-1.143769,9.651450,-0.036652,-0.096517,0.041539,-2.244468,-0.780060,9.7447701,-0.030543,-0.051313,0.032987
-2.222932,-1.220340,9.611969,-0.036652,-0.086743,0.047647,-2.242075,-0.853041,9.6562357,-0.040317,-0.047647,0.041539
-2.273182,-1.269392,9.570094,-0.030543,-0.057421,0.048869,-2.242075,-0.853041,9.6562357,-0.040317,-0.047647,0.041539
-2.300699,-1.257428,9.560523,-0.006109,-0.047647,0.062308,-2.210968,-0.865005,9.6239328,-0.029322,-0.009774,0.046426
-2.331806,-1.316052,9.463614,0.019548,-0.047647,0.072082,-2.299503,-0.911665,9.6323080,0.004887,-0.001222,0.062308
-2.484946,-1.226322,9.050852,0.098960,0.024435,0.003665,-2.335395,-0.854238,9.1130648,0.087965,0.061087,0.014661
-2.490928,-1.127020,9.105886,0.158825,0.047647,-0.039095,-2.335395,-0.854238,9.1130648,0.087965,0.061087,0.014661
-2.696711,-0.900898,9.481561,0.138056,0.006109,-0.089186,-2.477768,-0.762114,9.3056879,0.162490,0.086743,-0.061087
-2.598605,-1.004986,9.035297,0.078191,-0.102625,-0.123395,-2.761317,-0.689133,9.4576321,0.083078,-0.017104,-0.107512
-2.606981,-0.997807,9.324830,0.052534,-0.150273,-0.162490,-2.699104,-0.602991,9.4301138,0.062308,-0.098960,-0.151495
-2.569892,-1.028914,9.373883,0.014661,-0.190590,-0.182038,-2.699104,-0.602991,9.4301138,0.062308,-0.098960,-0.151495
-2.437090,-1.195215,9.626326,0.001222,-0.233351,-0.186925,-2.512464,-0.798006,9.5126667,0.007330,-0.162490,-0.183260
-2.239682,-1.172483,9.471989,0.029322,-0.237016,-0.186925,-2.305485,-0.742971,9.6777716,0.012217,-0.202807,-0.184481
-2.104488,-1.197608,9.558130,0.024435,-0.206472,-0.172264,-2.127219,-0.819542,9.7316103,0.020769,-0.183260,-0.172264
-1.993221,-1.247857,9.694522,0.020769,-0.142942,-0.164934,-2.127219,-0.819542,9.7316103,0.020769,-0.183260,-0.172264
-1.946561,-1.293321,9.662218,0.017104,-0.117286,-0.145386,-2.002793,-0.853041,9.7017002,0.024435,-0.100182,-0.163712
-1.898705,-1.318445,9.717253,-0.009774,-0.103847,-0.113621,-1.914258,-0.838684,9.8452682,0.002443,-0.072082,-0.131947
-1.941776,-1.411765,9.684950,0.001222,-0.042761,-0.083078,-1.880759,-0.994218,9.6945219,-0.001222,-0.010996,-0.096517
-1.983650,-1.406980,9.655040,0.028100,0.019548,-0.052534,-1.880759,-0.994218,9.6945219,-0.001222,-0.010996,-0.096517
-2.099702,-1.433301,9.724432,0.045204,0.021991,-0.021991,-1.954936,-1.001396,9.7926273,0.031765,0.061087,-0.059865
-2.175076,-1.372284,9.644272,0.043982,-0.012217,0.004887,-2.123630,-1.009771,9.7998047,0.041539,0.048869,-0.015882
-2.224129,-1.354338,9.637094,0.051313,-0.050091,0.032987,-2.178665,-0.972682,9.7052889,0.047647,0.001222,0.025656
-2.249253,-1.308874,9.687343,0.046426,-0.096517,0.059865,-2.178665,-0.972682,9.7052889,0.047647,0.001222,0.025656
-2.236093,-1.333999,9.633504,0.051313,-0.117286,0.078191,-2.200201,-0.904487,9.7495565,0.045204,-0.054978,0.063530
-2.204986,-1.295714,9.583255,0.062308,-0.125838,0.090408,-2.195415,-0.930808,9.6945219,0.053756,-0.072082,0.084299
-2.202593,-1.178465,9.607183,0.079412,-0.127060,0.095295,-2.169094,-0.843470,9.6729851,0.073304,-0.079412,0.096517
-2.170290,-1.118644,9.634700,0.096517,-0.140499,0.107512,-2.169094,-0.843470,9.6729851,0.073304,-0.079412,0.096517
-2.130809,-1.042074,9.680164,0.096517,-0.152716,0.118508,-2.124826,-0.720240,9.7639132,0.094073,-0.092852,0.111177
-2.076970,-0.940379,9.649057,0.064752,-0.134390,0.113621,-2.070988,-0.605384,9.7555380,0.079412,-0.097738,0.117286
-2.044667,-0.891326,9.687343,0.052534,-0.142942,0.123395,-2.014757,-0.540778,9.7962160,0.052534,-0.091630,0.124617
-1.998007,-0.841077,9.737592,0.034208,-0.144164,0.124617,-2.014757,-0.540778,9.7962160,0.052534,-0.091630,0.124617
-1.940579,-0.851845,9.713663,0.024435,-0.146608,0.128282,-1.986043,-0.476172,9.8141623,0.029322,-0.096517,0.127060
-1.901098,-0.831506,9.708878,0.019548,-0.131947,0.136834,-1.896312,-0.417548,9.7974119,0.020769,-0.091630,0.130725
-1.884348,-0.764507,9.688540,0.009774,-0.106291,0.141721,-1.828116,-0.446261,9.7998047,0.012217,-0.063530,0.138056
-1.878366,-0.771685,9.696914,-0.001222,-0.092852,0.150273,-1.828116,-0.446261,9.7998047,0.012217,-0.063530,0.138056
-1.919044,-0.787239,9.680164,-0.015882,-0.078191,0.161268,-1.907080,-0.400798,9.8057871,-0.006109,-0.039095,0.150273
-1.899901,-0.792024,9.676576,-0.028100,-0.069639,0.161268,-1.898705,-0.425922,9.8225374,-0.021991,-0.023213,0.155160
-1.968097,-0.836291,9.658628,-0.034208,-0.068417,0.173486,-1.935793,-0.440279,9.8033943,-0.035430,-0.017104,0.162490
-2.006382,-0.920040,9.738788,-0.046426,-0.083078,0.189368,-1.935793,-0.440279,9.8033943,-0.035430,-0.017104,0.162490
-2.018346,-0.929612,9.639486,-0.064752,-0.081856,0.208916,-1.898705,-0.453440,9.8297148,-0.050091,-0.032987,0.183260
-2.047060,-0.927219,9.701700,-0.062308,-0.098960,0.222355,-1.992025,-0.525225,9.7615204,-0.069639,-0.039095,0.205251
-2.050649,-1.007378,9.687343,-0.061087,-0.096517,0.224798,-2.009971,-0.605384,9.7543421,-0.062308,-0.043982,0.219911
-2.075774,-1.020539,9.757931,-0.064752,-0.129503,0.235794,-2.009971,-0.605384,9.7543421,-0.062308,-0.043982,0.219911
-2.039881,-1.128216,9.669396,-0.061087,-0.123395,0.252898,-2.008775,-0.667598,9.7854481,-0.065973,-0.075747,0.238237
-2.017149,-1.021735,9.723235,-0.048869,-0.106291,0.257785,-2.006382,-0.751346,9.7651091,-0.061087,-0.065973,0.248011
-2.038685,-1.119841,9.693325,-0.037874,-0.086743,0.270002,-1.977668,-0.799203,9.7794666,-0.039095,-0.046426,0.262672
-2.068595,-1.016950,9.698111,-0.026878,-0.079412,0.277333,-1.977668,-0.799203,9.7794666,-0.039095,-0.046426,0.262672
-2.109273,-0.965504,9.696914,-0.006109,-0.079412,0.288328,-1.999203,-0.640080,9.7136631,-0.019548,-0.019548,0.277333
-2.088934,-1.002593,9.707682,-0.003665,-0.074526,0.300546,-2.037488,-0.582652,9.6957169,-0.003665,-0.023213,0.288328
-2.171487,-1.015753,9.640682,0.008552,-0.065973,0.315206,-2.146362,-0.602991,9.6777716,0.007330,-0.008552,0.306654
-2.165505,-0.952343,9.635897,0.010996,-0.067195,0.307876,-2.146362,-0.602991,9.6777716,0.007330,-0.008552,0.306654
-2.305485,-0.879362,9.798609,0.007330,-0.078191,0.312763,-2.206183,-0.492921,9.8428764,0.017104,-0.009774,0.306654
-2.249253,-0.818345,9.609575,-0.004887,-0.095295,0.326202,-2.165505,-0.461815,9.6454687,-0.007330,-0.024435,0.313985
-2.250450,-0.866202,9.665807,-0.025656,-0.103847,0.318872,-2.238486,-0.400798,9.7280207,-0.018326,-0.041539,0.316428
-2.312663,-0.831506,9.611969,-0.041539,-0.116064,0.305433,-2.238486,-0.400798,9.7280207,-0.018326,-0.041539,0.316428
-2.274378,-0.660419,9.702895,-0.065973,-0.106291,0.283441,-2.269592,-0.368495,9.8045912,-0.053756,-0.069639,0.302989
-2.250450,-0.799203,9.653843,-0.090408,-0.125838,0.273668,-2.133201,-0.409173,9.6969137,-0.087965,-0.058643,0.271224
-2.220540,-0.874577,9.628718,-0.092852,-0.129503,0.268781,-2.276771,-0.520439,9.6155586,-0.086743,-0.062308,0.261450
-2.263610,-0.921237,9.535398,-0.073304,-0.131947,0.257785,-2.276771,-0.520439,9.6155586,-0.086743,-0.062308,0.261450
-2.270789,-0.882952,9.633504,-0.059865,-0.140499,0.251676,-2.238486,-0.604188,9.6789675,-0.076969,-0.087965,0.260229
-2.123630,-1.026521,9.695717,-0.053756,-0.164934,0.254120,-2.170290,-0.587438,9.6538429,-0.067195,-0.101404,0.249233
-2.105684,-1.089931,9.650254,-0.018326,-0.146608,0.268781,-2.163112,-0.616152,9.6012011,-0.020769,-0.086743,0.263894
-2.086541,-0.936790,9.692128,-0.001222,-0.136834,0.277333,-2.163112,-0.616152,9.6012011,-0.020769,-0.086743,0.263894
-2.126023,-0.914058,9.626326,0.014661,-0.107512,0.266337,-2.117648,-0.589831,9.6191473,0.008552,-0.070860,0.273668
-2.096112,-0.837488,9.674182,0.010996,-0.123395,0.272446,-2.054238,-0.431904,9.8356981,0.009774,-0.068417,0.271224
-2.111666,-0.812363,9.667004,0.000000,-0.105069,0.268781,-2.086541,-0.485743,9.7495565,0.001222,-0.052534,0.272446
-2.094916,-0.866202,9.632308,-0.003665,-0.096517,0.262672,-2.086541,-0.485743,9.7495565,0.001222,-0.052534,0.272446
-2.110470,-0.803988,9.643075,-0.018326,-0.089186,0.256563,-2.087738,-0.403191,9.7507515,-0.004887,-0.041539,0.257785
-2.123630,-0.801596,9.690931,-0.007330,-0.067195,0.245568,-2.100899,-0.409173,9.7304134,-0.015882,-0.026878,0.251676
-2.204986,-0.788435,9.621540,-0.006109,-0.052534,0.223577,-2.148755,-0.382852,9.6622181,-0.009774,-0.001222,0.221133
-2.226521,-0.788435,9.608379,-0.017104,-0.062308,0.210138,-2.148755,-0.382852,9.6622181,-0.009774,-0.001222,0.221133
-2.260021,-0.786042,9.590433,-0.025656,-0.058643,0.193033,-2.221736,-0.357727,9.6693964,-0.021991,-0.006109,0.200364
-2.280360,-0.784846,9.574880,-0.036652,-0.078191,0.173486,-2.260021,-0.376870,9.6885395,-0.030543,-0.013439,0.179594
-2.291128,-0.787239,9.586843,-0.042761,-0.091630,0.153938,-2.317449,-0.412762,9.6406822,-0.042761,-0.039095,0.155160
-2.329413,-0.832702,9.600005,-0.052534,-0.108734,0.140499,-2.317449,-0.412762,9.6406822,-0.042761,-0.039095,0.155160
-2.274378,-0.885344,9.560523,-0.063530,-0.128282,0.131947,-2.246860,-0.460618,9.6275225,-0.056200,-0.061087,0.130725
-2.249253,-0.965504,9.586843,-0.070860,-0.138056,0.129503,-2.242075,-0.531207,9.6466646,-0.069639,-0.085521,0.125838
-2.213361,-1.014557,9.620344,-0.068417,-0.158825,0.131947,-2.216950,-0.619741,9.6741819,-0.070860,-0.103847,0.130725
-2.167897,-1.037289,9.559327,-0.056200,-0.140499,0.131947,-2.216950,-0.619741,9.6741819,-0.070860,-0.103847,0.130725
-2.127219,-1.083949,9.548558,-0.040317,-0.135612,0.138056,-2.151147,-0.696311,9.6466646,-0.056200,-0.087965,0.130725
-2.100899,-1.104288,9.566504,-0.023213,-0.125838,0.149051,-2.070988,-0.713061,9.6394863,-0.036652,-0.081856,0.136834
-2.082952,-1.121037,9.570094,-0.008552,-0.111177,0.158825,-2.075774,-0.732204,9.6634140,-0.012217,-0.063530,0.155160
-2.073381,-1.111466,9.576077,0.012217,-0.097738,0.168599,-2.075774,-0.732204,9.6634140,-0.012217,-0.063530,0.155160
-2.096112,-1.086341,9.598808,0.034208,-0.086743,0.174707,-2.051846,-0.715454,9.6634140,0.014661,-0.042761,0.167377
-2.151147,-1.019342,9.574880,0.045204,-0.073304,0.172264,-2.109273,-0.665205,9.6562357,0.037874,-0.026878,0.171042
-2.158326,-0.978664,9.620344,0.056200,-0.070860,0.167377,-2.148755,-0.588634,9.6921282,0.050091,-0.020769,0.167377
-2.203789,-0.905683,9.608379,0.078191,-0.053756,0.142942,-2.148755,-0.588634,9.6921282,0.050091,-0.020769,0.167377
-2.251646,-0.841077,9.620344,0.079412,-0.048869,0.124617,-2.157130,-0.465404,9.6801643,0.073304,-0.001222,0.136834
-2.243271,-0.776471,9.601201,0.117286,-0.031765,0.085521,-2.260021,-0.452244,9.7088776,0.081856,0.002443,0.105069
-2.404787,-0.599402,9.555737,0.175929,0.043982,-0.001222,-2.382055,-0.319442,9.6406822,0.178373,0.080634,0.013439
-2.476572,-0.541974,9.616754,0.114843,-0.008552,-0.030543,-2.382055,-0.319442,9.6406822,0.178373,0.080634,0.013439
-2.548356,-0.466600,9.663414,0.122173,-0.026878,-0.092852,-2.520839,-0.141177,9.6849499,0.109956,0.031765,-0.040317
-2.555535,-0.418744,9.634700,0.144164,-0.047647,-0.163712,-2.587838,-0.068195,9.6526461,0.136834,0.004887,-0.125838
-2.616551,-0.326620,9.586843,0.134390,-0.068417,-0.230907,-2.609373,0.053839,9.6598253,0.141721,-0.026878,-0.222355
-2.626123,-0.324227,9.610772,0.036652,-0.145386,-0.265115,-2.609373,0.053839,9.6598253,0.141721,-0.026878,-0.222355
-2.522035,-0.416351,9.536594,-0.056200,-0.172264,-0.300546,-2.604587,0.029910,9.6215401,0.023213,-0.119730,-0.271224
-2.419144,-0.610170,9.546166,-0.114843,-0.197920,-0.313985,-2.459822,-0.116052,9.6323080,-0.089186,-0.152716,-0.311541
-2.299503,-0.821935,9.546166,-0.151495,-0.210138,-0.316428,-2.293520,-0.390030,9.6155586,-0.145386,-0.178373,-0.322537
-2.181058,-1.071985,9.527023,-0.161268,-0.186925,-0.307876,-2.293520,-0.390030,9.6155586,-0.145386,-0.178373,-0.322537
-2.079363,-1.293321,9.518648,-0.113621,-0.149051,-0.282220,-2.114059,-0.738186,9.5928259,-0.153938,-0.150273,-0.309098
-1.990828,-1.446461,9.525827,-0.037874,-0.113621,-0.239459,-1.983650,-1.018146,9.5940228,-0.084299,-0.105069,-0.267559
-1.950150,-1.518246,9.556933,0.053756,-0.085521,-0.191812,-1.896312,-1.101895,9.6370935,0.031765,-0.057421,-0.206472
-1.980061,-1.488336,9.519845,0.114843,-0.029322,-0.156382,-1.896312,-1.101895,9.6370935,0.031765,-0.057421,-0.206472
-2.011168,-1.429712,9.605987,0.178373,-0.015882,-0.111177,-1.935793,-1.097109,9.6047897,0.130725,0.013439,-0.146608
-2.082952,-1.256232,9.543774,0.208916,0.013439,-0.089186,-2.008775,-0.945165,9.6263256,0.193033,0.037874,-0.101404
-2.171487,-1.099502,9.579665,0.212581,0.030543,-0.081856,-2.134398,-0.795614,9.6550398,0.207694,0.068417,-0.083078
-2.254039,-0.932004,9.603594,0.212581,0.010996,-0.074526,-2.134398,-0.795614,9.6550398,0.207694,0.068417,-0.083078
-2.324627,-0.826720,9.641879,0.184481,-0.029322,-0.074526,-2.274378,-0.539581,9.7040920,0.205251,0.047647,-0.073304
-2.361716,-0.752543,9.534203,0.113621,-0.029322,-0.101404,-2.316252,-0.368495,9.6370935,0.152716,0.009774,-0.090408
-2.421537,-0.716650,9.535398,0.045204,-0.032987,-0.133169,-2.404787,-0.325424,9.6454687,0.062308,0.006109,-0.129503
-2.450250,-0.738186,9.571291,-0.002443,-0.043982,-0.160047,-2.404787,-0.325424,9.6454687,0.062308,0.006109,-0.129503
-2.484946,-0.829113,9.548558,-0.031765,-0.035430,-0.188146,-2.467000,-0.394816,9.6323080,-0.012217,-0.008552,-0.172264
-2.523232,-0.896112,9.564113,-0.021991,-0.025656,-0.211359,-2.483750,-0.483350,9.6035938,-0.034208,0.002443,-0.206472
-2.569892,-1.026521,9.504292,-0.002443,-0.034208,-0.226020,-2.542374,-0.602991,9.5772724,-0.009774,0.001222,-0.230907
-2.586641,-1.105484,9.523434,0.019548,-0.064752,-0.232129,-2.542374,-0.602991,9.5772724,-0.009774,0.001222,-0.230907
-2.584248,-1.149751,9.481561,0.047647,-0.091630,-0.233351,-2.568695,-0.722632,9.5832548,0.020769,-0.034208,-0.237016
-2.542374,-1.210768,9.509077,0.079412,-0.112399,-0.229685,-2.524428,-0.766900,9.5413809,0.059865,-0.064752,-0.234572
-2.481357,-1.179662,9.507881,0.106291,-0.130725,-0.223577,-2.492125,-0.800399,9.5425768,0.098960,-0.091630,-0.223577
-2.415555,-1.146162,9.534203,0.133169,-0.146608,-0.211359,-2.492125,-0.800399,9.5425768,0.098960,-0.091630,-0.223577
-2.321038,-1.088734,9.544970,0.138056,-0.151495,-0.201586,-2.371287,-0.751346,9.6083794,0.133169,-0.112399,-0.206472
-2.227718,-1.019342,9.600005,0.147829,-0.177151,-0.180816,-2.267200,-0.656830,9.6825571,0.136834,-0.127060,-0.186925
-2.135594,-0.971486,9.628718,0.136834,-0.164934,-0.169821,-2.124826,-0.575474,9.7292166,0.138056,-0.128282,-0.171042
-2.084148,-0.908076,9.638290,0.109956,-0.125838,-0.171042,-2.124826,-0.575474,9.7292166,0.138056,-0.128282,-0.171042
-2.031507,-0.894916,9.662218,0.083078,-0.101404,-0.163712,-2.045863,-0.510868,9.7375917,0.100182,-0.083078,-0.168599
-2.061417,-0.879362,9.595219,0.034208,-0.031765,-0.175929,-2.029114,-0.486939,9.6502542,0.056200,-0.030543,-0.173486
-2.109273,-0.965504,9.566504,0.013439,-0.010996,-0.171042,-2.070988,-0.521635,9.7172527,0.015882,0.017104,-0.179594
-2.225325,-0.910469,9.056834,0.058643,0.092852,-0.240681,-2.070988,-0.521635,9.7172527,0.015882,0.017104,-0.179594
-2.263610,-0.985843,9.048459,0.113621,0.150273,-0.290772,-2.231307,-0.756132,8.9611216,0.057421,0.139277,-0.261450
-2.596212,-1.015753,9.029316,0.162490,0.146608,-0.354302,-2.543571,-0.640080,9.0951195,0.130725,0.178373,-0.335976
-2.634498,-0.940379,9.129814,0.207694,0.087965,-0.398284,-2.768496,-0.509671,9.2506523,0.194255,0.133169,-0.392175
-2.867798,-0.929612,9.162118,0.234572,-0.003665,-0.437380,-2.768496,-0.509671,9.2506523,0.194255,0.133169,-0.392175
-2.874977,-0.793221,9.388239,0.213803,-0.108734,-0.458149,-2.880959,-0.386441,9.3260260,0.244346,0.007330,-0.434936
-2.816352,-0.661615,9.266206,0.142942,-0.194255,-0.480140,-2.809174,-0.369691,9.4301138,0.190590,-0.129503,-0.460592
-2.616551,-0.808774,9.473186,0.073304,-0.232129,-0.481362,-2.694318,-0.352941,9.5377913,0.084299,-0.200364,-0.478918
-2.513660,-0.893719,9.528220,0.030543,-0.217468,-0.478918,-2.694318,-0.352941,9.5377913,0.084299,-0.200364,-0.478918
-2.337788,-1.082752,9.544970,0.017104,-0.156382,-0.459371,-2.306681,-0.512064,9.7268238,0.025656,-0.185703,-0.478918
-2.228914,-1.186840,9.518648,0.002443,-0.089186,-0.430049,-2.232504,-0.624527,9.6753788,0.007330,-0.100182,-0.452040
-2.224129,-1.162912,9.638290,-0.017104,-0.032987,-0.379958,-2.220540,-0.911665,9.7124672,-0.014661,-0.018326,-0.399506
-2.256432,-1.365105,9.574880,-0.012217,-0.013439,-0.327424,-2.220540,-0.911665,9.7124672,-0.014661,-0.018326,-0.399506
-2.262414,-1.513460,9.543774,0.024435,-0.002443,-0.268781,-2.190629,-1.006182,9.7351990,-0.015882,0.019548,-0.329867
-2.335395,-1.512264,9.553344,0.097738,-0.007330,-0.224798,-2.220540,-1.148555,9.6215401,0.056200,0.028100,-0.254120
-2.358127,-1.473979,9.620344,0.163712,-0.035430,-0.182038,-2.312663,-1.082752,9.6622181,0.147829,0.008552,-0.191812
-2.341377,-1.354338,9.633504,0.206472,-0.103847,-0.130725,-2.312663,-1.082752,9.6622181,0.147829,0.008552,-0.191812
-2.312663,-1.202393,9.635897,0.221133,-0.151495,-0.107512,-2.304288,-0.917647,9.7304134,0.208916,-0.069639,-0.122173
-2.212165,-1.022932,9.661021,0.207694,-0.185703,-0.095295,-2.233700,-0.723829,9.7411814,0.215025,-0.123395,-0.096517
-2.109273,-0.900898,9.743573,0.147829,-0.204029,-0.085521,-2.128416,-0.535992,9.8632145,0.167377,-0.153938,-0.083078
-1.999203,-0.867398,9.737592,0.072082,-0.197920,-0.079412,-2.128416,-0.535992,9.8632145,0.167377,-0.153938,-0.083078
-1.898705,-0.849452,9.766306,0.021991,-0.184481,-0.065973,-1.953740,-0.436690,9.9003038,0.058643,-0.152716,-0.073304
-1.805385,-0.884148,9.823733,-0.017104,-0.172264,-0.043982,-1.836491,-0.459422,9.8691969,0.001222,-0.136834,-0.059865
-1.745564,-0.935594,9.692128,-0.048869,-0.147829,-0.001222,-1.746760,-0.556331,9.8620186,-0.043982,-0.108734,-0.015882
-1.700100,-1.000200,9.736396,-0.043982,-0.096517,0.031765,-1.746760,-0.556331,9.8620186,-0.043982,-0.108734,-0.015882
-1.682154,-1.040878,9.753145,-0.029322,-0.090408,0.075747,-1.658226,-0.673580,9.9649105,-0.048869,-0.048869,0.041539
-1.739582,-1.122234,9.755538,-0.015882,-0.062308,0.119730,-1.686940,-0.679562,9.8428764,-0.013439,-0.020769,0.092852
-1.816152,-1.099502,9.753145,-0.013439,-0.059865,0.167377,-1.671387,-0.640080,9.9230356,-0.015882,-0.009774,0.149051
-1.785046,-1.103091,9.796216,-0.006109,-0.084299,0.223577,-1.671387,-0.640080,9.9230356,-0.015882,-0.009774,0.149051
-1.872384,-1.056431,9.798609,0.003665,-0.091630,0.266337,-1.746760,-0.733400,9.8991070,-0.010996,-0.029322,0.229685
-1.801795,-1.077967,9.946964,-0.008552,-0.112399,0.298102,-1.814956,-0.691526,9.7926273,-0.002443,-0.057421,0.288328
-1.806581,-1.073181,9.651450,-0.003665,-0.119730,0.321315,-1.791028,-0.638884,9.8751793,0.006109,-0.048869,0.317650
-1.867598,-1.016950,9.745967,-0.002443,-0.101404,0.331089,-1.791028,-0.638884,9.8751793,0.006109,-0.048869,0.317650
-1.895116,-0.927219,9.707682,-0.008552,-0.073304,0.345750,-1.756332,-0.576670,9.8572330,-0.008552,-0.031765,0.327424
-1.929811,-0.967897,9.738788,-0.034208,-0.074526,0.371406,-1.826920,-0.553938,9.9505529,-0.026878,-0.020769,0.349415
-1.887937,-0.952343,9.662218,-0.047647,-0.058643,0.387289,-1.864009,-0.509671,9.8189478,-0.052534,-0.009774,0.377515
-1.963311,-0.982254,9.598808,-0.058643,-0.036652,0.399506,-1.864009,-0.509671,9.8189478,-0.052534,-0.009774,0.377515
-2.172683,-0.903291,9.845268,-0.052534,-0.013439,0.387289,-2.090131,-0.477368,9.8261261,-0.057421,0.042761,0.381180
-2.250450,-0.854238,9.750751,-0.069639,-0.045204,0.404393,-2.081756,-0.538385,9.9182501,-0.061087,0.031765,0.386067
-2.334198,-0.997807,9.652646,-0.098960,-0.068417,0.439823,-2.294717,-0.460618,9.9182501,-0.090408,0.002443,0.420275
-2.392823,-0.896112,9.562916,-0.076969,-0.075747,0.422719,-2.294717,-0.460618,9.9182501,-0.090408,0.002443,0.420275
-2.398805,-0.869791,9.614362,-0.062308,-0.100182,0.415388,-2.306681,-0.580260,9.6897354,-0.091630,-0.021991,0.419054
-2.382055,-0.813560,9.573684,-0.057421,-0.136834,0.412945,-2.317449,-0.573081,9.7423773,-0.065973,-0.059865,0.415388
-2.343770,-0.817149,9.591630,-0.073304,-0.166155,0.417832,-2.398805,-0.555135,9.5748796,-0.075747,-0.092852,0.420275
-2.267200,-0.957129,9.559327,-0.069639,-0.189368,0.427606,-2.398805,-0.555135,9.5748796,-0.075747,-0.092852,0.420275
-2.324627,-0.894916,9.667004,-0.043982,-0.193033,0.414167,-2.295913,-0.485743,9.6957169,-0.065973,-0.125838,0.419054
-2.121237,-0.888934,9.578468,-0.046426,-0.207694,0.390954,-2.213361,-0.567099,9.5904331,-0.047647,-0.131947,0.400728
-2.073381,-0.839881,9.623933,-0.040317,-0.207694,0.394619,-1.984846,-0.501296,9.6777716,-0.047647,-0.145386,0.394619
-2.026721,-0.808774,9.775877,-0.043982,-0.174707,0.399506,-1.984846,-0.501296,9.6777716,-0.047647,-0.145386,0.394619
-1.944168,-0.829113,9.682557,-0.045204,-0.162490,0.399506,-1.966900,-0.467797,9.8069830,-0.041539,-0.102625,0.401949
-1.956133,-0.824327,9.674182,-0.041539,-0.134390,0.390954,-1.927419,-0.437887,9.7603235,-0.042761,-0.079412,0.398284
-1.971686,-0.842274,9.670592,-0.045204,-0.107512,0.377515,-1.913062,-0.474975,9.7615204,-0.046426,-0.056200,0.373850
-1.942972,-0.861416,9.714860,-0.051313,-0.078191,0.362854,-1.913062,-0.474975,9.7615204,-0.046426,-0.056200,0.373850
-1.993221,-0.848256,9.682557,-0.042761,-0.058643,0.350637,-1.938186,-0.512064,9.7124672,-0.047647,-0.017104,0.356745
-2.076970,-0.794417,9.605987,-0.045204,-0.042761,0.335976,-1.977668,-0.385244,9.7842522,-0.042761,0.010996,0.334754
-2.139183,-0.827917,9.645469,-0.035430,-0.039095,0.335976,-2.114059,-0.390030,9.7375917,-0.034208,0.014661,0.331089
-2.165505,-0.772882,9.611969,-0.030543,-0.053756,0.304211,-2.114059,-0.390030,9.7375917,-0.034208,0.014661,0.331089
-2.195415,-0.739382,9.605987,-0.032987,-0.068417,0.293215,-2.190629,-0.375673,9.6705923,-0.023213,0.008552,0.298102
-2.305485,-0.802792,9.580862,-0.025656,-0.076969,0.290772,-2.191825,-0.352941,9.6897354,-0.035430,-0.019548,0.289550
-2.264807,-0.731007,9.632308,-0.028100,-0.097738,0.260229,-2.234896,-0.366102,9.6490574,-0.032987,-0.037874,0.266337
-2.232504,-0.787239,9.610772,-0.046426,-0.136834,0.262672,-2.234896,-0.366102,9.6490574,-0.032987,-0.037874,0.266337
-2.204986,-0.833899,9.683753,-0.065973,-0.140499,0.252898,-2.219343,-0.314656,9.7627172,-0.045204,-0.075747,0.250455
-2.195415,-0.799203,9.605987,-0.059865,-0.138056,0.243124,-2.164308,-0.369691,9.7447701,-0.059865,-0.091630,0.250455
-2.199004,-0.728615,9.661021,-0.046426,-0.135612,0.249233,-2.147558,-0.458226,9.7232351,-0.053756,-0.086743,0.251676
-2.093720,-0.859023,9.672985,-0.043982,-0.136834,0.256563,-2.147558,-0.458226,9.7232351,-0.053756,-0.086743,0.251676
-2.103291,-0.766900,9.712467,-0.030543,-0.127060,0.260229,-2.106880,-0.466600,9.7064857,-0.043982,-0.078191,0.256563
-2.094916,-0.792024,9.711270,-0.019548,-0.108734,0.251676,-2.121237,-0.446261,9.6729851,-0.024435,-0.059865,0.259007
-2.081756,-0.876970,9.548558,-0.014661,-0.105069,0.250455,-2.086541,-0.391227,9.6502542,-0.013439,-0.050091,0.248011
-2.099702,-0.774078,9.634700,-0.012217,-0.098960,0.246790,-2.086541,-0.391227,9.6502542,-0.013439,-0.050091,0.248011
-2.085345,-0.882952,9.589237,-0.019548,-0.097738,0.245568,-2.081756,-0.398405,9.7064857,-0.015882,-0.036652,0.243124
-2.130809,-0.812363,9.627522,-0.014661,-0.079412,0.245568,-2.123630,-0.386441,9.6478605,-0.012217,-0.026878,0.243124
-2.191825,-0.752543,9.615559,-0.019548,-0.079412,0.234572,-2.128416,-0.372084,9.7304134,-0.020769,-0.026878,0.237016
-2.176272,-0.796810,9.583255,-0.036652,-0.076969,0.226020,-2.128416,-0.372084,9.7304134,-0.020769,-0.026878,0.237016
-2.232504,-0.707079,9.680164,-0.040317,-0.098960,0.226020,-2.204986,-0.410369,9.7052889,-0.045204,-0.026878,0.224798
-2.195415,-0.800399,9.611969,-0.040317,-0.101404,0.218690,-2.167897,-0.446261,9.6705923,-0.041539,-0.048869,0.218690
-2.187040,-0.835095,9.619147,-0.020769,-0.106291,0.207694,-2.172683,-0.465404,9.6682005,-0.029322,-0.050091,0.208916
-2.200201,-0.793221,9.604790,0.006109,-0.105069,0.194255,-2.172683,-0.465404,9.6682005,-0.029322,-0.050091,0.208916
-2.148755,-0.795614,9.580862,0.029322,-0.101404,0.179594,-2.171487,-0.458226,9.6454687,0.004887,-0.051313,0.188146
-2.188236,-0.722632,9.632308,0.043982,-0.101404,0.167377,-2.159523,-0.364905,9.6693964,0.036652,-0.045204,0.168599
-2.170290,-0.695115,9.628718,0.035430,-0.102625,0.151495,-2.142773,-0.318245,9.7040920,0.034208,-0.048869,0.153938
-2.197808,-0.659223,9.609575,0.024435,-0.100182,0.131947,-2.142773,-0.318245,9.7040920,0.034208,-0.048869,0.153938
-2.163112,-0.661615,9.592826,0.007330,-0.098960,0.108734,-2.203789,-0.257228,9.7017002,0.020769,-0.048869,0.124617
-2.163112,-0.672383,9.596415,-0.007330,-0.098960,0.085521,-2.175076,-0.264407,9.7196455,0.001222,-0.053756,0.096517
-2.189433,-0.658026,9.617950,-0.019548,-0.092852,0.063530,-2.154737,-0.278764,9.7040920,-0.017104,-0.050091,0.065973
-2.171487,-0.709472,9.583255,-0.031765,-0.097738,0.048869,-2.154737,-0.278764,9.7040920,-0.017104,-0.050091,0.065973
-2.163112,-0.786042,9.564113,-0.051313,-0.075747,0.026878,-2.159523,-0.320638,9.6562357,-0.035430,-0.050091,0.041539
-2.166701,-0.826720,9.579665,-0.047647,-0.087965,0.023213,-2.160719,-0.422333,9.6765757,-0.054978,-0.036652,0.019548
-2.181058,-0.892523,9.684950,-0.034208,-0.097738,0.023213,-2.126023,-0.510868,9.6873426,-0.041539,-0.054978,0.018326
-2.167897,-0.885344,9.617950,-0.017104,-0.094073,0.029322,-2.126023,-0.510868,9.6873426,-0.041539,-0.054978,0.018326
-2.155933,-0.941576,9.565309,-0.008552,-0.095295,0.035430,-2.129612,-0.532403,9.7005033,-0.020769,-0.050091,0.028100
-2.151147,-0.965504,9.546166,0.012217,-0.094073,0.042761,-2.126023,-0.588634,9.6765757,-0.001222,-0.048869,0.036652
-2.133201,-0.997807,9.601201,0.032987,-0.094073,0.050091,-2.128416,-0.582652,9.6658068,0.025656,-0.047647,0.043982
-2.149951,-0.971486,9.628718,0.054978,-0.095295,0.054978,-2.128416,-0.582652,9.6658068,0.025656,-0.047647,0.043982
-2.139183,-0.917647,9.629915,0.057421,-0.098960,0.058643,-2.126023,-0.541974,9.6777716,0.053756,-0.048869,0.053756
-2.152344,-0.855434,9.622736,0.048869,-0.101404,0.063530,-2.114059,-0.489332,9.6849499,0.052534,-0.050091,0.059865
-2.139183,-0.827917,9.621540,0.030543,-0.098960,0.069639,-2.111666,-0.437887,9.7483597,0.037874,-0.048869,0.064752
-2.143969,-0.814756,9.646665,0.018326,-0.091630,0.074526,-2.111666,-0.437887,9.7483597,0.037874,-0.048869,0.064752
-2.147558,-0.783650,9.617950,0.006109,-0.090408,0.081856,-2.106880,-0.415155,9.6921282,0.015882,-0.047647,0.074526
-2.147558,-0.839881,9.588040,-0.014661,-0.083078,0.081856,-2.123630,-0.427119,9.6909313,-0.004887,-0.040317,0.078191
-2.124826,-0.916451,9.637094,-0.018326,-0.107512,0.100182,-2.088934,-0.451047,9.7986088,-0.020769,-0.051313,0.091630
-2.155933,-0.872184,9.644272,-0.026878,-0.083078,0.096517,-2.088934,-0.451047,9.7986088,-0.020769,-0.051313,0.091630
-2.157130,-0.911665,9.617950,-0.037874,-0.080634,0.094073,-2.133201,-0.489332,9.6574326,-0.029322,-0.032987,0.091630
-2.133201,-0.960718,9.607183,-0.032987,-0.085521,0.105069,-2.116452,-0.555135,9.7112703,-0.037874,-0.035430,0.096517
-2.163112,-0.989432,9.645469,-0.028100,-0.087965,0.120951,-2.159523,-0.582652,9.6490574,-0.032987,-0.037874,0.112399
-2.155933,-1.027717,9.594023,-0.018326,-0.098960,0.136834,-2.159523,-0.582652,9.6490574,-0.032987,-0.037874,0.112399
-2.152344,-0.985843,9.625129,-0.001222,-0.109956,0.153938,-2.143969,-0.612563,9.7064857,-0.017104,-0.047647,0.136834
-2.164308,-1.006182,9.607183,0.007330,-0.114843,0.168599,-2.127219,-0.604188,9.7136631,0.001222,-0.061087,0.160047
-2.160719,-0.983450,9.579665,0.004887,-0.106291,0.169821,-2.134398,-0.608973,9.6335039,0.006109,-0.057421,0.167377
-2.154737,-0.972682,9.634700,0.014661,-0.123395,0.180816,-2.134398,-0.608973,9.6335039,0.006109,-0.057421,0.167377
-2.141577,-0.856631,9.583255,0.013439,-0.118508,0.186925,-2.143969,-0.550349,9.6981106,0.013439,-0.067195,0.182038
-2.140380,-0.872184,9.586843,0.004887,-0.130725,0.193033,-2.114059,-0.496511,9.7615204,0.007330,-0.072082,0.186925
-2.067399,-0.865005,9.605987,-0.004887,-0.130725,0.204029,-2.070988,-0.471386,9.7375917,-0.003665,-0.073304,0.197920
-2.093720,-0.854238,9.680164,0.000000,-0.124617,0.210138,-2.070988,-0.471386,9.7375917,-0.003665,-0.073304,0.197920
-2.066202,-0.868595,9.609575,-0.010996,-0.118508,0.216246,-2.015953,-0.443869,9.7639132,-0.006109,-0.073304,0.208916
-2.024328,-0.853041,9.558130,-0.017104,-0.113621,0.221133,-2.001596,-0.407976,9.7447701,-0.009774,-0.063530,0.216246
-2.033899,-0.936790,9.631111,-0.023213,-0.103847,0.221133,-2.045863,-0.437887,9.6813602,-0.026878,-0.051313,0.215025
-2.098505,-0.829113,9.583255,-0.039095,-0.037874,0.186925,-2.045863,-0.437887,9.6813602,-0.026878,-0.051313,0.215025
-1.777867,-1.063610,10.230514,-0.039095,-0.149051,0.274889,-2.104488,-0.356531,10.4051895,-0.059865,0.000000,0.196699
-2.082952,-0.781257,9.907482,-0.030543,-0.189368,0.357967,-1.996810,-0.138784,10.3022976,-0.021991,-0.117286,0.316428
-2.001596,-0.468993,10.039088,-0.028100,-0.230907,0.417832,-1.980061,-0.439083,10.1419783,-0.035430,-0.142942,0.410501
-1.494318,-0.853041,9.818948,-0.094073,-0.208916,0.533896,-1.980061,-0.439083,10.1419783,-0.035430,-0.142942,0.410501
-1.716850,-0.957129,10.063016,-0.139277,-0.177151,0.609644,-1.683351,-0.522832,9.9852486,-0.097738,-0.129503,0.540005
-1.695315,-0.647258,9.781858,-0.140499,-0.190590,0.657291,-1.920240,-0.354138,10.0893373,-0.145386,-0.106291,0.621861
-1.972882,-0.819542,9.809377,-0.156382,-0.163712,0.717156,-1.716850,-0.576670,9.8524475,-0.157603,-0.087965,0.709825
-1.917847,-0.722632,9.627522,-0.150273,-0.152716,0.766025,-1.716850,-0.576670,9.8524475,-0.157603,-0.087965,0.709825
-1.586441,-1.037289,9.639486,-0.180816,-0.130725,0.808786,-1.508675,-0.709472,9.6598253,-0.174707,-0.062308,0.791681
-1.925026,-0.939183,9.670592,-0.178373,-0.138056,0.835664,-1.573281,-0.410369,9.9732847,-0.179594,-0.052534,0.800233
-2.152344,-0.720240,9.454042,-0.185703,-0.136834,0.868650,-1.909473,-0.720240,9.7579308,-0.199142,-0.040317,0.874759
-2.161915,-1.010968,10.000803,-0.171042,-0.114843,0.884533,-1.909473,-0.720240,9.7579308,-0.199142,-0.040317,0.874759
-1.920240,-1.258625,10.102497,-0.168599,-0.125838,0.908967,-1.916651,-0.436690,9.9385891,-0.160047,-0.048869,0.878424
-2.195415,-0.772882,8.982656,-0.145386,-0.151495,0.910189,-2.102095,-0.863809,9.4971132,-0.173486,-0.058643,0.935845
-2.504089,-0.508475,9.674182,-0.129503,-0.184481,0.916298,-2.311467,-0.792024,9.8428764,-0.145386,-0.083078,0.941954
-2.257628,-0.851845,9.761520,-0.052534,-0.260229,0.886976,-2.311467,-0.792024,9.8428764,-0.145386,-0.083078,0.941954
-1.840081,-1.164108,10.269995,-0.039095,-0.280998,0.878424,-1.752743,-0.421137,9.8500547,-0.031765,-0.185703,0.873537
-1.616352,-1.216750,9.852448,-0.001222,-0.289550,0.877202,-2.210968,-0.691526,9.5150595,-0.015882,-0.199142,0.884533
-1.830509,-0.455833,9.784252,0.014661,-0.274889,0.812451,-1.363909,-0.200997,9.7340031,0.010996,-0.212581,0.831998
-1.582852,-0.680758,10.258030,-0.009774,-0.257785,0.801455,-1.363909,-0.200997,9.7340031,0.010996,-0.212581,0.831998
-1.331606,-0.825524,10.185050,-0.029322,-0.248011,0.800233,-1.613959,-0.262014,10.0797644,-0.001222,-0.199142,0.808786
-1.271785,-0.679562,9.651450,-0.031765,-0.224798,0.803899,-1.629512,-0.226122,9.8668051,-0.037874,-0.152716,0.808786
-1.307678,-0.401994,9.364311,-0.061087,-0.183260,0.774577,-1.052842,0.022732,9.8021984,-0.046426,-0.108734,0.772134
-1.109073,-0.644866,10.266405,-0.100182,-0.128282,0.794125,-1.052842,0.022732,9.8021984,-0.046426,-0.108734,0.772134
-1.289732,-0.463011,9.778270,-0.079412,-0.105069,0.766025,-1.269392,-0.051446,9.7938232,-0.085521,-0.062308,0.778242
-1.432104,-0.339781,9.613165,-0.086743,-0.067195,0.766025,-1.073181,-0.226122,9.7710915,-0.087965,-0.002443,0.762360
-1.081556,-0.873380,10.167104,-0.108734,-0.034208,0.778242,-1.316052,-0.391227,9.6071835,-0.114843,0.041539,0.766025
-0.960718,-1.049253,10.100105,-0.102625,-0.010996,0.775799,-1.316052,-0.391227,9.6071835,-0.114843,0.041539,0.766025
-1.806581,-0.394816,9.875179,-0.073304,-0.013439,0.750143,-1.590031,-0.198604,9.7998047,-0.101404,0.068417,0.767247
-1.400998,-0.994218,10.264013,-0.113621,0.000000,0.759916,-1.296910,-0.346959,9.8787689,-0.084299,0.052534,0.741590
-1.305285,-1.016950,10.089337,-0.107512,-0.019548,0.741590,-1.554138,0.032303,10.0905333,-0.080634,0.058643,0.707382
-1.663012,-0.534796,9.058030,-0.075747,-0.058643,0.729373,-1.554138,0.032303,10.0905333,-0.080634,0.058643,0.707382
-2.045863,-0.155533,9.125030,-0.074526,-0.096517,0.708604,-2.133201,-0.382852,9.5940228,-0.072082,0.018326,0.750143
-1.637887,-0.872184,9.780663,-0.116064,-0.112399,0.717156,-1.629512,-0.057428,9.6083794,-0.098960,-0.035430,0.698830
-1.817349,-0.619741,9.236296,-0.114843,-0.145386,0.701273,-1.722832,-0.174676,9.9445715,-0.129503,-0.043982,0.695165
-1.864009,-0.279960,9.145369,-0.134390,-0.179594,0.679282,-1.722832,-0.174676,9.9445715,-0.129503,-0.043982,0.695165
-1.822134,-0.495314,9.735199,-0.161268,-0.175929,0.649961,-1.414158,-0.119641,9.9577312,-0.149051,-0.086743,0.671952
-1.621137,-0.893719,10.298709,-0.177151,-0.185703,0.651182,-1.940579,-0.276371,9.7040920,-0.168599,-0.109956,0.659734
-1.680958,-0.649651,9.276974,-0.139277,-0.206472,0.612087,-1.691726,-0.477368,9.7974119,-0.169821,-0.112399,0.625526
-1.478764,-0.912862,9.601201,-0.128282,-0.182038,0.631635,-1.691726,-0.477368,9.7974119,-0.169821,-0.112399,0.625526
-1.332802,-1.106680,9.948160,-0.125838,-0.169821,0.658513,-1.423730,-0.549153,9.6299152,-0.128282,-0.100182,0.637743
-1.533799,-0.943969,10.185050,-0.096517,-0.158825,0.667065,-1.533799,-0.410369,10.0881395,-0.092852,-0.100182,0.652404
-1.731207,-0.647258,9.818948,-0.062308,-0.157603,0.653626,-1.473979,-0.692722,9.7220383,-0.068417,-0.084299,0.665843
-1.235893,-1.354338,10.116854,-0.059865,-0.164934,0.653626,-1.473979,-0.692722,9.7220383,-0.068417,-0.084299,0.665843
-1.353141,-0.977468,10.284352,-0.144164,-0.167377,0.598648,-1.430908,-0.710668,9.6885395,-0.067195,-0.086743,0.636522
-1.667797,-0.692722,9.724432,-0.194255,-0.183260,0.543670,-1.348356,-0.305085,10.2269239,-0.155160,-0.113621,0.563218
-1.646262,-1.080359,9.659825,-0.278555,-0.175929,0.478918,-1.497907,-1.021735,9.6765757,-0.278555,-0.112399,0.503353
-1.373480,-1.630709,9.401401,-0.320093,-0.153938,0.445932,-1.497907,-1.021735,9.6765757,-0.278555,-0.112399,0.503353
-1.479961,-1.457229,9.678967,-0.271224,-0.134390,0.438601,-1.519442,-1.207179,9.7160568,-0.294437,-0.089186,0.439823
-1.610370,-1.621137,9.454042,-0.130725,-0.112399,0.477697,-1.192822,-1.505085,9.5952187,-0.204029,-0.053756,0.463036
-1.640280,-1.935793,9.477971,-0.024435,-0.100182,0.558331,-1.606781,-1.724029,9.3571329,-0.063530,-0.035430,0.546114
-1.517050,-2.178665,9.692128,0.053756,-0.102625,0.648739,-1.606781,-1.724029,9.3571329,-0.063530,-0.035430,0.546114
-1.490729,-1.897508,9.824929,0.090408,-0.124617,0.681726,-1.892723,-1.560120,9.6227360,0.073304,-0.034208,0.657291
-1.927419,-1.432104,9.641879,0.083078,-0.140499,0.657291,-1.464407,-1.110270,9.7399845,0.092852,-0.056200,0.669508
-1.867598,-1.499103,9.869197,0.050091,-0.150273,0.658513,-1.695315,-0.941576,9.9397850,0.051313,-0.073304,0.646295
-1.769492,-1.451247,9.870394,-0.030543,-0.155160,0.623083,-1.695315,-0.941576,9.9397850,0.051313,-0.073304,0.646295
-1.722832,-1.231107,9.635897,-0.086743,-0.151495,0.582765,-1.976472,-0.908076,9.9625168,-0.050091,-0.081856,0.614530
-1.674976,-1.190429,9.355936,-0.092852,-0.153938,0.608422,-1.557728,-0.757328,9.7411814,-0.078191,-0.086743,0.594983
-1.801795,-1.244268,9.929018,-0.094073,-0.157603,0.636522,-1.744368,-0.978664,9.6717892,-0.105069,-0.080634,0.632856
-1.830509,-0.987039,9.717253,-0.045204,-0.177151,0.664621,-1.744368,-0.978664,9.6717892,-0.105069,-0.080634,0.632856
-1.904687,-1.086341,9.241081,-0.002443,-0.200364,0.687834,-1.769492,-1.050449,9.4731855,-0.046426,-0.108734,0.675617
-1.730011,-1.302892,9.314062,-0.002443,-0.194255,0.726930,-1.747957,-0.680758,9.7375917,-0.002443,-0.118508,0.706160
-1.487139,-1.324427,9.729217,-0.002443,-0.193033,0.759916,-1.611566,-0.754936,9.5964146,-0.003665,-0.113621,0.756251
-1.915455,-0.600598,9.518648,-0.017104,-0.175929,0.755029,-1.611566,-0.754936,9.5964146,-0.003665,-0.113621,0.756251
-1.855634,-0.878166,9.235100,-0.013439,-0.177151,0.759916,-1.782653,-0.727418,9.5078812,-0.006109,-0.092852,0.761138
-1.524228,-1.103091,9.717253,-0.075747,-0.141721,0.764803,-1.344766,-0.167498,9.9780712,-0.043982,-0.080634,0.747699
-1.287339,-0.982254,9.881161,-0.081856,-0.114843,0.726930,-1.926222,-0.315853,9.8632145,-0.063530,-0.051313,0.730595
-1.341177,-0.547956,9.926625,-0.063530,-0.116064,0.701273,-1.926222,-0.315853,9.8632145,-0.063530,-0.051313,0.730595
-1.677369,-0.995414,9.728021,-0.058643,-0.108734,0.689056,-1.927419,-0.532403,9.5473623,-0.074526,-0.029322,0.708604
-1.418944,-0.812363,9.817752,-0.080634,-0.116064,0.728151,-1.039681,0.003589,10.1371937,-0.069639,-0.034208,0.695165
-1.348356,-0.558724,9.594023,-0.090408,-0.112399,0.731817,-1.896312,-0.303888,9.8476620,-0.098960,-0.029322,0.734260
-1.526621,-0.588634,9.534203,-0.083078,-0.083078,0.712269,-1.896312,-0.303888,9.8476620,-0.098960,-0.029322,0.734260
-1.712065,-0.500100,9.761520,-0.102625,-0.085521,0.717156,-1.837688,-0.226122,9.9122677,-0.114843,-0.007330,0.711047
-1.715654,-0.509671,9.493524,-0.125838,-0.091630,0.692721,-1.837688,-0.226122,9.9122677,-0.114843,-0.007330,0.711047
-1.908276,-0.636491,10.214960,-0.127060,-0.105069,0.690278,-1.745564,-0.250050,9.8428764,-0.139277,-0.009774,0.685391
-1.819742,-0.376870,9.885946,-0.142942,-0.102625,0.680504,-1.869991,-0.105284,9.9218397,-0.125838,-0.035430,0.676839
-2.155933,-0.516850,9.609575,-0.119730,-0.119730,0.670730,-1.872384,-0.582652,9.5413809,-0.153938,-0.035430,0.682947
-2.124826,-0.904487,9.227921,-0.120951,-0.138056,0.693943,-1.872384,-0.582652,9.5413809,-0.153938,-0.035430,0.682947
-1.788635,-1.147359,9.645469,-0.136834,-0.135612,0.723264,-2.117648,-0.628116,9.5102730,-0.139277,-0.057421,0.693943
-1.436890,-0.964308,9.596415,-0.140499,-0.134390,0.737925,-1.345963,-0.259621,9.7794666,-0.129503,-0.061087,0.707382
-2.197808,-0.827917,9.647861,-0.140499,-0.117286,0.735482,-1.715654,-0.468993,9.5724869,-0.146608,-0.041539,0.733038
-2.017149,-0.947558,9.820145,-0.152716,-0.092852,0.734260,-1.715654,-0.468993,9.5724869,-0.146608,-0.041539,0.733038
-1.826920,-0.805185,9.645469,-0.153938,-0.102625,0.720821,-2.081756,-0.435494,9.7363958,-0.146608,-0.017104,0.729373
-1.835295,-0.860220,9.506684,-0.145386,-0.113621,0.704938,-1.799403,-0.479761,9.7878418,-0.147829,-0.025656,0.696386
-1.964507,-1.195215,10.109675,-0.127060,-0.116064,0.739147,-1.970490,-0.601795,9.9003038,-0.142942,-0.032987,0.729373
-1.962115,-0.675972,9.844072,-0.048869,-0.133169,0.753808,-1.970490,-0.601795,9.9003038,-0.142942,-0.032987,0.729373
-2.209772,-0.888934,9.174082,0.006109,-0.146608,0.769690,-1.738386,-0.277567,10.1120691,-0.042761,-0.056200,0.753808
-2.087738,-0.976272,9.451650,-0.006109,-0.155160,0.739147,-2.220540,-0.666401,9.3858471,-0.006109,-0.069639,0.770912
-1.694118,-0.747757,9.805787,-0.059865,-0.175929,0.703717,-1.707279,0.123230,9.9876413,-0.036652,-0.094073,0.696386
-1.670190,-0.290728,10.153943,-0.102625,-0.163712,0.662178,-1.707279,0.123230,9.9876413,-0.036652,-0.094073,0.696386
-1.963311,-0.811167,9.615559,-0.135612,-0.156382,0.678060,-1.707279,-0.068195,9.8392868,-0.113621,-0.096517,0.667065
-1.506282,-0.886541,9.735199,-0.114843,-0.085521,0.714712,-1.828116,-0.051446,10.0115700,-0.119730,-0.062308,0.678060
-1.785046,-0.977468,9.122637,-0.069639,0.068417,0.681726,-1.775474,-0.422333,9.5952187,-0.059865,0.131947,0.680504
-2.220540,-0.850649,9.430114,-0.162490,0.039095,0.641409,-1.775474,-0.422333,9.5952187,-0.059865,0.131947,0.680504
-2.407180,-1.004986,9.565309,-0.289550,-0.037874,0.593761,-2.230111,-0.451047,9.5078812,-0.190590,0.092852,0.624304
-2.336591,-0.772882,9.111869,-0.399506,-0.133169,0.460592,-2.468197,-0.312263,9.1369934,-0.345750,-0.021991,0.508240
-2.145165,-1.153341,9.099904,-0.464258,-0.147829,0.404393,-2.196611,-0.637687,9.1992064,-0.454484,-0.101404,0.401949
-2.019542,-1.671387,9.068798,-0.452040,-0.040317,0.359189,-2.196611,-0.637687,9.1992064,-0.454484,-0.101404,0.401949
-2.106880,-2.029114,8.995816,-0.300546,-0.023213,0.313985,-2.007578,-1.386641,9.1118689,-0.439823,0.025656,0.327424
-2.209772,-2.105684,8.928819,-0.180816,-0.076969,0.302989,-2.080559,-1.683351,8.9982100,-0.223577,0.009774,0.294437
-2.390430,-2.118845,9.129814,-0.057421,-0.219911,0.288328,-2.325824,-1.762314,9.1094751,-0.095295,-0.116064,0.290772
-2.329413,-2.006382,9.382257,0.098960,-0.393397,0.265115,-2.325824,-1.762314,9.1094751,-0.095295,-0.116064,0.290772
-2.085345,-1.743171,9.515059,0.367741,-0.690278,0.158825,-2.281556,-1.601995,9.4313107,0.117286,-0.349415,0.276111
-1.448854,-1.324427,9.929018,0.449597,-0.685391,0.152716,-1.740778,-1.183251,9.8632145,0.448375,-0.686613,0.172264
-1.034896,-1.034896,10.006784,0.331089,-0.431271,0.179594,-1.002593,-0.592224,10.2245312,0.359189,-0.410501,0.202807
-0.937986,-0.973879,10.046266,0.215025,-0.237016,0.122173,-1.002593,-0.592224,10.2245312,0.359189,-0.410501,0.202807
-1.158126,-1.290928,10.691132,-0.058643,-0.195477,-0.116064,-0.961915,-0.531207,10.2819586,0.202807,-0.164934,0.122173
-0.624527,-1.067199,9.881161,-0.272446,-0.116064,-0.291994,-0.991825,-0.788435,10.6408815,-0.174707,-0.184481,-0.270002
-0.585045,-1.204786,9.682557,-0.230907,0.081856,-0.193033,-0.445065,-0.747757,9.8069830,-0.245568,0.061087,-0.239459
-0.744168,-1.317249,9.726824,-0.200364,0.232129,-0.094073,-0.445065,-0.747757,9.8069830,-0.245568,0.061087,-0.239459
-1.191626,-1.511068,9.678967,-0.195477,0.280998,-0.037874,-0.909273,-0.989432,9.8081799,-0.201586,0.287107,-0.101404
-1.496711,-1.829313,9.600005,-0.202807,0.267559,0.006109,-1.333999,-1.269392,9.8033943,-0.206472,0.305433,-0.043982
-1.744368,-2.130809,9.444470,-0.069639,0.279776,0.076969,-1.582852,-1.689333,9.5294161,-0.125838,0.317650,0.036652
-2.099702,-2.207379,9.312866,0.276111,0.177151,0.122173,-1.582852,-1.689333,9.5294161,-0.125838,0.317650,0.036652
-2.261218,-1.703690,9.279366,0.593761,-0.029322,0.116064,-2.099702,-1.813760,9.2350998,0.329867,0.197920,0.123395
-2.342573,-0.898505,9.376275,0.604757,-0.120951,0.102625,-2.260021,-0.979861,9.3870440,0.627970,-0.008552,0.142942
-2.395216,-0.373280,9.597611,0.361632,-0.267559,-0.063530,-2.569892,-0.066999,9.7543421,0.436158,-0.161268,0.009774
-2.069792,-0.288335,9.755538,-0.062308,-0.445932,-0.313985,-2.569892,-0.066999,9.7543421,0.436158,-0.161268,0.009774
-1.630709,-0.647258,9.722038,-0.218690,-0.394619,-0.327424,-1.957329,0.110070,9.8727865,-0.112399,-0.415388,-0.322537
-1.367498,-0.975075,9.693325,-0.116064,-0.288328,-0.273668,-1.418944,-0.430708,9.7555380,-0.182038,-0.312763,-0.309098
-1.190429,-1.056431,9.628718,-0.003665,-0.117286,-0.213803,-1.121037,-0.635294,9.7256279,-0.024435,-0.146608,-0.230907
-1.393819,-1.008575,9.701700,-0.015882,0.013439,-0.171042,-1.121037,-0.635294,9.7256279,-0.024435,-0.146608,-0.230907
-1.378266,-0.941576,9.806983,-0.008552,0.053756,-0.167377,-1.335195,-0.608973,9.7555380,-0.015882,0.059865,-0.175929
-1.530210,-1.129412,9.931410,-0.083078,0.171042,-0.172264,-1.418944,-0.607777,10.0474625,-0.058643,0.140499,-0.185703
-1.816152,-1.366302,9.845268,-0.045204,0.230907,-0.092852,-1.651048,-0.940379,9.9553385,-0.072082,0.254120,-0.138056
-2.204986,-1.493121,9.637094,0.081856,0.257785,0.023213,-1.651048,-0.940379,9.9553385,-0.072082,0.254120,-0.138056
-2.688336,-1.501496,9.771091,0.138056,0.218690,0.046426,-2.257628,-1.129412,9.7112703,0.096517,0.296880,0.013439
-2.815156,-1.385444,9.695717,0.086743,0.057421,-0.050091,-2.794817,-1.027717,9.8273230,0.112399,0.193033,-0.001222
-2.846263,-1.258625,9.763913,-0.081856,0.035430,-0.046426,-2.807977,-0.854238,10.0809622,-0.012217,0.089186,-0.036652
-2.721836,-1.328017,9.408579,-0.156382,-0.101404,-0.124617,-2.807977,-0.854238,10.0809622,-0.012217,0.089186,-0.036652
-2.640480,-1.459622,9.309277,-0.063530,-0.197920,-0.124617,-2.675175,-0.983450,9.4145603,-0.144164,-0.084299,-0.136834
-2.544767,-1.485943,9.291331,0.073304,-0.332311,-0.123395,-2.578266,-1.136591,9.3080797,0.007330,-0.208916,-0.120951
-2.233700,-1.409373,9.255438,0.146608,-0.456927,-0.103847,-2.310270,-1.064806,9.3164549,0.123395,-0.381180,-0.103847
-1.950150,-1.501496,10.149158,0.256563,-0.386067,0.010996,-2.310270,-1.064806,9.3164549,0.123395,-0.381180,-0.103847
-1.579263,-1.105484,9.547362,-0.004887,-0.106291,0.083078,-2.029114,-1.103091,10.6277218,0.228464,-0.266337,0.046426
-1.847259,-1.496711,10.124033,-0.063530,-0.075747,0.124617,-1.802992,-1.010968,9.5880404,-0.059865,-0.023213,0.097738
-1.781457,-1.817349,9.801002,-0.381180,0.018326,0.142942,-1.942972,-1.477568,10.1575327,-0.390954,0.087965,0.133169
-1.798206,-2.100899,9.519845,-0.437380,0.013439,0.085521,-1.942972,-1.477568,10.1575327,-0.390954,0.087965,0.133169
-2.018346,-2.226521,9.037691,-0.339641,-0.046426,0.018326,-1.996810,-1.829313,9.5868435,-0.431271,0.067195,0.063530
-2.143969,-2.593820,9.064013,-0.368963,-0.125838,-0.021991,-1.932204,-1.994418,9.2745810,-0.371406,-0.051313,-0.034208
-1.956133,-2.879762,8.956335,-0.400728,-0.239459,-0.109956,-1.934597,-2.397608,9.1142616,-0.394619,-0.216246,-0.127060
-1.878366,-3.377469,9.166904,-0.329867,-0.289550,-0.147829,-1.934597,-2.397608,9.1142616,-0.394619,-0.216246,-0.127060
-1.812563,-3.976871,9.389436,-0.178373,-0.251676,-0.068417,-1.715654,-3.060420,9.3272228,-0.324980,-0.245568,-0.153938
-1.566102,-4.161119,9.148958,-0.003665,-0.246790,0.017104,-1.513460,-3.729214,9.5365944,-0.128282,-0.238237,-0.058643
-1.237089,-3.901497,8.751749,0.156382,-0.232129,0.074526,-1.228714,-3.602395,9.0628166,0.140499,-0.204029,0.063530
-1.105484,-3.655036,8.586643,0.210138,-0.182038,0.149051,-1.228714,-3.602395,9.0628166,0.140499,-0.204029,0.063530
-1.161715,-3.512664,8.937192,0.193033,-0.193033,0.173486,-0.995414,-3.253042,8.8211403,0.199142,-0.134390,0.158825
-1.085145,-3.162115,9.211171,0.184481,-0.249233,0.141721,-1.167697,-2.986243,9.3140621,0.224798,-0.168599,0.182038
-1.104288,-2.949154,9.346365,0.124617,-0.162490,0.135612,-1.115055,-2.657229,9.6693964,0.142942,-0.125838,0.152716
-1.268196,-3.040081,9.591630,0.039095,0.025656,0.188146,-1.115055,-2.657229,9.6693964,0.142942,-0.125838,0.152716
-1.415355,-3.162115,9.518648,-0.068417,0.133169,0.211359,-1.233500,-2.653640,9.8380899,0.019548,0.092852,0.183260
-1.785046,-3.365505,9.318848,0.043982,0.144164,0.177151,-1.593620,-2.918047,9.6059866,-0.064752,0.219911,0.194255
-1.939383,-3.242275,9.247063,0.333532,0.021991,0.166155,-1.830509,-2.914458,9.2386885,0.261450,0.111177,0.168599
-2.011168,-2.860619,9.474380,0.420275,-0.094073,0.094073,-1.830509,-2.914458,9.2386885,0.261450,0.111177,0.168599
-1.807778,-2.269592,9.233902,0.232129,-0.136834,-0.032987,-2.011168,-2.368894,9.6933250,0.393397,-0.057421,0.079412
-1.830509,-2.309074,10.007981,-0.186925,-0.106291,-0.149051,-1.824527,-1.789831,9.7782698,0.084299,-0.097738,-0.078191
-1.909473,-2.951547,9.984053,-0.946841,0.218690,-0.177151,-1.792224,-2.197808,10.5415802,-0.748921,0.128282,-0.229685
-2.401197,-4.013960,9.565309,-1.089784,0.441045,-0.032987,-1.792224,-2.197808,10.5415802,-0.748921,0.128282,-0.229685
-2.997010,-4.768896,8.784052,-0.729373,0.383623,0.080634,-2.352145,-3.780660,9.5736837,-1.050688,0.466701,-0.069639
-2.902494,-4.925625,7.721639,-0.196699,0.190590,0.151495,-2.858227,-4.569095,8.2444706,-0.475253,0.327424,0.090408
-2.770889,-4.845466,7.083951,0.072082,0.105069,0.177151,-2.654837,-4.583452,7.2909307,0.041539,0.161268,0.160047
-2.928815,-4.989036,7.356733,0.074526,0.120951,0.186925,-2.654837,-4.583452,7.2909307,0.041539,0.161268,0.160047
-3.251846,-5.091927,7.892725,0.076969,0.097738,0.140499,-2.885744,-4.724628,7.6283188,0.070860,0.171042,0.174707
-3.699304,-4.646862,7.951350,0.091630,0.013439,0.051313,-3.499503,-4.703093,8.3030949,0.090408,0.105069,0.085521
-4.327420,-4.756931,8.021938,-0.196699,0.237016,-0.166155,-3.974478,-4.390830,8.3641119,-0.212581,0.259007,-0.195477
-4.530809,-4.585845,7.389036,0.329867,0.656069,0.647517,-3.974478,-4.390830,8.3641119,-0.212581,0.259007,-0.195477
-6.401997,-4.329813,8.578270,0.529009,-0.086743,0.307876,-4.867002,-4.430311,7.4859457,0.367741,0.792903,0.686613
-5.589634,-4.329813,9.031709,0.101404,-0.885755,-0.129503,-6.002396,-3.982853,8.6560364,0.311541,-0.469144,-0.007330
-4.327420,-3.564110,9.212367,0.141721,-1.158200,0.135612,-4.705486,-3.377469,9.7088776,0.304211,-1.148427,0.245568
-3.620341,-2.833102,8.484949,0.075747,-0.491136,0.670730,-4.705486,-3.377469,9.7088776,0.304211,-1.148427,0.245568
-4.287939,-2.344966,8.997013,0.481362,-0.047647,1.555263,-3.347559,-2.589034,8.9563351,0.257785,-0.270002,0.959058
-4.844270,-1.947758,8.823533,0.162490,-0.124617,1.751962,-3.982853,-1.515853,9.2901335,0.367741,0.090408,1.765401
-4.913661,-2.242075,8.797213,-0.674395,-0.259007,0.858877,-4.908876,-1.500300,8.8689966,-0.568105,-0.147829,1.022588
-5.082355,-2.591427,9.455239,-0.450819,0.155160,0.624304,-4.908876,-1.500300,8.8689966,-0.568105,-0.147829,1.022588
-4.981857,-2.163112,9.104691,-0.357967,-0.144164,0.182038,-5.493921,-2.091327,9.8739824,-0.397062,0.204029,0.527788
-4.250850,-2.220540,8.179864,-0.458149,-0.106291,0.326202,-4.052245,-2.116452,8.5399847,-0.366519,-0.197920,0.185703
-3.797410,-2.122434,7.194022,-0.302989,0.042761,0.559553,-3.607180,-1.931008,7.2131639,-0.332311,0.076969,0.515570
-3.981657,-2.342573,6.964310,-0.173486,-0.217468,0.543670,-3.607180,-1.931008,7.2131639,-0.332311,0.076969,0.515570
-4.323831,-2.477768,7.697711,-0.004887,-0.472810,0.406836,-4.063013,-2.061417,7.0408807,-0.114843,-0.191812,0.564439
-5.075177,-2.915654,9.221938,0.050091,-0.558331,0.043982,-5.173283,-2.401197,8.3688974,0.036652,-0.354302,0.276111
-4.902894,-2.890530,9.125030,0.370184,-0.388510,0.092852,-4.821537,-2.383251,9.1393862,0.375071,-0.414167,0.131947
-4.760521,-2.496910,8.559127,0.059865,0.134390,-0.315206,-4.821537,-2.383251,9.1393862,0.375071,-0.414167,0.131947
-3.889533,-2.110470,7.775477,0.210138,0.136834,-0.355524,-4.389633,-2.112862,8.2540417,0.085521,0.100182,-0.343306
-4.067799,-1.928615,8.001599,0.054978,0.442266,-0.409280,-4.107280,-1.730011,7.8975110,0.185703,0.393397,-0.346971
-4.631308,-2.055435,8.300702,-0.301767,0.177151,-0.384845,-4.420740,-1.775474,8.5854473,-0.241903,0.291994,-0.454484
-4.382454,-2.061417,8.181061,-0.508240,-0.536340,-0.161268,-4.420740,-1.775474,8.5854473,-0.241903,0.291994,-0.454484
-4.530809,-2.492125,8.764909,-0.326202,-0.283441,0.593761,-3.805784,-1.970490,8.5351982,-0.513127,-0.510683,-0.061087
-4.436294,-2.489732,8.327023,-0.172264,-0.142942,0.604757,-4.888536,-2.292324,8.5052881,-0.248011,-0.125838,0.668287
-5.105087,-2.488536,8.505288,0.129503,-0.019548,0.301767,-5.296513,-2.191825,8.5543404,0.147829,0.117286,0.438601
-4.494917,-2.426322,8.257631,-0.091630,-0.190590,-0.041539,-5.296513,-2.191825,8.5543404,0.147829,0.117286,0.438601
-4.412365,-2.459822,7.977671,0.040317,-0.053756,0.136834,-4.461418,-2.092523,8.4741812,-0.102625,-0.116064,-0.034208
-4.737789,-2.450250,8.316256,0.040317,-0.327424,0.201586,-4.713861,-2.153541,8.2767735,0.156382,-0.020769,0.239459
-4.490132,-2.370091,8.026724,0.047647,-0.405614,0.324980,-4.369295,-2.189433,8.2193460,0.028100,-0.373850,0.295659
-4.980660,-2.667997,8.404789,0.109956,-0.244346,0.276111,-4.369295,-2.189433,8.2193460,0.028100,-0.373850,0.295659
-4.302295,-2.481357,7.913064,0.212581,0.009774,0.101404,-4.880162,-2.254039,8.2576313,0.113621,-0.162490,0.245568
-4.733004,-2.312663,8.295916,0.105069,0.323759,-0.083078,-4.515256,-2.041078,8.0434732,0.232129,0.276111,0.051313
-5.663812,-2.776871,9.208778,-0.289550,-0.233351,-0.612087,-5.631508,-2.081756,9.2051897,-0.249233,0.106291,-0.441045
-4.621737,-2.675175,9.421740,0.379958,0.014661,-0.259007,-5.631508,-2.081756,9.2051897,-0.249233,0.106291,-0.441045
-5.181658,-2.528017,9.335598,0.255342,0.340863,-0.206472,-4.821537,-2.494518,9.6574326,0.382402,0.128282,-0.194255
-4.453043,-2.258824,8.423933,-0.172264,0.376293,-0.605978,-5.121837,-1.929811,8.9623175,-0.023213,0.279776,-0.558331
-4.947161,-2.573481,8.809176,0.205251,0.006109,-0.268781,-4.730610,-2.268396,8.9348001,0.120951,0.083078,-0.340863
-4.679164,-2.461018,8.904890,0.254120,-0.487470,-0.248011,-4.730610,-2.268396,8.9348001,0.120951,0.083078,-0.340863
-4.278367,-2.343770,9.038888,-0.002443,-0.140499,-0.001222,-4.512863,-2.195415,9.0951195,0.244346,-0.428827,-0.191812
-4.841877,-2.512464,9.244671,-0.251676,0.311541,0.112399,-4.365705,-2.219343,9.4504528,-0.145386,0.207694,0.091630
-4.829913,-2.469393,8.767302,-0.299324,0.161268,0.218690,-4.587041,-2.311467,8.7254276,-0.348193,0.298102,0.150273
-4.709075,-2.370091,8.512466,-0.228464,-0.222355,0.136834,-4.587041,-2.311467,8.7254276,-0.348193,0.298102,0.150273
-4.776074,-2.659622,8.617751,0.106291,-0.492357,-0.168599,-4.876573,-2.270789,8.4215393,-0.222355,-0.222355,0.058643
-4.102495,-2.303092,7.970493,0.748921,-0.248011,-0.243124,-4.439882,-2.187040,8.1104727,0.416610,-0.390954,-0.194255
-4.342973,-2.155933,8.313862,0.785573,0.223577,-0.444710,-4.400401,-1.837688,8.2827559,0.774577,0.169821,-0.390954
-4.109673,-2.116452,8.068598,0.695165,0.157603,-0.514349,-4.400401,-1.837688,8.2827559,0.774577,0.169821,-0.390954
-4.602595,-2.085345,8.307880,0.678060,-0.013439,-0.294437,-3.744768,-1.829313,8.1080799,0.731817,0.213803,-0.386067
-4.006782,-1.860420,8.098508,0.430049,-0.445932,-0.452040,-4.667201,-1.730011,8.4418793,0.593761,-0.219911,-0.328645
-4.039085,-2.003989,8.134401,0.240681,-0.475253,-0.274889,-3.741179,-1.841277,7.9011002,0.136834,-0.428827,-0.425162
-3.851248,-1.923829,8.015956,0.288328,-0.441045,-0.178373,-3.741179,-1.841277,7.9011002,0.136834,-0.428827,-0.425162
-4.043870,-1.914258,8.066205,0.113621,-0.124617,-0.376293,-3.816552,-1.496711,8.0506516,0.280998,-0.348193,-0.169821
-4.224528,-2.051846,8.536395,0.091630,0.278555,-0.737925,-4.771288,-1.488336,8.7565355,0.152716,0.101404,-0.431271
-4.828716,-1.880759,8.796017,0.204029,0.725708,-0.965167,-4.691129,-1.496711,8.7684994,0.188146,0.703717,-0.941954
-4.614559,-1.734797,8.758926,0.241903,0.546114,-0.962724,-4.691129,-1.496711,8.7684994,0.188146,0.703717,-0.941954
-4.059424,-1.581656,7.856833,0.248011,0.405614,-0.496023,-4.161119,-1.387837,8.6249285,0.221133,0.502131,-0.945619
-4.197011,-1.776671,7.785048,0.057421,-0.052534,-0.294437,-4.516453,-1.354338,8.3186474,0.163712,0.296880,-0.387289
-4.963911,-2.195415,8.086544,-0.052534,-0.357967,-0.188146,-4.561916,-1.623530,8.2683983,-0.026878,-0.211359,-0.138056
-4.461418,-0.704686,8.622537,-0.032987,-0.288328,0.149051,-4.561916,-1.623530,8.2683983,-0.026878,-0.211359,-0.138056
-3.972086,-2.939583,9.736396,-0.788016,-0.973719,0.593761,-3.792624,-1.405783,8.9958162,-0.357967,-0.371406,0.530231
-3.787838,-3.113062,8.798409,-1.452638,-1.314582,0.524122,-4.392026,-2.504089,10.4650097,-1.091005,-1.181413,0.637743
-2.951547,-3.700500,8.562716,-1.020145,-0.901637,0.202807,-3.419343,-3.125026,8.4454679,-1.196074,-0.951728,0.313985
-1.908276,-4.398008,8.882158,-0.497244,-1.290147,-0.383623,-3.419343,-3.125026,8.4454679,-1.196074,-0.951728,0.313985
-0.244068,-5.091927,9.107083,-0.243124,-1.886352,-0.466701,-1.629512,-4.080959,8.7373915,-0.421497,-1.393994,-0.417832
0.817149,-5.755935,8.822337,-0.086743,-1.546711,-0.270002,0.346959,-4.978268,9.1070833,-0.119730,-1.776396,-0.283441
1.389034,-5.976075,8.551949,-0.122173,-0.669508,-0.265115,1.367498,-5.586044,9.1537428,-0.084299,-0.791681,-0.230907
2.404787,-5.784649,8.395219,-0.063530,-0.577879,-0.448375,1.367498,-5.586044,9.1537428,-0.084299,-0.791681,-0.230907
2.801995,-4.898108,7.390233,0.257785,-1.058019,-0.466701,2.779264,-5.133801,8.4311104,-0.024435,-0.570548,-0.454484
4.169494,-4.345366,7.021738,0.569326,-1.348790,-0.354302,3.828516,-4.168297,7.4213395,0.428827,-1.255939,-0.504575
4.648058,-4.867002,7.146164,0.054978,-0.746477,-0.070860,4.752146,-4.216154,8.2313099,0.350637,-0.967611,0.134390
5.346762,-4.651647,6.701100,-0.607200,-0.116064,-0.416610,4.752146,-4.216154,8.2313099,0.350637,-0.967611,0.134390
5.560920,-4.390830,6.616155,-0.406836,-0.107512,-0.544892,5.603991,-4.199404,7.0851479,-0.621861,-0.034208,-0.477697
5.894719,-4.664808,6.451050,0.117286,-0.320093,-0.266337,6.240481,-3.873980,6.5766735,-0.178373,-0.207694,-0.361632
6.806384,-4.648058,6.821937,0.403171,-0.557109,0.003665,7.092326,-4.226922,7.1760745,0.398284,-0.428827,-0.042761
6.818348,-4.433900,6.096912,0.375071,-0.647517,0.245568,7.092326,-4.226922,7.1760745,0.398284,-0.428827,-0.042761
6.702296,-4.532006,5.732007,0.274889,-0.472810,0.123395,7.160522,-4.101298,6.5288167,0.359189,-0.561996,0.290772
6.825527,-4.275974,5.583652,0.184481,-0.323759,0.025656,6.915258,-3.993621,5.9676995,0.244346,-0.339641,0.079412
6.808777,-4.100101,5.352744,0.149051,-0.245568,0.073304,7.123433,-3.893123,5.7786670,0.134390,-0.201586,0.083078
6.768099,-4.088138,5.306085,0.240681,-0.195477,0.146608,7.123433,-3.893123,5.7786670,0.134390,-0.201586,0.083078
6.819545,-4.315455,5.588438,0.184481,-0.271224,-0.019548,7.042077,-3.786642,5.7726851,0.239459,-0.145386,0.140499
6.978667,-4.214957,5.605187,0.030543,-0.235794,-0.004887,7.378269,-3.804588,5.8289165,0.149051,-0.212581,-0.020769
7.052845,-4.017549,5.264209,-0.086743,-0.309098,0.039095,7.294519,-3.768696,5.9401822,-0.079412,-0.249233,0.012217
6.768099,-4.049852,5.213961,-0.025656,-0.190590,0.100182,7.294519,-3.768696,5.9401822,-0.079412,-0.249233,0.012217
7.068398,-4.085745,5.196015,0.019548,-0.219911,0.074526,7.141379,-3.891926,5.5549374,-0.019548,-0.144164,0.076969
7.262216,-4.164708,5.107480,0.072082,-0.230907,0.162490,7.536195,-3.827320,5.6051869,0.052534,-0.188146,0.091630
7.219146,-4.242475,4.826323,0.108734,-0.243124,0.153938,7.393822,-3.869194,5.2785664,0.094073,-0.172264,0.179594
7.226324,-4.264010,4.701897,0.140499,-0.282220,0.074526,7.393822,-3.869194,5.2785664,0.094073,-0.172264,0.179594
7.323234,-4.328616,4.620541,0.196699,-0.293215,0.084299,7.483553,-3.968496,5.0321059,0.150273,-0.233351,0.068417
7.496713,-4.547560,4.773681,0.172264,-0.223577,0.045204,7.835298,-4.153940,5.1314082,0.201586,-0.196699,0.079412
7.592427,-4.461418,4.664808,0.053756,-0.189368,0.068417,8.043473,-4.205386,5.1469612,0.067195,-0.152716,0.048869
7.586444,-4.420740,4.650451,0.001222,-0.191812,0.117286,8.043473,-4.205386,5.1469612,0.067195,-0.152716,0.048869
7.446464,-4.375276,4.589434,0.006109,-0.112399,0.069639,7.931011,-4.091727,5.0105710,-0.003665,-0.127060,0.125838
7.422535,-4.488935,4.645666,0.020769,-0.117286,0.013439,7.673782,-4.094120,4.8933225,0.009774,-0.046426,0.056200
7.440482,-4.447061,4.570292,0.124617,-0.078191,0.012217,7.807780,-4.115655,4.8323050,0.103847,-0.059865,-0.007330
7.445268,-4.577470,4.687540,0.029322,-0.080634,0.026878,7.807780,-4.115655,4.8323050,0.103847,-0.059865,-0.007330
7.362715,-4.472186,4.516453,-0.003665,-0.032987,0.094073,7.787441,-4.238885,5.1158552,0.009774,-0.035430,0.025656
7.307681,-4.570292,4.606184,0.003665,0.053756,0.047647,7.623533,-4.197011,4.9507499,-0.006109,0.054978,0.081856
7.304091,-4.733004,4.765306,0.046426,0.141721,-0.072082,7.469196,-4.371687,5.0883374,0.021991,0.157603,-0.050091
7.274181,-4.864608,5.145765,0.086743,0.139277,-0.138056,7.469196,-4.371687,5.0883374,0.021991,0.157603,-0.050091
7.482357,-4.850252,5.526224,0.037874,-0.064752,0.026878,7.621140,-4.193422,5.3072805,0.106291,0.171042,-0.158825
7.220342,-4.628915,4.941179,-0.108734,-0.245568,0.216246,7.758727,-4.139583,5.5728836,-0.050091,-0.138056,0.097738
7.113862,-4.738986,4.693522,0.018326,-0.207694,0.129503,7.332805,-4.261617,5.0321059,-0.006109,-0.168599,0.173486
7.421340,-4.821537,4.834698,0.059865,-0.133169,-0.084299,7.332805,-4.261617,5.0321059,-0.006109,-0.168599,0.173486
7.228717,-4.502096,4.658826,-0.056200,-0.141721,-0.194255,7.719245,-4.548756,5.3228340,0.046426,-0.067195,-0.107512
7.503892,-4.292724,4.537988,-0.215025,-0.219911,-0.279776,7.585248,-4.503293,5.1278195,-0.150273,-0.184481,-0.266337
7.621140,-2.999403,4.108477,-0.366519,0.001222,-0.388510,7.453642,-3.627519,4.3286161,-0.366519,-0.002443,-0.157603
7.721639,-4.485346,4.480561,-0.318872,0.133169,-0.201586,7.453642,-3.627519,4.3286161,-0.366519,-0.002443,-0.157603
7.105487,-4.648058,4.694718,-0.105069,0.085521,0.078191,8.000402,-4.086941,4.7784667,-0.265115,0.151495,-0.107512
8.032706,-3.798606,4.344170,-0.035430,-0.083078,-0.019548,7.721639,-4.272385,5.0727839,-0.092852,0.107512,0.080634
7.837690,-4.419543,4.768896,0.017104,-0.201586,-0.050091,8.617751,-4.091727,5.1924248,0.021991,-0.184481,-0.092852
7.828120,-3.891926,4.413561,0.061087,-0.207694,-0.233351,8.617751,-4.091727,5.1924248,0.021991,-0.184481,-0.092852
7.584052,-4.016353,4.393223,0.125838,-0.042761,-0.064752,8.372486,-3.649055,4.6528440,0.069639,-0.166155,-0.193033
7.628319,-4.043870,4.528417,-0.015882,0.003665,-0.058643,7.806584,-3.689733,4.9316072,0.079412,0.025656,-0.083078
7.609176,-4.021138,4.465007,-0.081856,-0.023213,-0.095295,7.901100,-3.669394,4.7593241,-0.095295,0.019548,-0.101404
7.655836,-3.857230,4.462614,-0.040317,0.087965,-0.034208,7.901100,-3.669394,4.7593241,-0.095295,0.019548,-0.101404
7.538588,-3.951746,4.862216,0.025656,0.069639,-0.080634,7.986046,-3.582056,4.8873405,-0.046426,0.158825,-0.031765
6.981060,-3.779463,4.999803,0.218690,0.397062,0.130725,7.761120,-3.493521,5.2618175,0.092852,0.183260,-0.002443
5.953343,-3.437290,5.355137,0.713491,1.170418,0.344528,6.593422,-3.117848,5.6303120,0.541227,0.950506,0.223577
5.472386,-3.997210,7.653443,1.091005,1.312139,0.235794,6.593422,-3.117848,5.6303120,0.541227,0.950506,0.223577
5.686543,-3.500700,8.682358,1.137431,1.075123,0.422719,5.759524,-3.366702,8.3186474,1.094671,1.318247,0.238237
5.012963,-2.579463,8.835498,0.581544,0.745256,0.427606,6.039485,-2.523232,9.2745810,0.864985,0.849103,0.591318
3.559324,-1.514657,8.438289,0.177151,0.612087,-0.234572,3.574877,-1.250250,8.9288187,0.152716,0.722043,-0.006109
2.961118,-1.531407,9.535398,0.290772,1.004262,-0.128282,3.574877,-1.250250,8.9288187,0.152716,0.722043,-0.006109
1.442872,-1.905883,9.680164,0.103847,1.241278,-0.145386,2.907279,-1.244268,10.1060867,0.254120,1.122770,-0.174707
-0.380459,-1.403391,9.696914,0.285885,1.155757,0.109956,1.239482,-1.012164,9.5007019,0.186925,1.174083,0.116064
-1.578067,-0.839881,10.126426,0.124617,1.541824,-0.102625,-1.368695,-0.582652,10.2472639,0.135612,1.466076,-0.199142
-2.919244,-1.022932,9.793823,0.408058,1.345125,0.218690,-1.368695,-0.582652,10.2472639,0.135612,1.466076,-0.199142
-4.031906,-0.465404,8.752945,0.273668,0.911411,0.117286,-2.908476,-0.576670,9.7890377,0.394619,1.297478,0.174707
-4.228117,-0.496511,8.824731,0.197920,0.524122,0.002443,-3.924229,-0.177069,8.8809605,0.221133,0.758695,-0.002443
-4.747360,-0.330210,8.534002,-0.024435,0.334754,0.122173,-4.606184,-0.229711,8.8450680,-0.004887,0.387289,0.092852
-4.953143,-0.165105,8.579466,0.042761,-0.053756,0.128282,-4.606184,-0.229711,8.8450680,-0.004887,0.387289,0.092852
-5.038088,-0.498904,8.846266,0.051313,-0.412945,-0.108734,-5.270192,0.080160,8.5016994,0.039095,-0.062308,0.072082
-4.591826,-0.364905,8.913264,0.105069,-0.382402,0.059865,-4.843073,-0.208176,8.6823578,0.046426,-0.345750,-0.012217
-4.320241,-0.294317,9.314062,0.216246,-0.612087,-0.094073,-4.567898,0.035892,8.9587288,0.205251,-0.467923,-0.010996
-3.851248,-0.023928,8.934800,0.245568,-0.704938,-0.040317,-4.567898,0.035892,8.9587288,0.205251,-0.467923,-0.010996
-2.658426,-0.119641,9.056834,0.175929,-0.847881,-0.339641,-3.708875,0.327817,8.8857470,0.249233,-0.667065,-0.001222
-2.263610,-0.400798,9.629915,0.045204,-0.981050,-0.417832,-2.439483,-0.038285,9.7052889,0.177151,-0.886976,-0.346971
-1.605584,-0.446261,9.493524,0.007330,-1.150870,-0.551000,-1.749153,0.200997,9.7112703,-0.039095,-1.081231,-0.489914
-0.945165,-0.046660,9.333204,0.105069,-0.945619,-0.241903,-1.749153,0.200997,9.7112703,-0.039095,-1.081231,-0.489914
-0.376870,0.031107,9.542577,-0.092852,-0.652404,-0.092852,-0.378066,0.173480,9.5760765,0.084299,-0.845438,-0.108734
0.029910,0.139980,9.536594,-0.089186,-0.403171,-0.153938,-0.233300,0.699901,9.4851494,-0.163712,-0.521679,-0.145386
0.277567,-0.056231,9.881161,-0.079412,-0.221133,-0.160047,0.190229,0.442672,9.8703938,-0.094073,-0.207694,-0.164934
0.398405,-0.159123,10.198210,-0.026878,-0.201586,-0.048869,0.190229,0.442672,9.8703938,-0.094073,-0.207694,-0.164934
0.532403,-0.168694,10.364511,0.014661,-0.172264,0.057421,0.528814,0.295514,10.2951202,-0.035430,-0.160047,-0.014661
0.813560,-0.122034,10.320245,0.211359,-0.174707,0.040317,0.744168,0.272782,10.3561354,0.171042,-0.127060,0.075747
1.030110,-0.106481,10.030713,0.309098,-0.188146,0.026878,1.058824,0.264407,10.0917301,0.267559,-0.134390,0.039095
0.988236,-0.037089,9.990034,0.426384,-0.081856,-0.138056,1.058824,0.264407,10.0917301,0.267559,-0.134390,0.039095
1.043271,0.489332,9.945767,0.493579,-0.035430,-0.172264,1.057628,0.488136,10.0558376,0.417832,-0.002443,-0.150273
1.180858,1.328017,9.537791,0.332311,-0.091630,-0.111177,1.162912,1.429712,9.8273230,0.456927,0.003665,-0.130725
0.468993,1.777867,8.656036,-0.649961,0.748921,0.478918,0.583849,2.179861,9.1944208,-0.657291,0.796568,0.421497
-1.317249,-0.234497,9.854840,-1.237613,1.943773,0.160047,0.583849,2.179861,9.1944208,-0.657291,0.796568,0.421497
-3.206382,-1.776671,9.736396,-1.249830,2.172237,-0.150273,-1.612763,0.027517,10.0211420,-1.277930,2.057394,-0.032987
-5.070391,-2.310270,9.085547,-0.988380,1.613906,0.423940,-3.577270,-1.702493,9.1704931,-1.139874,1.902234,0.113621
-6.381658,-2.922833,7.835298,-0.896750,1.252274,0.548557,-6.201000,-2.717050,8.0279198,-0.951728,1.298699,0.420275
-7.075577,-2.666801,6.530013,-0.345750,1.061684,0.493579,-6.201000,-2.717050,8.0279198,-0.951728,1.298699,0.420275
-7.424929,-3.002992,5.656632,-0.196699,0.924850,0.147829,-6.809973,-2.593820,6.3744793,-0.313985,1.094671,0.470366
-7.883154,-3.075974,4.612165,-0.580322,0.674395,-0.322537,-7.807780,-3.075974,5.4687958,-0.335976,0.807564,-0.103847
-7.574481,-3.317649,4.108477,-0.420275,0.371406,-0.218690,-7.415358,-3.203990,4.0199423,-0.502131,0.445932,-0.313985
-7.971688,-3.958925,3.641876,-0.171042,0.367741,-0.051313,-7.415358,-3.203990,4.0199423,-0.502131,0.445932,-0.313985
-8.268398,-3.890730,3.437290,-0.065973,0.262672,-0.009774,-8.060224,-3.984050,3.6083765,-0.111177,0.397062,-0.040317
-8.481360,-4.094120,3.320041,-0.101404,0.063530,-0.086743,-8.228917,-3.823731,3.3559337,-0.076969,0.252898,-0.072082
-8.544769,-4.028317,3.213561,-0.062308,0.000000,-0.021991,-8.289934,-3.963711,3.2494531,-0.081856,0.047647,-0.067195
-8.713464,-4.151547,2.971886,-0.067195,0.078191,-0.002443,-8.289934,-3.963711,3.2494531,-0.081856,0.047647,-0.067195
-8.701500,-4.102495,2.801995,-0.039095,0.157603,0.003665,-8.614162,-4.094120,3.0137601,-0.050091,0.120951,-0.015882
-8.773284,-3.930212,2.344966,0.004887,0.394619,0.067195,-8.719445,-3.998407,2.5974090,-0.002443,0.279776,0.025656
-8.871389,-4.042674,1.877169,-0.004887,0.406836,0.053756,-8.841479,-4.013960,2.3330021,0.036652,0.408058,0.052534
-8.792427,-3.852444,1.563710,-0.072082,0.397062,0.021991,-8.841479,-4.013960,2.3330021,0.036652,0.408058,0.052534
-8.969496,-3.802195,0.223729,0.294437,0.355524,0.100182,-8.614162,-3.945765,1.4931214,-0.052534,0.423940,0.000000
-9.095119,-3.979264,0.922433,-0.013439,-0.013439,-0.036652,-8.961122,-3.650251,1.0731809,0.107512,0.250455,0.031765
-9.128618,-4.028317,0.882952,-0.057421,-0.102625,-0.041539,-8.830712,-4.067799,0.9714860,-0.065973,-0.029322,-0.050091
-9.101101,-3.897908,0.783650,-0.028100,-0.006109,-0.023213,-8.830712,-4.067799,0.9714860,-0.065973,-0.029322,-0.050091
-9.041281,-3.845266,0.857827,-0.053756,-0.059865,-0.059865,-8.961122,-3.988835,0.8051849,-0.042761,0.053756,-0.006109
-8.736196,-4.084548,0.894916,0.012217,-0.210138,-0.111177,-8.419147,-4.040281,0.7298109,-0.012217,-0.067195,-0.096517
-8.642875,-4.424329,0.990629,-0.063530,-0.525344,-0.415388,-8.867801,-4.444668,1.0995021,-0.048869,-0.367741,-0.306654
-7.841280,-4.689932,1.466800,-0.061087,-0.849103,-0.847881,-8.867801,-4.444668,1.0995021,-0.048869,-0.367741,-0.306654
-6.936793,-6.001199,2.175076,-0.213803,-1.106888,-1.064127,-7.795816,-4.700700,1.5266209,-0.054978,-0.851546,-0.850324
-6.068198,-6.776474,2.197808,-0.604757,-1.171640,-1.279152,-6.882955,-6.313462,2.4765716,-0.365297,-1.170418,-1.169196
-5.313262,-7.613962,2.614159,-0.543670,-1.188744,-1.334130,-5.367101,-7.466803,2.6883361,-0.612087,-1.170418,-1.332908
-4.177869,-8.804392,3.570091,-0.161268,-1.214400,-1.066571,-5.367101,-7.466803,2.6883361,-0.612087,-1.170418,-1.332908
-3.227918,-9.418150,3.964907,-0.080634,-1.165531,-0.795347,-4.001996,-8.579466,4.1371903,-0.139277,-1.188744,-0.962724
-3.018546,-9.552149,3.693322,-0.164934,-0.664621,-0.486249,-2.621337,-9.536594,4.8011990,-0.087965,-0.973719,-0.625526
-2.390430,-9.592826,3.873980,-0.006109,-0.376293,-0.162490,-1.953740,-9.479167,4.2675991,-0.037874,-0.376293,-0.244346
-2.413162,-9.248260,4.060620,0.134390,-0.194255,0.208916,-1.953740,-9.479167,4.2675991,-0.037874,-0.376293,-0.244346
-2.752943,-9.427721,4.191029,0.433714,0.235794,0.452040,-2.036292,-8.973085,4.5068812,0.172264,-0.026878,0.317650
-3.616751,-8.964710,4.316652,0.432493,0.807564,0.885755,-2.413162,-9.180064,4.6013980,0.399506,0.529009,0.540005
-4.925625,-8.238488,4.252046,0.641409,1.336573,1.248608,-4.327420,-8.338987,4.5308094,0.543670,1.299921,1.132544
-6.160322,-7.424929,3.675375,0.540005,1.423316,1.232726,-4.327420,-8.338987,4.5308094,0.543670,1.299921,1.132544
-6.777670,-6.413961,3.237489,0.271224,1.058019,0.990823,-6.470192,-7.028916,3.7830527,0.496023,1.480737,1.143540
-7.607980,-5.557331,2.404787,0.141721,0.878424,1.049466,-6.902097,-5.960522,2.9407790,0.127060,1.047023,0.999376
-8.368897,-4.800003,1.519442,0.054978,0.758695,0.706160,-8.203793,-4.847858,1.9166509,0.065973,0.812451,0.736704
-8.474181,-4.281956,1.113859,0.029322,0.476475,0.499688,-8.203793,-4.847858,1.9166509,0.065973,0.812451,0.736704
-8.447861,-3.779463,0.735793,0.067195,0.276111,0.404393,-8.388040,-4.304688,1.1952149,0.000000,0.496023,0.447153
-8.900104,-3.700500,0.528814,0.031765,0.018326,0.117286,-8.933603,-3.635894,0.7788638,0.031765,0.239459,0.300546
-8.993423,-3.623930,0.600598,0.036652,-0.204029,0.102625,-8.798409,-3.741179,0.7381858,0.051313,-0.138056,0.113621
-9.253046,-3.410969,0.297906,-0.048869,-0.020769,0.134390,-8.798409,-3.741179,0.7381858,0.051313,-0.138056,0.113621
-9.306884,-3.300899,0.128016,0.001222,0.354302,0.080634,-9.119048,-3.576073,0.3290131,-0.057421,0.125838,0.147829
-9.172886,-3.111866,0.047856,-0.061087,0.052534,0.014661,-9.083155,-3.547360,0.3122634,-0.074526,0.251676,0.047647
-10.170693,-1.338784,0.422333,-0.076969,-0.290772,0.091630,-8.435897,-4.143172,0.4127619,0.068417,-0.174707,0.057421
-9.473186,-3.439683,0.191426,0.007330,-0.196699,0.003665,-8.435897,-4.143172,0.4127619,0.068417,-0.174707,0.057421
-9.377472,-3.152544,0.229711,-0.012217,-0.116064,0.001222,-9.287742,-3.521038,0.3625126,-0.003665,-0.117286,-0.019548
-9.462417,-3.214757,0.177069,0.020769,-0.091630,0.048869,-9.287742,-3.470789,0.3385844,0.025656,-0.072082,0.035430
-9.412168,-3.103491,0.187837,-0.030543,-0.079412,0.039095,-9.232706,-3.233900,0.1758725,-0.048869,-0.043982,0.009774
-9.293723,-3.116651,0.199801,-0.020769,-0.024435,0.012217,-9.232706,-3.233900,0.1758725,-0.048869,-0.043982,0.009774
-9.314062,-3.244668,0.222532,0.034208,-0.083078,0.032987,-9.218349,-3.408576,0.2368895,-0.010996,0.026878,0.019548
-9.339188,-3.390630,0.148355,0.083078,-0.184481,0.048869,-9.255438,-3.297310,0.1842473,0.020769,-0.076969,0.028100
-9.448061,-3.135794,-0.014357,0.018326,-0.073304,0.025656,-9.225528,-3.315256,0.2297110,0.032987,-0.058643,0.032987
-9.527023,-3.235096,0.081356,0.001222,0.015882,-0.010996,-9.225528,-3.315256,0.2297110,0.032987,-0.058643,0.032987
-9.371490,-2.988636,0.151944,0.001222,-0.026878,0.061087,-9.280562,-3.278167,0.0669990,0.008552,0.039095,-0.014661
-9.483953,-3.096313,0.098106,0.014661,-0.043982,0.047647,-9.150154,-3.101098,0.1244268,0.003665,0.007330,0.045204
-9.259027,-2.952743,0.055035,-0.010996,-0.047647,0.001222,-9.209974,-3.048456,0.1974079,0.012217,-0.014661,-0.018326
-9.322437,-2.930012,0.029910,-0.014661,-0.074526,0.015882,-9.209974,-3.048456,0.1974079,0.012217,-0.014661,-0.018326
-9.524631,-3.034099,0.010768,-0.013439,-0.013439,0.041539,-9.342776,-3.145365,0.1292124,-0.037874,-0.002443,0.017104
-9.391829,-3.049652,-0.105284,-0.007330,-0.001222,0.029322,-9.284152,-3.097509,0.0119641,-0.007330,0.023213,0.037874
-9.455239,-3.074777,-0.260818,0.014661,0.025656,0.026878,-9.241081,-3.151347,-0.1016950,0.006109,0.070860,0.054978
-9.253046,-3.018546,-0.229711,-0.013439,0.012217,0.025656,-9.241081,-3.151347,-0.1016950,0.006109,0.070860,0.054978
-9.426525,-2.940779,-0.447458,0.036652,0.045204,0.017104,-9.323634,-3.248257,-0.2715853,0.008552,0.057421,0.018326
-9.661021,-2.889333,-0.745364,0.006109,0.194255,0.051313,-9.426525,-3.049652,-0.6041877,-0.002443,0.210138,0.043982
-9.430114,-2.723032,-1.044467,-0.013439,0.298102,0.080634,-9.395419,-2.925226,-0.8255238,-0.006109,0.317650,0.067195
-9.221938,-2.745764,-1.263410,0.063530,0.169821,0.035430,-9.395419,-2.925226,-0.8255238,-0.006109,0.317650,0.067195
-9.220742,-2.955136,-1.512264,0.017104,0.201586,0.008552,-9.026923,-2.916851,-1.0959127,0.034208,0.202807,0.032987
-9.060423,-2.816352,-1.307678,0.147829,-0.332311,-0.207694,-8.841479,-2.785245,-1.7479570,0.047647,0.141721,-0.046426
-8.900104,-3.004189,-0.311067,0.339641,-1.489289,-0.228464,-8.603394,-2.902494,-0.8003992,0.270002,-1.111775,-0.182038
-8.815158,-3.742374,1.374677,0.635300,-2.106263,-0.267559,-8.603394,-2.902494,-0.8003992,0.270002,-1.111775,-0.182038
-7.791030,-3.891926,3.833302,0.998154,-2.911384,-0.432493,-8.494520,-3.706482,1.7563319,0.712269,-2.136807,-0.233351
-6.525228,-3.948158,6.622137,1.161866,-3.877773,-0.430049,-6.734600,-3.640680,5.3252273,1.038471,-3.260799,-0.245568
-4.285545,-3.772285,9.069994,1.193631,-3.940081,0.064752,-4.201797,-3.250650,8.8797646,1.258382,-3.908316,0.169821
-1.745564,-2.299503,9.675379,0.851546,-1.721418,0.025656,-4.201797,-3.250650,8.8797646,1.258382,-3.908316,0.169821
-1.007378,-1.910669,10.692327,0.076969,0.262672,-1.034806,-1.867598,-1.393819,10.9854479,0.728151,-1.292591,0.065973
-1.150948,-2.287539,10.838290,0.455705,0.445932,-0.497244,-0.851845,-1.721636,10.8107729,0.002443,0.608422,-0.945619
-0.905683,-0.946361,9.201600,1.219287,-0.818559,-0.246790,-0.745364,-0.491725,8.7732840,1.199739,-0.585209,-0.252898
-0.713061,-0.415155,8.281560,0.296880,-0.555887,0.460592,-0.745364,-0.491725,8.7732840,1.199739,-0.585209,-0.252898
-0.350549,-0.382852,8.551949,-0.339641,-0.002443,0.590096,-0.516850,0.038285,8.5806618,0.224798,-0.340863,0.547335
-0.632902,0.563510,8.580662,-0.834442,-0.028100,-0.074526,-0.597009,0.399601,8.9252281,-0.489914,0.141721,0.290772
-1.020539,-0.100499,9.260223,-0.647517,-0.404393,-0.750143,-1.465604,0.489332,8.8953180,-0.698830,-0.243124,-0.527788
0.459422,-1.060021,9.517452,-0.439823,-0.368963,-0.884533,-1.465604,0.489332,8.8953180,-0.698830,-0.243124,-0.527788
0.744168,-0.789632,8.514859,-0.280998,0.158825,-1.207070,0.112463,-0.865005,10.0785694,-0.485027,-0.259007,-1.003041
0.339781,-1.168894,8.705089,-0.118508,-0.024435,-1.011593,0.751346,-0.185444,8.4215393,-0.173486,0.230907,-1.132544
1.182054,-1.600798,8.937192,-0.061087,-0.366519,-0.731817,1.324427,-0.841077,8.6201439,-0.089186,-0.360410,-0.795347
1.768296,-1.643869,9.254241,-0.087965,-0.079412,-0.455705,1.324427,-0.841077,8.6201439,-0.089186,-0.360410,-0.795347
1.692922,-1.805385,10.100105,-0.046426,-0.144164,-0.449597,1.762314,-1.200001,9.5629158,-0.136834,0.013439,-0.408058
1.473979,-1.332802,11.033304,0.100182,-0.166155,-0.337198,1.624727,-1.159323,11.0213404,0.010996,-0.133169,-0.422719
2.108077,-1.385444,11.337194,0.482584,-0.193033,-0.445932,2.293520,-1.133002,11.6243334,0.414167,-0.182038,-0.492357
1.635494,-1.093520,10.685149,0.566883,-0.090408,-0.570548,2.293520,-1.133002,11.6243334,0.414167,-0.182038,-0.492357
1.783849,-1.036092,10.118051,0.394619,-0.047647,-0.613309,1.657030,-0.502493,10.9184504,0.519235,-0.089186,-0.602313
1.613959,-1.499103,10.749756,0.168599,-0.025656,-0.485027,1.850848,-0.567099,10.5954189,0.328645,-0.006109,-0.559553
1.369891,-0.939183,11.090734,0.020769,0.233351,-0.443488,1.586441,-0.733400,11.3850508,0.074526,0.164934,-0.470366
1.196411,-0.246461,10.084551,0.079412,0.112399,-0.372628,1.586441,-0.733400,11.3850508,0.074526,0.164934,-0.470366
1.512264,-0.397209,10.112069,-0.006109,-0.025656,-0.125838,1.430908,0.080160,10.0043917,0.111177,0.133169,-0.348193
1.214357,-0.307478,9.797412,-0.046426,-0.058643,-0.053756,1.540978,0.038285,10.1132650,-0.142942,0.087965,-0.015882
0.955933,-0.512064,9.873982,-0.076969,-0.030543,-0.048869,1.167697,0.047856,10.0689974,-0.015882,-0.021991,-0.048869
0.507278,-0.766900,9.840484,-0.323759,0.112399,-0.057421,1.167697,0.047856,10.0689974,-0.015882,-0.021991,-0.048869
0.751346,-1.133002,10.021142,-0.138056,-0.064752,-0.162490,0.544367,-0.372084,9.8799648,-0.316428,0.141721,-0.091630
1.086341,-0.713061,9.561719,-0.057421,-0.118508,0.215025,1.039681,-0.546760,9.9948206,-0.053756,-0.084299,0.003665
1.424926,-1.166501,9.644272,-0.243124,-0.006109,0.228464,1.373480,-0.851845,9.9350004,-0.210138,0.014661,0.183260
1.424926,-1.552942,9.949356,-0.270002,0.305433,0.461814,1.373480,-0.851845,9.9350004,-0.210138,0.014661,0.183260
1.052842,-2.049453,10.198210,-0.658513,-0.096517,0.959058,0.827917,-1.177269,10.9124670,-0.371406,0.288328,0.419054
0.626920,-1.998007,10.073783,-0.613309,-0.561996,1.622458,1.592423,-1.895116,9.9290180,-0.445932,-0.433714,1.197296
-0.673580,-3.150151,9.615559,-0.047647,-0.614530,2.262645,0.488136,-1.548156,9.4851494,-0.191812,-0.403171,2.032959
0.034696,-3.582056,9.596415,-0.092852,-1.061684,2.998127,0.488136,-1.548156,9.4851494,-0.191812,-0.403171,2.032959
0.866202,-2.422733,8.882158,0.773355,-1.022588,2.487443,0.174676,-2.238486,9.3284187,0.017104,-0.910189,3.053104
-0.942772,0.226122,10.941183,1.792279,-0.188146,1.164309,-0.757328,-1.987239,8.8259268,1.485624,-0.041539,1.514946
0.595813,1.010968,10.241282,0.681726,-0.096517,0.097738,-1.610370,1.396212,11.9700947,1.167974,-0.372628,1.160644
0.573081,-0.369691,9.669396,-0.050091,-0.139277,0.009774,-1.610370,1.396212,11.9700947,1.167974,-0.372628,1.160644
0.105284,0.053839,9.933803,0.190590,0.043982,-0.007330,0.641276,-0.095713,9.5210419,-0.006109,-0.064752,0.003665
0.234497,0.190229,9.900304,-0.050091,-0.146608,0.004887,0.082552,0.775275,10.2592278,0.064752,0.003665,-0.002443
0.398405,-0.081356,9.885946,0.050091,-0.079412,0.000000,0.411566,0.273978,9.8189478,0.014661,-0.052534,-0.001222
0.282353,0.032303,9.972088,0.003665,-0.118508,0.002443,0.411566,0.273978,9.8189478,0.014661,-0.052534,-0.001222
0.411566,-0.034696,9.888340,0.040317,-0.091630,0.001222,0.379262,0.429512,10.0450697,-0.007330,-0.075747,0.001222
0.403191,0.069392,9.915856,0.013439,-0.107512,0.002443,0.423530,0.489332,10.0366945,0.037874,-0.039095,-0.001222
0.455833,0.044267,9.895518,0.032987,-0.091630,0.001222,0.502493,0.455833,9.9756775,0.028100,-0.045204,0.000000
0.425922,0.088534,9.902697,0.025656,-0.096517,0.002443,0.502493,0.455833,9.9756775,0.028100,-0.045204,0.000000
0.346959,0.061017,9.795019,0.032987,-0.081856,0.001222,0.491725,0.497707,10.0187483,0.019548,-0.047647,0.002443
0.463011,0.023928,9.865608,0.010996,-0.097738,0.004887,0.421137,0.509671,10.0211420,0.023213,-0.039095,0.002443
0.410369,0.061017,9.944571,0.030543,-0.084299,0.002443,0.449851,0.473779,9.9373922,0.031765,-0.032987,0.001222
0.460618,-0.007178,9.908679,0.025656,-0.086743,0.002443,0.449851,0.473779,9.9373922,0.031765,-0.032987,0.001222
0.421137,0.051446,9.949356,0.019548,-0.091630,0.003665,0.488136,0.453440,9.9936237,0.030543,-0.030543,0.000000
0.416351,0.072981,9.840484,0.036652,-0.084299,0.001222,0.491725,0.457029,9.8967152,0.021991,-0.042761,0.001222
0.440279,0.049053,9.913465,0.012217,-0.106291,0.003665,0.447458,0.518046,9.9026966,0.017104,-0.053756,0.002443
0.393619,0.063410,9.888340,0.034208,-0.095295,0.002443,0.447458,0.518046,9.9026966,0.017104,-0.053756,0.002443
0.482154,-0.039482,9.881161,0.023213,-0.098960,0.003665,0.476172,0.494118,10.0426769,0.024435,-0.051313,0.002443
0.458226,0.027517,9.907482,0.023213,-0.094073,0.002443,0.545564,0.442672,9.9649105,0.035430,-0.037874,0.001222
0.436690,0.047856,9.842876,0.031765,-0.085521,0.002443,0.500100,0.454636,9.9026966,0.026878,-0.039095,0.001222
0.454636,0.061017,9.817752,0.020769,-0.098960,0.003665,0.500100,0.454636,9.9026966,0.026878,-0.039095,0.001222
0.540778,0.050249,9.896715,0.018326,-0.096517,0.003665,0.496511,0.484547,9.9158564,0.015882,-0.050091,0.001222
0.502493,0.045464,9.859626,0.034208,-0.079412,0.002443,0.571885,0.433101,10.0223379,0.014661,-0.045204,0.001222
0.455833,0.045464,9.835698,0.024435,-0.079412,0.002443,0.524028,0.465404,9.9314098,0.019548,-0.035430,0.001222
0.424726,0.050249,9.935000,0.021991,-0.081856,0.002443,0.524028,0.465404,9.9314098,0.019548,-0.035430,0.001222
0.413958,0.056231,9.914661,0.023213,-0.084299,0.002443,0.482154,0.488136,10.0414801,0.019548,-0.034208,0.000000
0.452244,0.040678,9.969696,0.021991,-0.090408,0.002443,0.472582,0.470190,10.0331059,0.025656,-0.035430,0.000000
0.430708,0.032303,9.939785,0.030543,-0.081856,0.002443,0.474975,0.443869,9.9900341,0.025656,-0.035430,0.000000
0.468993,0.017946,9.850055,0.029322,-0.081856,0.003665,0.474975,0.443869,9.9900341,0.025656,-0.035430,0.000000
0.485743,0.023928,9.847662,0.025656,-0.085521,0.003665,0.500100,0.443869,9.9996061,0.028100,-0.028100,0.001222
0.400798,0.077767,9.810574,0.036652,-0.080634,0.003665,0.480957,0.419940,9.9864454,0.025656,-0.034208,0.001222
0.451047,0.027517,9.806983,0.019548,-0.094073,0.003665,0.472582,0.465404,9.8727865,0.010996,-0.047647,0.002443
0.448654,0.045464,9.829715,0.018326,-0.091630,0.003665,0.472582,0.465404,9.8727865,0.010996,-0.047647,0.002443
0.455833,0.049053,9.889536,0.025656,-0.083078,0.002443,0.484547,0.442672,9.9326067,0.015882,-0.042761,0.001222
0.447458,0.139980,9.986445,0.043982,-0.076969,0.012217,0.527617,0.376870,9.8919287,0.036652,-0.026878,0.000000
0.423530,0.069392,9.882358,0.014661,-0.094073,0.002443,0.403191,0.547956,9.8883400,0.015882,-0.039095,0.001222
0.238086,0.162712,9.894321,0.068417,-0.048869,-0.002443,0.403191,0.547956,9.8883400,0.015882,-0.039095,0.001222
0.494118,-0.039482,9.859626,-0.035430,-0.135612,0.008552,0.311067,0.641276,10.1156578,0.056200,-0.014661,-0.001222
0.344566,0.195015,10.151551,0.083078,-0.040317,0.001222,0.592224,0.355334,9.8476620,0.043982,-0.020769,0.000000
0.349352,-0.068195,9.835698,-0.020769,-0.123395,0.007330,0.447458,0.509671,9.9565353,-0.029322,-0.083078,0.006109
0.387637,-0.031107,9.919446,0.014661,-0.095295,0.004887,0.447458,0.509671,9.9565353,-0.029322,-0.083078,0.006109
0.492921,-0.125623,10.090533,-0.042761,-0.139277,0.017104,0.781257,0.564706,9.9242315,0.009774,-0.062308,0.001222
0.553938,0.185444,9.911071,0.139277,-0.007330,-0.003665,1.312463,0.734596,10.1312122,0.185703,0.025656,-0.025656
0.430708,0.105284,9.912268,-0.002443,-0.111177,0.003665,0.400798,0.613759,10.0773716,0.004887,-0.052534,0.001222
0.336192,0.270389,10.009178,0.048869,-0.070860,0.004887,0.400798,0.613759,10.0773716,0.004887,-0.052534,0.001222
0.491725,-0.065803,9.792627,-0.007330,-0.113621,0.006109,0.330210,0.739382,10.1539431,0.019548,-0.041539,0.004887
0.317049,0.215354,9.982857,0.042761,-0.076969,0.002443,0.483350,0.484547,9.9230356,0.064752,-0.010996,-0.001222
0.795614,0.143569,9.687343,0.056200,-0.078191,0.002443,0.471386,0.349352,9.9134645,-0.009774,-0.065973,0.006109
0.467797,0.083749,9.897911,-0.012217,-0.111177,0.006109,0.471386,0.349352,9.9134645,-0.009774,-0.065973,0.006109
0.431904,0.212961,9.950553,0.046426,-0.070860,0.001222,0.574277,0.436690,9.8919287,0.001222,-0.056200,0.003665
0.409173,0.068195,9.824929,0.024435,-0.084299,0.003665,0.424726,0.594616,9.9720879,0.004887,-0.048869,0.002443
0.368495,0.129212,9.891929,0.015882,-0.091630,0.003665,0.472582,0.617348,10.0055876,0.023213,-0.037874,0.001222
0.434297,0.124427,9.879965,0.029322,-0.080634,0.003665,0.472582,0.617348,10.0055876,0.023213,-0.037874,0.001222
0.497707,0.154337,9.712467,0.042761,-0.070860,0.003665,0.463011,0.546760,9.9768744,0.025656,-0.031765,0.001222
0.467797,0.058624,9.935000,0.021991,-0.080634,0.003665,0.390030,0.591027,9.9852486,0.046426,-0.010996,-0.002443
0.831506,0.199801,9.929018,0.186925,0.145386,0.028100,0.824327,0.538385,9.7017002,0.155160,0.123395,0.009774
0.476172,-0.272782,9.873982,-0.103847,-0.140499,0.002443,0.824327,0.538385,9.7017002,0.155160,0.123395,0.009774
0.780060,0.716650,9.797412,-0.141721,-0.227242,0.019548,0.119641,0.290728,9.9062862,-0.046426,0.025656,-0.006109
0.644866,-0.262014,9.598808,0.244346,0.091630,-0.007330,0.623330,-0.051446,9.4564352,-0.080634,-0.122173,0.006109
0.142373,0.114855,10.188639,-0.298102,-0.386067,0.008552,0.011964,1.456033,10.4997063,-0.161268,-0.241903,0.004887
0.388834,0.210568,10.120443,0.257785,0.096517,-0.014661,0.011964,1.456033,10.4997063,-0.161268,-0.241903,0.004887
0.380459,0.090927,9.927821,0.008552,-0.109956,0.006109,0.043071,0.632902,10.3346014,0.204029,0.101404,-0.012217
0.449851,0.090927,9.847662,0.047647,-0.073304,0.002443,0.497707,0.404387,9.8548403,0.002443,-0.059865,0.004887
0.315853,0.123230,9.940982,0.006109,-0.101404,0.004887,0.512064,0.580260,10.0199442,0.009774,-0.047647,0.003665
0.361316,0.166301,9.962517,0.035430,-0.081856,0.003665,0.512064,0.580260,10.0199442,0.009774,-0.047647,0.003665
0.352941,0.122034,9.878769,0.008552,-0.092852,0.007330,0.421137,0.602991,10.0654078,0.024435,-0.036652,0.002443
0.354138,0.149551,9.890733,0.034208,-0.072082,0.009774,0.575474,0.664008,9.9996061,0.009774,-0.040317,0.007330
1.055235,-0.159123,9.820145,-0.228464,-0.197920,0.096517,0.466600,1.154537,10.4458675,-0.177151,-0.150273,0.065973
1.365105,0.045464,10.065408,0.257785,-0.039095,-0.046426,0.466600,1.154537,10.4458675,-0.177151,-0.150273,0.065973
0.495314,0.099302,9.936196,-0.083078,-0.162490,0.024435,0.856631,0.827917,10.3226366,0.158825,0.131947,-0.013439
0.461815,0.344566,9.968499,0.075747,-0.023213,0.025656,0.348156,0.095713,9.6538429,-0.041539,-0.064752,0.029322
0.273978,0.290728,9.991232,0.091630,-0.032987,-0.002443,0.550349,0.454636,9.8931246,0.102625,0.021991,-0.003665
0.398405,-0.021535,9.828520,0.036652,-0.075747,0.000000,0.550349,0.454636,9.8931246,0.102625,0.021991,-0.003665
1.003789,-1.093520,9.232706,-0.069639,-0.116064,0.052534,0.241675,0.666401,10.0031958,0.051313,-0.034208,-0.006109
0.153141,0.259621,10.083356,-0.013439,-0.100182,0.050091,0.673580,0.870987,10.1443710,0.205251,0.103847,0.002443
-0.186640,-0.063410,10.833504,0.123395,0.018326,0.052534,0.599402,0.088534,9.1166544,0.051313,0.004887,-0.001222
0.264407,0.208176,10.022338,0.241903,0.075747,0.015882,0.599402,0.088534,9.1166544,0.051313,0.004887,-0.001222
-0.340977,-1.333999,9.310472,0.366519,0.163712,-0.061087,0.199801,0.734596,10.3393869,0.182038,0.083078,0.012217
0.314656,0.434297,9.848859,0.043982,-0.119730,-0.070860,0.008375,2.262414,10.2029963,0.183260,-0.004887,-0.036652
0.378066,1.237089,9.609575,0.041539,-0.133169,0.010996,0.108873,1.337588,10.0522490,0.056200,-0.070860,-0.037874
0.306281,0.120838,9.888340,-0.112399,-0.196699,0.036652,0.108873,1.337588,10.0522490,0.056200,-0.070860,-0.037874
0.090927,0.372084,10.060623,0.072082,-0.047647,0.020769,0.428315,0.669990,9.9003038,-0.079412,-0.119730,0.024435
0.264407,0.168694,9.719646,-0.014661,-0.125838,0.014661,-0.040678,0.562313,10.1898346,0.014661,-0.030543,0.002443
0.262014,0.545564,9.680164,0.023213,-0.096517,0.007330,0.064606,0.878166,10.0402842,0.024435,-0.023213,-0.001222
0.451047,0.355334,9.978071,0.004887,-0.116064,0.012217,0.064606,0.878166,10.0402842,0.024435,-0.023213,-0.001222
0.187837,0.342174,9.945767,0.002443,-0.103847,0.006109,0.233300,0.861416,9.6574326,0.030543,-0.043982,0.000000
0.527617,0.308674,9.590433,0.024435,-0.100182,0.004887,0.476172,0.494118,9.5234337,0.006109,-0.067195,0.007330
0.276371,0.236889,10.125229,-0.002443,-0.107512,0.007330,0.466600,0.602991,10.1838531,0.006109,-0.069639,0.001222
0.306281,0.252443,9.890733,0.032987,-0.084299,0.002443,0.466600,0.602991,10.1838531,0.006109,-0.069639,0.001222
0.287139,0.299103,9.877572,0.019548,-0.095295,0.003665,0.330210,0.703490,9.9696960,0.032987,-0.031765,0.001222
0.276371,0.314656,9.882358,0.026878,-0.087965,0.003665,0.356531,0.687937,9.9266253,0.023213,-0.040317,0.001222
0.303888,0.277567,9.876375,0.030543,-0.084299,0.003665,0.355334,0.686740,9.9326067,0.023213,-0.037874,0.001222
0.313460,0.260818,9.856036,0.025656,-0.087965,0.002443,0.355334,0.686740,9.9326067,0.023213,-0.037874,0.001222
0.367298,0.049053,10.030713,0.004887,-0.090408,0.007330,0.370888,0.695115,9.9457674,0.021991,-0.037874,0.001222
0.179462,0.295514,9.990034,0.017104,-0.087965,0.003665,0.110070,1.066003,9.7124672,0.057421,-0.021991,-0.003665
0.019143,0.713061,10.077372,0.043982,-0.084299,0.001222,0.296710,0.631705,9.8668051,0.062308,-0.003665,-0.002443
0.741775,-0.232104,9.470792,0.017104,-0.095295,0.008552,0.296710,0.631705,9.8668051,0.062308,-0.003665,-0.002443
0.082552,0.445065,10.092926,0.001222,-0.103847,0.003665,0.518046,0.372084,9.7064857,0.108734,0.028100,-0.004887
0.297906,-0.034696,9.760324,0.136834,-0.013439,-0.006109,0.537189,0.399601,9.7651091,-0.031765,-0.075747,0.004887
0.447458,0.072981,9.743573,-0.064752,-0.162490,0.008552,0.232104,0.774078,10.0941219,-0.065973,-0.103847,0.004887
0.212961,0.460618,9.962517,0.037874,-0.087965,0.003665,0.232104,0.774078,10.0941219,-0.065973,-0.103847,0.004887
0.415155,0.131605,9.856036,0.013439,-0.092852,0.003665,0.361316,0.803988,10.0606232,0.014661,-0.046426,0.002443
0.204586,0.537189,9.854840,0.051313,-0.089186,0.001222,0.415155,0.778864,10.0307131,0.045204,-0.030543,0.000000
0.397209,0.124427,9.803394,0.026878,-0.087965,0.003665,0.457029,0.580260,9.7962160,-0.006109,-0.063530,0.003665
0.363709,0.388834,10.018748,0.007330,-0.107512,0.004887,0.457029,0.580260,9.7962160,-0.006109,-0.063530,0.003665
0.308674,0.235693,9.878769,0.051313,-0.072082,0.002443,0.354138,0.665205,9.9553385,-0.014661,-0.063530,0.002443
0.345763,0.216550,9.862019,0.010996,-0.095295,0.003665,0.323031,0.760918,10.0139627,0.028100,-0.034208,0.000000
0.303888,0.290728,9.895518,0.031765,-0.079412,0.002443,0.391227,0.704686,9.9708920,0.035430,-0.026878,-0.001222
-0.130409,0.454636,10.371691,-0.030543,-0.096517,0.021991,0.391227,0.704686,9.9708920,0.035430,-0.026878,-0.001222
0.120838,0.866202,9.970892,0.152716,0.015882,-0.020769,0.288335,0.748953,9.8476620,-0.035430,-0.078191,0.007330
0.212961,-0.189033,9.859626,-0.054978,-0.142942,0.006109,0.022732,0.677169,9.6215401,-0.084299,-0.098960,0.014661
0.490529,-0.143569,9.566504,0.003665,-0.124617,0.000000,0.279960,0.387637,10.1108723,-0.042761,-0.079412,0.007330
0.412762,0.124427,9.793823,-0.002443,-0.117286,0.006109,0.279960,0.387637,10.1108723,-0.042761,-0.079412,0.007330
0.279960,0.376870,9.840484,-0.006109,-0.116064,0.002443,0.431904,0.552742,9.8321085,0.002443,-0.057421,0.003665
0.474975,-0.136391,9.700503,0.014661,-0.100182,0.008552,0.443869,0.514457,9.9134645,-0.089186,-0.116064,0.003665
0.278764,0.375673,9.936196,0.048869,-0.072082,0.000000,0.345763,0.684347,10.0055876,0.092852,0.010996,-0.001222
0.415155,0.126820,9.833304,0.009774,-0.107512,0.004887,0.345763,0.684347,10.0055876,0.092852,0.010996,-0.001222
0.477368,0.107677,9.871590,0.050091,-0.074526,0.001222,0.466600,0.587438,9.8907328,0.013439,-0.052534,0.002443
0.687937,-0.185444,9.743573,0.009774,-0.119730,-0.001222,0.324227,1.093520,10.3884401,-0.058643,-0.128282,0.026878
0.435494,0.034696,9.889536,0.026878,-0.080634,0.000000,0.514457,0.541974,9.9649105,0.012217,-0.039095,-0.001222
0.672383,-0.102891,9.690931,0.007330,-0.096517,0.003665,0.514457,0.541974,9.9649105,0.012217,-0.039095,-0.001222
0.276371,0.537189,10.068997,0.058643,-0.064752,0.003665,0.665205,0.229711,9.6574326,0.056200,-0.007330,-0.002443
0.513260,-0.001196,9.808180,0.025656,-0.090408,0.003665,0.399601,0.495314,10.0558376,-0.061087,-0.097738,0.004887
0.288335,0.344566,9.968499,0.015882,-0.096517,0.003665,0.351745,0.763310,10.2293167,0.061087,-0.006109,-0.004887
0.483350,0.086142,9.850055,0.046426,-0.070860,0.001222,0.351745,0.763310,10.2293167,0.061087,-0.006109,-0.004887
0.391227,0.169890,9.827323,0.004887,-0.103847,0.003665,0.470190,0.568295,9.9445715,0.054978,-0.012217,-0.002443
0.385244,0.175872,9.877572,0.036652,-0.081856,0.002443,0.476172,0.539581,9.8715897,0.018326,-0.041539,0.001222
0.434297,0.104088,9.857233,0.015882,-0.096517,0.003665,0.472582,0.557528,9.9577312,0.008552,-0.051313,0.002443
0.403191,0.157926,9.881161,0.028100,-0.086743,0.002443,0.472582,0.557528,9.9577312,0.008552,-0.051313,0.002443
0.427119,0.172283,9.978071,0.025656,-0.089186,0.002443,0.467797,0.600598,10.0654078,0.023213,-0.039095,0.001222
0.403191,0.183051,9.858430,0.026878,-0.086743,0.002443,0.467797,0.600598,10.0654078,0.023213,-0.039095,0.001222
0.410369,0.179462,9.847662,0.028100,-0.085521,0.002443,0.464208,0.617348,9.9505529,0.021991,-0.037874,0.001222
0.372084,0.157926,9.839287,0.025656,-0.086743,0.002443,0.449851,0.598206,9.9373922,0.021991,-0.036652,0.001222
0.373280,0.143569,9.853643,0.026878,-0.085521,0.002443,0.461815,0.573081,9.9373922,0.019548,-0.039095,0.001222
0.392423,0.187837,9.811769,0.021991,-0.085521,0.002443,0.461815,0.573081,9.9373922,0.019548,-0.039095,0.001222
0.366102,0.198604,9.840484,0.023213,-0.084299,0.002443,0.424726,0.598206,9.8991070,0.019548,-0.035430,0.000000
0.386441,0.181855,9.888340,0.023213,-0.085521,0.002443,0.428315,0.616152,9.9338026,0.017104,-0.037874,0.001222
0.390030,0.186640,9.893125,0.024435,-0.087965,0.002443,0.427119,0.607777,9.9984093,0.018326,-0.037874,0.001222
0.394816,0.174676,9.890733,0.024435,-0.087965,0.001222,0.427119,0.607777,9.9984093,0.018326,-0.037874,0.001222
0.404387,0.195015,9.899107,0.024435,-0.086743,0.002443,0.451047,0.608973,9.9792662,0.020769,-0.037874,0.000000
0.391227,0.196211,9.893125,0.025656,-0.086743,0.001222,0.445065,0.607777,9.9517498,0.020769,-0.037874,0.000000
0.356531,0.169890,9.856036,0.024435,-0.090408,0.002443,0.404387,0.586242,9.9314098,0.020769,-0.041539,0.000000
0.373280,0.139980,9.854840,0.024435,-0.090408,0.001222,0.404387,0.586242,9.9314098,0.020769,-0.041539,0.000000
0.388834,0.128016,9.840484,0.025656,-0.089186,0.001222,0.421137,0.564706,9.9409819,0.023213,-0.039095,0.000000
0.250050,0.135194,10.022338,0.051313,-0.058643,-0.006109,0.421137,0.562313,9.9026966,0.034208,-0.029322,-0.001222
0.429512,0.093320,9.769895,0.028100,-0.063530,-0.007330,0.401994,0.534796,9.9026966,0.025656,-0.032987,-0.004887
0.199801,0.216550,10.576276,-0.144164,-0.215025,-0.009774,0.401994,0.534796,9.9026966,0.025656,-0.032987,-0.004887
0.769292,-0.263210,9.872787,-0.516792,-0.497244,0.061087,1.027717,2.495714,8.7637129,-0.452040,-0.371406,0.057421
0.799203,-0.457029,9.600005,0.000000,-0.117286,-0.002443,0.482154,0.260818,10.2089777,0.086743,-0.003665,0.009774
0.303888,0.230907,10.012767,0.230907,0.052534,-0.013439,0.727418,0.083749,9.8021984,0.189368,0.074526,-0.014661
0.392423,0.184247,9.960124,-0.008552,-0.124617,0.008552,0.727418,0.083749,9.8021984,0.189368,0.074526,-0.014661
0.550349,-0.987039,10.051052,-0.017104,-0.130725,0.007330,0.516850,0.489332,9.9373922,-0.020769,-0.080634,0.007330
-0.087338,-0.204586,10.266405,0.279776,0.072082,-0.010996,0.666401,0.893719,9.6323080,0.085521,0.023213,-0.014661
-0.076570,1.377069,10.439886,-0.070860,-0.127060,0.012217,0.448654,2.319842,10.7114706,0.217468,0.120951,-0.103847
0.305085,0.648455,10.405190,-0.268781,-0.263894,0.175929,0.448654,2.319842,10.7114706,0.217468,0.120951,-0.103847
-0.001196,-0.821935,9.829715,-0.704938,-0.047647,0.102625,0.808774,1.671387,10.8693962,-0.354302,-0.156382,0.185703
-0.037089,-1.116252,9.737592,-1.130101,0.057421,0.023213,0.411566,0.001196,10.6157579,-0.821003,-0.041539,-0.023213
0.381655,-2.289931,8.221739,0.823446,-0.237016,-0.109956,0.510868,-2.427519,6.9176502,0.123395,-0.068417,-0.091630
0.051446,-0.689133,9.135797,1.679879,-0.233351,-0.085521,0.510868,-2.427519,6.9176502,0.123395,-0.068417,-0.091630
0.881755,1.458425,9.757931,-0.373850,-0.291994,-0.047647,2.915654,-0.975075,11.5238342,0.933402,0.460592,0.014661
0.419940,0.021535,9.822537,0.208916,0.020769,-0.020769,1.012164,-0.253639,9.4420786,-0.161268,-0.177151,0.076969
0.789632,1.062413,10.578669,-0.331089,-0.237016,0.105069,0.467797,1.178465,10.3752794,-0.136834,-0.151495,0.025656
0.248854,-0.750150,10.335798,0.085521,-0.094073,0.020769,0.467797,1.178465,10.3752794,-0.136834,-0.151495,0.025656
0.465404,0.020339,9.907482,0.023213,-0.096517,0.015882,0.315853,-0.114855,9.7208414,0.054978,-0.061087,0.009774
0.329013,-0.247657,10.134801,-0.149051,-0.085521,0.018326,0.751346,0.650848,10.0941219,0.001222,-0.006109,0.041539
0.247657,-0.976272,9.052048,0.153938,-0.128282,-0.091630,0.033500,-0.777667,9.0939226,-0.081856,-0.050091,-0.028100
0.575474,-0.208176,9.895518,0.234572,-0.112399,-0.106291,0.033500,-0.777667,9.0939226,-0.081856,-0.050091,-0.028100
1.140180,0.168694,9.404989,0.080634,0.000000,-0.094073,0.606581,0.398405,10.1479597,0.223577,-0.050091,-0.114843
0.334995,0.098106,9.985249,0.072082,-0.025656,-0.009774,0.412762,0.455833,10.0390882,0.100182,0.039095,0.000000
0.514457,-0.022732,9.938589,-0.747699,-0.150273,0.161268,1.018146,1.140180,11.4101744,-0.326202,-0.160047,0.043982
0.479761,-1.188036,9.720841,-0.007330,-0.028100,-0.002443,1.018146,1.140180,11.4101744,-0.326202,-0.160047,0.043982
0.625723,-0.490529,9.976874,0.179594,-0.100182,0.021991,0.856631,-1.098306,11.0656080,0.083078,-0.024435,0.017104
0.381655,-0.628116,9.940982,0.195477,-0.090408,-0.021991,0.722632,-0.096909,9.8404837,0.029322,-0.045204,-0.010996
0.381655,-0.826720,9.573684,0.092852,-0.083078,-0.004887,0.527617,-0.191426,9.6981106,-0.002443,-0.042761,0.002443
0.118445,0.144766,8.660821,0.087965,-0.065973,-0.010996,0.527617,-0.191426,9.6981106,-0.002443,-0.042761,0.002443
0.672383,-0.011964,9.987641,0.072082,-0.149051,-0.047647,0.650848,-0.378066,9.9230356,0.019548,-0.018326,-0.007330
0.425922,0.107677,9.798609,0.138056,-0.020769,-0.042761,0.740579,0.132802,10.2125664,0.184481,-0.002443,-0.025656
0.699901,-0.015553,9.894321,0.163712,0.067195,-0.009774,0.446261,-0.072981,9.7017002,0.089186,0.052534,-0.026878
0.618545,0.460618,10.493724,-0.069639,-0.135612,0.004887,0.446261,-0.072981,9.7017002,0.089186,0.052534,-0.026878
0.145962,-0.608973,9.827323,-0.083078,-0.089186,0.018326,4.809574,2.042274,15.7651119,-0.322537,-0.150273,0.150273
-0.198604,-0.156730,9.565309,0.179594,-0.130725,-0.116064,1.104288,0.086142,10.3453684,0.339641,-0.124617,-0.062308
0.431904,-0.098106,9.907482,0.063530,-0.041539,0.015882,0.747757,0.232104,9.9170542,0.029322,-0.048869,-0.001222
0.340977,-0.174676,9.818948,0.015882,-0.103847,0.004887,0.747757,0.232104,9.9170542,0.029322,-0.048869,-0.001222
2.280360,1.680958,8.281560,0.647517,0.200364,0.029322,0.581456,0.330210,10.1276217,0.023213,-0.067195,-0.013439
0.451047,-0.422333,9.595219,0.062308,-0.139277,-0.041539,-0.056231,0.223729,9.6299152,-0.051313,0.009774,0.001222
0.401994,-0.021535,9.881161,0.087965,-0.054978,-0.006109,0.495314,0.357727,9.9720879,0.079412,-0.004887,-0.003665
0.449851,0.144766,9.763913,0.012217,-0.092852,0.008552,0.495314,0.357727,9.9720879,0.079412,-0.004887,-0.003665
0.598206,0.128016,9.789038,0.013439,-0.101404,0.003665,-0.149551,-0.163908,10.0235338,0.019548,-0.058643,-0.025656
0.525225,-0.110070,9.816555,0.086743,-0.031765,-0.002443,0.496511,0.454636,10.0055876,0.021991,-0.039095,0.001222
0.619741,0.496511,10.273584,-0.047647,-0.146608,0.009774,0.478565,0.744168,10.1144619,0.070860,-0.076969,-0.030543
0.433101,0.038285,9.834501,0.097738,-0.034208,-0.002443,0.478565,0.744168,10.1144619,0.070860,-0.076969,-0.030543
0.427119,0.022732,9.840484,-0.023213,-0.122173,0.008552,0.392423,0.558724,10.0522490,0.095295,0.015882,-0.003665
0.191426,0.282353,10.036695,0.068417,-0.052534,0.003665,0.421137,0.254836,9.8500547,0.028100,-0.034208,0.001222
0.547956,-0.034696,9.663414,0.072082,-0.050091,0.000000,0.696311,0.439083,9.6789675,0.020769,-0.025656,0.001222
0.398405,-0.291924,9.761520,0.014661,-0.094073,0.001222,0.696311,0.439083,9.6789675,0.020769,-0.025656,0.001222
0.516850,0.826720,9.696914,0.193033,0.026878,-0.010996,0.577867,0.288335,9.8249292,0.048869,-0.017104,0.000000
0.334995,0.589831,9.601201,0.215025,0.019548,-0.017104,0.251246,0.419940,9.7459669,0.367741,0.175929,-0.030543
0.093320,0.442672,10.018748,0.053756,-0.091630,0.003665,0.190229,1.302892,9.9948206,0.029322,-0.039095,0.010996
0.102891,0.506082,9.891929,0.054978,-0.080634,0.006109,0.190229,1.302892,9.9948206,0.029322,-0.039095,0.010996
0.156730,-0.421137,9.876375,0.025656,-0.094073,0.000000,0.123230,0.838684,9.9469643,0.070860,-0.032987,0.002443
0.150748,-0.214158,10.054641,-0.012217,-0.028100,-0.031765,-0.142373,3.184847,9.9744816,-0.031765,0.045204,0.026878
-0.248854,0.069392,9.804591,0.032987,-0.032987,0.025656,-0.119641,-0.163908,10.0977116,0.074526,0.003665,-0.015882
0.372084,1.375873,10.304690,-0.173486,-0.208916,0.080634,-0.119641,-0.163908,10.0977116,0.074526,0.003665,-0.015882
0.431904,-0.973879,9.566504,-0.116064,-0.158825,0.013439,1.314856,3.463611,10.8143625,-0.206472,-0.244346,0.152716
0.218943,0.672383,10.028319,0.200364,0.014661,-0.008552,0.166301,0.356531,9.9170542,0.204029,-0.021991,-0.003665
0.195015,0.434297,9.920643,0.006109,-0.102625,0.008552,0.184247,0.851845,10.0486584,0.019548,-0.040317,0.002443
0.435494,0.294317,9.732806,0.019548,-0.098960,0.000000,0.184247,0.851845,10.0486584,0.019548,-0.040317,0.002443
0.256032,0.275175,9.838090,0.012217,-0.085521,0.002443,0.291924,0.649651,9.9062862,0.034208,-0.023213,0.000000
0.295514,0.296710,9.996017,-0.013439,-0.113621,0.012217,0.041874,0.734596,10.1659069,0.009774,-0.031765,0.013439
0.195015,0.217747,9.915856,0.037874,-0.059865,0.006109,0.087338,0.521635,10.0426769,0.031765,-0.028100,0.004887
0.541974,-0.077767,9.786645,0.054978,-0.054978,-0.007330,0.087338,0.521635,10.0426769,0.031765,-0.028100,0.004887
0.238086,0.606581,10.085747,0.026878,-0.091630,0.015882,0.753739,0.625723,9.5796652,0.101404,0.062308,-0.028100
0.019143,0.829113,9.753145,0.026878,-0.047647,0.072082,0.239282,0.672383,9.9625168,-0.043982,-0.064752,0.019548
0.314656,0.295514,9.775877,0.161268,-0.025656,-0.031765,0.296710,0.559921,9.6299152,0.116064,-0.015882,-0.025656
0.198604,0.364905,9.912268,-0.039095,-0.135612,0.006109,0.296710,0.559921,9.6299152,0.116064,-0.015882,-0.025656
-0.092124,0.747757,10.100105,0.012217,-0.097738,0.007330,0.306281,0.661615,9.8345013,-0.031765,-0.085521,-0.001222
0.218943,0.177069,9.724432,-0.048869,-0.146608,-0.006109,0.344566,0.844666,9.9086790,-0.026878,-0.078191,0.014661
0.045464,0.522832,9.984053,0.003665,-0.097738,0.006109,0.034696,1.040878,10.2472639,0.047647,-0.019548,0.003665
0.119641,0.192622,10.255639,0.178373,-0.058643,-0.056200,0.034696,1.040878,10.2472639,0.047647,-0.019548,0.003665
0.171087,0.116052,9.590433,-0.029322,-0.146608,0.024435,0.238086,1.103091,10.3393869,0.080634,-0.015882,-0.057421
-0.088534,0.786042,10.275977,-0.039095,-0.129503,0.065973,-0.021535,0.946361,10.0857468,0.031765,-0.030543,0.004887
0.251246,0.168694,10.066606,0.008552,-0.083078,0.008552,0.370888,0.826720,10.0965147,-0.006109,-0.054978,0.001222
0.172283,0.318245,9.925428,-0.018326,-0.116064,0.003665,0.370888,0.826720,10.0965147,-0.006109,-0.054978,0.001222
0.114855,0.302692,9.911071,0.048869,-0.068417,0.001222,0.212961,0.674776,9.9038925,-0.019548,-0.065973,0.003665
0.023928,0.342174,10.024731,-0.144164,-0.223577,0.014661,0.041874,0.803988,10.0582304,0.073304,-0.003665,-0.006109
0.143569,0.270389,9.894321,0.124617,-0.018326,-0.003665,0.330210,0.527617,9.7698946,0.100182,0.012217,-0.004887
0.038285,0.458226,10.004392,0.156382,-0.006109,-0.008552,0.330210,0.527617,9.7698946,0.100182,0.012217,-0.004887
0.037089,0.471386,9.998409,-0.051313,-0.125838,0.000000,-0.050249,1.007378,10.2568340,0.129503,0.003665,0.001222
0.102891,0.602991,9.943375,0.068417,-0.048869,-0.003665,0.415155,0.557528,9.5832548,0.015882,-0.045204,0.004887
0.319442,0.044267,9.622736,-0.086743,-0.149051,0.007330,0.285942,0.620938,9.7663059,-0.124617,-0.150273,0.009774
0.028714,0.516850,10.018748,0.076969,-0.051313,-0.001222,0.285942,0.620938,9.7663059,-0.124617,-0.150273,0.009774
0.339781,0.234497,9.844072,0.009774,-0.106291,0.003665,0.215354,1.033700,10.2006025,0.031765,-0.028100,-0.003665
0.147159,0.390030,9.956535,0.020769,-0.087965,0.003665,0.282353,0.746561,9.9661064,0.050091,-0.018326,0.000000
0.041874,0.379262,9.921840,0.232129,0.062308,-0.012217,0.479761,0.244068,9.4037933,0.095295,0.018326,-0.007330
0.289532,0.323031,9.704092,-0.008552,-0.128282,0.004887,0.479761,0.244068,9.4037933,0.095295,0.018326,-0.007330
0.174676,0.418744,9.896715,-0.136834,-0.197920,0.014661,0.245264,0.672383,9.8524475,0.012217,-0.042761,0.002443
0.570688,0.120838,9.846465,0.028100,-0.069639,-0.010996,0.300299,0.514457,9.7806635,-0.124617,-0.162490,0.008552
0.056231,0.428315,9.990034,-0.039095,-0.145386,0.010996,0.049053,0.870987,10.3106728,0.029322,-0.029322,0.000000
0.699901,-0.501296,9.284152,0.097738,-0.043982,0.009774,0.049053,0.870987,10.3106728,0.029322,-0.029322,0.000000
0.187837,0.350549,10.016356,0.048869,-0.094073,-0.036652,-0.016750,0.533599,9.8213406,0.186925,0.065973,-0.032987
0.485743,-0.106481,9.626326,-0.030543,-0.113621,-0.068417,0.110070,0.711865,9.9110708,-0.014661,-0.129503,-0.113621
0.157926,0.396012,10.080962,0.083078,-0.024435,-0.068417,0.279960,0.820738,10.1551399,0.109956,0.042761,-0.081856
0.467797,0.278764,9.960124,-0.261450,-0.249233,0.000000,0.279960,0.820738,10.1551399,0.109956,0.042761,-0.081856
0.246461,0.002393,10.362118,-0.091630,-0.057421,-0.014661,0.888934,0.686740,10.5774727,-0.350637,-0.211359,0.030543
0.064606,0.071785,10.100105,0.163712,0.006109,-0.046426,0.623330,0.000000,9.4612207,-0.012217,-0.017104,-0.008552
0.175872,-0.015553,9.742377,0.051313,-0.052534,0.000000,0.502493,0.215354,10.0175514,0.009774,-0.048869,0.003665
1.091127,-0.148355,9.553344,0.072082,-0.072082,0.073304,0.502493,0.215354,10.0175514,0.009774,-0.048869,0.003665
-0.021535,0.285942,10.157533,0.059865,-0.047647,-0.012217,-0.453440,-0.969093,10.1671038,0.263894,0.229685,0.107512
0.266800,0.120838,9.905089,-0.133169,-0.226020,0.010996,0.299103,0.742971,10.2616205,-0.065973,-0.098960,-0.014661
0.594616,-0.195015,9.865608,0.073304,0.031765,0.051313,0.666401,-0.096909,9.4731855,-0.023213,0.040317,0.064752
0.083749,0.234497,10.210175,-0.015882,-0.163712,-0.009774,0.666401,-0.096909,9.4731855,-0.023213,0.040317,0.064752
0.302692,-0.087338,9.834501,-0.032987,-0.124617,0.003665,0.004786,0.445065,9.8644114,-0.056200,-0.081856,-0.013439
0.467797,0.071785,9.730413,0.084299,-0.117286,-0.069639,0.644866,0.059821,10.0713902,0.050091,-0.042761,0.001222
0.507278,0.264407,9.217153,0.056200,-0.100182,0.009774,0.691526,0.484547,9.9350004,0.061087,-0.054978,0.028100
0.027517,0.264407,9.982857,0.001222,-0.031765,0.046426,0.691526,0.484547,9.9350004,0.061087,-0.054978,0.028100
0.230907,-0.147159,10.059426,-0.009774,-0.057421,0.010996,0.063410,0.417548,10.0905333,-0.045204,0.003665,0.012217
