AccelX1, AccelY1, AccelZ1, GyroX1, GyroY1, GyroZ1, AccelX2, AccelY2, AccelZ2, GyroX2, GyroY2, GyroZ2
-0.17,-0.09,9.86,0.06,-0.11,-0.02,-0.21,0.20,9.93,0.03,-0.05,-0.01
-0.28,-0.22,9.05,0.06,-0.11,-0.02,-0.21,0.20,9.93,0.03,-0.05,-0.01
-0.18,-0.11,10.19,0.06,-0.11,-0.01,-0.23,0.21,9.91,0.03,-0.05,-0.01
-0.00,-0.22,10.25,0.05,-0.11,-0.02,-0.23,0.21,9.91,0.03,-0.05,-0.01
-0.36,-0.28,8.93,0.06,-0.11,-0.01,-0.41,0.13,9.67,0.03,-0.05,-0.01
-0.16,-0.05,10.58,0.06,-0.11,-0.01,0.43,0.61,10.42,0.03,-0.05,-0.01
-0.38,0.05,9.62,0.06,-0.11,-0.01,-0.64,-0.36,9.93,0.03,-0.05,-0.01
-0.23,0.48,10.86,0.05,-0.11,-0.02,-0.64,-0.36,9.93,0.03,-0.05,-0.01
-0.20,0.44,10.81,0.05,-0.11,-0.02,-0.78,-0.39,9.78,0.03,-0.05,-0.01
-0.38,0.85,10.61,0.05,-0.11,-0.02,-0.97,-0.34,9.51,0.03,-0.05,-0.00
-0.26,0.51,10.81,0.05,-0.11,-0.02,-0.96,-0.28,9.46,0.03,-0.05,-0.00
-0.31,0.21,10.20,0.05,-0.11,-0.01,-0.96,-0.28,9.46,0.03,-0.05,-0.00
-0.30,0.12,10.57,0.06,-0.11,-0.02,0.07,0.08,10.50,0.03,-0.05,-0.01
-0.35,0.19,9.86,0.06,-0.11,-0.01,0.03,-0.18,10.51,0.03,-0.05,-0.01
-0.25,-0.19,10.05,0.06,-0.11,-0.01,-0.00,-0.15,10.52,0.03,-0.05,-0.01
-0.48,0.22,9.91,0.05,-0.11,-0.01,-0.00,-0.15,10.52,0.03,-0.05,-0.01
0.22,-0.51,8.62,0.07,-0.12,-0.01,0.06,0.60,10.19,0.03,-0.05,-0.01
0.03,-0.67,8.85,0.05,-0.09,-0.02,0.04,0.70,10.20,0.03,-0.03,-0.01
-0.52,-0.31,8.54,0.05,-0.07,-0.02,-0.31,0.48,9.14,0.04,-0.03,-0.01
-0.11,-0.75,9.17,0.06,-0.10,-0.02,-0.31,0.48,9.14,0.04,-0.03,-0.01
-0.21,-0.43,8.60,0.06,-0.11,-0.02,-0.55,-0.01,9.57,0.03,-0.05,-0.00
0.11,-0.18,10.48,0.06,-0.11,-0.02,-0.49,0.07,9.39,0.03,-0.05,-0.00
-0.19,-0.16,9.39,0.05,-0.11,-0.02,0.05,0.61,9.70,0.02,-0.04,-0.01
-0.04,-0.96,9.11,0.06,-0.10,-0.01,0.05,0.61,9.70,0.02,-0.04,-0.01
-0.28,-0.29,8.65,0.06,-0.11,-0.01,-0.41,-0.29,10.15,0.03,-0.05,-0.01
-0.25,-0.48,9.71,0.06,-0.11,-0.01,-0.58,-0.03,9.49,0.03,-0.05,-0.00
-0.14,-0.37,8.76,0.06,-0.11,-0.02,0.03,0.66,9.64,0.03,-0.05,-0.01
-0.04,-0.87,8.91,0.06,-0.11,-0.01,0.03,0.66,9.64,0.03,-0.05,-0.01
-0.18,-0.37,8.73,0.06,-0.11,-0.01,-0.72,-0.17,9.45,0.03,-0.05,-0.00
-0.21,-0.71,8.88,0.06,-0.11,-0.02,-0.63,-0.10,10.38,0.03,-0.05,-0.00
-0.14,-0.51,8.87,0.06,-0.11,-0.01,-0.52,-0.41,10.11,0.03,-0.05,-0.01
-0.12,0.07,10.08,0.06,-0.11,-0.01,-0.52,-0.41,10.11,0.03,-0.05,-0.01
-0.03,-0.58,9.41,0.05,-0.11,-0.02,0.31,0.31,10.52,0.03,-0.04,-0.01
-0.26,-0.44,8.75,0.06,-0.11,-0.02,-0.69,-0.32,9.88,0.03,-0.05,-0.01
-0.01,-0.69,9.24,0.06,-0.11,-0.02,-0.83,-0.31,9.72,0.03,-0.05,-0.01
-0.10,-0.43,8.67,0.06,-0.11,-0.02,-0.83,-0.31,9.72,0.03,-0.05,-0.01
0.07,0.21,10.95,0.06,-0.11,-0.02,0.17,0.99,9.98,0.02,-0.05,-0.01
-0.15,0.57,10.41,0.05,-0.11,-0.02,0.26,0.96,10.08,0.02,-0.05,-0.01
-0.21,0.47,10.96,0.05,-0.11,-0.02,0.44,0.90,10.22,0.03,-0.05,-0.01
-0.25,0.59,10.71,0.05,-0.11,-0.02,0.44,0.90,10.22,0.03,-0.05,-0.01
-0.18,0.29,10.84,0.05,-0.11,-0.02,-0.19,0.38,9.76,0.03,-0.05,-0.01
-0.06,0.43,10.61,0.05,-0.11,-0.02,-0.90,-0.35,9.65,0.03,-0.05,-0.00
-0.37,0.21,9.71,0.06,-0.11,-0.01,-0.92,-0.30,9.58,0.03,-0.05,-0.00
-0.20,0.13,10.65,0.05,-0.11,-0.01,-0.92,-0.30,9.58,0.03,-0.05,-0.00
-0.47,0.95,10.55,0.05,-0.11,-0.02,-0.63,-0.30,9.83,0.03,-0.05,-0.01
-0.28,0.28,10.95,0.06,-0.11,-0.02,-0.82,-0.33,9.61,0.03,-0.05,-0.01
-0.52,0.81,10.74,0.05,-0.11,-0.02,0.15,0.12,10.45,0.03,-0.05,-0.01
-0.28,-0.64,8.96,0.06,-0.11,-0.01,0.15,0.12,10.45,0.03,-0.05,-0.01
-0.14,-0.66,8.76,0.06,-0.11,-0.01,0.38,0.99,10.13,0.02,-0.05,-0.01
-0.08,-0.59,8.69,0.06,-0.11,-0.02,0.34,0.93,10.14,0.02,-0.05,-0.01
0.00,-0.82,8.80,0.06,-0.11,-0.01,0.33,0.86,10.12,0.02,-0.05,-0.01
-0.17,-0.44,8.69,0.06,-0.11,-0.02,0.33,0.86,10.12,0.02,-0.05,-0.01
-0.05,0.30,10.93,0.05,-0.11,-0.02,-0.75,-0.09,9.49,0.03,-0.05,-0.00
-0.29,0.86,10.44,0.05,-0.11,-0.02,-0.48,-0.34,10.24,0.03,-0.05,-0.01
-0.21,0.50,10.88,0.05,-0.11,-0.02,-0.31,-0.44,10.23,0.03,-0.05,-0.01
-0.33,0.93,10.64,0.05,-0.11,-0.02,-0.31,-0.44,10.23,0.03,-0.05,-0.01
-0.29,0.41,10.89,0.05,-0.11,-0.02,0.26,0.50,10.40,0.03,-0.05,-0.01
-0.23,-0.50,8.73,0.06,-0.11,-0.01,0.10,0.72,10.25,0.03,-0.05,-0.01
-0.14,-0.69,8.90,0.06,-0.11,-0.02,0.20,0.90,10.20,0.03,-0.05,-0.01
-0.04,-0.51,9.17,0.06,-0.11,-0.02,0.20,0.90,10.20,0.03,-0.05,-0.01
0.01,-0.73,8.95,0.06,-0.11,-0.02,-0.27,-0.05,9.96,0.03,-0.05,-0.01
0.01,-0.42,9.43,0.05,-0.11,-0.02,-0.49,-0.10,9.85,0.03,-0.05,-0.01
-0.25,0.61,10.65,0.05,-0.11,-0.02,-0.31,-0.03,10.07,0.03,-0.05,-0.01
-0.20,0.49,10.80,0.05,-0.11,-0.01,-0.31,-0.03,10.07,0.03,-0.05,-0.01
-0.38,0.14,9.84,0.06,-0.11,-0.02,0.51,1.02,10.20,0.03,-0.05,-0.01
-0.26,-0.18,9.44,0.06,-0.11,-0.01,-0.70,-0.09,9.35,0.03,-0.05,-0.00
-0.33,-0.46,8.61,0.06,-0.11,-0.01,-0.73,-0.15,9.59,0.03,-0.05,-0.00
0.02,0.11,10.75,0.05,-0.11,-0.02,-0.73,-0.15,9.59,0.03,-0.05,-0.00
-0.35,0.77,10.75,0.05,-0.10,-0.02,0.28,0.48,10.48,0.02,-0.04,-0.01
-0.31,0.52,10.92,0.05,-0.11,-0.01,0.41,0.88,10.31,0.02,-0.05,-0.01
-0.43,0.05,9.74,0.06,-0.11,-0.01,0.22,0.86,9.90,0.02,-0.05,-0.01
-0.20,-0.60,8.91,0.06,-0.11,-0.01,0.22,0.86,9.90,0.02,-0.05,-0.01
-0.13,0.39,10.50,0.05,-0.11,-0.02,0.20,0.53,10.46,0.03,-0.05,-0.01
-0.14,0.38,11.14,0.05,-0.11,-0.02,0.15,0.75,10.16,0.03,-0.05,-0.01
-0.41,0.41,10.05,0.06,-0.11,-0.02,-0.09,0.42,9.74,0.03,-0.05,-0.00
-0.21,-0.30,10.04,0.06,-0.11,-0.01,-0.09,0.42,9.74,0.03,-0.05,-0.00
-0.15,-0.61,8.68,0.06,-0.11,-0.01,-0.72,-0.55,10.15,0.03,-0.05,-0.01
-0.05,0.30,11.08,0.06,-0.11,-0.02,-0.01,0.69,10.07,0.03,-0.05,-0.01
-0.30,0.73,10.36,0.05,-0.11,-0.02,-0.35,0.21,9.74,0.03,-0.05,-0.00
-0.16,0.02,10.49,0.05,-0.11,-0.01,-0.35,0.21,9.74,0.03,-0.05,-0.00
-0.33,-0.14,9.07,0.06,-0.11,-0.01,-0.54,-0.40,10.28,0.03,-0.04,-0.01
-0.11,-0.73,8.85,0.06,-0.11,-0.01,0.05,0.04,10.61,0.02,-0.04,-0.01
-0.16,0.71,10.66,0.06,-0.11,-0.02,0.26,0.38,9.64,0.03,-0.05,-0.01
-0.21,0.28,10.76,0.06,-0.11,-0.02,0.26,0.38,9.64,0.03,-0.05,-0.01
-0.40,0.14,9.47,0.06,-0.11,-0.01,-0.05,0.03,10.32,0.03,-0.05,-0.01
-0.23,0.16,10.54,0.05,-0.10,-0.01,0.20,0.28,10.37,0.03,-0.05,-0.01
-0.40,0.32,10.40,0.08,-0.15,-0.02,-0.57,-0.54,10.13,0.03,-0.05,-0.01
-0.10,-0.58,9.19,0.07,-0.14,-0.01,-0.57,-0.54,10.13,0.03,-0.05,-0.01
-0.10,-0.14,9.92,0.05,-0.10,-0.02,-0.12,0.63,10.06,0.05,-0.09,-0.01
-0.20,0.55,10.77,0.05,-0.10,-0.02,-0.94,-0.21,9.57,0.04,-0.05,-0.01
-0.28,0.57,10.60,0.05,-0.10,-0.02,-0.23,-0.28,10.29,0.03,-0.06,-0.01
-0.29,0.27,9.84,0.06,-0.12,-0.01,-0.23,-0.28,10.29,0.03,-0.06,-0.01
-0.48,-0.22,9.50,0.04,-0.09,-0.02,-0.10,0.76,9.67,0.03,-0.05,-0.01
-0.04,0.39,10.88,0.08,-0.14,-0.02,-0.59,0.30,9.29,0.03,-0.05,-0.01
-0.47,0.84,10.55,0.04,-0.09,-0.02,0.26,0.21,10.41,0.02,-0.03,-0.01
-0.28,0.18,10.10,0.07,-0.13,-0.01,0.26,0.21,10.41,0.02,-0.03,-0.01
-0.35,-0.34,9.09,0.08,-0.15,-0.02,-0.34,0.39,9.38,0.04,-0.06,-0.00
-0.09,-0.40,10.98,0.06,-0.11,-0.02,-0.55,0.07,9.48,0.02,-0.03,-0.01
-0.49,0.80,10.31,0.05,-0.10,-0.02,-0.14,-0.01,10.06,0.03,-0.04,-0.01
-0.22,-0.21,9.55,0.05,-0.10,-0.01,-0.14,-0.01,10.06,0.03,-0.04,-0.01
-0.29,-0.38,8.80,0.06,-0.11,-0.02,-0.23,0.65,9.60,0.02,-0.04,-0.01
-0.10,-0.49,9.39,0.07,-0.13,-0.02,-0.17,-0.06,10.14,0.02,-0.03,-0.01
-0.12,0.08,10.59,0.05,-0.10,-0.02,0.47,0.40,10.43,0.03,-0.05,-0.01
-0.30,-0.57,9.23,0.05,-0.09,-0.01,0.47,0.40,10.43,0.03,-0.05,-0.01
-0.18,-0.33,8.94,0.07,-0.12,-0.02,-0.98,-0.16,9.29,0.02,-0.03,-0.00
0.13,-0.36,10.59,0.04,-0.08,-0.02,-0.22,-0.20,10.18,0.03,-0.05,-0.01
-0.00,0.46,10.76,0.04,-0.09,-0.02,0.44,0.85,10.20,0.05,-0.11,-0.00
-0.39,0.32,11.01,0.05,-0.10,-0.02,0.44,0.85,10.20,0.05,-0.11,-0.00
0.06,-0.08,9.90,0.09,-0.15,-0.02,-0.54,-0.63,10.28,0.02,-0.05,-0.01
-0.30,0.34,11.30,0.07,-0.14,-0.02,0.32,0.59,10.51,-0.00,-0.00,-0.01
-0.60,0.24,10.10,0.02,-0.05,-0.01,-0.14,0.45,9.78,0.00,-0.01,-0.01
-0.20,-0.82,9.24,0.07,-0.14,-0.01,-0.14,0.45,9.78,0.00,-0.01,-0.01
-0.05,-0.41,8.85,0.04,-0.07,-0.02,-0.24,-0.29,9.93,0.05,-0.08,-0.01
-0.35,0.32,10.91,0.06,-0.11,-0.02,-0.37,0.43,9.69,0.03,-0.04,-0.01
-0.38,-0.38,8.76,0.06,-0.12,-0.01,-0.97,-0.37,9.56,0.03,-0.04,-0.01
-0.18,-0.82,9.35,0.07,-0.13,-0.01,-0.97,-0.37,9.56,0.03,-0.04,-0.01
-0.30,-0.68,8.52,0.07,-0.13,-0.02,0.06,0.15,10.53,0.04,-0.07,-0.01
0.13,-0.22,10.47,0.06,-0.11,-0.02,0.20,0.71,10.35,0.03,-0.05,-0.01
-0.49,-0.29,8.76,0.05,-0.10,-0.01,-0.55,-0.46,9.99,0.02,-0.02,-0.01
0.08,-0.83,9.22,0.05,-0.08,-0.02,-0.55,-0.46,9.99,0.02,-0.02,-0.01
-0.09,-0.07,9.46,0.09,-0.17,-0.02,-0.35,0.43,9.48,0.02,-0.03,-0.01
0.07,0.25,10.93,0.04,-0.09,-0.02,-0.28,0.31,9.65,0.04,-0.07,-0.01
-0.64,0.82,10.48,0.07,-0.12,-0.02,-0.96,-0.28,9.58,0.03,-0.03,-0.01
-0.06,-0.45,10.17,0.06,-0.13,-0.02,-0.96,-0.28,9.58,0.03,-0.03,-0.01
-0.43,0.87,10.52,0.04,-0.08,-0.02,-0.79,-0.17,9.44,0.04,-0.07,-0.01
-0.36,-0.09,10.07,0.06,-0.11,-0.02,0.27,0.23,10.45,0.04,-0.06,-0.01
-0.16,-0.47,8.54,0.05,-0.09,-0.01,0.52,1.18,10.06,0.03,-0.04,-0.01
-0.18,-0.12,10.66,0.05,-0.11,-0.02,0.52,1.18,10.06,0.03,-0.04,-0.01
-0.20,0.13,9.27,0.08,-0.14,-0.01,-0.35,-0.21,10.16,0.04,-0.07,-0.01
-0.24,-0.78,9.04,0.05,-0.11,-0.02,0.47,0.81,10.35,0.00,-0.02,-0.01
-0.09,0.38,10.68,0.04,-0.08,-0.02,-0.45,-0.17,9.86,0.02,-0.04,-0.01
-0.30,0.52,10.79,0.06,-0.11,-0.02,-0.45,-0.17,9.86,0.02,-0.04,-0.01
-0.13,-0.36,8.93,0.01,-0.02,-0.01,-0.26,0.53,9.85,0.02,-0.04,-0.01
-0.49,0.68,10.79,0.11,-0.20,-0.02,-1.26,-0.36,9.46,-0.02,0.03,-0.02
-0.28,-0.48,9.56,0.04,-0.09,-0.01,0.31,0.39,10.91,0.03,-0.05,-0.01
-0.17,-0.40,8.61,0.09,-0.15,-0.01,0.31,0.39,10.91,0.03,-0.05,-0.01
0.04,-0.82,10.11,0.08,-0.13,-0.02,-0.19,-0.01,10.15,0.03,-0.06,-0.01
-0.16,0.56,10.71,0.05,-0.10,-0.02,0.05,0.45,10.47,0.05,-0.08,-0.01
-0.30,-0.98,9.02,0.01,-0.05,-0.01,-0.03,0.75,9.82,-0.01,0.01,-0.01
0.22,0.14,10.23,0.10,-0.19,-0.02,-0.03,0.75,9.82,-0.01,0.01,-0.01
-0.45,0.35,10.76,0.03,-0.05,-0.02,0.49,0.29,10.67,0.06,-0.11,-0.00
-0.35,-0.37,9.08,0.09,-0.17,-0.01,-0.21,0.78,9.69,0.01,-0.01,-0.01
-0.28,-1.14,9.06,0.03,-0.06,-0.02,0.23,0.01,10.53,-0.01,0.01,-0.01
-0.06,0.03,10.52,0.03,-0.07,-0.02,0.23,0.01,10.53,-0.01,0.01,-0.01
0.17,-0.48,8.67,0.05,-0.09,-0.02,-0.83,-0.14,9.43,-0.00,0.01,-0.00
0.00,0.04,10.93,0.07,-0.13,-0.02,0.07,0.03,10.72,0.01,-0.02,-0.01
-0.10,0.33,9.95,0.04,-0.09,-0.02,0.20,0.67,10.42,0.01,-0.03,-0.01
-0.03,0.19,10.89,0.07,-0.14,-0.01,0.20,0.67,10.42,0.01,-0.03,-0.01
-0.82,-0.67,9.06,-0.20,0.06,-0.03,-0.67,0.11,9.55,0.01,-0.05,-0.00
0.20,-1.32,8.80,-0.27,-0.08,-0.07,-1.05,-0.61,10.13,-0.15,-0.11,-0.03
-0.16,-1.40,9.68,-0.38,-0.14,-0.10,0.31,-0.51,10.35,-0.38,-0.11,-0.06
-0.09,-0.50,11.62,-0.22,-0.22,-0.14,0.31,-0.51,10.35,-0.38,-0.11,-0.06
-0.03,-1.27,10.36,0.13,-0.24,0.00,-0.49,-1.23,10.37,-0.20,-0.17,-0.14
-0.29,-1.25,11.20,0.13,-0.01,-0.13,-0.29,-0.43,11.18,0.13,-0.13,-0.06
-0.20,-1.19,9.90,0.27,0.08,-0.29,-0.10,-0.95,10.69,0.17,0.15,-0.25
-0.16,-0.82,10.49,0.27,0.07,-0.06,-0.10,-0.95,10.69,0.17,0.15,-0.25
-0.74,-1.02,10.67,-0.06,0.09,0.17,-0.36,-0.90,10.27,0.21,0.14,-0.02
-0.52,-1.78,9.17,-0.42,0.18,0.25,-0.61,-1.06,10.14,-0.25,0.13,0.22
-0.61,-2.19,8.58,-0.46,-0.04,0.29,-0.17,-0.85,9.61,-0.48,0.11,0.29
-0.53,-1.40,9.71,-0.22,-0.44,0.24,-0.17,-0.85,9.61,-0.48,0.11,0.29
-0.84,-1.36,10.85,0.03,-0.31,0.20,-1.19,-1.90,9.29,-0.22,-0.37,0.24
-0.75,-1.48,10.93,0.26,-0.10,0.11,-1.15,-1.66,10.08,0.09,-0.15,0.15
-0.55,-1.97,9.76,0.34,-0.10,0.17,-0.78,-1.24,10.88,0.30,-0.04,0.18
-0.67,-0.88,11.30,0.45,-0.15,0.39,-0.78,-1.24,10.88,0.30,-0.04,0.18
-0.33,-0.80,8.88,0.22,-0.16,0.28,-0.73,-1.09,10.44,0.43,-0.06,0.41
-0.51,-0.69,9.24,0.12,0.02,0.23,0.26,0.19,9.58,0.10,-0.07,0.34
-0.52,0.37,11.36,0.21,0.06,0.24,-0.24,0.01,10.17,0.14,0.16,0.25
-0.39,-0.72,8.60,0.21,-0.21,0.46,-0.24,0.01,10.17,0.14,0.16,0.25
-0.29,-0.29,8.78,0.38,-0.20,0.19,-1.32,-0.78,9.13,0.23,-0.16,0.44
-0.62,-0.67,7.78,0.33,-0.20,0.03,0.10,0.26,8.85,0.36,-0.14,0.19
-0.71,0.58,8.82,0.10,-0.12,-0.11,-0.64,0.59,8.29,0.16,-0.04,-0.04
-1.10,0.30,8.77,-0.13,-0.29,-0.37,-0.64,0.59,8.29,0.16,-0.04,-0.04
-0.87,-0.29,8.93,-0.17,-0.32,-0.41,-1.57,0.15,8.58,-0.17,-0.26,-0.39
-0.47,0.40,10.07,0.11,-0.13,-0.24,-0.86,0.02,9.30,-0.09,-0.21,-0.33
-0.44,-0.89,8.49,0.17,0.18,-0.27,0.16,0.66,10.20,0.17,0.12,-0.21
-0.53,-0.33,9.94,0.08,0.04,-0.37,0.16,0.66,10.20,0.17,0.12,-0.21
-0.71,0.29,10.76,-0.02,-0.27,-0.51,-0.46,0.15,10.24,0.03,0.07,-0.38
-0.48,-1.10,8.98,-0.02,-0.31,-0.59,-1.24,-0.39,9.88,-0.08,-0.31,-0.57
-0.13,0.10,10.44,0.12,-0.16,-0.29,0.25,0.21,10.11,0.06,-0.17,-0.34
0.32,-0.90,10.09,0.14,-0.04,-0.08,0.25,0.21,10.11,0.06,-0.17,-0.34
-0.32,-0.28,11.01,0.35,-0.19,-0.18,0.39,-0.31,10.36,0.14,0.02,-0.09
-0.54,0.31,10.24,0.46,-0.05,-0.05,0.01,0.45,10.53,0.34,-0.10,-0.16
-0.11,0.04,9.12,-0.31,-0.44,0.77,-0.70,-0.13,9.72,-0.05,-0.22,0.54
-0.06,0.17,10.58,-0.17,-0.19,0.78,-0.70,-0.13,9.72,-0.05,-0.22,0.54
0.12,0.56,11.00,0.32,0.51,0.09,-0.25,0.19,9.48,-0.08,0.02,0.67
-0.36,0.75,10.35,0.64,0.44,-0.00,-0.15,0.50,10.26,0.54,0.69,-0.02
-0.45,-0.42,8.34,0.01,-0.14,-0.07,-0.27,0.38,9.86,0.22,0.07,-0.17
-0.85,1.26,10.18,-0.46,-0.36,0.06,-0.27,0.38,9.86,0.22,0.07,-0.17
-0.20,0.11,9.13,0.03,-0.17,-0.26,-1.14,0.63,9.14,-0.51,-0.32,0.00
-1.36,0.71,11.05,0.42,-0.26,-0.08,-0.86,1.04,10.44,0.24,-0.12,-0.28
-0.43,0.26,9.08,0.34,0.17,-0.38,-1.12,-0.02,9.30,0.29,0.15,-0.37
-0.51,0.74,9.17,0.31,0.05,-0.41,-1.12,-0.02,9.30,0.29,0.15,-0.37
-1.00,1.45,10.22,0.21,-0.27,-0.55,-0.65,1.14,9.27,0.26,0.06,-0.41
-0.88,0.67,8.29,0.12,-0.20,-0.30,-0.02,1.71,9.84,0.14,-0.26,-0.44
-1.12,1.02,9.83,0.11,-0.14,-0.63,-0.96,1.62,9.36,0.08,-0.09,-0.48
-0.76,0.46,9.06,0.05,-0.26,-0.61,-0.96,1.62,9.36,0.08,-0.09,-0.48
-0.92,0.97,9.16,-0.17,-0.17,-0.42,-1.15,1.10,9.67,-0.01,-0.21,-0.58
-0.66,1.19,10.49,-0.18,-0.10,-0.73,-1.45,0.67,9.48,-0.30,-0.13,-0.59
-0.73,0.42,9.84,0.04,-0.01,-0.42,-0.42,1.31,10.58,-0.05,0.05,-0.53
-0.95,0.11,9.01,0.07,-0.08,-0.46,-0.42,1.31,10.58,-0.05,0.05,-0.53
-0.30,0.18,8.91,0.14,-0.25,-0.59,-0.40,0.98,9.55,0.04,-0.05,-0.48
-0.31,0.75,10.36,0.44,-0.46,-0.40,-0.14,0.31,9.17,0.25,-0.28,-0.52
0.08,0.12,9.51,0.23,-0.74,-0.33,0.52,1.35,10.44,0.31,-0.66,-0.32
-0.20,0.48,10.16,0.01,-0.52,-0.46,0.52,1.35,10.44,0.31,-0.66,-0.32
0.12,0.12,10.03,-0.00,-0.22,-0.33,-0.01,1.03,10.19,-0.02,-0.42,-0.46
-0.04,0.75,11.26,0.11,-0.04,-0.15,-0.33,0.65,10.32,-0.00,-0.05,-0.21
0.07,0.33,9.77,0.15,0.16,-0.17,0.27,0.88,10.62,0.15,0.16,-0.18
0.27,-0.38,8.45,0.01,0.11,-0.11,0.27,0.88,10.62,0.15,0.16,-0.18
-0.13,0.84,10.56,0.00,0.05,-0.03,-0.03,0.35,9.35,-0.03,0.18,-0.12
-0.42,0.46,9.09,0.04,-0.08,-0.09,-0.35,1.14,10.05,0.02,0.10,-0.08
-0.20,1.37,10.99,0.13,-0.23,-0.26,-0.76,0.39,9.63,0.05,-0.13,-0.14
0.04,0.37,9.09,0.12,-0.27,-0.15,-0.76,0.39,9.63,0.05,-0.13,-0.14
0.11,1.64,10.17,-0.14,-0.26,-0.08,-0.47,1.02,9.99,0.08,-0.21,-0.13
0.01,0.91,9.43,-0.12,-0.17,-0.08,-0.29,1.29,9.47,-0.21,-0.16,-0.07
0.27,0.83,11.16,0.08,-0.19,0.05,-0.01,0.87,9.96,0.02,-0.12,0.03
0.24,0.09,9.28,0.10,-0.19,0.11,-0.01,0.87,9.96,0.02,-0.12,0.03
0.06,1.21,11.03,0.03,-0.12,-0.10,-0.30,0.38,10.17,0.08,-0.09,0.10
0.01,0.41,9.81,-0.13,-0.15,-0.26,-0.22,1.44,10.38,-0.05,-0.12,-0.19
0.12,0.65,10.30,-0.11,0.05,0.01,0.45,1.14,10.44,-0.18,0.11,-0.04
0.01,0.91,9.93,0.04,-0.11,-0.15,0.45,1.14,10.44,-0.18,0.11,-0.04
0.36,-0.15,9.65,-0.03,-0.04,-0.17,0.55,0.80,9.75,-0.01,-0.04,-0.16
0.19,0.60,10.19,0.07,0.09,-0.08,0.95,0.77,9.83,0.00,0.09,-0.13
0.26,-0.76,9.43,0.04,-0.02,-0.02,-0.05,-0.14,10.12,0.02,0.09,0.02
-0.28,0.48,10.54,0.09,-0.17,-0.24,-0.05,-0.14,10.12,0.02,0.09,0.02
-0.08,-0.62,9.35,0.15,-0.02,-0.06,0.30,0.63,9.99,0.07,-0.10,-0.25
-0.29,-0.44,9.37,0.14,-0.01,0.04,-0.72,-0.31,9.60,0.11,0.09,0.09
-0.39,0.48,10.55,0.05,-0.18,-0.03,-0.41,0.63,9.91,0.05,-0.08,0.01
-0.19,0.11,9.87,-0.04,-0.16,0.05,-0.41,0.63,9.91,0.05,-0.08,0.01
-0.17,-0.35,9.21,-0.11,-0.08,0.11,0.02,0.62,10.16,-0.09,-0.08,0.06
-0.40,0.54,10.21,0.21,-0.16,-0.05,-0.37,0.81,9.83,-0.02,-0.04,-0.03
-0.29,-0.29,8.91,0.05,-0.11,0.15,-0.14,0.98,10.20,0.10,-0.06,0.08
-0.42,1.47,11.45,0.04,-0.08,0.08,-0.14,0.98,10.20,0.10,-0.06,0.08
-0.37,-0.30,9.52,0.19,-0.09,-0.13,-0.94,0.30,10.18,0.02,-0.01,0.06
-0.22,1.41,11.82,-0.04,0.04,0.07,-0.53,0.73,10.70,0.08,0.02,-0.04
-0.54,-0.66,8.73,-0.04,0.11,0.26,-0.16,0.25,9.95,-0.15,0.15,0.18
-0.46,1.09,9.43,0.03,-0.65,-0.27,-0.16,0.25,9.95,-0.15,0.15,0.18
0.39,-0.88,9.18,-0.35,-0.43,-0.11,-0.51,0.31,9.20,-0.02,-0.59,-0.24
0.32,-1.08,11.23,-0.59,-0.29,-0.16,0.13,-0.58,10.92,-0.61,-0.23,-0.14
0.50,-1.57,10.43,-0.67,-0.37,-0.38,0.13,-0.58,10.92,-0.61,-0.23,-0.14
0.74,-2.41,9.29,-0.48,-0.13,-0.03,0.44,-1.59,10.24,-0.70,-0.26,-0.37
0.74,-1.68,10.03,-0.06,-0.30,0.28,0.82,-2.46,9.39,-0.32,-0.08,0.00
0.94,-2.55,8.28,0.06,-0.72,0.94,0.38,-2.68,8.74,0.02,-0.57,0.92
1.34,-2.60,9.89,-0.12,-0.54,1.01,0.38,-2.68,8.74,0.02,-0.57,0.92
1.57,-3.56,9.26,-0.17,-0.51,0.57,1.22,-2.15,9.88,-0.13,-0.40,0.95
1.32,-2.76,10.26,-0.20,-0.16,0.13,0.89,-3.54,9.85,-0.24,-0.31,0.54
1.55,-3.05,9.32,-0.18,0.02,-0.19,1.27,-2.63,9.32,-0.19,0.01,-0.25
1.35,-4.39,8.10,-0.11,-0.11,0.16,1.27,-2.63,9.32,-0.19,0.01,-0.25
1.33,-2.80,10.05,0.37,-0.46,0.33,1.60,-3.17,9.32,-0.04,-0.12,0.14
1.64,-3.44,9.05,0.28,-0.33,0.50,0.79,-3.79,8.78,0.36,-0.37,0.58
1.46,-3.50,9.08,-0.02,0.05,0.01,1.96,-2.76,10.03,0.07,-0.04,0.14
1.63,-3.72,9.24,-0.03,0.13,-0.30,1.96,-2.76,10.03,0.07,-0.04,0.14
1.63,-3.05,10.12,0.09,-0.12,0.10,1.85,-3.35,10.01,-0.07,0.16,-0.27
1.56,-2.92,8.82,0.28,-0.43,-0.02,1.70,-2.85,9.46,0.18,-0.29,0.08
1.99,-3.76,8.71,0.47,-0.05,-0.40,1.54,-3.13,9.12,0.34,-0.10,-0.22
1.52,-2.54,9.71,0.40,0.18,-0.72,1.54,-3.13,9.12,0.34,-0.10,-0.22
1.27,-1.88,10.67,0.05,0.22,-0.97,1.68,-1.95,9.74,0.37,0.20,-0.77
1.63,-2.30,8.88,-0.15,-0.12,-0.27,1.64,-2.34,9.66,-0.04,0.15,-0.76
1.49,-1.92,10.36,-0.37,-0.45,0.55,1.76,-2.33,9.35,-0.32,-0.31,0.38
1.72,-2.86,9.70,-0.40,-0.50,0.80,1.76,-2.33,9.35,-0.32,-0.31,0.38
2.11,-3.92,8.34,0.23,-0.49,0.42,1.28,-3.09,8.62,-0.33,-0.41,0.74
1.87,-2.93,10.01,0.36,-0.34,0.67,2.64,-2.32,9.46,0.37,-0.36,0.39
1.89,-3.69,8.56,0.08,-0.47,0.96,1.88,-3.22,9.43,0.16,-0.34,0.91
1.89,-3.93,9.41,-0.18,-0.05,1.10,1.88,-3.22,9.43,0.16,-0.34,0.91
1.59,-4.03,9.19,-0.14,-0.07,0.31,1.35,-3.55,9.94,-0.19,0.07,1.02
1.61,-3.57,8.99,0.00,0.15,0.25,1.97,-3.49,8.91,-0.01,0.04,0.18
1.67,-4.24,9.18,-0.03,0.10,-0.17,1.80,-3.33,9.89,-0.09,0.28,-0.05
1.24,-3.28,9.02,0.05,-0.12,-0.09,1.80,-3.33,9.89,-0.09,0.28,-0.05
1.23,-3.99,7.96,0.18,-0.31,0.15,2.06,-2.91,9.15,0.02,-0.06,-0.03
1.37,-3.74,9.37,0.09,-0.38,0.39,2.03,-3.10,9.50,0.11,-0.20,0.32
1.50,-3.65,9.72,-0.17,-0.10,-0.49,0.33,-4.61,9.04,-0.14,-0.11,-0.15
1.66,-4.24,8.81,0.03,-0.02,-1.23,0.33,-4.61,9.04,-0.14,-0.11,-0.15
1.84,-4.01,8.71,0.20,0.04,-0.89,1.64,-3.47,8.73,0.06,0.03,-1.22
2.33,-3.71,9.53,0.02,0.01,-0.72,1.76,-3.52,9.32,0.11,0.02,-0.65
1.86,-3.01,9.47,0.22,-0.01,-0.63,2.00,-3.45,9.02,0.13,0.08,-0.78
2.14,-3.71,7.73,0.52,-0.34,0.40,2.00,-3.45,9.02,0.13,0.08,-0.78
2.40,-2.83,10.10,0.10,-0.16,0.04,2.24,-2.38,9.38,0.48,-0.26,0.46
2.19,-3.64,8.22,0.16,0.05,-0.17,2.46,-2.69,9.80,0.09,0.07,-0.06
2.16,-2.54,10.58,-0.02,-0.02,-0.29,1.93,-3.23,9.83,0.03,0.06,-0.29
2.14,-2.79,9.83,-0.06,-0.02,-0.15,1.93,-3.23,9.83,0.03,0.06,-0.29
2.07,-3.25,8.74,0.12,-0.02,0.01,1.79,-3.55,9.25,-0.08,0.02,-0.13
1.89,-2.28,10.06,0.21,-0.05,0.03,1.83,-2.67,8.78,0.18,0.08,0.03
2.05,-3.11,8.37,0.13,0.01,-0.06,1.72,-2.51,9.17,0.14,0.03,-0.04
1.98,-2.49,10.42,0.01,0.07,-0.19,1.72,-2.51,9.17,0.14,0.03,-0.04
1.86,-2.08,10.54,0.01,-0.11,-0.27,1.47,-2.90,9.45,-0.02,0.11,-0.21
1.89,-3.73,7.71,0.03,-0.10,-0.09,2.19,-2.08,9.92,-0.02,-0.08,-0.20
1.72,-1.85,10.65,0.11,-0.06,-0.01,1.59,-3.02,9.20,0.09,0.07,-0.06
1.88,-3.53,8.08,0.09,-0.16,0.05,1.59,-3.02,9.20,0.09,0.07,-0.06
1.81,-1.61,10.72,0.07,-0.03,0.07,2.37,-2.04,9.55,0.05,-0.09,0.07
2.09,-2.50,10.37,0.00,-0.12,0.06,1.45,-3.27,9.38,-0.00,0.03,0.10
1.77,-2.84,9.23,0.12,-0.16,-0.14,1.73,-2.34,9.63,0.06,-0.09,-0.08
1.88,-2.59,9.72,0.05,-0.17,-0.07,1.73,-2.34,9.63,0.06,-0.09,-0.08
1.79,-2.69,8.97,0.00,-0.11,0.05,2.09,-1.97,9.72,0.02,-0.10,-0.04
1.94,-2.64,9.60,0.10,-0.05,0.04,1.51,-3.02,9.23,0.00,-0.03,0.07
1.74,-2.89,8.88,0.09,-0.10,0.11,1.55,-2.85,9.35,0.08,-0.02,0.10
1.74,-2.76,9.48,0.00,-0.11,0.25,1.55,-2.85,9.35,0.08,-0.02,0.10
1.76,-3.12,9.35,0.07,-0.13,0.09,1.54,-3.10,9.36,-0.02,-0.02,0.25
1.65,-2.41,9.55,0.10,-0.16,-0.03,1.67,-2.39,9.40,0.07,-0.07,0.01
1.69,-2.38,10.07,0.13,-0.06,-0.02,2.23,-2.01,9.84,0.07,-0.02,-0.01
1.62,-3.06,8.58,0.11,-0.09,0.19,2.23,-2.01,9.84,0.07,-0.02,-0.01
1.51,-2.81,8.81,0.10,-0.19,0.41,1.51,-2.41,9.15,0.08,-0.02,0.24
1.49,-2.43,10.21,0.12,-0.16,0.48,1.99,-2.00,9.82,0.07,-0.12,0.48
1.53,-3.43,8.42,0.17,-0.14,0.17,1.03,-2.86,9.82,0.15,-0.05,0.33
1.35,-2.11,10.02,0.07,-0.12,-0.00,1.03,-2.86,9.82,0.15,-0.05,0.33
1.62,-2.89,8.90,0.09,-0.04,-0.04,1.45,-2.40,9.66,0.05,-0.05,-0.01
1.67,-2.79,9.31,0.04,-0.07,-0.04,1.11,-2.46,9.20,0.05,0.03,-0.03
1.34,-2.38,10.23,0.07,-0.11,-0.15,1.22,-2.54,9.60,0.02,-0.02,-0.11
1.42,-2.44,9.68,0.03,-0.12,-0.08,1.22,-2.54,9.60,0.02,-0.02,-0.11
1.34,-2.00,10.21,0.01,-0.17,0.03,1.06,-2.49,9.35,-0.00,-0.08,-0.05
1.45,-3.03,8.70,0.11,-0.07,0.04,2.01,-1.91,10.02,0.02,-0.06,0.05
1.44,-2.24,10.03,0.04,-0.11,0.01,1.31,-2.38,9.40,0.06,-0.02,0.02
1.45,-2.68,9.52,0.02,-0.10,-0.04,1.31,-2.38,9.40,0.06,-0.02,0.02
1.53,-2.48,9.86,0.03,-0.12,-0.07,1.20,-2.51,9.32,-0.01,-0.04,-0.04
1.49,-2.70,8.85,0.05,-0.16,-0.05,1.85,-2.03,9.96,0.00,-0.07,-0.06
1.41,-2.41,9.92,0.07,-0.14,-0.01,1.26,-2.59,9.46,0.04,-0.08,-0.01
1.42,-2.36,10.10,0.11,-0.07,0.02,1.26,-2.59,9.46,0.04,-0.08,-0.01
1.34,-2.97,8.53,0.05,-0.07,-0.02,1.53,-2.35,9.63,0.08,-0.00,0.03
1.51,-2.31,10.13,-0.02,-0.06,-0.04,1.25,-2.31,9.62,-0.01,0.00,-0.03
1.29,-3.01,8.19,0.11,-0.17,0.03,1.64,-2.12,9.06,0.03,-0.09,0.02
1.14,-1.54,8.60,0.26,-0.01,0.00,1.64,-2.12,9.06,0.03,-0.09,0.02
0.94,-2.11,9.39,-0.05,0.13,-0.15,0.85,-1.93,8.32,0.16,0.08,0.03
0.87,-2.64,9.01,0.12,-0.33,-0.11,1.75,-1.81,9.19,-0.05,0.11,-0.18
1.34,-1.68,9.78,0.36,-0.54,0.18,0.98,-1.99,9.61,0.35,-0.33,0.08
1.81,-1.87,8.46,0.32,-0.39,0.34,0.98,-1.99,9.61,0.35,-0.33,0.08
1.81,-1.67,8.51,0.27,-0.11,-0.04,2.06,-1.39,9.01,0.26,-0.15,0.34
1.53,-1.36,9.80,0.22,-0.22,-0.28,1.58,-1.38,9.65,0.36,0.08,-0.20
2.16,-1.58,10.35,0.04,-0.19,0.17,2.57,-0.87,10.33,0.10,-0.16,0.01
2.07,-1.93,10.65,0.30,0.19,0.32,2.57,-0.87,10.33,0.10,-0.16,0.01
1.52,-1.26,9.99,0.13,-0.33,0.08,2.11,-1.56,10.62,0.31,0.26,0.29
1.85,-1.23,10.05,0.06,-0.43,0.24,2.20,-0.87,10.49,0.13,-0.33,0.05
2.28,-1.54,9.76,-0.12,-0.26,0.46,2.55,-1.34,10.35,-0.18,-0.32,0.43
1.92,-1.45,9.43,0.11,0.14,0.46,2.55,-1.34,10.35,-0.18,-0.32,0.43
1.49,-1.39,9.79,0.36,0.44,0.41,1.85,-1.18,9.89,0.08,0.25,0.47
0.77,-1.03,9.77,0.56,0.57,0.32,1.00,-0.96,9.89,0.42,0.60,0.38
0.04,-0.51,10.05,0.63,0.52,0.26,0.28,-0.31,9.98,0.59,0.63,0.29
-0.45,0.03,10.10,0.59,0.35,0.20,0.28,-0.31,9.98,0.59,0.63,0.29
-0.62,0.48,10.05,0.43,0.09,0.16,-0.48,0.51,9.94,0.53,0.37,0.21
-0.71,0.85,9.91,0.26,-0.12,0.14,-0.72,1.02,10.05,0.34,0.07,0.17
-0.64,0.88,9.94,0.08,-0.28,0.11,-0.64,1.21,9.90,0.10,-0.17,0.14
-0.38,0.82,9.99,-0.07,-0.37,0.10,-0.64,1.21,9.90,0.10,-0.17,0.14
-0.10,0.70,9.88,-0.18,-0.39,0.09,-0.42,1.10,10.00,-0.11,-0.29,0.11
0.13,0.45,9.78,-0.23,-0.33,0.08,-0.00,0.86,9.98,-0.24,-0.29,0.10
0.25,0.13,9.76,-0.22,-0.24,0.07,0.26,0.55,9.94,-0.26,-0.20,0.08
0.36,-0.11,9.86,-0.16,-0.14,0.06,0.26,0.55,9.94,-0.26,-0.20,0.08
0.36,-0.26,9.76,-0.07,-0.06,0.05,0.35,0.12,9.90,-0.18,-0.06,0.06
0.20,-0.40,9.94,0.00,0.02,0.04,0.31,-0.16,10.04,-0.08,0.04,0.05
0.14,-0.34,9.90,0.08,0.05,0.04,0.08,-0.10,9.91,0.03,0.12,0.04
-0.07,-0.36,9.90,0.13,0.05,0.03,0.08,-0.10,9.91,0.03,0.12,0.04
-0.27,-0.25,9.97,0.16,0.02,0.03,-0.12,-0.17,10.08,0.10,0.11,0.04
-0.36,-0.23,10.05,0.15,-0.04,0.02,-0.27,0.12,10.02,0.12,0.06,0.04
-0.31,0.00,10.16,0.13,-0.11,0.02,-0.39,0.09,10.02,0.09,-0.02,0.03
-0.36,-0.08,10.01,0.08,-0.17,0.01,-0.39,0.09,10.02,0.09,-0.02,0.03
-0.24,-0.08,10.10,0.05,-0.21,0.00,-0.32,0.28,10.03,0.05,-0.11,0.02
-0.16,-0.05,9.72,0.03,-0.22,-0.01,-0.27,0.21,9.98,0.01,-0.14,0.01
-0.07,-0.11,9.91,0.01,-0.21,-0.01,-0.10,0.18,9.95,-0.01,-0.14,0.00
0.04,-0.14,9.85,0.00,-0.17,-0.01,-0.10,0.18,9.95,-0.01,-0.14,0.00
0.07,-0.20,9.96,-0.00,-0.13,-0.01,0.01,0.10,10.01,-0.03,-0.10,-0.00
0.04,-0.26,9.97,0.01,-0.10,-0.02,0.05,0.06,9.95,-0.03,-0.05,-0.01
0.03,-0.24,9.83,0.04,-0.08,-0.02,0.06,0.06,9.98,0.00,-0.01,-0.01
-0.03,-0.30,9.86,0.06,-0.05,-0.02,0.06,0.06,9.98,0.00,-0.01,-0.01
-0.10,-0.28,9.80,0.08,-0.05,-0.02,-0.08,-0.02,9.96,0.03,0.01,-0.01
-0.17,-0.21,9.94,0.10,-0.06,-0.03,-0.15,0.01,9.94,0.06,0.01,-0.02
-0.19,-0.21,9.96,0.11,-0.08,-0.03,-0.20,0.14,9.99,0.08,-0.00,-0.02
-0.21,-0.13,9.89,0.11,-0.10,-0.03,-0.20,0.14,9.99,0.08,-0.00,-0.02
-0.24,-0.10,9.86,0.10,-0.12,-0.04,-0.25,0.15,9.97,0.08,-0.03,-0.02
-0.21,-0.09,9.91,0.08,-0.14,-0.04,-0.20,0.24,9.98,0.06,-0.06,-0.02
-0.20,-0.03,9.87,0.06,-0.15,-0.04,-0.18,0.18,10.00,0.04,-0.08,-0.03
-0.13,-0.08,9.93,0.05,-0.15,-0.04,-0.18,0.18,10.00,0.04,-0.08,-0.03
-0.11,-0.05,9.90,0.03,-0.15,-0.04,-0.14,0.24,9.98,0.01,-0.08,-0.03
-0.08,-0.10,9.89,0.03,-0.14,-0.04,-0.11,0.19,9.99,0.00,-0.08,-0.03
-0.06,-0.14,9.88,0.03,-0.13,-0.05,-0.09,0.17,9.95,-0.00,-0.07,-0.04
-0.04,-0.15,9.89,0.02,-0.11,-0.04,-0.09,0.17,9.95,-0.00,-0.07,-0.04
-0.05,-0.19,9.94,0.03,-0.10,-0.04,-0.08,0.09,9.97,-0.01,-0.05,-0.03
-0.08,-0.17,9.90,0.04,-0.08,-0.04,-0.06,0.08,9.99,0.00,-0.03,-0.04
-0.11,-0.20,9.93,0.05,-0.07,-0.04,-0.09,0.08,10.02,0.02,-0.01,-0.03
-0.15,-0.20,9.93,0.06,-0.08,-0.04,-0.09,0.08,10.02,0.02,-0.01,-0.03
-0.18,-0.20,9.94,0.07,-0.08,-0.04,-0.15,0.06,9.98,0.03,-0.01,-0.03
-0.20,-0.18,9.90,0.08,-0.10,-0.04,-0.19,0.08,10.00,0.05,-0.02,-0.03
-0.20,-0.17,9.92,0.08,-0.11,-0.04,-0.20,0.10,9.99,0.04,-0.04,-0.03
-0.21,-0.15,9.87,0.08,-0.13,-0.04,-0.20,0.10,9.99,0.04,-0.04,-0.03
-0.19,-0.11,9.90,0.07,-0.14,-0.04,-0.19,0.12,10.02,0.05,-0.06,-0.03
-0.16,-0.12,9.96,0.05,-0.15,-0.04,-0.19,0.14,10.01,0.03,-0.07,-0.03
-0.12,-0.17,9.90,0.05,-0.15,-0.04,-0.14,0.12,10.02,0.02,-0.08,-0.03
-0.11,-0.16,9.94,0.05,-0.14,-0.04,-0.14,0.12,10.02,0.02,-0.08,-0.03
-0.11,-0.17,9.96,0.04,-0.13,-0.04,-0.09,0.13,10.08,0.02,-0.07,-0.03
-0.09,-0.18,9.93,0.05,-0.12,-0.04,-0.11,0.10,9.96,0.01,-0.06,-0.03
-0.09,-0.19,9.96,0.05,-0.11,-0.04,-0.08,0.09,10.00,0.02,-0.04,-0.03
-0.09,-0.16,9.91,0.06,-0.11,-0.04,-0.08,0.09,10.00,0.02,-0.04,-0.03
-0.08,-0.19,9.97,0.06,-0.11,-0.03,-0.11,0.11,10.05,0.03,-0.04,-0.03
-0.10,-0.18,9.92,0.07,-0.10,-0.04,-0.12,0.11,9.97,0.03,-0.04,-0.03
-0.13,-0.16,9.89,0.07,-0.10,-0.03,-0.13,0.11,10.00,0.04,-0.03,-0.03
-0.13,-0.20,9.88,0.06,-0.10,-0.03,-0.13,0.11,10.00,0.04,-0.03,-0.03
-0.15,-0.18,9.97,0.07,-0.10,-0.04,-0.20,0.15,9.86,0.03,-0.03,-0.03
-0.17,-0.13,9.89,0.07,-0.10,-0.04,-0.15,0.17,9.96,0.04,-0.04,-0.03
-0.18,-0.14,9.90,0.06,-0.11,-0.04,-0.16,0.16,9.98,0.03,-0.04,-0.03
-0.20,-0.13,9.91,0.06,-0.11,-0.05,-0.16,0.16,9.98,0.03,-0.04,-0.03
-0.17,-0.14,9.91,0.04,-0.12,-0.04,-0.17,0.15,10.02,0.03,-0.04,-0.04
-0.19,-0.16,9.94,0.05,-0.13,-0.05,-0.21,0.12,9.95,0.01,-0.05,-0.04
-0.15,-0.21,9.93,0.05,-0.13,-0.05,-0.19,0.09,10.01,0.02,-0.06,-0.04
-0.13,-0.20,9.93,0.07,-0.14,-0.05,-0.19,0.09,10.01,0.02,-0.06,-0.04
-0.12,-0.19,9.98,0.08,-0.14,-0.05,-0.14,0.06,10.04,0.04,-0.07,-0.04
-0.10,-0.18,9.95,0.08,-0.13,-0.06,-0.11,0.11,10.01,0.05,-0.07,-0.04
-0.10,-0.11,9.96,0.08,-0.12,-0.06,-0.09,0.15,10.01,0.05,-0.05,-0.05
-0.09,-0.10,9.92,0.07,-0.11,-0.06,-0.09,0.15,10.01,0.05,-0.05,-0.05
-0.10,-0.09,9.91,0.06,-0.10,-0.06,-0.09,0.17,9.99,0.04,-0.04,-0.05
-0.11,-0.10,9.90,0.05,-0.09,-0.07,-0.13,0.13,9.95,0.02,-0.03,-0.06
-0.18,-0.15,9.86,0.05,-0.09,-0.07,-0.17,0.25,9.95,0.02,-0.02,-0.06
-0.18,-0.14,9.93,0.05,-0.09,-0.07,-0.17,0.25,9.95,0.02,-0.02,-0.06
-0.21,-0.18,10.01,0.05,-0.10,-0.07,-0.18,0.13,9.94,0.02,-0.03,-0.06
-0.21,-0.15,9.96,0.05,-0.10,-0.07,-0.19,0.07,9.98,0.02,-0.04,-0.07
-0.21,-0.15,9.93,0.05,-0.11,-0.07,-0.21,0.14,10.00,0.02,-0.05,-0.06
-0.20,-0.14,9.85,0.06,-0.12,-0.08,-0.21,0.14,10.00,0.02,-0.05,-0.06
-0.20,-0.09,9.77,0.06,-0.12,-0.08,-0.20,0.14,9.96,0.03,-0.05,-0.07
-0.21,-0.21,9.99,0.06,-0.13,-0.08,-0.19,0.20,9.93,0.03,-0.06,-0.07
-0.16,-0.09,9.76,0.07,-0.13,-0.08,-0.20,0.14,9.95,0.03,-0.06,-0.07
-0.17,-0.21,10.00,0.07,-0.13,-0.08,-0.20,0.14,9.95,0.03,-0.06,-0.07
-0.14,-0.14,9.86,0.07,-0.13,-0.08,-0.14,0.07,9.97,0.04,-0.07,-0.07
-0.12,-0.07,9.74,0.07,-0.13,-0.08,-0.15,0.18,9.97,0.04,-0.07,-0.07
-0.13,-0.09,9.95,0.07,-0.12,-0.09,-0.12,0.18,9.94,0.05,-0.06,-0.08
-0.12,-0.08,9.92,0.07,-0.11,-0.09,-0.12,0.18,9.94,0.05,-0.06,-0.08
-0.10,-0.07,9.91,0.06,-0.10,-0.09,-0.10,0.20,9.97,0.04,-0.04,-0.08
-0.13,-0.08,9.87,0.06,-0.09,-0.09,-0.12,0.19,9.96,0.03,-0.03,-0.08
-0.16,-0.09,9.90,0.05,-0.09,-0.09,-0.15,0.17,9.98,0.02,-0.03,-0.08
-0.20,-0.11,9.92,0.04,-0.09,-0.09,-0.15,0.17,9.98,0.02,-0.03,-0.08
-0.18,-0.15,9.88,0.04,-0.10,-0.09,-0.20,0.22,9.96,0.01,-0.03,-0.08
-0.18,-0.17,9.91,0.05,-0.11,-0.09,-0.20,0.13,9.97,0.02,-0.04,-0.09
-0.20,-0.09,9.87,0.06,-0.12,-0.09,-0.20,0.14,9.97,0.02,-0.05,-0.08
-0.18,-0.16,9.93,0.06,-0.12,-0.10,-0.20,0.14,9.97,0.02,-0.05,-0.08
-0.17,-0.14,9.88,0.07,-0.12,-0.10,-0.21,0.12,10.00,0.03,-0.06,-0.09
-0.17,-0.14,9.88,0.07,-0.12,-0.10,-0.19,0.15,9.97,0.04,-0.06,-0.09
-0.16,-0.13,9.88,0.07,-0.12,-0.10,-0.18,0.15,9.96,0.04,-0.06,-0.09
-0.14,-0.11,9.87,0.07,-0.13,-0.10,-0.18,0.15,9.96,0.04,-0.06,-0.09
-0.14,-0.11,9.90,0.07,-0.12,-0.10,-0.14,0.17,9.98,0.04,-0.06,-0.10
-0.14,-0.06,9.89,0.06,-0.12,-0.11,-0.16,0.14,9.94,0.04,-0.06,-0.10
-0.12,-0.07,9.86,0.06,-0.11,-0.11,-0.14,0.18,9.97,0.03,-0.05,-0.10
-0.13,-0.08,9.85,0.05,-0.11,-0.11,-0.14,0.18,9.97,0.03,-0.05,-0.10
-0.12,-0.11,9.95,0.03,-0.11,-0.10,-0.09,0.21,10.08,0.02,-0.04,-0.09
-0.16,-0.20,10.00,0.03,-0.10,-0.10,-0.15,0.15,9.96,0.00,-0.04,-0.10
-0.18,-0.17,9.93,0.04,-0.10,-0.10,-0.16,0.14,9.99,0.00,-0.03,-0.10
-0.19,-0.18,9.89,0.05,-0.10,-0.11,-0.16,0.14,9.99,0.00,-0.03,-0.10
-0.18,-0.17,9.90,0.06,-0.11,-0.10,-0.20,0.11,9.97,0.02,-0.04,-0.10
-0.19,-0.19,9.93,0.06,-0.12,-0.10,-0.20,0.08,9.99,0.03,-0.05,-0.09
-0.20,-0.20,9.99,0.07,-0.12,-0.10,-0.20,0.06,9.99,0.04,-0.06,-0.09
-0.18,-0.17,9.93,0.08,-0.13,-0.10,-0.20,0.06,9.99,0.04,-0.06,-0.09
-0.14,-0.15,9.91,0.08,-0.13,-0.10,-0.16,0.11,9.99,0.05,-0.06,-0.09
-0.12,-0.15,9.90,0.08,-0.12,-0.10,-0.17,0.12,9.96,0.04,-0.06,-0.09
-0.13,-0.12,9.96,0.06,-0.12,-0.09,-0.12,0.17,10.02,0.04,-0.06,-0.09
-0.10,-0.15,9.88,0.05,-0.12,-0.09,-0.12,0.17,10.02,0.04,-0.06,-0.09
-0.09,-0.20,9.85,0.06,-0.11,-0.09,-0.15,0.14,9.94,0.02,-0.06,-0.09
-0.05,-0.14,9.45,0.12,-0.18,-0.14,-0.07,-0.01,9.38,0.05,-0.07,-0.11
-0.04,-0.20,9.39,0.16,-0.25,-0.18,-0.17,0.28,9.45,0.13,-0.15,-0.15
0.25,-0.06,9.57,0.12,-0.29,-0.21,-0.17,0.28,9.45,0.13,-0.15,-0.15
0.28,0.10,9.21,0.07,-0.27,-0.24,-0.11,0.47,9.64,0.11,-0.19,-0.19
0.36,-0.05,9.81,0.00,-0.25,-0.26,0.16,0.70,9.82,0.03,-0.21,-0.23
0.88,-0.03,9.61,-0.02,-0.20,-0.26,0.73,0.33,9.69,-0.03,-0.17,-0.25
0.70,-0.02,9.77,-0.03,-0.10,-0.25,0.73,0.33,9.69,-0.03,-0.17,-0.25
0.49,-0.15,9.85,-0.02,-0.03,-0.25,0.65,0.25,9.98,-0.05,-0.05,-0.24
0.30,-0.20,9.94,0.01,-0.00,-0.25,0.50,0.08,9.83,-0.04,0.04,-0.25
0.42,-0.16,10.05,0.04,-0.02,-0.25,0.40,0.07,9.91,-0.00,0.05,-0.25
0.28,-0.28,10.10,0.05,-0.04,-0.22,0.40,0.07,9.91,-0.00,0.05,-0.25
0.22,-0.15,9.83,0.07,-0.07,-0.21,0.31,0.10,10.03,0.03,0.02,-0.22
0.18,-0.19,9.98,0.07,-0.08,-0.20,0.20,0.20,10.07,0.04,-0.01,-0.20
-0.04,-0.08,10.07,0.08,-0.17,0.00,0.04,0.13,10.13,0.05,-0.08,-0.06
0.26,-0.14,10.01,0.07,-0.16,0.09,0.04,0.13,10.13,0.05,-0.08,-0.06
0.23,-0.14,10.01,0.05,-0.05,0.05,0.21,0.18,10.10,0.04,-0.08,0.09
0.15,-0.15,9.97,0.03,0.04,0.03,0.21,0.17,10.07,0.01,0.05,0.05
-0.05,-0.16,9.95,0.00,0.11,0.01,-0.02,0.11,10.09,-0.02,0.17,0.01
-0.28,-0.23,10.06,-0.01,0.13,0.00,-0.02,0.11,10.09,-0.02,0.17,0.01
-0.53,-0.28,9.99,-0.01,0.10,-0.01,-0.33,0.04,10.14,-0.04,0.20,-0.00
-0.70,-0.36,10.05,-0.00,0.04,-0.02,-0.62,-0.01,10.06,-0.04,0.15,-0.01
-0.78,-0.40,10.02,0.01,-0.05,-0.03,-0.78,-0.11,10.10,-0.02,0.04,-0.03
-0.79,-0.43,10.03,0.02,-0.14,-0.03,-0.78,-0.11,10.10,-0.02,0.04,-0.03
-0.78,-0.46,10.00,0.03,-0.19,-0.05,-0.79,-0.20,10.08,-0.01,-0.09,-0.03
-0.65,-0.52,10.02,0.05,-0.23,-0.07,-0.70,-0.23,10.11,0.01,-0.14,-0.05
-0.55,-0.53,10.04,0.06,-0.23,-0.09,-0.56,-0.27,10.11,0.03,-0.16,-0.07
-0.45,-0.47,10.01,0.07,-0.22,-0.09,-0.56,-0.27,10.11,0.03,-0.16,-0.07
-0.43,-0.50,10.10,0.07,-0.19,-0.09,-0.47,-0.23,10.16,0.05,-0.15,-0.09
-0.29,-0.42,9.99,0.08,-0.19,-0.08,-0.26,-0.19,10.12,0.05,-0.13,-0.08
-0.28,-0.45,10.03,0.11,-0.15,-0.03,-0.28,-0.15,10.08,0.08,-0.09,-0.03
-0.21,-0.37,9.99,0.11,-0.12,0.01,-0.28,-0.15,10.08,0.08,-0.09,-0.03
-0.18,-0.36,10.06,0.10,-0.08,0.05,-0.18,-0.06,10.17,0.09,-0.06,0.03
-0.34,-0.24,9.97,0.10,-0.04,0.07,-0.31,-0.00,10.11,0.07,0.00,0.07
-0.29,-0.25,9.97,0.10,-0.05,0.08,-0.26,0.03,10.13,0.06,0.01,0.09
-0.30,-0.28,10.04,0.09,-0.05,0.09,-0.26,0.03,10.13,0.06,0.01,0.09
-0.52,-0.18,10.15,0.11,-0.08,0.09,-0.48,0.07,10.02,0.06,0.02,0.10
-0.56,-0.05,10.14,0.12,-0.12,0.10,-0.50,0.28,10.20,0.09,-0.06,0.11
-0.42,-0.01,10.02,0.10,-0.16,0.11,-0.50,0.28,10.20,0.09,-0.06,0.11
-0.32,0.11,9.86,0.10,-0.18,0.12,-0.35,0.28,10.06,0.08,-0.10,0.12
-0.14,0.07,9.82,0.06,-0.19,0.14,-0.12,0.38,9.97,0.05,-0.11,0.14
-0.23,0.07,9.97,0.05,-0.14,0.15,-0.21,0.37,9.98,0.03,-0.09,0.16
-0.42,0.09,9.77,0.04,-0.11,0.17,-0.21,0.37,9.98,0.03,-0.09,0.16
-0.21,-0.04,9.95,0.01,-0.08,0.26,-0.44,0.31,9.88,-0.00,-0.01,0.18
-0.27,-0.03,9.91,0.01,-0.04,0.26,-0.17,0.28,9.88,-0.02,-0.00,0.27
-0.28,-0.02,9.92,0.03,-0.04,0.26,-0.25,0.26,9.99,-0.00,0.03,0.26
-0.35,-0.07,9.88,0.03,-0.05,0.26,-0.25,0.26,9.99,-0.00,0.03,0.26
-0.48,-0.08,9.93,0.03,-0.05,0.26,-0.39,0.24,10.00,0.00,0.03,0.26
-0.42,-0.06,9.91,0.04,-0.10,0.26,-0.45,0.24,10.03,0.01,-0.01,0.27
-0.46,-0.04,9.91,0.03,-0.15,0.24,-0.50,0.24,10.02,0.00,-0.07,0.26
-0.32,-0.13,9.96,0.02,-0.18,0.24,-0.50,0.24,10.02,0.00,-0.07,0.26
-0.39,-0.14,9.93,0.02,-0.17,0.23,-0.54,0.21,9.95,0.00,-0.09,0.26
-0.36,-0.13,9.90,0.02,-0.19,0.23,-0.36,0.21,10.03,-0.01,-0.12,0.25
-0.49,-0.13,9.83,0.07,-0.07,-0.05,-0.75,0.17,9.89,0.03,-0.04,0.04
-0.40,-0.08,9.91,0.09,-0.01,-0.22,-0.75,0.17,9.89,0.03,-0.04,0.04
-0.46,-0.09,9.96,0.07,-0.05,-0.18,-0.34,0.14,10.05,0.05,0.04,-0.21
-0.40,-0.11,9.92,0.04,-0.10,-0.13,-0.37,0.17,10.10,0.03,-0.01,-0.15
-0.50,-0.15,9.96,0.04,-0.13,-0.10,-0.50,0.14,9.95,0.01,-0.05,-0.10
-0.48,-0.14,9.87,0.04,-0.15,-0.05,-0.50,0.14,9.95,0.01,-0.05,-0.10
-0.42,-0.17,9.93,0.04,-0.18,-0.03,-0.52,0.09,9.86,0.00,-0.08,-0.03
-0.36,-0.20,9.94,0.06,-0.19,-0.02,-0.36,0.09,10.00,0.02,-0.11,-0.02
-0.26,-0.17,9.91,0.07,-0.20,-0.00,-0.30,0.09,9.98,0.04,-0.13,-0.00
-0.18,-0.16,9.95,0.07,-0.19,0.01,-0.30,0.09,9.98,0.04,-0.13,-0.00
-0.12,-0.15,9.94,0.07,-0.17,0.03,-0.18,0.13,9.96,0.04,-0.11,0.02
-0.10,-0.17,9.91,0.05,-0.14,0.04,-0.17,0.14,9.93,0.03,-0.08,0.05
-0.07,-0.17,9.91,0.06,-0.11,0.05,-0.08,0.08,9.99,0.02,-0.05,0.06
-0.10,-0.15,9.93,0.06,-0.09,0.07,-0.08,0.08,9.99,0.02,-0.05,0.06
-0.14,-0.14,9.90,0.05,-0.08,0.08,-0.08,0.12,9.99,0.02,-0.01,0.08
-0.16,-0.19,9.89,0.06,-0.07,0.08,-0.19,0.13,9.95,0.03,-0.00,0.09
-0.20,-0.14,9.97,0.05,-0.07,0.09,-0.12,0.15,10.05,0.02,0.01,0.09
-0.33,-0.17,9.88,0.06,-0.06,0.08,-0.12,0.15,10.05,0.02,0.01,0.09
-0.32,-0.16,9.89,0.08,-0.06,0.01,-0.35,0.16,9.96,0.04,0.00,0.08
-0.36,-0.12,9.90,0.08,-0.07,0.00,-0.35,0.16,9.96,0.05,0.00,0.01
-0.38,-0.11,9.95,0.06,-0.11,0.02,-0.38,0.18,9.97,0.04,-0.03,0.02
-0.34,-0.09,9.88,0.05,-0.14,0.03,-0.38,0.18,9.97,0.04,-0.03,0.02
-0.35,-0.12,9.93,0.04,-0.16,0.03,-0.38,0.15,9.95,0.02,-0.07,0.04
-0.30,-0.14,9.90,0.05,-0.16,0.02,-0.33,0.17,9.98,0.01,-0.09,0.03
-0.28,-0.14,9.92,0.05,-0.14,-0.02,-0.30,0.18,9.98,0.02,-0.08,-0.00
-0.25,-0.14,9.93,0.05,-0.14,-0.03,-0.30,0.18,9.98,0.02,-0.08,-0.00
-0.22,-0.15,9.89,0.04,-0.14,-0.02,-0.22,0.11,9.96,0.02,-0.07,-0.02
-0.20,-0.17,9.91,0.04,-0.13,-0.02,-0.18,0.12,9.95,0.02,-0.08,-0.02
-0.16,-0.19,9.88,0.05,-0.14,-0.02,-0.18,0.11,9.93,0.01,-0.07,-0.01
-0.15,-0.16,9.92,0.05,-0.13,-0.00,-0.18,0.11,9.93,0.01,-0.07,-0.01
-0.16,-0.18,9.93,0.05,-0.12,0.00,-0.13,0.13,9.99,0.02,-0.06,0.00
-0.14,-0.17,9.86,0.05,-0.11,0.00,-0.16,0.08,9.96,0.02,-0.04,0.01
-0.17,-0.17,9.87,0.06,-0.10,-0.00,-0.15,0.07,9.95,0.03,-0.03,0.00
-0.16,-0.18,9.92,0.06,-0.09,0.01,-0.15,0.07,9.95,0.03,-0.03,0.00
-0.20,-0.17,9.87,0.06,-0.10,0.01,-0.18,0.07,9.95,0.03,-0.02,0.01
-0.21,-0.20,9.92,0.06,-0.10,0.02,-0.22,0.11,9.97,0.03,-0.03,0.03
-0.24,-0.18,9.95,0.06,-0.11,0.03,-0.20,0.13,9.98,0.03,-0.04,0.04
-0.24,-0.15,9.91,0.06,-0.12,0.04,-0.20,0.13,9.98,0.03,-0.04,0.04
-0.23,-0.12,9.83,0.07,-0.12,0.04,-0.21,0.12,9.97,0.03,-0.05,0.05
-0.22,-0.15,9.92,0.07,-0.12,0.03,-0.23,0.13,10.01,0.04,-0.05,0.05
-0.22,-0.13,9.91,0.06,-0.12,0.03,-0.22,0.15,10.01,0.03,-0.05,0.04
-0.22,-0.13,9.88,0.06,-0.13,0.02,-0.22,0.15,10.01,0.03,-0.05,0.04
-0.19,-0.15,9.94,0.05,-0.13,0.02,-0.19,0.12,9.99,0.03,-0.06,0.03
-0.18,-0.12,9.94,0.05,-0.13,0.03,-0.19,0.16,10.00,0.02,-0.06,0.03
-0.17,-0.15,9.92,0.04,-0.13,0.03,-0.16,0.12,10.00,0.01,-0.06,0.04
-0.15,-0.18,9.88,0.04,-0.13,0.03,-0.16,0.12,10.00,0.01,-0.06,0.04
-0.12,-0.19,9.95,0.04,-0.12,0.03,-0.14,0.13,10.01,0.02,-0.06,0.04
-0.12,-0.19,9.90,0.05,-0.12,0.04,-0.14,0.09,9.96,0.02,-0.05,0.04
-0.12,-0.20,9.88,0.06,-0.11,0.04,-0.12,0.04,9.96,0.02,-0.04,0.05
-0.15,-0.18,9.90,0.07,-0.10,0.04,-0.12,0.04,9.96,0.02,-0.04,0.05
-0.14,-0.16,9.94,0.07,-0.10,0.04,-0.15,0.09,9.97,0.04,-0.03,0.05
-0.17,-0.17,9.91,0.07,-0.10,0.04,-0.17,0.11,9.97,0.04,-0.03,0.05
-0.17,-0.15,9.91,0.07,-0.10,0.05,-0.17,0.13,10.01,0.04,-0.03,0.05
-0.19,-0.14,9.88,0.06,-0.11,0.05,-0.17,0.13,10.01,0.04,-0.03,0.05
-0.19,-0.12,9.81,0.07,-0.11,0.05,-0.22,0.12,9.91,0.03,-0.03,0.06
-0.21,-0.10,9.89,0.07,-0.11,0.05,-0.19,0.13,10.02,0.04,-0.04,0.06
-0.22,-0.08,9.93,0.06,-0.12,0.05,-0.22,0.17,9.98,0.03,-0.04,0.06
-0.21,-0.10,9.93,0.04,-0.12,0.05,-0.22,0.17,9.98,0.03,-0.04,0.06
-0.19,-0.12,9.92,0.04,-0.13,0.05,-0.23,0.16,9.98,0.01,-0.05,0.06
-0.17,-0.17,9.90,0.03,-0.13,0.05,-0.20,0.14,9.98,0.00,-0.06,0.06
-0.14,-0.16,9.91,0.04,-0.13,0.05,-0.19,0.08,9.97,0.01,-0.06,0.06
-0.14,-0.19,9.93,0.04,-0.13,0.06,-0.19,0.08,9.97,0.01,-0.06,0.06
-0.15,-0.19,9.90,0.05,-0.12,0.06,-0.14,0.13,9.97,0.01,-0.06,0.07
-0.14,-0.19,9.89,0.05,-0.12,0.07,-0.13,0.08,10.01,0.02,-0.05,0.07
-0.13,-0.20,9.90,0.06,-0.11,0.07,-0.13,0.09,9.97,0.03,-0.04,0.08
-0.14,-0.18,9.91,0.06,-0.10,0.08,-0.13,0.09,9.97,0.03,-0.04,0.08
-0.17,-0.18,9.85,0.09,-0.10,0.07,-0.17,0.10,9.83,0.04,-0.03,0.08
-0.25,-0.06,10.64,-0.06,-0.11,0.14,-0.17,0.25,10.45,0.01,-0.01,0.11
0.09,-0.10,10.22,-0.12,-0.12,0.25,-0.04,0.17,10.32,-0.14,-0.05,0.21
-0.30,-0.43,10.05,-0.10,-0.08,0.33,-0.04,0.17,10.32,-0.14,-0.05,0.21
-0.36,-0.63,10.11,-0.08,-0.04,0.41,-0.31,-0.08,10.30,-0.12,0.00,0.35
-0.58,-0.61,10.15,-0.06,0.01,0.40,-0.50,-0.42,10.41,-0.10,0.06,0.41
-0.70,-0.95,10.14,-0.04,-0.01,0.41,-0.62,-0.71,10.38,-0.08,0.07,0.40
-0.47,-0.93,9.91,-0.04,-0.03,0.44,-0.62,-0.71,10.38,-0.08,0.07,0.40
-0.69,-0.95,9.92,-0.00,-0.04,0.49,-0.67,-0.44,9.98,-0.06,0.04,0.45
-0.77,-1.05,10.08,0.01,-0.08,0.49,-0.75,-0.55,9.77,-0.03,0.03,0.50
-0.92,-0.97,9.93,0.02,-0.08,0.50,-1.01,-0.59,10.06,-0.00,-0.00,0.51
-1.03,-0.81,9.80,0.04,-0.13,0.53,-1.01,-0.59,10.06,-0.00,-0.00,0.51
-0.96,-0.60,9.91,0.04,-0.13,0.56,-0.95,-0.57,9.83,0.00,-0.02,0.55
-1.00,-0.67,9.85,0.05,-0.16,0.55,-1.08,-0.68,9.94,0.02,-0.05,0.56
-1.26,-0.65,9.81,0.07,-0.18,0.55,-1.01,-0.52,9.94,0.01,-0.09,0.55
-1.05,-0.59,10.08,0.03,-0.18,0.58,-1.01,-0.52,9.94,0.01,-0.09,0.55
-1.03,-0.67,9.85,0.04,-0.20,0.56,-1.02,-0.26,9.86,0.00,-0.09,0.58
-0.84,-0.61,9.97,0.02,-0.17,0.57,-1.06,-0.19,9.91,0.02,-0.11,0.57
-0.97,-0.74,9.62,0.01,-0.16,0.60,-0.87,-0.28,10.09,-0.02,-0.08,0.59
-1.11,-0.59,9.95,0.02,-0.15,0.57,-0.87,-0.28,10.09,-0.02,-0.08,0.59
-0.89,-0.60,10.07,-0.00,-0.14,0.57,-0.95,-0.33,9.82,-0.03,-0.06,0.58
-0.94,-0.49,9.97,-0.02,-0.13,0.53,-0.90,-0.27,9.96,-0.03,-0.05,0.55
-0.88,-0.57,10.17,-0.03,-0.14,0.52,-1.12,-0.36,10.08,-0.03,-0.07,0.53
-0.98,-0.58,9.96,-0.02,-0.13,0.51,-1.12,-0.36,10.08,-0.03,-0.07,0.53
-1.06,-0.48,9.85,-0.02,-0.08,0.50,-1.05,-0.04,9.96,-0.04,-0.03,0.52
-0.91,-0.59,10.10,-0.04,-0.07,0.50,-0.96,-0.42,9.93,-0.05,0.00,0.50
-0.97,-0.50,9.48,-0.02,-0.07,0.46,-1.05,-0.31,9.70,-0.07,0.02,0.48
-1.20,-0.62,9.81,-0.01,-0.07,0.43,-1.05,-0.31,9.70,-0.07,0.02,0.48
-1.27,-0.65,9.90,-0.00,-0.09,0.40,-1.08,-0.52,9.79,-0.04,0.02,0.42
-1.25,-0.66,9.65,0.01,-0.10,0.40,-1.32,-0.49,9.86,-0.04,-0.01,0.42
-1.25,-0.59,9.59,-0.00,-0.14,0.44,-1.24,-0.38,9.80,-0.05,-0.05,0.44
-1.00,-0.58,9.59,0.13,-0.17,0.46,-1.24,-0.38,9.80,-0.05,-0.05,0.44
-1.10,-0.35,9.52,0.20,-0.25,0.44,-1.37,-0.43,9.60,0.14,-0.08,0.48
-0.98,-0.36,9.54,0.20,-0.28,0.39,-1.15,-0.06,9.54,0.17,-0.17,0.44
-0.83,-0.20,8.89,0.19,-0.38,0.34,-0.91,-0.01,9.38,0.17,-0.26,0.38
-0.49,-0.46,8.29,0.18,-0.42,0.30,-0.91,-0.01,9.38,0.17,-0.26,0.38
-0.20,-0.29,8.47,0.14,-0.38,0.22,-0.70,0.01,8.69,0.15,-0.33,0.31
-0.00,-0.06,8.63,0.07,-0.32,0.18,-0.23,0.31,9.09,0.09,-0.27,0.22
0.24,-0.31,8.84,-0.03,-0.27,0.15,0.27,0.73,9.48,-0.02,-0.21,0.17
0.28,-0.08,9.55,-0.11,-0.15,0.14,0.27,0.73,9.48,-0.02,-0.21,0.17
0.33,-0.42,9.84,-0.13,-0.05,0.15,0.30,-0.09,10.27,-0.14,-0.06,0.14
0.22,-1.01,9.41,-0.14,-0.02,0.18,0.35,0.06,10.22,-0.17,0.04,0.16
-0.03,-0.45,9.73,-0.10,-0.00,0.21,0.24,0.23,10.08,-0.15,0.07,0.20
-0.17,-0.70,10.19,-0.02,-0.00,0.22,0.24,0.23,10.08,-0.15,0.07,0.20
-0.21,-0.59,9.79,0.08,-0.04,0.21,0.06,-0.21,10.18,-0.04,0.07,0.22
-0.12,-0.49,9.83,0.16,-0.05,0.21,-0.06,-0.18,10.13,0.09,0.03,0.22
-0.38,-0.35,9.88,0.10,0.05,0.08,-0.19,-0.34,10.08,0.07,0.08,0.10
-0.13,-0.17,10.04,0.28,-0.21,0.16,-0.19,-0.34,10.08,0.07,0.08,0.10
-0.13,0.08,9.71,0.33,-0.15,0.16,-0.28,0.03,10.40,0.24,-0.10,0.16
-0.09,0.14,10.07,0.28,-0.15,0.22,-0.20,0.40,9.98,0.29,-0.06,0.20
-0.23,0.28,9.60,0.20,-0.16,0.29,-0.02,0.91,9.71,0.19,-0.07,0.29
-0.12,0.53,10.35,0.11,-0.19,0.32,-0.02,0.91,9.71,0.19,-0.07,0.29
0.03,0.43,9.90,-0.00,-0.17,0.36,0.01,0.92,10.05,0.06,-0.09,0.34
0.06,0.41,9.82,-0.10,-0.13,0.36,-0.16,0.61,9.92,-0.07,-0.08,0.37
0.08,0.09,9.40,-0.16,-0.10,0.34,-0.06,0.27,10.35,-0.17,-0.03,0.35
0.09,0.10,10.02,-0.18,-0.06,0.32,-0.06,0.27,10.35,-0.17,-0.03,0.35
-0.08,-0.04,9.74,-0.16,-0.03,0.30,0.23,0.31,10.40,-0.21,0.02,0.31
-0.18,-0.53,9.37,-0.09,-0.03,0.28,0.18,0.04,10.38,-0.16,0.04,0.29
-0.15,-0.78,9.83,-0.01,-0.03,0.26,0.17,-0.01,10.41,-0.06,0.04,0.27
-0.26,-0.12,10.64,0.07,-0.05,0.25,0.17,-0.01,10.41,-0.06,0.04,0.27
-0.48,-0.04,10.12,0.20,-0.10,0.26,-0.49,-0.23,9.10,0.05,0.03,0.26
2.01,0.06,6.40,0.34,0.59,0.47,-0.60,-0.39,9.03,0.28,-0.09,0.32
-2.72,-0.76,14.17,0.02,-0.95,-0.27,-3.98,-0.23,14.48,0.11,-0.35,0.04
-0.98,-0.19,12.43,-0.63,0.44,-0.57,-3.98,-0.23,14.48,0.11,-0.35,0.04
-2.79,-1.46,11.64,-0.13,1.71,0.36,-0.67,-1.51,10.91,-0.68,0.76,-0.49
-3.06,-1.21,9.57,-0.25,0.95,0.01,-3.22,-0.31,11.10,-0.12,1.38,0.19
-3.18,-1.12,8.44,0.03,0.23,-0.03,-3.39,-0.45,8.91,-0.10,0.57,0.01
-2.70,-0.68,7.10,0.36,-0.53,-0.23,-3.39,-0.45,8.91,-0.10,0.57,0.01
-2.88,-0.66,8.02,0.19,-0.70,-0.39,-2.71,-0.55,6.94,0.34,-0.49,-0.21
-3.28,-1.06,9.37,-0.00,0.31,-0.15,-2.63,-0.62,8.97,-0.01,-0.29,-0.38
-3.65,-1.08,9.96,-0.06,0.15,0.06,-3.83,-0.84,10.20,-0.04,0.28,-0.02
-3.58,-1.21,9.89,-0.00,0.07,0.53,-3.83,-0.84,10.20,-0.04,0.28,-0.02
-3.30,-1.09,9.15,0.02,-0.38,0.39,-3.55,-0.95,9.69,-0.01,0.11,0.57
-3.14,-1.03,8.63,0.08,-0.43,0.27,-3.12,-0.85,9.03,0.01,-0.35,0.36
-2.99,-0.85,8.63,0.13,-0.51,0.24,-3.00,-0.72,8.79,0.10,-0.47,0.25
-3.07,-0.73,8.58,0.08,-0.42,0.22,-3.00,-0.72,8.79,0.10,-0.47,0.25
-3.16,-0.75,9.20,-0.03,-0.37,0.19,-3.14,-0.49,8.74,0.04,-0.36,0.22
-2.98,-0.93,9.16,-0.01,0.16,0.23,-3.01,-0.63,9.33,-0.07,-0.08,0.26
-3.20,-0.97,9.16,-0.04,0.17,-0.05,-3.16,-0.73,9.10,-0.07,0.28,-0.01
-3.42,-0.99,9.69,-0.10,-0.17,0.14,-3.16,-0.73,9.10,-0.07,0.28,-0.01
-3.55,-1.08,10.40,-0.02,-0.09,0.28,-3.25,-0.81,9.70,-0.11,-0.10,0.21
-3.03,-0.89,9.35,0.08,-0.05,0.10,-3.65,-0.73,10.22,-0.02,-0.01,0.16
-2.76,-1.04,8.66,0.14,0.29,0.39,-1.66,-0.65,7.06,0.12,0.02,0.08
-3.61,-0.73,9.24,-0.42,-0.03,-0.22,-1.66,-0.65,7.06,0.12,0.02,0.08
-3.27,-0.76,9.15,-0.24,-0.26,0.51,-3.50,-0.37,8.99,-0.46,-0.08,-0.28
-3.19,-0.92,9.08,-0.13,-0.41,0.64,-3.26,-0.54,9.03,-0.18,-0.21,0.81
-3.15,-1.01,9.00,-0.00,-0.44,0.23,-3.45,-0.73,8.96,-0.10,-0.34,0.31
-3.39,-1.20,9.79,0.33,-0.11,0.14,-3.45,-0.73,8.96,-0.10,-0.34,0.31
-3.37,-0.86,9.57,0.08,-0.19,-0.28,-3.83,-0.88,10.05,0.28,-0.03,0.10
-3.38,-0.98,9.69,-0.06,-0.03,0.36,-2.88,-0.71,9.57,-0.03,-0.10,-0.11
-3.28,-1.22,9.96,-0.28,-0.16,0.44,-3.41,-0.91,9.91,-0.27,-0.05,0.44
-3.34,-1.34,9.60,0.10,-0.01,-0.08,-3.41,-0.91,9.91,-0.27,-0.05,0.44
-2.74,-0.95,9.55,0.28,-0.13,0.03,-3.32,-0.85,9.76,0.05,-0.01,-0.09
-2.81,-0.50,9.39,0.63,-0.42,0.00,-2.98,-0.48,9.37,0.43,-0.13,-0.06
-2.71,0.18,9.24,0.79,-0.49,0.27,-2.67,0.08,9.42,0.75,-0.37,0.25
-2.46,0.79,9.46,0.90,-0.55,0.38,-2.67,0.08,9.42,0.75,-0.37,0.25
-2.17,1.64,9.78,0.89,-0.42,0.20,-2.68,1.23,9.74,0.84,-0.43,0.39
-1.71,2.48,9.43,0.92,-0.23,0.02,-2.11,2.33,9.62,0.91,-0.27,0.16
-1.41,3.21,9.03,0.70,-0.21,-0.00,-1.35,3.42,9.10,0.71,-0.17,-0.01
-1.07,3.58,8.57,0.58,-0.41,-0.06,-1.35,3.42,9.10,0.71,-0.17,-0.01
-0.89,4.00,8.38,0.25,-0.34,-0.03,-1.26,3.93,8.63,0.51,-0.32,-0.05
-1.15,4.37,9.09,-0.01,-0.23,0.19,-0.98,4.49,8.78,0.06,-0.13,0.03
-1.10,4.17,9.08,0.13,-0.21,-0.05,-1.15,4.13,8.58,0.03,-0.13,0.01
-0.89,3.88,8.68,0.34,-0.47,-0.26,-1.15,4.13,8.58,0.03,-0.13,0.01
-0.39,4.78,7.83,-0.02,-0.02,0.08,-1.20,4.21,8.51,0.32,-0.38,-0.33
-1.25,3.26,9.00,-0.30,-0.03,-0.22,-0.61,4.60,8.39,-0.22,0.17,-0.01
-0.72,3.61,8.88,-0.25,-0.19,-0.38,-0.54,3.93,9.07,-0.17,-0.32,-0.45
-1.18,3.52,10.10,-0.61,-0.09,-0.25,-0.54,3.93,9.07,-0.17,-0.32,-0.45
-1.12,2.24,9.86,-0.85,-0.43,-0.32,-1.13,3.89,10.27,-0.65,-0.03,-0.21
0.84,0.89,3.83,-0.31,-0.05,-1.06,-0.90,1.49,6.24,-0.83,-0.60,-0.60
-2.52,2.19,13.53,-0.55,-0.63,-0.06,-1.54,2.35,12.57,-0.42,-0.33,-0.43
-0.94,1.17,10.02,-0.45,-0.13,-0.10,-1.54,2.35,12.57,-0.42,-0.33,-0.43
-0.93,1.08,9.09,0.13,0.28,-0.21,-1.04,1.48,9.63,-0.40,0.06,-0.14
-1.47,1.01,9.80,0.20,0.33,-0.27,-1.38,1.20,9.41,0.26,0.40,-0.22
-1.43,0.96,10.13,-0.01,0.09,-0.17,-1.66,1.28,10.25,-0.02,0.29,-0.16
-1.27,0.93,10.40,0.04,-0.10,-0.23,-1.66,1.28,10.25,-0.02,0.29,-0.16
-1.25,0.68,9.71,0.02,-0.18,0.10,-1.19,1.12,10.06,0.02,-0.03,-0.15
-1.48,0.06,9.79,-0.59,-0.20,-0.17,-1.64,0.73,10.37,-0.22,-0.10,-0.03
-0.95,-0.53,9.83,-0.63,-0.52,-0.13,-0.94,-0.03,9.60,-0.77,-0.43,-0.22
-1.19,-0.89,10.13,-0.27,-0.40,-0.41,-0.94,-0.03,9.60,-0.77,-0.43,-0.22
-0.99,-1.49,9.28,-0.30,-0.13,-0.21,-1.16,-0.63,10.18,-0.30,-0.34,-0.41
-0.88,-1.85,9.11,-0.44,0.18,-0.56,-1.25,-1.52,9.37,-0.41,0.08,-0.23
-1.12,-2.20,9.61,-0.28,-0.03,-0.36,-1.06,-1.99,9.60,-0.34,0.06,-0.40
-1.08,-2.56,9.79,-0.11,0.00,-0.04,-1.06,-1.99,9.60,-0.34,0.06,-0.40
-0.97,-2.65,9.82,-0.05,-0.02,-0.03,-1.08,-2.27,9.90,-0.14,0.07,-0.05
-1.00,-2.67,9.71,-0.07,-0.13,0.01,-0.91,-2.39,9.88,-0.10,0.02,-0.04
-1.06,-2.84,9.49,-0.20,-0.34,0.18,-0.94,-2.40,9.74,-0.13,-0.21,0.20
-1.05,-3.08,9.54,-0.30,-0.38,0.19,-0.94,-2.40,9.74,-0.13,-0.21,0.20
-0.98,-3.21,9.50,0.05,-0.18,-0.02,-1.20,-2.99,9.67,-0.30,-0.29,0.19
-0.94,-3.03,9.20,0.13,-0.13,0.11,-0.88,-2.90,9.56,0.08,-0.07,0.00
-0.79,-3.16,9.10,0.15,-0.06,0.16,-0.74,-2.90,9.23,0.11,0.00,0.16
-0.89,-3.20,9.40,0.13,-0.06,-0.01,-0.74,-2.90,9.23,0.11,0.00,0.16
-0.86,-3.32,9.36,0.07,-0.07,0.06,-0.83,-2.94,9.60,0.09,0.01,-0.01
-0.84,-3.51,9.69,-0.15,-0.15,0.07,-0.89,-2.86,9.67,-0.03,-0.01,0.06
-0.88,-3.19,9.27,0.01,-0.10,-0.02,-0.81,-2.93,9.53,0.05,-0.02,-0.01
-0.90,-3.36,9.26,-0.05,-0.16,0.12,-0.81,-2.93,9.53,0.05,-0.02,-0.01
-0.88,-3.39,9.44,-0.02,-0.11,-0.03,-0.99,-3.11,9.51,-0.09,-0.08,0.11
-0.93,-3.33,9.41,0.11,-0.12,-0.05,-0.87,-3.12,9.48,0.01,-0.04,-0.04
-0.84,-3.18,9.23,0.06,-0.12,0.01,-0.93,-3.07,9.65,0.08,-0.05,-0.00
-1.00,-3.37,9.31,-0.00,-0.20,0.14,-0.93,-3.07,9.65,0.08,-0.05,-0.00
-1.07,-3.54,9.23,-0.03,-0.21,0.07,-0.93,-3.15,9.42,-0.03,-0.13,0.16
-1.07,-3.58,9.19,0.16,-0.07,0.07,-1.01,-3.32,9.27,0.02,-0.10,0.08
-1.12,-3.48,9.19,0.11,0.06,-0.15,-1.13,-3.24,9.44,0.10,0.10,-0.14
-1.08,-3.31,9.01,0.06,-0.07,0.05,-1.13,-3.24,9.44,0.10,0.10,-0.14
-1.23,-3.56,9.24,-0.13,-0.15,0.07,-0.98,-3.05,9.26,-0.02,-0.00,0.08
-1.15,-3.54,9.03,-0.11,-0.04,0.02,-1.05,-3.33,9.20,-0.18,-0.07,0.00
-1.27,-3.65,9.15,0.01,-0.08,0.04,-1.19,-3.40,9.29,-0.06,0.02,0.01
-1.17,-3.61,9.20,0.01,-0.02,0.03,-1.19,-3.40,9.29,-0.06,0.02,0.01
-1.32,-3.73,9.33,-0.00,-0.03,-0.03,-1.22,-3.34,9.42,-0.05,0.08,0.00
-1.43,-3.88,9.38,0.08,-0.12,-0.03,-1.20,-3.44,9.38,0.00,-0.05,-0.06
-1.38,-3.76,9.28,0.01,-0.10,-0.08,-1.32,-3.53,9.44,0.01,-0.07,-0.09
-1.54,-3.91,9.35,-0.02,-0.16,-0.05,-1.32,-3.53,9.44,0.01,-0.07,-0.09
-1.52,-3.92,9.14,0.06,-0.22,-0.01,-1.50,-3.68,9.50,-0.04,-0.11,-0.04
-1.48,-3.80,9.06,0.15,-0.25,0.05,-1.49,-3.68,9.30,0.09,-0.18,0.02
-1.34,-3.65,8.80,0.14,-0.11,0.16,-1.25,-3.41,8.97,0.12,-0.08,0.13
-1.39,-3.73,9.04,0.07,-0.06,0.12,-1.25,-3.41,8.97,0.12,-0.08,0.13
-1.35,-3.69,9.31,0.08,-0.10,0.05,-1.40,-3.52,9.22,0.05,0.01,0.12
-1.21,-3.62,9.29,0.12,-0.11,0.08,-1.17,-3.44,9.43,0.05,-0.05,0.03
-1.29,-3.64,9.40,0.15,-0.20,0.02,-1.29,-3.40,9.56,0.12,-0.09,0.06
-1.29,-3.78,9.40,0.24,-0.20,0.06,-1.29,-3.40,9.56,0.12,-0.09,0.06
-1.22,-3.58,9.19,0.20,-0.12,-0.08,-1.36,-3.42,9.58,0.23,-0.12,0.07
-1.14,-3.49,8.96,0.17,-0.02,0.05,-0.90,-3.18,9.10,0.13,-0.00,-0.06
-1.52,-2.73,9.65,0.44,-0.09,0.05,-1.36,-2.57,9.55,0.33,0.03,0.01
-1.41,-2.32,9.52,0.57,-0.15,0.13,-1.36,-2.57,9.55,0.33,0.03,0.01
-1.34,-1.76,9.75,0.48,-0.26,0.08,-1.40,-2.05,9.64,0.51,-0.11,0.14
-1.27,-1.42,10.32,0.34,-0.40,-0.06,-1.61,-1.44,10.36,0.38,-0.25,0.02
-0.76,-1.23,9.52,0.24,-0.22,0.07,-0.69,-0.99,9.59,0.21,-0.14,0.09
-0.62,-1.03,9.19,0.18,-0.31,0.08,-0.69,-0.99,9.59,0.21,-0.14,0.09
-0.84,-0.96,9.54,0.04,-0.32,0.01,-0.80,-0.71,9.45,0.11,-0.24,0.07
-0.91,-0.98,9.99,0.07,-0.21,0.07,-0.82,-0.85,9.79,0.03,-0.20,0.09
-0.77,-1.05,10.23,0.01,-0.14,0.06,-0.70,-0.72,10.08,-0.05,-0.08,0.00
-0.52,-1.11,10.16,0.07,-0.10,-0.01,-0.70,-0.72,10.08,-0.05,-0.08,0.00
-0.30,-0.99,9.02,0.14,-0.28,0.02,-0.64,-0.77,10.22,0.05,-0.04,-0.04
-0.53,-0.90,9.20,0.07,0.11,-0.16,0.15,-0.64,7.66,0.12,-0.16,-0.12
-0.52,-1.02,9.55,0.16,-0.16,0.09,-1.42,-0.62,11.89,0.11,-0.06,0.09
-0.52,-0.95,9.63,-0.13,0.36,-0.30,-1.42,-0.62,11.89,0.11,-0.06,0.09
-0.67,-0.99,11.06,0.12,-0.52,0.33,-1.07,-0.77,11.53,-0.16,0.33,-0.22
1.21,-1.25,6.28,-0.01,0.32,-0.24,0.24,-0.83,8.76,0.14,-0.12,0.23
-2.06,-0.89,12.50,-0.00,-0.63,0.07,-2.33,-0.63,13.39,-0.12,-0.18,-0.24
0.47,-1.09,6.78,0.03,0.09,-0.15,-2.33,-0.63,13.39,-0.12,-0.18,-0.24
-1.98,-0.71,12.32,0.09,-0.25,0.34,0.12,-0.78,7.32,-0.07,0.29,-0.27
0.73,-1.15,6.37,-0.00,0.39,-0.21,-0.64,-0.85,8.82,0.17,-0.23,0.52
-1.90,-0.91,11.85,0.14,-0.44,0.12,-2.02,-0.75,12.24,0.01,-0.04,-0.12
-0.34,-1.23,8.95,0.03,-0.02,-0.02,-2.02,-0.75,12.24,0.01,-0.04,-0.12
-1.35,-0.85,10.75,-0.02,-0.16,0.05,-0.70,-0.89,9.43,-0.05,0.13,-0.13
-0.57,-1.26,9.39,0.07,-0.17,0.06,-1.11,-0.77,10.37,0.06,-0.27,0.31
-1.29,-1.15,10.57,-0.08,-0.02,-0.19,-0.68,-1.12,9.47,-0.09,0.12,-0.28
-0.71,-1.29,9.51,0.08,-0.22,0.19,-0.68,-1.12,9.47,-0.09,0.12,-0.28
-1.15,-0.84,10.33,-0.07,-0.06,-0.05,-0.99,-0.99,9.71,0.01,-0.09,0.11
-1.04,-0.41,10.58,0.16,-0.22,0.29,-0.84,-0.44,10.19,0.03,-0.10,0.20
-0.86,-0.03,10.16,0.13,-0.17,0.27,-0.79,0.03,10.21,0.09,-0.07,0.24
-0.90,0.08,9.96,0.11,-0.30,0.44,-0.79,0.03,10.21,0.09,-0.07,0.24
-0.83,-0.15,9.69,0.20,-0.32,0.68,-0.84,0.35,9.96,0.09,-0.21,0.47
-0.85,-0.46,9.34,0.27,-0.31,0.68,-0.88,0.23,9.56,0.27,-0.20,0.75
-0.79,-0.77,8.91,0.29,-0.27,0.69,-0.90,-0.48,9.05,0.23,-0.20,0.76
-0.56,-0.93,8.74,0.38,0.10,0.27,-0.90,-0.48,9.05,0.23,-0.20,0.76
-0.74,-1.11,9.93,0.28,0.12,0.02,-0.75,-0.71,9.05,0.35,0.20,0.27
-0.57,-0.82,10.30,0.11,-0.04,0.09,-0.41,-1.00,10.04,0.10,0.14,-0.04
-0.63,-0.68,10.30,-0.26,-0.17,0.03,-0.73,-0.32,10.75,-0.17,-0.07,0.06
-0.83,-0.65,10.03,-0.17,-0.15,0.05,-0.73,-0.32,10.75,-0.17,-0.07,0.06
-0.28,-0.29,8.72,0.15,-0.32,-0.21,-1.03,-0.39,10.21,-0.24,-0.10,-0.04
-0.28,-0.14,9.94,0.15,-0.31,-0.12,0.24,0.34,10.86,0.14,-0.24,-0.15
0.13,-0.20,9.93,0.13,-0.27,-0.00,-0.03,0.18,10.00,0.09,-0.24,-0.01
-0.01,-0.01,9.92,0.07,-0.13,-0.15,-0.03,0.18,10.00,0.09,-0.24,-0.01
-0.06,-0.03,9.93,0.10,-0.17,-0.07,0.00,0.24,10.00,0.04,-0.06,-0.13
0.07,0.05,9.91,0.06,-0.12,-0.02,0.06,0.35,10.00,0.07,-0.10,-0.01
0.03,-0.06,9.94,0.03,-0.08,-0.01,0.08,0.39,10.05,0.01,-0.02,-0.01
0.01,-0.04,9.92,0.05,-0.12,-0.02,0.08,0.39,10.05,0.01,-0.02,-0.01
0.06,0.02,9.93,0.06,-0.12,-0.01,0.03,0.25,9.95,0.03,-0.05,-0.01
-0.01,-0.04,9.94,0.06,-0.11,-0.02,0.02,0.30,9.98,0.02,-0.04,-0.01
0.01,0.01,9.92,0.05,-0.10,-0.02,0.04,0.32,9.98,0.02,-0.04,-0.01
0.02,0.03,9.92,0.06,-0.12,-0.01,0.04,0.32,9.98,0.02,-0.04,-0.01
0.01,-0.01,9.93,0.07,-0.13,-0.01,0.01,0.32,9.99,0.03,-0.05,-0.01
0.04,0.03,9.94,0.05,-0.10,-0.01,0.07,0.30,9.98,0.04,-0.06,-0.01
-0.09,-0.05,9.95,0.03,-0.07,-0.01,0.03,0.30,10.01,-0.00,0.00,-0.01
0.07,0.05,9.92,0.07,-0.14,-0.01,0.03,0.30,10.01,-0.00,0.00,-0.01
-0.02,0.01,9.91,0.06,-0.12,-0.01,0.06,0.33,10.02,0.04,-0.05,-0.01
-0.13,0.63,9.96,0.11,-0.15,-0.02,-0.02,0.27,9.98,0.03,-0.05,-0.01
0.15,0.10,9.91,0.07,-0.15,-0.02,0.05,0.30,10.00,0.06,-0.09,-0.01
-0.10,-0.02,9.92,0.04,-0.09,-0.01,0.05,0.30,10.00,0.06,-0.09,-0.01
0.02,-0.02,9.93,0.09,-0.16,-0.02,-0.05,0.39,10.08,0.01,-0.04,-0.01
-0.07,-0.06,9.94,0.02,-0.07,-0.01,0.27,0.48,10.08,0.02,-0.03,-0.01
0.03,0.02,9.92,0.09,-0.17,-0.02,-0.09,0.22,9.95,0.05,-0.08,-0.00
0.00,-0.01,9.92,0.04,-0.09,-0.02,-0.09,0.22,9.95,0.05,-0.08,-0.00
-0.07,-0.08,9.92,0.05,-0.12,-0.01,-0.00,0.27,9.99,0.01,-0.02,-0.01
0.05,0.04,9.91,0.07,-0.13,-0.02,0.00,0.30,10.00,0.03,-0.05,-0.01
0.00,-0.03,9.91,0.09,-0.14,-0.02,-0.11,0.18,9.94,0.02,-0.04,-0.01
-0.10,-0.10,9.93,0.02,-0.07,-0.01,-0.11,0.18,9.94,0.02,-0.04,-0.01
-0.03,-0.05,9.93,0.07,-0.15,-0.01,-0.09,0.16,9.91,-0.00,-0.01,-0.01
0.05,0.05,9.91,0.03,-0.07,-0.02,0.06,0.33,10.02,0.05,-0.07,-0.01
-0.20,-0.15,9.93,0.04,-0.11,-0.01,-0.14,0.22,9.96,-0.00,-0.01,-0.01
0.04,0.02,9.92,0.05,-0.11,-0.01,-0.14,0.22,9.96,-0.00,-0.01,-0.01
-0.07,-0.03,9.95,0.05,-0.10,-0.01,0.00,0.28,9.98,0.02,-0.04,-0.01
0.05,0.07,9.93,0.06,-0.11,-0.02,-0.10,0.20,9.95,0.03,-0.05,-0.01
-0.17,-0.14,9.93,0.04,-0.09,-0.01,-0.12,0.22,9.97,-0.01,0.01,-0.01
-0.04,-0.03,9.91,0.06,-0.13,-0.01,-0.12,0.22,9.97,-0.01,0.01,-0.01
-0.07,-0.05,9.90,0.06,-0.12,-0.01,-0.03,0.26,10.00,0.03,-0.05,-0.01
-0.04,-0.03,9.91,0.05,-0.11,-0.01,-0.05,0.25,10.00,0.03,-0.05,-0.01
-0.10,-0.06,9.94,0.06,-0.11,-0.01,-0.07,0.23,9.99,0.02,-0.04,-0.01
0.01,0.01,9.91,0.07,-0.14,-0.02,-0.07,0.23,9.99,0.02,-0.04,-0.01
-0.08,-0.06,9.92,0.05,-0.11,-0.01,-0.00,0.29,10.02,0.04,-0.06,-0.01
-0.07,-0.05,9.92,0.05,-0.10,-0.01,-0.02,0.28,10.01,0.03,-0.05,-0.01
-0.07,-0.05,9.92,0.06,-0.12,-0.01,-0.06,0.23,9.98,0.02,-0.04,-0.01
-0.02,-0.03,9.93,0.06,-0.11,-0.02,-0.06,0.23,9.98,0.02,-0.04,-0.01
-0.13,-0.08,9.93,0.06,-0.12,-0.02,-0.03,0.26,10.00,0.02,-0.04,-0.01
-0.06,-0.06,9.93,0.06,-0.12,-0.01,-0.04,0.28,10.01,0.04,-0.07,-0.01
-0.03,-0.02,9.92,0.05,-0.10,-0.01,-0.01,0.27,10.00,0.03,-0.05,-0.01
-0.07,-0.05,9.92,0.07,-0.13,-0.02,-0.01,0.27,10.00,0.03,-0.05,-0.01
-0.09,-0.03,9.93,0.05,-0.10,-0.02,-0.04,0.24,9.99,0.04,-0.06,-0.01
-0.10,-0.06,9.94,0.05,-0.11,-0.01,-0.06,0.24,9.99,0.02,-0.04,-0.01
-0.06,-0.07,9.93,0.06,-0.11,-0.02,-0.07,0.21,9.98,0.02,-0.04,-0.01
-0.14,-0.10,9.93,0.05,-0.10,-0.01,-0.07,0.21,9.98,0.02,-0.04,-0.01
-0.06,-0.06,9.92,0.06,-0.11,-0.01,-0.14,0.17,9.96,0.02,-0.04,-0.01
-0.10,-0.06,9.92,0.06,-0.12,-0.01,-0.08,0.23,9.98,0.03,-0.05,-0.01
-0.03,-0.03,9.93,0.05,-0.11,-0.01,0.01,0.28,10.00,0.03,-0.05,-0.01
-0.10,-0.06,9.92,0.04,-0.08,-0.02,0.01,0.28,10.00,0.03,-0.05,-0.01
-0.03,-0.04,9.91,0.08,-0.16,-0.01,-0.13,0.18,9.95,0.01,-0.02,-0.01
-0.09,-0.05,9.92,0.03,-0.07,-0.02,0.03,0.28,10.01,0.04,-0.06,-0.01
-0.08,-0.05,9.92,0.05,-0.11,-0.02,-0.08,0.22,9.98,0.03,-0.05,-0.01
-0.10,-0.08,9.93,0.06,-0.12,-0.02,-0.08,0.22,9.98,0.03,-0.05,-0.01
-0.05,-0.03,9.92,0.06,-0.12,-0.01,-0.09,0.22,9.98,0.03,-0.05,-0.01
-0.08,-0.06,9.93,0.07,-0.13,-0.01,-0.11,0.20,9.99,0.03,-0.05,-0.01
0.00,-0.02,9.91,0.07,-0.14,-0.01,-0.07,0.24,10.00,0.05,-0.07,-0.00
-0.09,-0.05,9.93,0.05,-0.10,-0.02,-0.07,0.24,10.00,0.05,-0.07,-0.00
-0.09,-0.07,9.93,0.05,-0.11,-0.02,-0.05,0.25,10.00,0.02,-0.03,-0.01
-0.11,-0.09,9.93,0.06,-0.12,-0.01,-0.06,0.25,10.00,0.03,-0.05,-0.01
0.01,-0.02,9.91,0.07,-0.12,-0.02,-0.04,0.25,10.00,0.04,-0.07,-0.01
-0.09,-0.07,9.93,0.05,-0.10,-0.02,-0.04,0.25,10.00,0.04,-0.07,-0.01
-0.07,-0.04,9.94,0.06,-0.13,-0.01,-0.08,0.21,9.97,0.02,-0.04,-0.01
-0.05,-0.05,9.94,0.05,-0.11,-0.02,-0.04,0.26,9.99,0.03,-0.05,-0.01
-0.11,-0.08,9.93,0.06,-0.12,-0.02,-0.11,0.20,9.97,0.02,-0.04,-0.01
-0.06,-0.06,9.91,0.06,-0.12,-0.01,-0.11,0.20,9.97,0.02,-0.04,-0.01
-0.06,-0.04,9.92,0.05,-0.11,-0.02,-0.07,0.22,9.98,0.03,-0.05,-0.01
0.03,0.02,9.92,0.07,-0.13,-0.01,-0.09,0.21,9.96,0.04,-0.06,-0.01
-0.07,-0.06,9.93,0.04,-0.08,-0.02,-0.05,0.23,9.99,0.00,-0.01,-0.01
-0.11,-0.08,9.94,0.06,-0.12,-0.02,-0.05,0.23,9.99,0.00,-0.01,-0.01
-0.08,-0.06,9.93,0.05,-0.11,-0.01,-0.08,0.21,9.99,0.03,-0.06,-0.01
-0.06,-0.04,9.92,0.06,-0.12,-0.01,-0.09,0.23,9.98,0.03,-0.05,-0.01
-0.06,-0.05,9.93,0.06,-0.12,-0.01,-0.04,0.25,10.00,0.03,-0.05,-0.01
-0.03,-0.04,9.91,0.06,-0.12,-0.01,-0.04,0.25,10.00,0.03,-0.05,-0.01
-0.06,-0.07,9.92,0.05,-0.11,-0.02,-0.04,0.24,10.01,0.03,-0.04,-0.01
-0.05,-0.05,9.92,0.06,-0.11,-0.01,-0.05,0.24,9.99,0.03,-0.05,-0.01
-0.05,-0.06,9.94,0.06,-0.12,-0.02,-0.08,0.24,9.99,0.03,-0.05,-0.01
-0.05,-0.04,9.91,0.05,-0.11,-0.02,-0.08,0.24,9.99,0.03,-0.05,-0.01
-0.11,-0.07,9.93,0.05,-0.11,-0.01,-0.03,0.25,9.99,0.03,-0.04,-0.01
-0.05,-0.03,9.94,0.07,-0.13,-0.02,-0.07,0.24,10.00,0.03,-0.05,-0.01
-0.10,-0.08,9.95,0.06,-0.11,-0.01,-0.07,0.21,9.97,0.02,-0.04,-0.01
-0.03,-0.03,9.92,0.06,-0.13,-0.01,-0.07,0.21,9.97,0.02,-0.04,-0.01
-0.04,-0.03,9.93,0.05,-0.11,-0.01,-0.04,0.24,9.99,0.03,-0.06,-0.01
-0.01,-0.02,9.92,0.06,-0.12,-0.01,-0.05,0.25,9.99,0.03,-0.05,-0.01
-0.04,-0.03,9.93,0.06,-0.12,-0.02,-0.06,0.24,9.98,0.03,-0.05,-0.01
-0.05,-0.03,9.91,0.06,-0.12,-0.02,-0.06,0.24,9.98,0.03,-0.05,-0.01
-0.04,-0.05,9.92,0.05,-0.11,-0.02,-0.04,0.26,9.99,0.03,-0.05,-0.01
-0.04,-0.04,9.92,0.05,-0.11,-0.02,-0.03,0.25,9.99,0.03,-0.04,-0.01
-0.04,-0.04,9.93,0.06,-0.12,-0.01,-0.04,0.25,9.99,0.03,-0.05,-0.01
-0.02,-0.03,9.91,0.05,-0.11,-0.01,-0.04,0.25,9.99,0.03,-0.05,-0.01
-0.04,-0.03,9.91,0.05,-0.11,-0.01,-0.04,0.24,9.98,0.02,-0.04,-0.01
-0.04,-0.04,9.92,0.05,-0.10,-0.02,-0.06,0.26,9.98,0.02,-0.04,-0.01
-0.05,-0.03,9.93,0.06,-0.11,-0.01,-0.04,0.24,9.99,0.03,-0.05,-0.01
-0.04,-0.02,9.92,0.06,-0.12,-0.01,-0.04,0.24,9.99,0.03,-0.05,-0.01
-0.06,-0.04,9.94,0.05,-0.11,-0.01,-0.02,0.24,9.99,0.03,-0.05,-0.01
-0.03,-0.03,9.92,0.05,-0.11,-0.01,-0.05,0.24,9.99,0.03,-0.05,-0.01
-0.06,-0.03,9.92,0.06,-0.12,-0.02,-0.10,0.22,9.97,0.03,-0.05,-0.01
-0.06,-0.04,9.92,0.06,-0.11,-0.02,-0.10,0.22,9.97,0.03,-0.05,-0.01
-0.08,-0.04,9.92,0.05,-0.11,-0.02,-0.06,0.23,10.00,0.03,-0.05,-0.01
-0.05,-0.05,9.92,0.06,-0.12,-0.01,-0.09,0.24,9.99,0.03,-0.05,-0.01
-0.07,-0.06,9.94,0.06,-0.12,-0.01,-0.08,0.23,9.99,0.03,-0.04,-0.01
-0.05,-0.05,9.94,0.06,-0.11,-0.02,-0.08,0.23,9.99,0.03,-0.04,-0.01
-0.05,-0.04,9.92,0.06,-0.12,-0.02,-0.05,0.24,9.99,0.03,-0.05,-0.01
-0.05,-0.04,9.90,0.06,-0.11,-0.01,-0.06,0.23,10.00,0.03,-0.05,-0.01
-0.06,-0.03,9.91,0.05,-0.11,-0.01,-0.05,0.25,9.99,0.03,-0.05,-0.01
-0.07,-0.04,9.92,0.06,-0.12,-0.02,-0.05,0.25,9.99,0.03,-0.05,-0.01
0.01,-0.00,9.92,0.06,-0.12,-0.02,-0.08,0.25,10.00,0.03,-0.05,-0.01
-0.12,-0.06,9.91,0.06,-0.12,-0.01,-0.04,0.23,10.00,0.01,-0.02,-0.01
0.02,0.02,9.92,0.07,-0.14,-0.01,-0.05,0.25,9.98,0.05,-0.08,-0.00
-0.08,-0.07,9.93,0.04,-0.09,-0.02,-0.05,0.25,9.98,0.05,-0.08,-0.00
-0.06,-0.06,9.93,0.07,-0.13,-0.02,-0.09,0.22,9.98,0.01,-0.03,-0.01
-0.02,-0.05,9.91,0.05,-0.11,-0.02,-0.02,0.25,10.01,0.03,-0.06,-0.01
-0.01,-0.03,9.92,0.06,-0.11,-0.02,-0.01,0.24,10.00,0.03,-0.05,-0.01
-0.05,-0.03,9.91,0.06,-0.12,-0.02,-0.01,0.24,10.00,0.03,-0.05,-0.01
-0.03,-0.03,9.93,0.06,-0.12,-0.02,-0.07,0.25,9.99,0.03,-0.05,-0.01
-0.08,-0.08,9.93,0.05,-0.10,-0.02,-0.00,0.28,10.01,0.02,-0.04,-0.01
-0.07,-0.06,9.93,0.06,-0.13,-0.01,-0.07,0.23,9.99,0.03,-0.05,-0.01
0.01,0.00,9.92,0.06,-0.11,-0.01,-0.07,0.23,9.99,0.03,-0.05,-0.01
-0.09,-0.04,9.93,0.07,-0.14,-0.01,-0.02,0.29,10.01,0.02,-0.04,-0.01
0.03,0.05,9.91,0.07,-0.14,-0.01,-0.01,0.25,9.98,0.06,-0.09,-0.00
0.01,-0.00,9.93,0.05,-0.10,-0.01,0.03,0.31,10.00,0.02,-0.04,-0.01
-0.06,-0.03,9.92,0.05,-0.10,-0.02,0.03,0.31,10.00,0.02,-0.04,-0.01
-0.01,-0.02,9.92,0.08,-0.15,-0.01,-0.06,0.24,9.98,0.03,-0.04,-0.01
0.06,0.04,9.91,0.05,-0.11,-0.01,0.04,0.32,10.00,0.05,-0.08,-0.00
-0.02,-0.02,9.93,0.06,-0.12,-0.01,-0.03,0.27,9.98,0.02,-0.04,-0.01
0.00,0.03,9.92,0.05,-0.11,-0.02,-0.03,0.27,9.98,0.02,-0.04,-0.01
0.01,0.01,9.92,0.05,-0.10,-0.02,-0.00,0.30,9.98,0.02,-0.04,-0.01
-0.01,0.00,9.92,0.05,-0.11,-0.01,-0.00,0.27,9.99,0.02,-0.04,-0.01
-0.01,0.00,9.94,0.06,-0.12,-0.01,-0.01,0.28,9.98,0.03,-0.05,-0.01
-0.02,-0.01,9.93,0.04,-0.10,-0.02,-0.01,0.28,9.98,0.03,-0.05,-0.01
0.06,0.03,9.91,0.06,-0.12,-0.01,-0.06,0.23,9.96,0.02,-0.03,-0.01
0.00,0.00,9.92,0.05,-0.11,-0.02,-0.02,0.28,9.99,0.02,-0.04,-0.01
-0.01,-0.01,9.93,0.07,-0.13,-0.02,-0.05,0.22,9.96,0.02,-0.04,-0.01
-0.04,-0.03,9.93,0.06,-0.11,-0.02,-0.05,0.22,9.96,0.02,-0.04,-0.01
-0.03,0.00,9.93,0.06,-0.12,-0.01,-0.05,0.28,9.98,0.03,-0.05,-0.01
-0.03,-0.01,9.94,0.05,-0.10,-0.01,0.03,0.29,10.00,0.02,-0.04,-0.01
-0.04,-0.01,9.93,0.07,-0.14,-0.01,-0.05,0.27,9.99,0.04,-0.07,-0.01
0.02,0.06,9.94,0.05,-0.11,-0.01,-0.05,0.27,9.99,0.04,-0.07,-0.01
0.07,0.01,9.91,0.08,-0.16,-0.01,-0.02,0.29,9.99,0.02,-0.04,-0.01
0.03,0.03,9.93,0.04,-0.08,-0.01,0.13,0.37,10.02,0.04,-0.07,-0.01
-0.01,0.00,9.93,0.06,-0.12,-0.01,0.00,0.30,9.99,0.03,-0.05,-0.01
-0.01,-0.02,9.94,0.05,-0.11,-0.01,0.00,0.30,9.99,0.03,-0.05,-0.01
0.03,0.01,9.92,0.07,-0.13,-0.02,0.01,0.27,9.97,0.03,-0.05,-0.01
0.07,0.06,9.91,0.05,-0.11,-0.02,0.07,0.31,9.99,0.03,-0.06,-0.01
0.04,0.01,9.91,0.05,-0.10,-0.01,0.04,0.29,9.99,0.02,-0.03,-0.01
-0.02,0.00,9.93,0.05,-0.10,-0.02,0.04,0.29,9.99,0.02,-0.03,-0.01
0.11,0.08,9.91,0.07,-0.14,-0.01,-0.03,0.26,9.98,0.02,-0.04,-0.01
0.08,0.06,9.93,0.03,-0.07,-0.02,0.08,0.30,9.97,0.03,-0.05,-0.01
-0.11,-0.06,9.95,0.08,-0.15,-0.01,-0.13,0.16,9.91,0.01,-0.03,-0.01
0.17,0.11,9.89,0.06,-0.11,-0.02,-0.13,0.16,9.91,0.01,-0.03,-0.01
-0.08,-0.04,9.94,0.05,-0.10,-0.01,0.15,0.39,10.03,0.02,-0.02,-0.01
0.14,0.08,9.91,0.06,-0.12,-0.01,-0.01,0.26,9.98,0.05,-0.08,-0.00
0.00,0.00,9.93,0.06,-0.11,-0.01,-0.04,0.24,9.95,0.01,-0.03,-0.01
0.11,0.06,9.91,0.07,-0.13,-0.01,-0.04,0.24,9.95,0.01,-0.03,-0.01
-0.02,-0.02,9.93,0.05,-0.11,-0.01,0.11,0.36,10.03,0.03,-0.05,-0.01
0.09,0.04,9.92,0.06,-0.12,-0.02,0.00,0.28,9.98,0.04,-0.06,-0.01
-0.06,-0.05,9.93,0.04,-0.10,-0.01,-0.01,0.26,9.98,0.00,-0.01,-0.01
0.11,0.07,9.91,0.06,-0.13,-0.02,-0.01,0.26,9.98,0.00,-0.01,-0.01
-0.02,-0.01,9.93,0.05,-0.10,-0.01,0.09,0.32,10.00,0.03,-0.05,-0.01
0.07,0.05,9.92,0.06,-0.12,-0.01,-0.01,0.26,9.97,0.04,-0.06,-0.01
-0.01,-0.03,9.92,0.05,-0.10,-0.01,0.01,0.30,9.99,0.01,-0.02,-0.01
0.04,0.02,9.93,0.06,-0.12,-0.01,0.01,0.30,9.99,0.01,-0.02,-0.01
0.06,0.03,9.92,0.06,-0.12,-0.02,0.05,0.30,10.00,0.03,-0.05,-0.01
0.08,0.04,9.90,0.07,-0.13,-0.02,-0.01,0.29,9.99,0.02,-0.04,-0.01
-0.02,-0.02,9.93,0.05,-0.11,-0.01,0.01,0.27,9.98,0.02,-0.03,-0.01
0.01,-0.01,9.92,0.05,-0.10,-0.02,0.01,0.27,9.98,0.02,-0.03,-0.01
0.01,-0.01,9.92,0.07,-0.13,-0.01,0.00,0.26,9.96,0.02,-0.03,-0.01
-0.00,0.01,9.94,0.05,-0.09,-0.02,0.03,0.31,10.00,0.03,-0.05,-0.01
0.04,0.04,9.92,0.08,-0.14,-0.02,-0.04,0.21,9.95,0.04,-0.06,-0.01
-0.07,-0.05,9.94,0.05,-0.10,-0.01,-0.04,0.21,9.95,0.04,-0.06,-0.01
0.12,0.09,9.91,0.07,-0.13,-0.02,-0.08,0.20,9.94,0.02,-0.05,-0.01
0.05,0.04,9.92,0.05,-0.11,-0.02,0.00,0.28,9.97,0.02,-0.03,-0.01
0.05,0.01,9.92,0.06,-0.12,-0.02,0.05,0.33,10.00,0.04,-0.05,-0.01
0.11,0.05,9.91,0.05,-0.10,-0.01,0.05,0.33,10.00,0.04,-0.05,-0.01
-0.04,-0.02,9.92,0.06,-0.13,-0.02,0.08,0.34,10.01,0.02,-0.03,-0.01
0.04,0.03,9.92,0.06,-0.12,-0.01,0.06,0.31,10.00,0.04,-0.06,-0.01
-0.02,-0.03,9.94,0.06,-0.13,-0.02,-0.03,0.25,9.97,0.02,-0.04,-0.01
0.00,-0.00,9.94,0.04,-0.09,-0.01,-0.03,0.25,9.97,0.02,-0.04,-0.01
0.05,0.03,9.92,0.05,-0.10,-0.01,-0.01,0.25,9.97,0.02,-0.03,-0.01
0.03,0.03,9.92,0.06,-0.11,-0.02,0.01,0.27,9.97,0.02,-0.04,-0.01
0.06,0.03,9.93,0.06,-0.12,-0.01,0.01,0.30,9.99,0.03,-0.05,-0.01
0.06,0.03,9.93,0.06,-0.11,-0.02,0.01,0.30,9.99,0.03,-0.05,-0.01
0.03,0.01,9.92,0.06,-0.11,-0.02,0.05,0.32,9.99,0.02,-0.04,-0.01
0.03,-0.01,9.92,0.05,-0.11,-0.02,0.05,0.30,10.00,0.02,-0.04,-0.01
-0.03,-0.01,9.93,0.06,-0.12,-0.01,-0.04,0.26,9.97,0.02,-0.04,-0.01
0.01,0.00,9.93,0.06,-0.12,-0.01,-0.04,0.26,9.97,0.02,-0.04,-0.01
0.06,0.03,9.91,0.06,-0.12,-0.02,-0.01,0.27,9.98,0.03,-0.05,-0.01
-0.06,-0.05,9.92,0.05,-0.10,-0.01,0.03,0.32,10.00,0.02,-0.03,-0.01
0.06,0.04,9.90,0.07,-0.14,-0.01,0.00,0.31,10.01,0.05,-0.08,-0.00
0.04,0.03,9.92,0.04,-0.09,-0.01,0.00,0.31,10.01,0.05,-0.08,-0.00
-0.07,-0.07,9.93,0.05,-0.11,-0.01,0.03,0.33,9.99,0.01,-0.02,-0.01
0.08,0.10,9.94,0.06,-0.12,-0.02,-0.02,0.24,9.97,0.05,-0.08,-0.00
0.04,0.04,9.91,0.08,-0.15,-0.02,-0.02,0.26,9.96,0.04,-0.07,-0.01
-0.07,-0.02,9.96,0.03,-0.07,-0.01,-0.02,0.26,9.96,0.04,-0.07,-0.01
0.08,0.05,9.91,0.08,-0.14,-0.01,-0.08,0.25,9.95,-0.00,-0.00,-0.01
-0.01,-0.01,9.94,0.02,-0.06,-0.02,0.10,0.37,10.04,0.02,-0.03,-0.01
0.13,0.07,9.90,0.09,-0.15,-0.02,-0.04,0.24,9.97,0.05,-0.09,-0.00
-0.08,-0.06,9.93,0.04,-0.09,-0.02,-0.04,0.24,9.97,0.05,-0.09,-0.00
0.02,-0.00,9.92,0.06,-0.12,-0.01,-0.11,0.22,9.95,0.02,-0.04,-0.01
0.03,0.02,9.92,0.05,-0.10,-0.01,0.03,0.25,9.98,0.04,-0.06,-0.01
0.02,0.02,9.92,0.06,-0.12,-0.01,-0.00,0.30,9.99,0.03,-0.05,-0.01
0.07,0.05,9.91,0.07,-0.14,-0.02,-0.00,0.30,9.99,0.03,-0.05,-0.01
0.05,0.05,9.93,0.05,-0.10,-0.02,0.04,0.33,10.01,0.04,-0.06,-0.01
-0.02,-0.01,9.94,0.06,-0.12,-0.02,0.02,0.28,9.99,0.01,-0.02,-0.01
0.03,-0.02,9.93,0.05,-0.10,-0.02,0.03,0.29,9.98,0.02,-0.04,-0.01
0.01,0.01,9.92,0.06,-0.11,-0.01,0.03,0.29,9.98,0.02,-0.04,-0.01
0.04,0.02,9.91,0.06,-0.12,-0.01,0.00,0.26,9.97,0.03,-0.05,-0.01
0.02,0.00,9.92,0.07,-0.14,-0.02,0.02,0.28,9.98,0.04,-0.07,-0.01
0.07,0.05,9.92,0.05,-0.10,-0.02,0.02,0.28,9.98,0.04,-0.07,-0.01
-0.05,0.00,9.93,0.06,-0.12,-0.01,0.06,0.34,10.01,0.01,-0.02,-0.01
0.10,0.05,9.89,0.07,-0.14,-0.01,-0.01,0.28,9.98,0.05,-0.08,-0.00
0.00,-0.00,9.92,0.05,-0.10,-0.02,0.01,0.30,9.99,0.02,-0.03,-0.01
-0.01,0.00,9.94,0.05,-0.11,-0.01,0.01,0.30,9.99,0.02,-0.03,-0.01
0.02,-0.00,9.91,0.05,-0.11,-0.01,-0.01,0.28,9.98,0.03,-0.05,-0.01
0.04,-0.00,9.92,0.05,-0.08,-0.02,0.02,0.30,9.99,0.03,-0.04,-0.01
0.14,-0.25,9.96,0.06,-0.12,-0.16,0.13,0.09,10.08,0.04,-0.04,-0.08
-0.01,0.05,9.92,0.07,-0.12,-0.17,0.13,0.09,10.08,0.04,-0.04,-0.08
0.16,0.07,9.95,0.02,-0.05,-0.04,0.02,0.34,9.99,0.04,-0.06,-0.15
-0.13,0.10,9.89,0.10,-0.16,-0.08,-0.06,0.08,9.91,0.02,-0.04,0.04
-0.17,-0.31,9.79,0.04,-0.05,-0.09,-0.01,0.28,9.99,-0.01,0.00,-0.06
-0.17,0.01,9.96,0.06,-0.08,-0.25,-0.01,0.28,9.99,-0.01,0.00,-0.06
-0.19,-0.17,9.96,0.07,-0.13,-0.29,-0.17,0.29,10.03,0.04,-0.05,-0.26
-0.04,-0.03,9.91,0.07,-0.12,-0.28,-0.11,0.19,9.98,0.04,-0.08,-0.28
0.16,0.27,9.87,0.05,-0.09,-0.25,0.17,0.33,9.98,0.03,-0.03,-0.26
-0.18,0.33,9.87,0.07,-0.11,-0.29,0.17,0.33,9.98,0.03,-0.03,-0.26
-0.32,0.31,9.93,0.08,-0.14,-0.26,-0.19,0.67,9.98,0.04,-0.06,-0.30
-0.09,0.12,9.91,0.07,-0.12,-0.05,-0.07,0.45,9.98,0.04,-0.09,-0.16
-0.23,0.07,9.89,0.05,-0.09,-0.02,-0.01,0.31,9.94,0.02,-0.02,-0.02
-0.10,0.06,9.92,0.06,-0.14,-0.01,-0.01,0.31,9.94,0.02,-0.02,-0.02
-0.01,0.10,9.92,0.06,-0.11,-0.01,-0.09,0.34,10.01,0.04,-0.07,-0.00
-0.09,0.03,9.91,0.07,-0.15,-0.01,-0.17,0.35,10.01,0.02,-0.04,-0.01
-0.09,0.19,9.94,0.06,-0.11,-0.02,0.36,0.22,9.67,0.05,-0.09,-0.01
-0.04,0.06,9.93,0.05,-0.11,-0.02,0.36,0.22,9.67,0.05,-0.09,-0.01
-0.04,0.08,9.93,0.06,-0.12,-0.01,-0.03,0.37,9.99,0.03,-0.05,-0.01
0.01,0.09,9.92,0.06,-0.12,-0.02,-0.03,0.38,10.00,0.03,-0.06,-0.01
-0.02,0.09,9.93,0.06,-0.11,-0.01,0.00,0.36,9.98,0.03,-0.05,-0.01
0.01,0.08,9.91,0.06,-0.12,-0.02,0.00,0.36,9.98,0.03,-0.05,-0.01
-0.01,0.09,9.94,0.06,-0.13,-0.02,0.01,0.36,9.99,0.03,-0.05,-0.01
0.07,0.10,9.90,0.06,-0.13,-0.02,0.01,0.36,9.98,0.03,-0.07,-0.01
-0.03,0.08,9.96,0.06,-0.12,-0.02,0.01,0.37,10.01,0.03,-0.04,-0.01
-0.02,0.09,9.92,0.05,-0.09,-0.08,0.01,0.37,10.01,0.03,-0.04,-0.01
0.04,0.13,9.93,0.06,-0.11,-0.13,-0.09,0.37,9.99,0.03,-0.03,-0.08
-0.00,0.10,9.94,0.06,-0.12,-0.12,0.01,0.39,9.98,0.03,-0.05,-0.12
0.10,0.10,9.92,0.06,-0.11,-0.08,0.17,0.39,9.99,0.03,-0.05,-0.11
0.04,0.10,9.89,0.06,-0.11,-0.01,0.17,0.39,9.99,0.03,-0.05,-0.11
0.03,0.10,9.92,0.05,-0.10,-0.02,0.03,0.38,9.98,0.03,-0.04,-0.01
0.00,0.11,9.92,0.06,-0.10,-0.02,0.02,0.36,9.99,0.02,-0.03,-0.01
0.06,0.13,9.91,0.06,-0.12,-0.01,0.01,0.37,9.99,0.03,-0.06,-0.01
0.05,0.10,9.90,0.05,-0.11,-0.02,0.01,0.37,9.99,0.03,-0.06,-0.01
0.08,0.08,9.87,0.05,-0.14,-0.01,0.04,0.39,9.98,0.02,-0.04,-0.01
-0.12,0.10,9.98,0.04,-0.06,-0.02,0.12,0.39,9.96,0.02,-0.01,-0.01
-0.13,0.05,9.96,0.07,-0.15,-0.02,-0.15,0.33,10.01,0.02,-0.03,-0.01
-0.08,0.08,9.94,0.05,-0.10,-0.01,-0.15,0.33,10.01,0.02,-0.03,-0.01
0.03,0.11,9.91,0.06,-0.13,-0.01,-0.08,0.34,9.99,0.03,-0.05,-0.01
0.01,0.11,9.90,0.06,-0.11,-0.02,-0.02,0.36,9.99,0.02,-0.04,-0.01
-0.02,0.10,9.93,0.06,-0.11,-0.02,-0.02,0.36,9.97,0.03,-0.05,-0.01
0.03,0.11,9.91,0.06,-0.12,-0.01,-0.02,0.36,9.97,0.03,-0.05,-0.01
-0.06,0.07,9.94,0.05,-0.11,-0.02,0.04,0.40,10.00,0.02,-0.05,-0.01
-0.05,0.08,9.95,0.06,-0.12,-0.01,-0.02,0.36,10.00,0.03,-0.05,-0.01
-0.04,0.06,9.92,0.05,-0.08,-0.02,0.06,0.38,9.97,0.03,-0.05,-0.01
-0.06,0.08,9.92,0.07,-0.15,-0.01,0.06,0.38,9.97,0.03,-0.05,-0.01
-0.06,0.10,9.93,0.06,-0.12,-0.02,0.01,0.38,9.99,0.04,-0.08,-0.00
-0.04,0.08,9.94,0.06,-0.12,-0.01,-0.04,0.36,10.01,0.03,-0.05,-0.01
-0.00,0.09,9.91,0.05,-0.10,-0.02,0.02,0.37,9.97,0.03,-0.05,-0.01
-0.04,0.09,9.93,0.06,-0.13,-0.01,0.02,0.37,9.97,0.03,-0.05,-0.01
0.02,0.11,9.90,0.05,-0.09,-0.02,-0.02,0.35,9.99,0.03,-0.07,-0.00
-0.01,0.09,9.92,0.06,-0.13,-0.01,-0.07,0.33,9.96,0.02,-0.03,-0.01
-0.07,0.08,9.95,0.05,-0.11,-0.02,-0.05,0.37,10.00,0.02,-0.03,-0.01
-0.07,0.08,9.96,0.05,-0.11,-0.01,-0.05,0.37,10.00,0.02,-0.03,-0.01
0.04,0.08,9.89,0.05,-0.10,-0.01,-0.08,0.34,9.99,0.02,-0.05,-0.01
-0.10,0.11,9.98,0.06,-0.13,-0.01,-0.04,0.38,10.01,0.02,-0.02,-0.01
0.20,0.12,9.82,0.06,-0.12,-0.01,0.12,0.40,9.96,0.04,-0.10,0.00
0.03,0.17,9.93,0.06,-0.10,-0.02,0.12,0.40,9.96,0.04,-0.10,0.00
0.06,0.01,9.94,0.05,-0.11,-0.01,-0.08,0.39,10.04,0.02,-0.02,-0.01
0.06,0.12,9.90,0.08,-0.14,-0.02,0.01,0.35,9.92,0.02,-0.03,-0.01
0.04,0.13,9.89,0.05,-0.10,-0.01,-0.10,0.35,10.01,0.02,-0.03,-0.01
0.04,0.09,9.90,0.06,-0.12,-0.02,-0.10,0.35,10.01,0.02,-0.03,-0.01
0.07,0.12,9.88,0.05,-0.10,-0.01,-0.06,0.32,9.97,0.03,-0.04,-0.01
0.04,0.11,9.91,0.05,-0.11,-0.01,-0.16,0.33,10.00,0.03,-0.03,-0.01
0.11,0.09,9.85,0.05,-0.11,-0.01,0.02,0.39,9.98,0.04,-0.09,-0.01
0.03,0.08,9.89,0.05,-0.11,-0.01,0.02,0.39,9.98,0.04,-0.09,-0.01
-0.03,0.08,9.92,0.06,-0.12,-0.02,-0.02,0.37,9.98,0.02,-0.04,-0.01
-0.06,0.05,9.93,0.06,-0.11,-0.02,-0.05,0.34,9.98,0.03,-0.04,-0.01
-0.08,0.07,9.94,0.06,-0.12,-0.02,-0.03,0.39,10.01,0.04,-0.05,-0.01
-0.16,0.05,9.96,0.03,-0.01,-0.01,-0.03,0.39,10.01,0.04,-0.05,-0.01
-0.14,0.10,9.94,0.04,-0.07,-0.01,-0.25,0.27,10.01,0.01,0.04,-0.01
-0.12,0.06,9.92,0.06,-0.12,-0.02,-0.16,0.33,10.02,0.04,-0.08,-0.01
-0.05,0.11,9.93,0.06,-0.13,-0.02,-0.04,0.35,9.97,0.03,-0.07,-0.01
-0.10,0.11,9.93,0.06,-0.12,-0.02,-0.04,0.35,9.97,0.03,-0.07,-0.01
-0.09,0.06,9.94,0.05,-0.11,-0.02,-0.15,0.35,9.99,0.03,-0.06,-0.01
-0.07,0.07,9.93,0.06,-0.11,-0.02,-0.01,0.36,9.98,0.03,-0.05,-0.01
-0.05,0.06,9.92,0.05,-0.11,-0.02,-0.08,0.37,10.00,0.02,-0.04,-0.01
-0.01,0.11,9.91,0.06,-0.13,-0.02,-0.08,0.37,10.00,0.02,-0.04,-0.01
-0.00,0.09,9.91,0.06,-0.10,-0.02,0.02,0.40,9.99,0.03,-0.05,-0.01
-0.06,0.11,9.93,0.05,-0.10,-0.01,-0.10,0.36,9.99,0.02,-0.02,-0.01
-0.06,0.07,9.92,0.06,-0.11,-0.02,-0.12,0.36,10.00,0.03,-0.05,-0.01
-0.03,0.10,9.90,0.06,-0.11,-0.02,-0.12,0.36,10.00,0.03,-0.05,-0.01
-0.00,0.13,9.91,0.06,-0.12,-0.02,-0.10,0.38,10.00,0.03,-0.04,-0.01
0.04,0.16,9.89,0.06,-0.11,-0.02,-0.19,0.31,9.96,0.02,-0.04,-0.01
-0.02,0.05,9.89,0.05,-0.08,-0.02,0.02,0.36,9.96,0.04,-0.08,-0.01
-0.15,0.11,9.94,0.06,-0.10,-0.02,0.02,0.36,9.96,0.04,-0.08,-0.01
-0.34,0.06,9.96,0.05,-0.10,-0.02,-0.23,0.40,9.98,0.03,-0.04,-0.01
-0.35,0.04,10.00,0.05,-0.09,-0.01,0.19,0.47,9.97,0.04,-0.07,-0.01
-0.23,0.10,9.96,0.05,-0.09,-0.01,-0.12,0.38,9.99,0.02,-0.00,-0.01
-0.04,0.09,9.93,0.05,-0.10,-0.01,-0.12,0.38,9.99,0.02,-0.00,-0.01
-0.09,0.07,9.92,0.05,-0.11,-0.01,-0.08,0.36,9.98,0.02,-0.03,-0.01
-0.13,0.07,9.95,0.05,-0.11,-0.02,-0.06,0.37,9.99,0.03,-0.06,-0.01
-0.09,0.07,9.93,0.06,-0.12,-0.01,-0.11,0.36,10.00,0.02,-0.04,-0.01
-0.06,0.06,9.93,0.06,-0.12,-0.02,-0.11,0.36,10.00,0.02,-0.04,-0.01
-0.04,0.10,9.91,0.06,-0.13,-0.01,-0.05,0.38,9.98,0.03,-0.05,-0.01
-0.12,0.07,9.95,0.06,-0.12,-0.01,-0.03,0.37,9.98,0.02,-0.04,-0.01
-0.08,0.07,9.94,0.06,-0.11,-0.01,-0.11,0.36,9.98,0.03,-0.04,-0.01
-0.07,0.10,9.93,0.06,-0.11,-0.02,-0.11,0.36,9.98,0.03,-0.04,-0.01
-0.10,0.09,9.94,0.06,-0.11,-0.02,-0.07,0.36,9.99,0.03,-0.05,-0.01
-0.05,0.07,9.92,0.06,-0.13,-0.01,-0.07,0.36,9.99,0.03,-0.04,-0.01
-0.06,0.09,9.91,0.06,-0.12,-0.01,-0.08,0.37,9.99,0.03,-0.05,-0.01
-0.03,0.10,9.91,0.06,-0.12,-0.02,-0.08,0.37,9.99,0.03,-0.05,-0.01
-0.03,0.10,9.90,0.06,-0.11,-0.01,-0.04,0.39,10.00,0.03,-0.05,-0.01
-0.03,0.11,9.91,0.05,-0.11,-0.01,-0.13,0.36,9.99,0.03,-0.04,-0.01
-0.04,0.08,9.91,0.05,-0.11,-0.02,-0.04,0.38,9.98,0.03,-0.05,-0.01
-0.04,0.09,9.92,0.06,-0.12,-0.01,-0.04,0.38,9.98,0.03,-0.05,-0.01
-0.06,0.09,9.94,0.06,-0.12,-0.02,-0.04,0.37,9.98,0.03,-0.05,-0.01
-0.06,0.09,9.92,0.06,-0.12,-0.01,-0.04,0.36,9.98,0.03,-0.05,-0.01
-0.04,0.21,9.91,0.06,-0.13,-0.01,-0.08,0.39,10.06,0.02,-0.04,-0.01
0.02,0.14,9.83,0.05,-0.11,-0.02,-0.08,0.39,10.06,0.02,-0.04,-0.01
0.00,0.10,9.90,0.06,-0.12,-0.02,-0.01,0.44,10.05,0.03,-0.03,-0.01
-0.02,0.12,9.92,0.06,-0.13,-0.01,-0.10,0.37,10.00,0.02,-0.03,-0.01
-0.02,0.10,9.91,0.06,-0.12,-0.02,-0.11,0.39,9.99,0.03,-0.05,-0.01
-0.05,0.10,9.92,0.06,-0.14,-0.01,-0.11,0.39,9.99,0.03,-0.05,-0.01
0.01,0.15,9.90,0.07,-0.17,-0.01,0.00,0.38,9.98,0.03,-0.07,-0.00
0.07,0.12,9.88,0.06,-0.13,-0.01,-0.02,0.35,9.97,0.02,-0.04,-0.01
-0.05,0.08,9.93,0.05,-0.11,-0.01,-0.06,0.36,10.00,0.03,-0.03,-0.01
-0.02,0.09,9.92,0.05,-0.10,-0.01,-0.06,0.36,10.00,0.03,-0.03,-0.01
-0.05,0.07,9.92,0.05,-0.10,-0.02,-0.03,0.36,10.00,0.02,-0.04,-0.01
-0.04,0.07,9.92,0.06,-0.11,-0.01,-0.05,0.36,10.00,0.03,-0.05,-0.01
-0.03,0.08,9.91,0.06,-0.12,-0.02,-0.08,0.37,9.99,0.03,-0.05,-0.01
-0.04,0.08,9.92,0.06,-0.13,-0.01,-0.08,0.37,9.99,0.03,-0.05,-0.01
0.02,0.09,9.90,0.06,-0.13,-0.01,-0.02,0.37,9.98,0.03,-0.06,-0.01
-0.03,0.09,9.94,0.05,-0.10,-0.02,-0.01,0.37,9.99,0.03,-0.05,-0.01
0.03,0.08,9.89,0.06,-0.12,-0.01,-0.04,0.37,9.98,0.03,-0.06,-0.01
-0.06,0.08,9.94,0.06,-0.11,-0.02,-0.04,0.37,9.98,0.03,-0.06,-0.01
-0.03,0.08,9.92,0.05,-0.11,-0.02,-0.07,0.36,9.99,0.03,-0.05,-0.01
-0.05,0.06,9.92,0.06,-0.12,-0.02,-0.05,0.36,10.00,0.03,-0.04,-0.01
-0.04,0.08,9.93,0.05,-0.10,-0.02,-0.03,0.36,9.98,0.03,-0.04,-0.01
-0.02,0.09,9.91,0.06,-0.12,-0.01,-0.03,0.36,9.98,0.03,-0.04,-0.01
-0.03,0.08,9.92,0.05,-0.10,-0.02,-0.05,0.36,9.98,0.03,-0.05,-0.01
-0.02,0.09,9.91,0.06,-0.12,-0.01,-0.10,0.34,9.99,0.02,-0.04,-0.01
-0.08,0.07,9.95,0.06,-0.12,-0.02,-0.08,0.36,9.99,0.02,-0.04,-0.01
-0.08,0.08,9.94,0.06,-0.11,-0.02,-0.08,0.36,9.99,0.02,-0.04,-0.01
-0.04,0.09,9.93,0.06,-0.11,-0.02,-0.06,0.36,9.99,0.03,-0.05,-0.01
0.07,0.11,9.89,0.06,-0.12,-0.02,-0.10,0.35,10.00,0.03,-0.05,-0.01
-0.07,0.08,9.95,0.06,-0.12,-0.02,-0.09,0.34,10.00,0.02,-0.03,-0.01
-0.05,0.07,9.94,0.06,-0.12,-0.02,-0.09,0.34,10.00,0.02,-0.03,-0.01
-0.04,0.10,9.91,0.05,-0.11,-0.02,-0.06,0.37,9.98,0.03,-0.05,-0.01
-0.03,0.09,9.91,0.06,-0.11,-0.01,-0.06,0.35,9.98,0.03,-0.05,-0.01
-0.03,0.08,9.93,0.06,-0.12,-0.01,-0.05,0.35,9.99,0.03,-0.06,-0.01
-0.05,0.08,9.93,0.05,-0.11,-0.02,-0.05,0.35,9.99,0.03,-0.06,-0.01
-0.04,0.08,9.93,0.05,-0.11,-0.02,-0.06,0.35,9.98,0.03,-0.04,-0.01
-0.03,0.08,9.93,0.06,-0.11,-0.01,-0.06,0.36,9.99,0.03,-0.05,-0.01
-0.03,0.09,9.93,0.06,-0.11,-0.02,-0.03,0.36,9.98,0.03,-0.05,-0.01
-0.03,0.08,9.92,0.06,-0.11,-0.02,-0.03,0.36,9.98,0.03,-0.05,-0.01
-0.02,0.09,9.92,0.06,-0.12,-0.01,-0.04,0.36,9.99,0.03,-0.04,-0.01
-0.05,0.09,9.93,0.06,-0.12,-0.01,-0.04,0.37,9.98,0.03,-0.04,-0.01
-0.09,0.08,9.95,0.06,-0.11,-0.01,-0.03,0.37,10.00,0.03,-0.04,-0.01
0.00,0.09,9.91,0.05,-0.10,-0.02,-0.03,0.37,10.00,0.03,-0.04,-0.01
-0.07,0.09,9.93,0.06,-0.11,-0.01,-0.05,0.37,10.00,0.02,-0.03,-0.01
-0.07,0.09,9.95,0.05,-0.10,-0.01,-0.02,0.39,9.98,0.03,-0.06,-0.01
0.01,0.09,9.91,0.05,-0.11,-0.02,-0.02,0.36,9.97,0.03,-0.05,-0.01
-0.04,0.07,9.91,0.06,-0.12,-0.01,-0.02,0.36,9.97,0.03,-0.05,-0.01
-0.06,0.09,9.93,0.06,-0.13,-0.01,-0.04,0.35,9.98,0.03,-0.05,-0.01
-0.02,0.08,9.93,0.05,-0.10,-0.02,-0.01,0.37,9.98,0.03,-0.05,-0.01
-0.05,0.09,9.93,0.06,-0.12,-0.01,-0.07,0.35,10.00,0.03,-0.05,-0.01
-0.05,0.08,9.93,0.05,-0.11,-0.02,-0.07,0.35,10.00,0.03,-0.05,-0.01
-0.02,0.09,9.92,0.06,-0.11,-0.01,-0.07,0.37,9.99,0.03,-0.04,-0.01
-0.04,0.08,9.92,0.06,-0.11,-0.02,-0.06,0.36,10.00,0.03,-0.04,-0.01
-0.05,0.09,9.94,0.06,-0.12,-0.01,-0.06,0.36,9.99,0.03,-0.05,-0.01
-0.05,0.08,9.93,0.05,-0.11,-0.01,-0.06,0.36,9.99,0.03,-0.05,-0.01
-0.01,0.09,9.90,0.06,-0.12,-0.01,-0.06,0.37,9.99,0.03,-0.04,-0.01
-0.03,0.08,9.93,0.06,-0.12,-0.01,-0.04,0.37,10.00,0.03,-0.04,-0.01
-0.04,0.09,9.91,0.05,-0.11,-0.02,-0.05,0.36,9.98,0.03,-0.04,-0.01
-0.05,0.08,9.93,0.06,-0.12,-0.02,-0.05,0.36,9.98,0.03,-0.04,-0.01
-0.07,0.07,9.94,0.06,-0.11,-0.01,-0.04,0.37,9.99,0.03,-0.06,-0.01
-0.06,0.08,9.94,0.06,-0.11,-0.02,-0.02,0.37,9.99,0.03,-0.05,-0.01
-0.02,0.09,9.91,0.05,-0.10,-0.02,-0.00,0.38,9.98,0.03,-0.05,-0.01
-0.03,0.08,9.94,0.06,-0.12,-0.02,-0.00,0.38,9.98,0.03,-0.05,-0.01
-0.03,0.09,9.91,0.06,-0.12,-0.01,-0.06,0.37,9.99,0.03,-0.05,-0.01
-0.05,0.10,9.91,0.06,-0.11,-0.02,-0.03,0.37,9.99,0.03,-0.04,-0.01
-0.01,0.09,9.93,0.06,-0.11,-0.01,-0.05,0.36,9.99,0.03,-0.05,-0.01
0.02,0.08,9.90,0.06,-0.12,-0.01,-0.05,0.36,9.99,0.03,-0.05,-0.01
-0.04,0.08,9.93,0.06,-0.12,-0.01,-0.01,0.37,9.98,0.03,-0.05,-0.01
-0.06,0.07,9.93,0.05,-0.11,-0.02,-0.03,0.38,10.00,0.03,-0.04,-0.01
-0.05,0.07,9.93,0.05,-0.11,-0.01,-0.05,0.36,9.99,0.03,-0.04,-0.01
-0.06,0.08,9.93,0.06,-0.11,-0.01,-0.05,0.36,9.99,0.03,-0.04,-0.01
-0.03,0.09,9.92,0.06,-0.11,-0.01,-0.06,0.35,9.99,0.03,-0.05,-0.01
-0.11,0.06,9.95,0.06,-0.13,-0.01,-0.02,0.36,9.97,0.02,-0.02,-0.01
-0.08,0.07,9.97,0.06,-0.15,-0.01,-0.08,0.32,9.98,0.03,-0.07,-0.00
0.12,0.09,9.86,0.06,-0.14,-0.01,-0.08,0.32,9.98,0.03,-0.07,-0.00
-0.09,0.08,9.97,0.05,-0.08,-0.02,0.14,0.35,9.93,0.03,-0.06,-0.00
-0.08,0.07,9.95,0.06,-0.12,-0.01,-0.10,0.38,10.01,0.03,-0.05,-0.01
0.09,0.11,9.88,0.06,-0.15,-0.01,0.03,0.36,9.96,0.04,-0.09,0.00
-0.12,0.05,9.98,0.05,-0.06,-0.02,0.03,0.36,9.96,0.04,-0.09,0.00
0.02,0.11,9.92,0.06,-0.14,-0.01,-0.17,0.35,10.01,0.02,-0.01,-0.01
0.02,0.10,9.91,0.05,-0.11,-0.02,0.04,0.38,9.99,0.03,-0.05,-0.01
-0.05,0.07,9.94,0.05,-0.09,-0.02,-0.02,0.35,9.98,0.02,-0.03,-0.01
-0.03,0.07,9.94,0.07,-0.15,-0.01,-0.02,0.35,9.98,0.02,-0.03,-0.01
0.04,0.09,9.92,0.05,-0.09,-0.01,-0.01,0.37,10.01,0.04,-0.08,-0.00
-0.06,0.09,9.95,0.06,-0.12,-0.02,-0.07,0.36,10.01,0.02,-0.01,-0.01
-0.00,0.12,9.91,0.06,-0.14,-0.01,-0.02,0.36,9.99,0.03,-0.07,-0.00
0.03,0.09,9.92,0.05,-0.10,-0.01,-0.02,0.36,9.99,0.03,-0.07,-0.00
-0.06,0.10,9.94,0.06,-0.12,-0.01,0.01,0.34,9.97,0.02,-0.03,-0.01
0.18,0.11,9.76,0.05,-0.08,0.14,-0.14,0.41,10.01,0.03,-0.09,0.05
-0.04,0.06,9.94,0.05,-0.14,-0.01,-0.10,0.31,9.99,0.02,-0.04,0.00
0.09,0.04,9.85,0.05,-0.08,-0.02,-0.10,0.31,9.99,0.02,-0.04,0.00
-0.00,0.23,9.84,0.06,-0.16,0.05,-0.01,0.35,10.00,0.03,0.00,-0.01
-0.06,-0.05,9.87,0.05,-0.09,-0.02,0.24,0.40,9.98,0.01,0.02,0.09
-0.23,0.06,10.04,0.08,-0.12,-0.04,-0.18,0.21,9.91,0.02,0.00,-0.02
-0.06,0.08,9.95,0.06,-0.14,-0.01,-0.18,0.21,9.91,0.02,0.00,-0.02
-0.16,0.02,9.97,0.05,-0.08,-0.02,-0.03,0.37,10.00,0.03,-0.07,-0.00
-0.14,0.02,9.98,0.07,-0.14,-0.01,-0.04,0.36,10.00,0.03,-0.05,-0.01
-0.10,0.06,9.97,0.06,-0.10,-0.02,0.00,0.36,9.97,0.03,-0.03,-0.01
-0.07,0.08,9.94,0.05,-0.10,-0.02,0.00,0.36,9.97,0.03,-0.03,-0.01
0.02,0.08,9.91,0.06,-0.14,-0.01,-0.02,0.37,10.01,0.03,-0.04,-0.01
0.28,0.13,9.75,0.05,-0.15,0.02,-0.11,0.36,10.03,0.04,-0.07,-0.00
-0.02,0.07,9.93,0.05,-0.10,-0.02,-0.17,0.42,10.13,0.03,-0.00,-0.01
0.12,0.05,9.85,0.05,-0.09,-0.02,-0.17,0.42,10.13,0.03,-0.00,-0.01
-0.02,0.10,9.94,0.08,-0.14,-0.02,0.07,0.39,9.99,0.02,0.00,-0.01
0.14,0.16,9.82,0.07,-0.20,-0.00,-0.17,0.30,10.00,0.03,-0.09,0.00
-0.01,0.14,9.96,0.05,-0.05,-0.01,0.17,0.34,9.95,0.03,-0.02,0.01
0.02,0.04,9.91,0.05,-0.12,-0.01,0.17,0.34,9.95,0.03,-0.02,0.01
-0.22,0.02,10.04,0.05,-0.07,-0.02,0.03,0.32,9.96,0.03,-0.06,-0.00
-0.06,0.06,9.94,0.05,-0.11,-0.02,0.04,0.37,9.97,0.03,-0.06,-0.01
0.03,0.05,9.88,0.05,-0.12,-0.01,0.05,0.40,9.99,0.03,-0.07,-0.00
0.03,0.11,9.91,0.06,-0.14,-0.01,0.05,0.40,9.99,0.03,-0.07,-0.00
-0.04,0.07,9.94,0.05,-0.08,-0.02,0.04,0.37,9.97,0.03,-0.06,-0.01
-0.01,0.08,9.93,0.05,-0.10,-0.02,-0.07,0.35,10.02,0.03,-0.06,-0.01
0.08,0.07,9.87,0.05,-0.12,-0.01,0.05,0.38,9.99,0.03,-0.08,-0.00
0.01,0.06,9.90,0.05,-0.11,-0.01,0.05,0.38,9.99,0.03,-0.08,-0.00
-0.09,0.08,9.97,0.06,-0.14,-0.01,0.01,0.34,9.97,0.03,-0.04,-0.01
-0.00,0.12,9.93,0.05,-0.09,-0.02,0.08,0.37,9.97,0.03,-0.08,-0.00
-0.02,0.08,9.93,0.06,-0.12,-0.01,-0.04,0.35,9.99,0.03,-0.05,-0.01
0.00,0.09,9.91,0.06,-0.10,-0.02,-0.04,0.35,9.99,0.03,-0.05,-0.01
0.05,0.09,9.89,0.06,-0.13,-0.01,-0.04,0.35,9.99,0.03,-0.04,-0.01
-0.05,0.09,9.93,0.06,-0.13,-0.01,0.05,0.35,9.98,0.03,-0.03,-0.01
0.01,0.06,9.91,0.05,-0.10,-0.02,0.02,0.35,9.97,0.03,-0.05,-0.01
0.02,0.08,9.93,0.06,-0.12,-0.01,0.02,0.35,9.97,0.03,-0.05,-0.01
-0.02,0.08,9.92,0.05,-0.11,-0.02,0.01,0.34,9.98,0.03,-0.05,-0.01
-0.03,0.08,9.92,0.05,-0.10,-0.02,0.03,0.38,10.00,0.03,-0.05,-0.01
-0.05,0.07,9.93,0.06,-0.12,-0.02,-0.10,0.35,9.99,0.02,-0.03,-0.01
0.01,0.10,9.90,0.06,-0.12,-0.01,-0.10,0.35,9.99,0.02,-0.03,-0.01
-0.05,0.06,9.94,0.06,-0.12,-0.01,0.03,0.36,9.99,0.03,-0.05,-0.01
-0.04,0.06,9.94,0.06,-0.11,-0.02,0.01,0.36,9.99,0.03,-0.06,-0.01
-0.03,0.07,9.92,0.05,-0.11,-0.02,-0.05,0.36,10.00,0.03,-0.04,-0.01
-0.07,0.06,9.96,0.06,-0.12,-0.01,-0.05,0.36,10.00,0.03,-0.04,-0.01
0.12,0.09,9.83,0.06,-0.13,-0.01,-0.03,0.35,9.99,0.03,-0.06,-0.01
0.00,0.08,9.92,0.06,-0.11,-0.02,-0.02,0.35,9.99,0.03,-0.05,-0.01
-0.02,0.07,9.93,0.06,-0.12,-0.02,-0.02,0.35,9.99,0.03,-0.05,-0.01
0.05,0.07,9.90,0.06,-0.12,-0.01,-0.02,0.37,9.98,0.03,-0.05,-0.01
-0.08,0.08,9.96,0.05,-0.10,-0.02,0.03,0.37,9.99,0.03,-0.02,-0.01
0.03,0.10,9.91,0.06,-0.12,-0.01,-0.02,0.36,9.99,0.03,-0.06,-0.01
-0.01,0.08,9.93,0.05,-0.10,-0.02,-0.02,0.36,9.99,0.03,-0.06,-0.01
0.01,0.09,9.92,0.06,-0.12,-0.01,-0.05,0.35,10.00,0.03,-0.03,-0.01
-0.04,0.06,9.93,0.06,-0.12,-0.02,-0.00,0.37,9.99,0.03,-0.05,-0.01
-0.00,0.07,9.94,0.06,-0.11,-0.01,-0.01,0.35,10.00,0.03,-0.04,-0.01
-0.04,0.07,9.94,0.06,-0.12,-0.01,-0.01,0.35,10.00,0.03,-0.04,-0.01
0.13,0.09,9.83,0.05,-0.10,-0.02,-0.03,0.36,10.00,0.03,-0.06,-0.01
-0.01,0.08,9.92,0.06,-0.12,-0.02,-0.05,0.35,10.01,0.02,-0.00,-0.01
0.03,0.08,9.89,0.05,-0.11,-0.02,0.05,0.36,9.97,0.03,-0.05,-0.01
0.00,0.07,9.93,0.06,-0.12,-0.01,0.05,0.36,9.97,0.03,-0.05,-0.01
0.01,0.09,9.90,0.06,-0.12,-0.01,-0.02,0.34,9.99,0.03,-0.05,-0.01
-0.00,0.09,9.91,0.06,-0.12,-0.02,0.01,0.36,9.99,0.03,-0.04,-0.01
-0.03,0.07,9.95,0.05,-0.11,-0.01,0.01,0.36,9.99,0.03,-0.05,-0.01
-0.01,0.07,9.95,0.06,-0.11,-0.02,0.01,0.36,9.99,0.03,-0.05,-0.01
0.01,0.08,9.91,0.06,-0.11,-0.02,0.01,0.37,9.99,0.03,-0.04,-0.01
0.00,0.09,9.92,0.06,-0.12,-0.01,-0.03,0.35,9.99,0.03,-0.04,-0.01
-0.01,0.08,9.92,0.06,-0.12,-0.01,-0.01,0.36,9.99,0.03,-0.05,-0.01
0.04,0.08,9.91,0.05,-0.11,-0.02,-0.01,0.36,9.99,0.03,-0.05,-0.01
0.01,0.07,9.92,0.05,-0.11,-0.02,0.01,0.36,9.99,0.03,-0.04,-0.01
-0.01,0.09,9.92,0.06,-0.12,-0.01,-0.01,0.35,9.98,0.03,-0.04,-0.01
-0.03,0.07,9.95,0.06,-0.11,-0.02,-0.02,0.36,9.98,0.03,-0.04,-0.01
-0.00,0.09,9.94,0.06,-0.12,-0.02,-0.02,0.36,9.98,0.03,-0.04,-0.01
-0.02,0.08,9.93,0.06,-0.11,-0.02,-0.01,0.35,9.98,0.03,-0.05,-0.01
-0.01,0.08,9.93,0.06,-0.11,-0.02,0.00,0.36,9.99,0.03,-0.05,-0.01
0.02,0.09,9.93,0.06,-0.12,-0.01,0.00,0.36,9.98,0.03,-0.05,-0.01
0.02,0.07,9.92,0.06,-0.12,-0.01,0.00,0.36,9.98,0.03,-0.05,-0.01
-0.01,0.08,9.92,0.06,-0.11,-0.02,0.03,0.36,9.98,0.03,-0.05,-0.01
0.03,0.08,9.92,0.05,-0.11,-0.02,0.00,0.36,10.00,0.03,-0.05,-0.01
0.01,0.10,9.91,0.06,-0.12,-0.01,-0.02,0.36,9.99,0.03,-0.05,-0.01
0.02,0.08,9.93,0.06,-0.11,-0.02,-0.02,0.36,9.99,0.03,-0.05,-0.01
0.00,0.09,9.92,0.05,-0.11,-0.02,0.01,0.36,9.99,0.03,-0.04,-0.01
0.02,0.08,9.93,0.06,-0.12,-0.02,-0.01,0.35,10.00,0.03,-0.05,-0.01
0.00,0.09,9.92,0.06,-0.11,-0.02,0.01,0.35,9.99,0.03,-0.05,-0.01
0.04,0.09,9.91,0.05,-0.11,-0.01,0.01,0.35,9.99,0.03,-0.05,-0.01
0.01,0.09,9.92,0.05,-0.11,-0.02,-0.00,0.35,9.98,0.03,-0.04,-0.01
0.01,0.08,9.93,0.06,-0.12,-0.02,-0.02,0.36,10.00,0.03,-0.04,-0.01
-0.01,0.09,9.94,0.06,-0.12,-0.02,-0.01,0.37,9.98,0.03,-0.05,-0.01
-0.04,0.09,9.96,0.05,-0.10,-0.02,-0.01,0.37,9.98,0.03,-0.05,-0.01
-0.04,0.07,9.95,0.06,-0.11,-0.02,-0.03,0.38,10.01,0.03,-0.04,-0.01
0.02,0.08,9.93,0.05,-0.11,-0.02,0.02,0.35,9.99,0.03,-0.05,-0.01
-0.04,0.13,9.96,0.06,-0.18,-0.01,-0.04,0.33,9.99,0.03,-0.08,-0.00
0.03,0.09,9.91,0.05,-0.01,-0.02,-0.04,0.33,9.99,0.03,-0.08,-0.00
-0.06,0.07,9.96,0.06,-0.19,-0.01,0.05,0.36,10.00,0.02,0.06,-0.02
0.39,0.00,9.85,0.04,-0.09,0.05,-0.09,0.42,9.99,0.04,-0.16,0.01
-0.14,0.11,10.07,0.06,-0.13,-0.02,-0.29,0.28,10.08,0.02,0.02,-0.01
-0.07,0.29,9.78,0.05,-0.14,0.13,-0.29,0.28,10.08,0.02,0.02,-0.01
0.18,-0.04,9.99,0.05,-0.10,0.21,0.07,0.54,9.89,0.02,-0.04,0.17
0.31,-0.09,9.96,0.06,-0.12,0.01,0.20,0.20,9.99,0.02,-0.03,0.09
0.16,0.06,9.89,0.05,-0.09,-0.02,0.12,0.34,9.96,0.03,-0.05,-0.01
0.03,0.06,9.93,0.06,-0.11,-0.02,0.12,0.34,9.96,0.03,-0.05,-0.01
0.20,0.04,9.84,0.06,-0.12,-0.02,0.09,0.35,9.99,0.03,-0.05,-0.01
-0.06,0.04,10.00,0.06,-0.15,-0.01,0.07,0.35,10.00,0.02,0.00,-0.01
0.46,0.08,9.60,0.05,-0.24,0.02,-0.17,0.36,10.06,0.03,-0.18,0.02
0.36,0.01,9.85,0.04,-0.18,0.05,-0.17,0.36,10.06,0.03,-0.18,0.02
0.22,0.01,9.94,0.05,-0.08,-0.01,0.20,0.29,10.06,0.02,-0.10,0.05
-0.08,0.11,10.16,0.05,-0.18,0.00,0.27,0.31,10.01,0.03,-0.11,-0.00
0.35,-0.00,10.01,0.03,-0.17,0.00,0.49,0.34,9.94,0.01,-0.09,0.01
0.42,-0.02,9.83,0.06,-0.20,-0.02,0.49,0.34,9.94,0.01,-0.09,0.01
0.71,-0.04,9.57,0.05,-0.01,-0.03,0.65,0.39,9.85,0.03,-0.11,-0.01
0.08,0.04,10.03,0.06,-0.18,-0.02,-0.03,0.31,10.14,0.02,0.17,-0.02
0.66,-0.11,9.56,0.05,-0.13,-0.03,0.29,0.35,10.04,0.02,-0.12,-0.00
0.39,0.04,9.79,0.05,-0.11,-0.02,0.29,0.35,10.04,0.02,-0.12,-0.00
0.04,-0.05,10.02,0.05,-0.07,-0.02,0.30,0.28,9.98,0.02,-0.01,-0.01
0.33,-0.08,9.81,0.05,-0.09,-0.02,0.24,0.33,10.01,0.03,-0.07,-0.01
-0.85,0.63,10.40,0.06,-0.25,-0.02,-0.29,0.13,10.29,0.04,0.04,-0.11
0.61,0.07,10.06,0.05,0.05,-0.03,-0.29,0.13,10.29,0.04,0.04,-0.11
0.20,0.03,9.92,0.06,-0.14,-0.01,0.59,0.35,10.16,0.02,0.11,-0.02
0.08,-0.01,9.98,0.05,-0.06,-0.02,0.35,0.29,9.91,0.03,-0.07,-0.01
0.11,0.02,9.98,0.06,-0.10,-0.02,0.18,0.29,9.98,0.03,-0.03,-0.01
0.21,0.00,9.90,0.05,-0.12,-0.01,0.18,0.29,9.98,0.03,-0.03,-0.01
0.14,0.03,9.95,0.06,-0.11,-0.02,0.22,0.28,9.97,0.03,-0.04,-0.01
0.29,0.02,9.87,0.05,-0.12,-0.01,0.13,0.31,10.02,0.03,-0.08,-0.00
0.09,0.03,9.99,0.05,-0.11,-0.02,0.18,0.33,10.01,0.03,-0.04,-0.01
0.23,-0.00,9.91,0.05,-0.11,-0.01,0.18,0.33,10.01,0.03,-0.04,-0.01
0.25,0.02,9.88,0.06,-0.09,-0.02,0.19,0.30,9.99,0.03,-0.04,-0.01
0.24,0.04,9.89,0.06,-0.10,-0.01,0.11,0.31,10.05,0.03,-0.05,-0.01
0.22,0.01,9.89,0.05,-0.09,-0.02,0.25,0.31,9.97,0.03,-0.06,-0.01
0.28,0.03,9.88,0.05,-0.13,-0.02,0.25,0.31,9.97,0.03,-0.06,-0.01
0.17,0.02,9.93,0.06,-0.12,-0.02,0.29,0.27,9.93,0.02,-0.05,-0.01
0.16,0.01,9.94,0.05,-0.09,-0.02,0.25,0.30,9.96,0.03,-0.06,-0.01
0.12,0.02,9.97,0.06,-0.10,-0.01,0.23,0.32,9.99,0.03,-0.04,-0.01
0.17,0.02,9.93,0.05,-0.11,-0.02,0.23,0.32,9.99,0.03,-0.04,-0.01
0.19,0.01,9.92,0.06,-0.12,-0.01,0.20,0.31,10.00,0.03,-0.05,-0.01
0.20,0.03,9.94,0.06,-0.11,-0.01,0.16,0.29,10.00,0.03,-0.05,-0.01
0.19,0.01,9.93,0.05,-0.09,-0.02,0.30,0.30,9.95,0.03,-0.05,-0.01
0.17,0.03,9.93,0.06,-0.11,-0.01,0.30,0.30,9.95,0.03,-0.05,-0.01
0.18,0.02,9.93,0.06,-0.11,-0.01,0.17,0.31,10.02,0.03,-0.05,-0.01
0.19,0.02,9.93,0.06,-0.11,-0.02,0.19,0.29,9.98,0.03,-0.05,-0.01
0.21,0.03,9.92,0.06,-0.11,-0.02,0.22,0.30,9.99,0.03,-0.04,-0.01
0.15,0.03,9.96,0.06,-0.12,-0.02,0.22,0.30,9.99,0.03,-0.04,-0.01
0.15,0.03,9.91,0.06,-0.14,-0.01,0.16,0.30,9.99,0.03,-0.06,-0.01
0.24,0.02,9.90,0.05,-0.10,-0.02,0.26,0.31,9.97,0.03,-0.05,-0.01
0.22,0.03,9.90,0.06,-0.14,-0.01,0.07,0.29,10.05,0.03,-0.04,-0.01
0.13,0.03,9.95,0.06,-0.11,-0.01,0.07,0.29,10.05,0.03,-0.04,-0.01
0.23,0.03,9.87,0.05,-0.12,-0.01,0.15,0.28,10.00,0.03,-0.05,-0.01
0.11,0.02,9.97,0.06,-0.10,-0.02,0.21,0.31,10.01,0.03,-0.02,-0.01
0.16,0.03,9.94,0.06,-0.12,-0.01,0.18,0.30,10.00,0.03,-0.05,-0.01
0.16,0.04,9.95,0.06,-0.16,-0.01,0.18,0.30,10.00,0.03,-0.05,-0.01
0.20,0.01,9.92,0.05,-0.07,-0.02,0.23,0.30,9.99,0.03,-0.09,-0.00
0.22,0.03,9.91,0.06,-0.12,-0.01,0.10,0.31,10.03,0.03,-0.03,-0.01
0.13,0.02,9.94,0.06,-0.11,-0.02,0.15,0.30,10.02,0.03,-0.03,-0.01
0.14,0.03,9.94,0.06,-0.11,-0.02,0.15,0.30,10.02,0.03,-0.03,-0.01
0.18,0.02,9.92,0.06,-0.12,-0.01,0.14,0.30,10.01,0.03,-0.05,-0.01
0.13,0.01,9.94,0.06,-0.11,-0.02,0.21,0.29,9.98,0.03,-0.04,-0.01
0.17,0.02,9.93,0.05,-0.11,-0.02,0.17,0.30,9.99,0.03,-0.05,-0.01
0.15,0.02,9.91,0.05,-0.12,-0.01,0.17,0.30,9.99,0.03,-0.05,-0.01
0.19,0.02,9.93,0.06,-0.11,-0.02,0.16,0.31,10.00,0.03,-0.05,-0.01
0.14,-0.01,9.94,0.06,-0.12,-0.02,0.18,0.31,10.00,0.03,-0.04,-0.01
0.12,0.00,9.86,0.06,-0.13,-0.02,0.25,0.28,10.04,0.03,-0.05,-0.01
0.14,0.00,9.95,0.05,-0.09,-0.01,0.25,0.28,10.04,0.03,-0.05,-0.01
0.16,0.05,9.96,0.06,-0.10,-0.02,0.04,0.24,10.03,0.03,-0.04,-0.01
0.11,-0.00,9.96,0.06,-0.13,-0.02,0.16,0.27,9.99,0.03,-0.03,-0.01
0.09,0.02,9.98,0.06,-0.14,-0.01,0.14,0.32,10.02,0.03,-0.03,-0.01
0.12,0.02,9.98,0.05,-0.12,-0.01,0.14,0.32,10.02,0.03,-0.03,-0.01
0.15,0.02,9.95,0.05,-0.11,-0.02,0.20,0.28,9.97,0.03,-0.06,-0.01
0.17,0.04,9.95,0.06,-0.12,-0.02,0.20,0.31,9.99,0.03,-0.05,-0.01
0.14,0.03,9.92,0.06,-0.14,-0.02,0.01,0.24,9.96,0.02,-0.04,-0.01
0.14,0.02,9.93,0.05,-0.11,-0.02,0.01,0.24,9.96,0.02,-0.04,-0.01
-0.15,0.03,10.09,0.04,0.03,-0.04,0.20,0.29,9.95,0.03,-0.05,-0.01
0.31,0.21,9.99,0.05,-0.07,-0.20,-0.06,0.34,10.02,0.01,-0.06,-0.01
0.18,0.14,9.94,0.06,-0.12,-0.26,0.16,0.28,9.98,0.05,-0.06,-0.25
0.26,0.38,9.77,0.07,-0.13,-0.31,0.16,0.28,9.98,0.05,-0.06,-0.25
0.44,-0.37,9.83,0.07,-0.11,-0.35,0.28,0.49,9.97,0.05,-0.08,-0.29
0.19,0.12,10.19,-0.05,-0.15,-0.19,0.34,0.25,10.24,-0.02,-0.05,-0.29
0.46,0.29,10.19,-0.06,-0.26,-0.07,0.52,0.47,10.19,-0.13,-0.15,-0.12
0.64,0.69,10.51,0.04,-0.33,0.08,0.52,0.47,10.19,-0.13,-0.15,-0.12
0.78,0.84,9.91,-0.00,-0.06,0.19,0.74,0.97,10.51,0.02,-0.25,0.12
0.89,0.70,9.44,0.01,0.04,0.37,1.07,1.05,9.75,-0.07,0.09,0.24
0.53,0.31,9.42,0.18,-0.01,0.64,0.73,0.71,9.63,0.11,0.11,0.59
0.33,0.14,8.78,0.18,-0.09,0.85,0.73,0.71,9.63,0.11,0.11,0.59
0.03,0.00,8.48,0.17,-0.14,0.87,0.34,0.39,8.83,0.14,-0.00,0.87
-0.12,-0.07,8.37,0.01,-0.18,0.76,0.06,0.15,8.73,0.08,-0.05,0.94
-0.18,-0.22,8.32,-0.08,-0.17,0.65,-0.22,0.07,8.35,-0.09,-0.11,0.73
0.01,-0.24,8.27,0.11,0.13,0.55,-0.22,0.07,8.35,-0.09,-0.11,0.73
-0.33,-0.31,7.98,0.32,0.10,0.55,-0.03,0.02,8.11,0.11,0.23,0.53
-0.99,-0.29,8.62,0.29,-0.16,0.57,-0.90,-0.19,8.31,0.34,0.10,0.58
-0.67,-0.05,9.51,0.12,-0.22,0.36,-1.13,0.05,9.35,0.14,-0.13,0.50
-1.11,-0.12,10.74,-0.20,-0.01,0.05,-1.13,0.05,9.35,0.14,-0.13,0.50
-1.14,-0.39,11.67,-0.15,-0.03,0.19,-1.07,0.07,11.04,-0.22,0.05,0.05
-1.21,-0.13,12.26,0.10,-0.02,0.28,-1.00,-0.06,11.75,-0.04,0.04,0.20
-0.54,-0.03,11.89,0.06,-0.00,0.30,-0.79,0.24,12.01,0.08,0.01,0.35
-0.16,0.15,11.77,-0.08,-0.02,0.11,-0.79,0.24,12.01,0.08,0.01,0.35
0.26,-0.25,10.80,0.28,-0.29,-0.08,-0.32,0.51,11.67,-0.07,0.01,0.08
0.04,-0.22,9.95,0.14,-0.33,-0.13,0.24,-0.02,10.24,0.30,-0.22,-0.10
-0.25,-0.24,9.64,-0.32,-0.33,-0.09,-0.08,0.06,9.91,-0.30,-0.23,-0.16
-0.48,0.36,10.13,0.27,-0.04,-0.18,-0.08,0.06,9.91,-0.30,-0.23,-0.16
0.21,0.77,9.93,0.06,-0.17,-0.22,-0.45,1.14,12.63,0.14,-0.14,-0.15
-0.33,0.15,9.93,0.06,-0.10,-0.01,-0.05,0.65,10.44,0.04,-0.03,-0.03
0.12,0.50,10.03,0.04,-0.08,-0.01,0.15,0.95,10.31,0.08,-0.15,-0.01
-0.20,0.28,9.90,0.07,-0.13,-0.02,0.15,0.95,10.31,0.08,-0.15,-0.01
-0.04,0.40,9.91,0.06,-0.13,-0.02,-0.15,0.51,9.99,0.03,-0.04,-0.01
-0.20,0.31,9.91,0.07,-0.12,-0.02,-0.18,0.48,10.02,0.01,-0.02,-0.01
-0.23,0.22,9.93,0.05,-0.10,-0.02,-0.10,0.57,9.99,0.02,-0.03,-0.01
-0.05,0.35,9.91,0.06,-0.11,-0.02,-0.10,0.57,9.99,0.02,-0.03,-0.01
-0.16,0.27,9.93,0.06,-0.12,-0.01,-0.08,0.63,9.97,0.03,-0.04,-0.01
-0.15,0.27,9.92,0.05,-0.11,-0.02,-0.10,0.64,9.96,0.03,-0.05,-0.01
-0.10,0.34,9.91,0.06,-0.12,-0.02,-0.14,0.60,9.97,0.03,-0.05,-0.01
-0.17,0.27,9.92,0.06,-0.11,-0.02,-0.14,0.60,9.97,0.03,-0.05,-0.01
-0.14,0.29,9.91,0.05,-0.11,-0.02,-0.17,0.57,9.98,0.03,-0.05,-0.01
-0.11,0.32,9.91,0.06,-0.12,-0.02,-0.20,0.55,9.98,0.03,-0.05,-0.01
-0.17,0.26,9.91,0.06,-0.11,-0.02,-0.16,0.56,9.98,0.03,-0.04,-0.01
-0.12,0.30,9.91,0.05,-0.11,-0.02,-0.16,0.56,9.98,0.03,-0.04,-0.01
-0.12,0.32,9.92,0.06,-0.11,-0.02,-0.15,0.57,9.98,0.03,-0.04,-0.01
-0.15,0.28,9.92,0.05,-0.11,-0.02,-0.14,0.59,9.98,0.03,-0.05,-0.01
-0.13,0.31,9.92,0.05,-0.11,-0.02,-0.14,0.60,9.97,0.03,-0.05,-0.01
-0.15,0.30,9.92,0.06,-0.11,-0.02,-0.14,0.60,9.97,0.03,-0.05,-0.01
-0.15,0.28,9.93,0.06,-0.11,-0.02,-0.14,0.58,9.97,0.03,-0.05,-0.01
-0.13,0.30,9.91,0.06,-0.11,-0.02,-0.16,0.57,9.98,0.03,-0.05,-0.01
-0.14,0.29,9.92,0.06,-0.11,-0.02,-0.16,0.57,9.98,0.03,-0.05,-0.01
-0.14,0.29,9.91,0.06,-0.11,-0.02,-0.16,0.57,9.98,0.03,-0.05,-0.01
-0.14,0.31,9.92,0.06,-0.11,-0.02,-0.15,0.56,9.97,0.03,-0.05,-0.01
-0.03,0.29,9.88,0.06,-0.12,-0.01,-0.14,0.58,9.96,0.02,-0.04,-0.01
-0.16,0.23,9.95,0.06,-0.11,-0.02,-0.23,0.64,9.99,0.03,-0.04,-0.01
-0.18,0.28,9.95,0.05,-0.11,-0.02,-0.23,0.64,9.99,0.03,-0.04,-0.01
-0.17,0.32,9.90,0.05,-0.10,-0.01,-0.14,0.58,9.99,0.03,-0.06,-0.01
-0.18,0.32,9.90,0.06,-0.12,-0.02,-0.12,0.53,9.96,0.02,-0.03,-0.01
-0.17,0.26,9.91,0.03,-0.07,-0.01,-0.10,0.53,10.00,0.00,-0.01,-0.01
-0.28,0.12,9.98,0.08,-0.13,-0.01,-0.10,0.53,10.00,0.00,-0.01,-0.01
0.07,0.36,9.76,0.03,-0.08,-0.01,-0.30,0.51,9.94,0.05,-0.07,-0.00
-0.25,0.46,9.66,0.11,-0.21,-0.03,-0.29,0.52,9.98,-0.02,0.04,-0.01
-0.23,0.33,9.88,0.02,-0.03,-0.01,0.17,0.65,9.93,0.02,-0.02,-0.01
-0.11,0.37,9.85,0.08,-0.14,-0.02,0.17,0.65,9.93,0.02,-0.02,-0.01
-0.22,0.12,9.99,0.06,-0.11,-0.02,-0.12,0.76,9.96,0.03,-0.05,-0.01
-0.09,0.29,9.81,0.05,-0.09,-0.02,-0.23,0.33,10.10,0.04,-0.06,-0.01
-0.24,0.17,9.93,0.09,-0.17,-0.01,-0.33,0.37,9.88,0.01,-0.05,-0.01
-0.27,0.13,9.92,0.04,-0.09,-0.02,-0.33,0.37,9.88,0.01,-0.05,-0.01
-0.01,0.43,9.98,0.08,-0.15,-0.01,-0.26,0.50,9.96,0.02,-0.05,-0.01
-0.29,0.21,9.91,0.05,-0.09,-0.01,-0.04,0.68,10.14,0.03,-0.05,-0.01
-0.15,0.29,9.93,0.05,-0.10,-0.02,-0.11,0.58,9.97,0.02,-0.04,-0.01
-0.14,0.27,9.93,0.06,-0.12,-0.02,-0.11,0.58,9.97,0.02,-0.04,-0.01
-0.22,0.21,9.93,0.07,-0.12,-0.01,-0.13,0.59,9.99,0.03,-0.06,-0.01
-0.10,0.33,9.93,0.06,-0.12,-0.02,-0.17,0.57,10.00,0.04,-0.07,-0.01
-0.11,0.33,9.91,0.06,-0.12,-0.01,-0.22,0.51,9.97,0.03,-0.05,-0.01
-0.15,0.28,9.90,0.04,-0.09,-0.02,-0.22,0.51,9.97,0.03,-0.05,-0.01
-0.05,0.34,9.90,0.06,-0.12,-0.01,-0.22,0.49,9.94,0.01,-0.02,-0.01
-0.23,0.25,9.90,0.05,-0.11,-0.02,-0.17,0.57,10.01,0.02,-0.04,-0.01
-0.18,0.25,9.93,0.05,-0.11,-0.02,-0.12,0.60,9.96,0.02,-0.04,-0.01
-0.13,0.32,9.91,0.06,-0.12,-0.01,-0.12,0.60,9.96,0.02,-0.04,-0.01
-0.22,0.18,9.89,0.05,-0.11,-0.02,-0.15,0.59,9.97,0.03,-0.05,-0.01
-0.15,0.25,9.87,0.05,-0.10,-0.02,-0.12,0.62,9.96,0.04,-0.06,-0.01
-0.17,0.29,9.93,0.06,-0.12,-0.02,-0.23,0.51,9.95,0.03,-0.04,-0.01
-0.20,0.25,9.93,0.06,-0.11,-0.02,-0.23,0.51,9.95,0.03,-0.04,-0.01
-0.17,0.26,9.90,0.05,-0.11,-0.02,-0.23,0.51,9.97,0.03,-0.05,-0.01
-0.19,0.36,9.99,0.06,-0.12,-0.02,-0.14,0.56,9.98,0.03,-0.06,-0.01
-0.20,0.20,9.93,0.05,-0.10,-0.02,-0.30,0.45,9.98,0.01,-0.02,-0.01
0.03,0.35,9.86,0.05,-0.11,-0.01,-0.30,0.45,9.98,0.01,-0.02,-0.01
-0.40,0.03,9.99,0.06,-0.11,-0.01,-0.05,0.58,10.00,0.01,-0.02,-0.01
-0.02,0.33,9.90,0.03,-0.07,-0.01,-0.07,0.59,9.98,0.05,-0.10,-0.01
-0.24,0.21,9.98,0.08,-0.15,-0.02,-0.42,0.41,9.95,0.03,-0.05,-0.01
-0.30,0.16,9.91,0.00,-0.02,0.01,-0.42,0.41,9.95,0.03,-0.05,-0.01
0.31,0.62,9.70,0.11,-0.21,-0.04,-0.74,0.31,10.09,-0.02,0.02,0.00
-0.34,0.01,9.80,0.06,-0.12,-0.01,-0.02,0.73,10.04,0.00,0.01,-0.01
0.03,0.36,9.93,0.04,-0.09,-0.02,0.02,0.75,9.97,0.04,-0.06,-0.01
-0.30,0.32,9.94,0.12,-0.21,-0.01,0.02,0.75,9.97,0.04,-0.06,-0.01
-0.53,0.20,10.06,0.05,-0.09,-0.01,-0.22,0.63,10.04,0.08,-0.15,-0.00
-0.07,0.39,9.88,0.06,-0.11,-0.02,-0.27,0.46,10.01,0.04,-0.07,-0.01
-0.28,0.18,9.96,0.04,-0.10,-0.02,-0.25,0.42,10.00,0.02,-0.03,-0.01
-0.10,0.29,9.92,0.06,-0.12,-0.02,-0.25,0.42,10.00,0.02,-0.03,-0.01
-0.47,0.10,9.99,0.02,-0.06,-0.02,-0.15,0.53,10.01,0.03,-0.04,-0.01
-0.20,0.20,9.97,0.02,-0.05,-0.01,-0.25,0.52,10.03,0.09,-0.15,-0.00
-0.17,0.18,9.87,0.06,-0.11,-0.01,-0.13,0.57,10.11,0.02,-0.08,-0.00
-0.27,0.29,9.87,0.06,-0.12,-0.02,-0.13,0.57,10.11,0.02,-0.08,-0.00
-0.17,0.27,9.94,0.07,-0.14,-0.02,-0.16,0.56,10.05,0.03,-0.07,-0.01
-0.23,0.27,9.96,0.06,-0.13,-0.01,-0.15,0.53,9.94,0.02,-0.04,-0.01
-0.14,0.28,9.94,0.05,-0.11,-0.02,-0.16,0.55,10.00,0.03,-0.06,-0.01
-0.17,0.24,9.92,0.06,-0.12,-0.02,-0.16,0.55,10.00,0.03,-0.06,-0.01
-0.19,0.23,9.93,0.06,-0.12,-0.02,-0.19,0.52,9.97,0.03,-0.05,-0.01
-0.10,0.33,9.81,0.06,-0.11,-0.02,-0.10,0.49,9.96,0.02,-0.03,-0.01
-0.15,0.23,9.89,0.03,-0.08,-0.02,-0.06,0.50,10.00,0.02,-0.04,-0.01
-0.02,0.22,9.85,0.06,-0.13,-0.01,-0.06,0.50,10.00,0.02,-0.04,-0.01
-0.16,0.29,9.89,0.06,-0.13,-0.02,-0.06,0.53,10.03,0.02,-0.05,-0.00
-0.11,0.29,9.92,0.07,-0.14,-0.02,-0.14,0.51,9.97,0.02,-0.03,-0.01
-0.11,0.25,9.94,0.06,-0.12,-0.02,-0.28,0.43,9.92,0.03,-0.05,-0.01
-0.14,0.28,9.89,0.06,-0.11,-0.02,-0.28,0.43,9.92,0.03,-0.05,-0.01
-0.18,0.16,9.88,0.05,-0.11,-0.03,-0.13,0.50,9.96,0.02,-0.04,-0.01
-0.15,0.27,9.91,0.05,-0.10,-0.01,-0.19,0.47,9.98,0.04,-0.06,-0.01
-0.26,0.19,9.95,0.05,-0.10,-0.02,-0.12,0.52,9.96,0.03,-0.04,-0.01
-0.20,0.22,9.93,0.05,-0.11,-0.02,-0.12,0.52,9.96,0.03,-0.04,-0.01
-0.14,0.25,9.93,0.06,-0.12,-0.01,-0.15,0.51,9.97,0.03,-0.05,-0.01
-0.19,0.23,9.93,0.06,-0.11,-0.01,-0.18,0.51,9.96,0.02,-0.04,-0.01
-0.16,0.24,9.93,0.05,-0.11,-0.02,-0.15,0.54,9.98,0.03,-0.05,-0.01
-0.17,0.24,9.93,0.06,-0.11,-0.02,-0.15,0.54,9.98,0.03,-0.05,-0.01
-0.18,0.22,9.92,0.06,-0.11,-0.02,-0.16,0.53,9.98,0.03,-0.05,-0.01
-0.15,0.24,9.93,0.06,-0.11,-0.02,-0.16,0.53,9.97,0.03,-0.05,-0.01
-0.17,0.24,9.92,0.06,-0.11,-0.02,-0.16,0.53,9.97,0.03,-0.05,-0.01
-0.18,0.23,9.93,0.06,-0.11,-0.01,-0.17,0.52,9.98,0.03,-0.05,-0.01
-0.17,0.25,9.92,0.06,-0.11,-0.02,-0.18,0.51,9.99,0.03,-0.05,-0.01
-0.16,0.23,9.92,0.06,-0.11,-0.02,-0.18,0.51,9.98,0.03,-0.05,-0.01
-0.18,0.23,9.92,0.06,-0.11,-0.02,-0.18,0.51,9.98,0.03,-0.05,-0.01
-0.16,0.24,9.93,0.06,-0.11,-0.02,-0.19,0.51,9.98,0.03,-0.05,-0.01
-0.16,0.23,9.92,0.06,-0.11,-0.02,-0.18,0.51,9.98,0.03,-0.05,-0.01
-0.17,0.23,9.91,0.06,-0.11,-0.02,-0.17,0.51,9.97,0.03,-0.05,-0.01
-0.16,0.23,9.92,0.06,-0.11,-0.02,-0.17,0.51,9.97,0.03,-0.05,-0.01
-0.17,0.23,9.93,0.06,-0.11,-0.02,-0.17,0.52,9.98,0.03,-0.05,-0.01
-0.17,0.23,9.93,0.06,-0.11,-0.02,-0.17,0.52,9.98,0.03,-0.05,-0.01
-0.16,0.24,9.92,0.06,-0.11,-0.02,-0.18,0.51,9.98,0.03,-0.05,-0.01
-0.17,0.23,9.93,0.06,-0.11,-0.02,-0.18,0.51,9.98,0.03,-0.05,-0.01
-0.16,0.24,9.92,0.05,-0.11,-0.02,-0.17,0.52,9.99,0.03,-0.05,-0.01
-0.17,0.23,9.92,0.06,-0.11,-0.02,-0.17,0.51,9.98,0.03,-0.05,-0.01
-0.17,0.23,9.92,0.06,-0.11,-0.02,-0.18,0.51,9.97,0.03,-0.05,-0.01
-0.16,0.24,9.92,0.06,-0.11,-0.02,-0.18,0.51,9.97,0.03,-0.05,-0.01
-0.17,0.23,9.91,0.06,-0.11,-0.02,-0.17,0.52,9.99,0.03,-0.05,-0.01
-0.17,0.23,9.93,0.06,-0.11,-0.02,-0.17,0.52,9.98,0.03,-0.05,-0.01
-0.16,0.24,9.92,0.05,-0.11,-0.01,-0.16,0.52,9.97,0.03,-0.05,-0.01
-0.17,0.23,9.91,0.05,-0.11,-0.02,-0.16,0.52,9.97,0.03,-0.05,-0.01
-0.17,0.23,9.94,0.06,-0.11,-0.02,-0.18,0.51,10.00,0.03,-0.05,-0.01
-0.18,0.24,9.94,0.05,-0.11,-0.02,-0.14,0.49,9.96,0.02,-0.04,-0.01
-0.17,0.23,9.92,0.06,-0.11,-0.02,-0.19,0.50,9.98,0.03,-0.04,-0.01
-0.17,0.24,9.92,0.06,-0.11,-0.02,-0.19,0.50,9.98,0.03,-0.04,-0.01
-0.16,0.23,9.90,0.05,-0.11,-0.02,-0.17,0.51,9.98,0.03,-0.05,-0.01
-0.14,0.25,9.94,0.06,-0.11,-0.02,-0.18,0.51,9.98,0.03,-0.05,-0.01
-0.09,0.30,9.89,0.04,-0.08,-0.02,-0.08,0.48,10.06,0.03,-0.05,-0.01
-0.31,0.11,9.91,0.08,-0.17,-0.02,-0.08,0.48,10.06,0.03,-0.05,-0.01
-0.19,0.22,9.93,0.06,-0.12,-0.01,-0.21,0.45,10.03,0.07,-0.11,-0.00
-0.14,0.31,9.93,0.04,-0.10,-0.02,-0.15,0.50,10.06,0.02,-0.03,-0.01
-0.35,0.08,9.95,0.07,-0.12,-0.01,-0.32,0.38,9.95,0.02,-0.02,-0.01
-0.04,0.28,9.89,0.05,-0.10,-0.02,-0.32,0.38,9.95,0.02,-0.02,-0.01
-0.17,0.21,9.92,0.03,-0.08,-0.02,-0.16,0.53,10.04,0.01,-0.02,-0.01
-0.28,0.18,9.94,0.06,-0.12,-0.02,-0.15,0.51,9.96,0.03,-0.04,-0.01
-0.17,0.28,9.92,0.06,-0.12,-0.01,-0.12,0.57,9.96,0.03,-0.05,-0.01
-0.11,0.29,9.92,0.01,-0.04,-0.02,-0.12,0.57,9.96,0.03,-0.05,-0.01
-0.28,0.18,9.82,0.07,-0.16,-0.02,-0.06,0.65,10.04,-0.03,0.04,-0.03
0.29,0.38,9.72,0.05,-0.11,-0.01,-0.24,0.39,9.95,0.08,-0.14,-0.00
-0.35,0.11,9.92,0.05,-0.11,-0.02,-0.44,0.40,9.90,-0.01,-0.00,-0.01
-0.09,0.34,9.87,0.06,-0.12,-0.01,-0.44,0.40,9.90,-0.01,-0.00,-0.01
-0.22,0.29,9.89,0.05,-0.10,-0.02,-0.11,0.59,9.98,0.03,-0.05,-0.01
-0.30,0.16,9.95,0.05,-0.09,-0.01,-0.04,0.59,10.02,0.04,-0.06,-0.01
-0.08,0.29,9.91,0.06,-0.11,-0.01,-0.06,0.54,9.97,0.03,-0.05,-0.01
-0.21,0.20,9.92,0.06,-0.11,-0.02,-0.06,0.54,9.97,0.03,-0.05,-0.01
-0.20,0.22,9.92,0.05,-0.11,-0.02,-0.21,0.52,9.98,0.03,-0.05,-0.01
-0.14,0.26,9.91,0.05,-0.11,-0.02,-0.23,0.47,9.97,0.03,-0.05,-0.01
-0.13,0.19,9.91,0.03,-0.07,-0.01,-0.16,0.55,10.04,0.03,-0.04,-0.01
-0.31,0.24,9.91,0.05,-0.08,-0.00,-0.16,0.55,10.04,0.03,-0.04,-0.01
-0.11,0.31,9.98,0.01,-0.05,-0.02,-0.48,0.45,9.96,0.03,-0.04,-0.00
-0.34,0.11,9.96,0.07,-0.16,-0.01,-0.45,0.47,9.93,0.00,-0.01,-0.00
-0.03,0.26,9.93,0.04,-0.08,0.01,0.02,0.63,9.98,0.04,-0.07,0.01
-0.33,0.17,9.93,0.05,-0.11,-0.01,0.02,0.63,9.98,0.04,-0.07,0.01
-0.20,0.19,9.88,0.06,-0.12,-0.02,-0.33,0.44,9.91,0.03,-0.05,-0.01
-0.24,0.26,9.95,0.05,-0.10,-0.02,-0.06,0.44,9.93,0.04,-0.06,-0.01
-0.22,0.24,9.91,0.05,-0.11,-0.02,-0.22,0.49,9.94,0.03,-0.04,-0.01
-0.27,0.20,9.92,0.05,-0.11,-0.02,-0.22,0.49,9.94,0.03,-0.04,-0.01
-0.18,0.23,9.92,0.06,-0.11,-0.02,-0.27,0.49,9.98,0.03,-0.05,-0.01
-0.18,0.24,9.92,0.06,-0.12,-0.02,-0.21,0.50,9.99,0.03,-0.04,-0.01
-0.20,0.22,9.91,0.06,-0.11,-0.02,-0.20,0.51,9.99,0.03,-0.05,-0.01
0.07,0.17,9.83,0.04,-0.11,-0.01,-0.20,0.51,9.99,0.03,-0.05,-0.01
-0.40,0.45,10.00,0.09,-0.15,-0.01,-0.03,0.86,10.20,0.00,-0.01,-0.01
-0.50,-0.11,9.94,0.05,-0.11,-0.01,-0.05,0.79,10.18,0.03,-0.03,0.00
0.00,0.25,9.85,0.07,-0.15,-0.03,-0.29,0.51,9.96,0.02,-0.06,-0.02
-0.47,0.18,9.96,0.03,-0.08,-0.01,-0.29,0.51,9.96,0.02,-0.06,-0.02
-0.21,0.49,9.77,0.09,-0.17,-0.02,-0.37,0.45,9.94,0.00,-0.03,-0.01
-0.19,0.30,9.88,0.07,-0.13,-0.02,-0.17,0.45,10.04,0.01,-0.02,-0.01
-0.19,0.25,9.91,0.06,-0.11,-0.02,-0.20,0.47,9.98,0.03,-0.05,-0.01
-0.17,0.24,9.90,0.05,-0.11,-0.02,-0.20,0.47,9.98,0.03,-0.05,-0.01
-0.18,0.22,9.93,0.05,-0.11,-0.02,-0.20,0.51,9.98,0.03,-0.04,-0.01
-0.21,0.26,9.94,0.06,-0.12,-0.02,-0.19,0.53,9.98,0.03,-0.05,-0.01
-0.13,0.28,10.05,0.10,-0.10,-0.02,-0.09,0.45,9.86,0.04,-0.09,-0.01
-0.11,0.13,9.98,0.06,-0.12,-0.02,-0.09,0.45,9.86,0.04,-0.09,-0.01
-0.19,-0.03,10.03,0.03,-0.07,-0.02,-0.13,0.36,9.93,0.03,-0.05,-0.01
-0.01,0.25,9.97,-0.01,-0.00,0.01,-0.15,0.61,9.94,0.04,-0.04,-0.01
-0.07,0.33,9.89,0.15,-0.26,-0.02,-0.55,0.28,9.85,0.10,-0.16,-0.01
-0.04,-0.01,9.98,0.04,-0.13,-0.01,-0.55,0.28,9.85,0.10,-0.16,-0.01
0.11,0.59,9.81,0.10,-0.13,-0.03,-0.14,0.35,10.30,0.01,-0.05,-0.01
-0.34,0.07,9.94,0.05,-0.11,-0.04,-0.27,0.57,10.02,0.01,-0.02,-0.02
-0.16,0.26,9.93,0.06,-0.12,-0.05,-0.02,0.64,10.01,0.04,-0.06,-0.03
-0.12,0.32,9.93,0.04,-0.07,-0.05,-0.02,0.64,10.01,0.04,-0.06,-0.03
-0.46,0.13,9.86,0.08,-0.20,-0.03,-0.21,0.60,9.94,0.01,-0.01,-0.04
-0.07,0.04,9.89,0.11,-0.22,-0.07,0.06,0.59,9.86,-0.01,0.01,-0.01
-0.06,0.34,9.86,0.07,-0.13,-0.12,-0.14,0.65,9.91,0.02,-0.03,-0.16
-0.40,0.56,9.95,0.01,-0.01,-0.10,-0.14,0.65,9.91,0.02,-0.03,-0.16
0.09,0.26,9.86,0.06,-0.13,-0.02,-0.54,0.58,9.81,-0.02,0.03,-0.04
-0.04,0.20,9.87,0.06,-0.12,-0.01,-0.31,0.48,9.87,0.01,-0.02,-0.01
-0.12,0.28,9.91,0.06,-0.12,-0.02,-0.27,0.53,9.99,0.03,-0.06,-0.01
-0.20,0.24,9.93,0.06,-0.11,-0.02,-0.27,0.53,9.99,0.03,-0.06,-0.01
-0.21,0.22,9.92,0.05,-0.11,-0.02,-0.20,0.52,9.99,0.03,-0.05,-0.01
-0.20,0.24,9.93,0.05,-0.11,-0.01,-0.20,0.50,9.98,0.03,-0.05,-0.01
-0.21,0.23,9.92,0.06,-0.11,-0.02,-0.22,0.49,9.99,0.03,-0.05,-0.01
-0.20,0.23,9.91,0.05,-0.11,-0.02,-0.22,0.49,9.99,0.03,-0.05,-0.01
-0.19,0.24,9.92,0.06,-0.11,-0.02,-0.21,0.49,9.98,0.03,-0.05,-0.01
-0.20,0.22,9.92,0.06,-0.11,-0.02,-0.21,0.50,9.98,0.03,-0.05,-0.01
-0.20,0.23,9.92,0.05,-0.11,-0.02,-0.20,0.52,9.98,0.03,-0.05,-0.01
-0.21,0.24,9.91,0.06,-0.11,-0.02,-0.20,0.52,9.98,0.03,-0.05,-0.01
-0.20,0.23,9.92,0.05,-0.11,-0.02,-0.20,0.51,9.99,0.03,-0.05,-0.01
-0.20,0.23,9.91,0.05,-0.11,-0.02,-0.20,0.51,9.98,0.03,-0.05,-0.01
-0.20,0.23,9.92,0.05,-0.11,-0.02,-0.21,0.50,9.98,0.03,-0.05,-0.01
-0.20,0.23,9.91,0.06,-0.11,-0.02,-0.21,0.50,9.98,0.03,-0.05,-0.01
-0.19,0.24,9.93,0.05,-0.11,-0.02,-0.20,0.50,9.99,0.03,-0.05,-0.01
-0.11,0.27,9.85,0.03,-0.09,-0.02,-0.19,0.45,9.94,0.03,-0.05,-0.01
-0.10,0.28,9.90,0.05,-0.10,-0.02,-0.14,0.47,10.06,0.05,-0.10,-0.00
-0.10,0.21,9.99,0.05,-0.11,-0.01,-0.14,0.47,10.06,0.05,-0.10,-0.00
-0.16,0.25,9.93,0.06,-0.12,-0.02,-0.24,0.43,9.93,0.02,-0.02,-0.01
-0.20,0.24,9.93,0.06,-0.11,-0.02,-0.17,0.51,9.99,0.03,-0.04,-0.01
-0.22,0.24,9.92,0.06,-0.11,-0.02,-0.19,0.52,9.96,0.03,-0.05,-0.01
-0.29,0.20,9.85,0.05,-0.09,-0.02,-0.19,0.52,9.96,0.03,-0.05,-0.01
-0.36,0.13,9.96,0.05,-0.09,-0.02,-0.21,0.64,10.10,0.03,-0.06,-0.01
-0.23,0.40,9.90,0.05,-0.09,-0.02,-0.11,0.54,10.01,0.05,-0.08,-0.01
-0.18,0.17,9.95,0.06,-0.10,-0.02,-0.11,0.44,10.01,0.04,-0.05,-0.00
-0.24,0.20,9.96,0.06,-0.13,-0.01,-0.11,0.44,10.01,0.04,-0.05,-0.00
-0.20,0.20,9.95,0.06,-0.13,-0.02,-0.13,0.48,9.93,0.02,-0.07,-0.01
-0.21,0.23,9.93,0.07,-0.12,-0.02,-0.10,0.57,9.99,0.02,-0.04,-0.01
-0.16,0.24,9.95,0.05,-0.11,-0.01,-0.19,0.56,9.96,0.03,-0.05,-0.01
-0.16,0.25,9.91,0.06,-0.11,-0.02,-0.19,0.56,9.96,0.03,-0.05,-0.01
-0.22,0.21,9.94,0.05,-0.11,-0.02,-0.15,0.52,9.99,0.03,-0.05,-0.01
-0.19,0.24,9.91,0.06,-0.11,-0.02,-0.18,0.49,9.99,0.03,-0.05,-0.01
-0.20,0.24,9.92,0.06,-0.11,-0.02,-0.21,0.50,9.97,0.03,-0.05,-0.01
-0.22,0.21,9.92,0.05,-0.11,-0.02,-0.21,0.50,9.97,0.03,-0.05,-0.01
-0.19,0.25,9.92,0.05,-0.11,-0.01,-0.22,0.49,9.97,0.03,-0.05,-0.01
-0.19,0.23,9.92,0.06,-0.11,-0.02,-0.21,0.50,9.98,0.03,-0.05,-0.01
-0.22,0.22,9.92,0.06,-0.11,-0.02,-0.21,0.50,9.99,0.03,-0.05,-0.01
-0.18,0.24,9.92,0.06,-0.11,-0.02,-0.21,0.50,9.99,0.03,-0.05,-0.01
-0.21,0.23,9.93,0.06,-0.11,-0.02,-0.21,0.52,9.98,0.03,-0.05,-0.01
-0.20,0.22,9.93,0.06,-0.11,-0.02,-0.21,0.50,9.99,0.03,-0.05,-0.01
-0.19,0.24,9.92,0.05,-0.11,-0.02,-0.19,0.52,9.98,0.03,-0.05,-0.01
-0.20,0.23,9.95,0.06,-0.12,-0.01,-0.19,0.52,9.98,0.03,-0.05,-0.01
-0.34,0.19,9.90,0.06,-0.11,-0.02,-0.24,0.49,9.95,0.03,-0.05,-0.01
-0.14,0.27,9.92,0.06,-0.12,-0.02,-0.19,0.50,10.01,0.03,-0.05,-0.01
-0.24,0.19,9.93,0.06,-0.12,-0.02,-0.25,0.42,9.99,0.03,-0.05,-0.01
-0.22,0.21,9.93,0.05,-0.11,-0.02,-0.25,0.42,9.99,0.03,-0.05,-0.01
-0.10,0.31,9.90,0.06,-0.11,-0.02,-0.25,0.47,9.98,0.03,-0.04,-0.01
-0.21,0.18,9.94,0.05,-0.11,-0.01,-0.25,0.52,9.94,0.03,-0.05,-0.01
-0.20,0.26,9.91,0.06,-0.12,-0.02,-0.22,0.52,9.95,0.02,-0.04,-0.01
-0.15,0.27,9.90,0.06,-0.12,-0.02,-0.22,0.52,9.95,0.02,-0.04,-0.01
-0.23,0.21,9.93,0.05,-0.11,-0.02,-0.17,0.55,9.99,0.03,-0.04,-0.01
-0.20,0.22,9.92,0.05,-0.11,-0.02,-0.18,0.53,9.98,0.03,-0.05,-0.01
-0.18,0.24,9.92,0.06,-0.11,-0.02,-0.22,0.50,9.98,0.03,-0.05,-0.01
-0.22,0.21,9.93,0.06,-0.11,-0.02,-0.22,0.50,9.98,0.03,-0.05,-0.01
-0.19,0.23,9.94,0.05,-0.11,-0.02,-0.23,0.49,9.98,0.03,-0.05,-0.01
-0.19,0.24,9.92,0.06,-0.11,-0.02,-0.23,0.49,9.98,0.03,-0.05,-0.01
-0.21,0.22,9.94,0.06,-0.11,-0.02,-0.22,0.50,9.98,0.03,-0.05,-0.01
-0.19,0.23,9.92,0.05,-0.11,-0.01,-0.22,0.50,9.98,0.03,-0.05,-0.01
-0.19,0.23,9.93,0.06,-0.11,-0.02,-0.20,0.49,9.99,0.03,-0.05,-0.01
-0.18,0.27,9.92,0.07,-0.14,-0.02,0.01,0.58,9.98,0.02,-0.04,-0.01
-0.16,0.27,9.88,0.05,-0.10,-0.01,-0.21,0.55,10.00,0.03,-0.05,-0.01
-0.48,0.23,10.20,0.01,-0.03,-0.01,-0.21,0.55,10.00,0.03,-0.05,-0.01
0.85,0.12,9.83,0.04,-0.07,-0.00,-0.54,0.32,9.90,0.00,-0.02,-0.01
0.35,0.52,9.38,0.06,-0.11,-0.01,-0.43,0.34,9.82,0.09,-0.13,-0.00
-0.33,0.15,10.19,0.06,-0.13,-0.01,-0.51,0.66,9.79,0.01,0.02,0.00
-0.49,0.33,10.38,-0.01,-0.02,-0.01,-0.51,0.66,9.79,0.01,0.02,0.00
-0.34,0.00,9.94,0.10,-0.21,-0.02,-0.24,0.54,9.78,-0.03,0.02,-0.01
-0.17,0.22,9.95,0.05,-0.11,-0.01,-0.18,0.67,9.88,0.06,-0.11,-0.01
-0.50,0.24,10.16,0.09,-0.15,-0.00,-0.07,0.46,9.88,0.03,-0.06,-0.01
-0.84,-0.20,10.09,-0.04,0.06,-0.03,-0.07,0.46,9.88,0.03,-0.06,-0.01
0.19,0.37,9.56,0.04,-0.09,-0.02,-0.60,0.05,9.87,-0.02,0.02,-0.03
-0.12,0.07,9.94,0.01,-0.04,-0.11,-0.24,0.42,10.00,-0.03,0.06,-0.01
-0.22,-0.01,9.87,0.10,-0.15,-0.79,-0.38,0.37,9.91,0.05,-0.08,-0.58
-0.62,0.22,9.90,0.11,-0.17,-0.80,-0.38,0.37,9.91,0.05,-0.08,-0.58
-0.72,0.27,9.89,0.06,-0.13,-0.04,-0.17,0.53,9.98,0.06,-0.11,-0.66
-0.34,0.13,9.81,0.04,-0.10,-0.01,-0.13,0.50,10.02,0.04,-0.07,-0.01
-0.28,-0.23,9.96,0.02,-0.06,0.08,-0.28,0.57,9.99,0.02,-0.04,-0.00
-0.43,0.20,9.98,0.04,-0.09,-0.01,-0.28,0.57,9.99,0.02,-0.04,-0.00
-0.41,0.17,9.87,0.04,-0.08,-0.02,-0.52,0.43,9.94,0.02,-0.04,-0.00
-0.21,0.19,10.00,0.04,-0.08,-0.01,-0.36,0.46,10.00,0.07,-0.14,0.00
-0.33,0.12,9.88,0.05,-0.10,-0.02,-0.34,0.34,9.91,0.00,-0.01,-0.01
-0.24,-0.08,9.92,0.03,-0.06,-0.02,-0.34,0.34,9.91,0.00,-0.01,-0.01
-0.55,0.26,10.08,0.03,-0.08,-0.02,-0.27,0.28,9.90,0.01,0.00,-0.01
-0.28,0.45,9.75,0.07,-0.14,0.08,0.03,0.19,9.87,0.04,-0.09,0.27
-0.25,0.18,9.92,0.05,-0.10,-0.02,-0.15,0.44,9.88,0.03,-0.08,-0.00
-0.43,0.16,10.20,0.03,-0.06,0.04,-0.15,0.44,9.88,0.03,-0.08,-0.00
0.06,0.28,9.47,0.10,-0.18,-0.04,-0.33,0.12,9.78,0.02,-0.03,0.08
-0.25,-0.23,9.83,-0.04,0.01,0.05,-0.11,0.76,9.94,0.09,-0.16,-0.03
-0.08,0.17,9.86,0.17,-0.30,-0.02,-0.73,0.46,10.02,0.05,-0.09,-0.01
-0.52,0.20,9.92,0.07,-0.13,-0.01,-0.73,0.46,10.02,0.05,-0.09,-0.01
-0.30,0.14,9.93,0.05,-0.11,-0.02,-0.21,0.59,10.08,0.06,-0.10,-0.00
-0.26,0.19,9.95,0.06,-0.12,-0.02,-0.24,0.50,9.97,0.03,-0.04,-0.01
-0.25,0.22,9.91,0.06,-0.11,-0.02,-0.25,0.40,9.97,0.03,-0.05,-0.01
-0.14,0.21,9.91,0.06,-0.12,-0.01,-0.25,0.40,9.97,0.03,-0.05,-0.01
-0.70,-0.02,10.05,-0.03,0.03,0.01,-0.25,0.44,10.01,0.03,-0.04,-0.01
0.33,0.48,9.88,0.06,-0.11,-0.04,-0.79,0.19,9.89,0.08,-0.14,-0.02
-0.39,-0.03,9.94,0.04,-0.10,-0.01,-0.40,0.26,10.00,0.02,-0.02,-0.00
-0.22,0.19,9.93,0.05,-0.10,-0.02,-0.40,0.26,10.00,0.02,-0.02,-0.00
-0.20,0.30,9.90,0.08,-0.15,-0.02,-0.30,0.37,10.01,0.01,-0.03,-0.01
-0.28,0.09,9.88,0.06,-0.12,-0.01,-0.13,0.53,9.96,0.02,-0.03,-0.01
-0.12,0.32,9.88,0.05,-0.11,-0.02,-0.18,0.55,9.91,0.04,-0.06,-0.01
-0.49,0.25,10.16,0.03,-0.07,-0.01,-0.18,0.55,9.91,0.04,-0.06,-0.01
-0.24,0.20,9.93,0.02,-0.06,0.01,-0.24,0.53,10.00,0.01,-0.02,-0.01
-0.11,0.09,9.86,-0.04,-0.05,-0.02,-0.60,0.31,9.92,0.01,-0.03,-0.02
-0.35,0.06,9.99,0.05,-0.08,0.02,-0.09,0.74,9.95,0.01,-0.01,0.01
-0.30,0.03,9.93,0.14,-0.22,-0.02,-0.09,0.74,9.95,0.01,-0.01,0.01
-0.17,0.17,9.66,0.03,-0.09,-0.02,-0.04,0.54,10.12,0.10,-0.13,-0.01
-0.30,-0.06,10.02,-0.00,-0.00,0.02,-0.27,0.43,9.90,0.03,-0.05,-0.00
-0.47,0.18,10.01,-0.11,0.02,-0.06,-0.37,0.35,10.21,-0.03,-0.01,-0.01
-0.75,-0.19,10.05,0.03,-0.05,-0.01,-0.37,0.35,10.21,-0.03,-0.01,-0.01
-0.28,0.01,9.86,0.08,-0.10,0.00,-0.85,-0.06,10.27,0.05,-0.04,0.02
-0.54,-0.14,9.99,0.08,-0.12,-0.01,-0.49,0.32,10.14,0.08,-0.11,-0.01
-0.41,-0.04,9.93,0.09,-0.17,-0.02,-0.38,0.36,10.04,0.04,-0.06,-0.01
-0.32,0.12,9.88,0.06,-0.12,-0.01,-0.38,0.36,10.04,0.04,-0.06,-0.01
0.08,0.13,9.97,0.09,-0.13,0.01,-0.29,0.41,10.01,0.04,-0.06,-0.00
-1.06,-0.55,9.89,0.31,-0.39,0.02,-0.42,0.47,9.79,0.06,-0.06,0.06
-0.21,0.25,10.06,0.09,-0.17,-0.02,0.05,0.77,10.12,0.13,-0.16,-0.02
0.07,0.54,9.91,0.15,-0.23,-0.08,0.05,0.77,10.12,0.13,-0.16,-0.02
0.04,0.50,9.90,-0.11,0.06,-0.01,0.13,0.87,10.06,0.11,-0.16,-0.06
0.11,0.08,9.33,-0.05,0.04,-0.05,-0.70,0.23,9.91,-0.21,0.20,-0.02
0.04,0.46,9.83,0.03,-0.07,-0.02,0.13,0.60,9.89,0.01,-0.03,-0.02
-0.17,0.14,9.88,0.06,-0.12,-0.01,0.13,0.60,9.89,0.01,-0.03,-0.02
-0.22,0.17,9.91,0.05,-0.11,-0.02,-0.17,0.44,10.03,0.03,-0.05,-0.01
-0.22,0.23,9.93,0.06,-0.11,-0.01,-0.23,0.44,9.99,0.03,-0.05,-0.01
-0.24,0.17,9.92,0.05,-0.11,-0.02,-0.23,0.46,9.98,0.03,-0.05,-0.01
-0.32,-0.01,10.02,0.05,-0.09,-0.01,-0.23,0.46,9.98,0.03,-0.05,-0.01
0.01,0.28,9.87,0.05,-0.11,-0.03,-0.35,0.30,10.03,0.03,-0.04,-0.01
-0.60,0.15,9.85,-0.05,-0.02,0.02,-0.17,0.42,10.14,0.01,-0.01,0.00
-0.42,0.16,9.87,0.06,-0.11,-0.02,-0.25,0.43,9.97,0.03,-0.05,-0.02
-0.22,0.27,9.96,0.06,-0.11,-0.01,-0.25,0.43,9.97,0.03,-0.05,-0.02
-0.23,0.15,9.89,0.04,-0.11,-0.03,-0.25,0.50,10.07,0.02,-0.05,-0.01
-0.38,0.06,9.95,0.04,-0.11,-0.02,-0.10,0.53,10.01,0.03,-0.05,-0.00
-0.48,-0.57,10.32,0.08,-0.17,-0.06,-0.30,0.40,9.77,0.05,-0.07,-0.01
-0.26,0.66,9.96,0.08,-0.13,-0.03,-0.30,0.40,9.77,0.05,-0.07,-0.01
-0.27,0.09,9.85,-0.01,-0.05,-0.02,-0.15,0.96,9.94,0.04,-0.06,-0.02
-0.04,0.39,9.92,-0.03,-0.05,0.04,-0.42,0.20,10.07,-0.07,0.03,-0.00
-0.38,-0.02,9.95,0.05,-0.11,-0.02,-0.42,0.23,9.98,0.00,-0.03,-0.01
-0.34,0.02,9.94,0.04,-0.10,-0.01,-0.42,0.23,9.98,0.00,-0.03,-0.01
-0.15,0.44,9.57,0.08,-0.13,-0.04,-0.34,0.27,9.99,0.01,-0.03,-0.01
-0.39,-0.01,9.98,0.09,-0.16,-0.02,-0.54,0.22,10.06,0.07,-0.07,0.00
-0.26,-0.01,9.88,-0.04,-0.03,0.05,-0.02,0.43,9.97,-0.02,-0.03,0.02
-0.44,0.14,9.93,0.09,-0.15,-0.02,-0.02,0.43,9.97,-0.02,-0.03,0.02
-0.43,0.02,9.91,0.07,-0.12,-0.02,-0.24,0.42,9.85,0.06,-0.07,-0.01
-0.31,0.54,9.83,0.02,-0.07,0.03,-0.22,0.39,10.07,0.06,-0.09,-0.00
-0.17,0.08,9.78,0.06,-0.13,-0.02,-0.35,0.22,9.98,0.06,-0.08,-0.01
-0.13,0.24,9.70,0.09,-0.14,-0.02,-0.35,0.22,9.98,0.06,-0.08,-0.01
-0.13,0.36,9.79,0.17,-0.24,-0.01,-0.30,0.44,10.15,0.01,-0.02,-0.01
-0.71,-0.44,10.23,-0.03,-0.01,0.00,0.03,0.66,10.16,-0.12,0.12,0.02
-0.29,0.11,9.92,0.04,-0.09,-0.01,-0.22,0.39,10.04,0.04,-0.05,-0.01
-0.32,0.03,9.93,0.06,-0.11,-0.02,-0.22,0.39,10.04,0.04,-0.05,-0.01
-0.33,0.02,9.93,0.05,-0.11,-0.01,-0.33,0.31,9.98,0.03,-0.05,-0.01
-0.27,0.11,9.91,0.06,-0.11,-0.01,-0.39,0.31,9.99,0.03,-0.05,-0.00
-0.35,0.02,9.93,0.05,-0.11,-0.02,-0.35,0.29,10.00,0.03,-0.05,-0.01
-0.33,0.06,9.93,0.06,-0.11,-0.01,-0.35,0.29,10.00,0.03,-0.05,-0.01
-0.29,0.09,9.93,0.05,-0.11,-0.02,-0.35,0.30,9.99,0.03,-0.05,-0.01
-0.33,0.03,9.92,0.06,-0.11,-0.02,-0.34,0.34,9.99,0.03,-0.05,-0.01
-0.32,0.06,9.94,0.06,-0.11,-0.02,-0.33,0.34,9.98,0.03,-0.05,-0.01
-0.30,0.09,9.93,0.06,-0.11,-0.02,-0.33,0.34,9.98,0.03,-0.05,-0.01
-0.33,0.04,9.94,0.06,-0.11,-0.02,-0.30,0.34,9.99,0.03,-0.05,-0.01
-0.31,0.06,9.93,0.05,-0.11,-0.01,-0.33,0.34,9.98,0.03,-0.05,-0.00
-0.32,0.07,9.92,0.06,-0.11,-0.02,-0.33,0.34,9.98,0.03,-0.05,-0.00
-0.33,0.04,9.91,0.06,-0.11,-0.01,-0.32,0.34,9.99,0.03,-0.05,-0.01
-0.31,0.05,9.91,0.05,-0.11,-0.02,-0.33,0.34,9.99,0.03,-0.05,-0.01
-0.32,0.07,9.91,0.06,-0.11,-0.02,-0.34,0.32,9.99,0.03,-0.05,-0.01
-0.36,0.06,9.94,0.05,-0.10,-0.02,-0.34,0.32,9.99,0.03,-0.05,-0.01
-0.32,0.07,9.94,0.05,-0.10,-0.01,-0.36,0.31,9.96,0.02,-0.04,-0.01
-0.37,0.01,9.94,0.05,-0.11,-0.02,-0.31,0.35,10.00,0.03,-0.05,-0.01
-0.33,0.05,9.92,0.06,-0.11,-0.02,-0.30,0.35,9.99,0.02,-0.04,-0.01
-0.28,0.24,9.93,0.07,-0.11,-0.09,-0.30,0.35,9.99,0.02,-0.04,-0.01
-0.29,-0.02,9.90,0.06,-0.11,-0.02,-0.46,0.42,9.92,0.05,-0.04,-0.11
-0.22,0.30,9.90,0.06,-0.12,0.01,-0.03,-0.10,9.75,0.01,-0.02,0.02
-0.43,0.02,10.06,0.06,-0.11,-0.01,-0.43,0.17,9.93,0.02,-0.04,-0.01
-0.47,-0.08,9.90,0.05,-0.10,-0.02,-0.43,0.17,9.93,0.02,-0.04,-0.01
-0.26,0.18,9.91,0.05,-0.11,-0.01,-0.48,0.18,9.93,0.02,-0.04,-0.01
-0.36,0.04,9.92,0.06,-0.12,-0.02,-0.35,0.24,10.01,0.03,-0.04,-0.01
-0.37,0.02,9.92,0.05,-0.10,-0.02,-0.30,0.37,10.00,0.02,-0.04,-0.01
-0.36,-0.26,10.20,0.06,-0.11,-0.01,-0.30,0.37,10.00,0.02,-0.04,-0.01
-0.25,0.02,9.92,0.06,-0.12,-0.02,-0.17,0.39,10.04,0.01,-0.03,0.00
-0.27,0.14,9.93,0.06,-0.12,-0.01,-0.39,0.24,9.96,0.02,-0.03,-0.01
-0.38,0.02,9.94,0.05,-0.11,-0.02,-0.36,0.28,9.99,0.03,-0.05,-0.01
-0.34,0.05,9.92,0.05,-0.11,-0.02,-0.36,0.28,9.99,0.03,-0.05,-0.01
-0.30,0.10,9.91,0.06,-0.11,-0.02,-0.37,0.31,9.99,0.03,-0.05,-0.01
-0.34,0.03,9.93,0.06,-0.11,-0.02,-0.33,0.33,9.98,0.03,-0.04,-0.01
-0.33,0.05,9.92,0.05,-0.11,-0.01,-0.31,0.36,9.99,0.03,-0.05,-0.01
-0.32,0.07,9.92,0.06,-0.11,-0.02,-0.31,0.36,9.99,0.03,-0.05,-0.01
-0.34,0.03,9.92,0.05,-0.11,-0.01,-0.31,0.35,9.99,0.03,-0.05,-0.01
-0.30,0.04,9.91,0.05,-0.11,-0.01,-0.33,0.34,9.99,0.03,-0.05,-0.01
-0.43,0.10,9.88,0.05,-0.11,-0.01,-0.52,0.47,9.97,-0.01,-0.03,0.04
-0.33,0.03,9.90,0.05,-0.11,-0.02,-0.52,0.47,9.97,-0.01,-0.03,0.04
-0.33,0.03,9.92,0.05,-0.11,-0.01,-0.38,0.34,9.97,0.03,-0.04,-0.01
-0.27,0.05,9.93,0.05,-0.11,-0.01,-0.36,0.30,9.99,0.03,-0.04,-0.01
-0.33,-0.01,9.95,0.06,-0.12,-0.02,-0.40,0.36,10.00,0.02,-0.05,-0.00
-0.40,-0.19,9.85,0.06,-0.10,-0.07,-0.40,0.36,10.00,0.02,-0.05,-0.00
-0.29,0.10,9.83,0.06,-0.11,-0.02,-0.44,0.23,10.18,0.03,-0.05,0.00
-0.39,-0.02,9.92,0.05,-0.11,-0.01,-0.44,0.41,10.02,0.03,-0.05,0.01
-0.36,0.05,9.92,0.06,-0.12,-0.01,-0.33,0.34,9.97,0.02,-0.05,-0.00
-0.32,0.11,9.94,0.05,-0.10,-0.02,-0.33,0.34,9.97,0.02,-0.05,-0.00
-0.32,0.03,9.93,0.06,-0.11,-0.02,-0.37,0.31,9.97,0.02,-0.04,-0.01
-0.34,-0.01,9.94,0.06,-0.11,-0.02,-0.34,0.35,9.97,0.02,-0.04,-0.01
-0.32,0.07,9.91,0.05,-0.11,-0.01,-0.32,0.31,9.96,0.03,-0.05,-0.01
-0.28,0.06,9.93,0.06,-0.13,0.00,-0.32,0.31,9.96,0.03,-0.05,-0.01
-0.34,0.01,9.92,0.05,-0.11,-0.02,-0.29,0.37,9.99,0.03,-0.06,0.01
-0.26,0.09,9.93,0.05,-0.11,-0.01,-0.37,0.29,9.97,0.03,-0.05,-0.00
-0.30,0.05,9.89,0.06,-0.11,-0.02,-0.35,0.28,9.99,0.02,-0.04,-0.01
-0.03,-0.14,9.89,0.04,-0.10,-0.01,-0.35,0.28,9.99,0.02,-0.04,-0.01
-0.57,-0.01,10.05,0.06,-0.13,-0.05,0.77,-0.10,9.56,-0.02,0.00,0.02
-0.39,0.05,9.89,0.07,-0.12,-0.01,-0.05,0.20,10.04,0.01,-0.03,-0.02
-0.23,0.03,9.89,0.05,-0.08,-0.05,-0.27,0.59,10.16,0.03,-0.04,-0.04
-0.40,-0.02,9.94,0.06,-0.12,-0.01,-0.27,0.59,10.16,0.03,-0.04,-0.04
-0.27,0.11,9.94,0.12,-0.12,-0.11,-0.33,0.18,10.05,0.03,-0.05,-0.01
-0.43,-0.28,10.07,0.02,-0.10,0.05,-0.16,0.69,9.98,0.05,-0.04,-0.06
0.16,0.78,10.77,0.15,-0.21,-0.04,-0.35,-0.18,10.07,0.18,-0.04,-0.52
-0.40,0.28,9.88,0.08,-0.14,-0.02,-0.35,-0.18,10.07,0.18,-0.04,-0.52
-0.49,0.09,9.85,0.05,-0.10,0.01,-0.17,0.33,9.94,0.03,-0.05,-0.01
-0.39,0.11,9.93,0.05,-0.11,-0.02,-0.48,0.41,10.07,0.03,-0.06,0.02
-0.30,-0.09,9.85,0.05,-0.11,-0.02,0.36,-0.01,9.93,0.03,-0.04,-0.05
-0.05,0.12,9.66,0.04,-0.11,0.01,0.36,-0.01,9.93,0.03,-0.04,-0.05
-0.52,0.06,9.82,0.05,-0.11,-0.01,-0.26,0.29,10.00,-0.00,-0.00,0.00
-0.87,0.02,10.19,0.04,-0.11,-0.04,0.51,-0.46,10.32,0.02,-0.06,0.08
-0.36,0.04,9.93,0.04,-0.08,-0.01,-0.22,0.33,10.14,0.02,-0.01,-0.01
-0.45,-0.02,10.05,0.06,-0.13,-0.02,-0.22,0.33,10.14,0.02,-0.01,-0.01
-0.42,0.02,9.92,0.06,-0.13,-0.02,-0.48,0.24,9.93,0.04,-0.08,-0.00
-0.56,0.12,9.95,0.06,-0.12,-0.00,-0.27,0.20,10.11,0.01,-0.01,-0.00
-0.43,-0.06,9.87,0.05,-0.11,-0.02,-0.36,0.19,10.04,0.03,-0.04,-0.01
-0.57,0.10,9.90,0.04,-0.10,0.01,-0.36,0.19,10.04,0.03,-0.04,-0.01
-0.70,-0.03,10.03,-0.03,-0.10,0.11,-0.69,0.31,9.93,0.02,-0.04,0.01
-0.54,-0.11,9.82,-0.00,-0.06,-0.04,-0.09,0.34,10.20,0.09,-0.15,0.12
-0.44,-0.09,9.95,0.05,-0.11,-0.01,-0.36,0.20,10.04,0.03,-0.05,0.01
-0.33,-0.04,9.90,0.06,-0.11,-0.04,-0.36,0.20,10.04,0.03,-0.05,0.01
-0.40,-0.00,9.92,0.04,-0.09,-0.03,-0.22,0.12,9.89,0.02,-0.03,-0.04
-0.46,-0.11,9.95,0.06,-0.10,-0.01,-0.40,0.30,9.98,0.02,-0.02,-0.09
-0.37,-0.03,9.92,0.06,-0.11,-0.01,-0.42,0.32,10.13,0.05,-0.07,0.01
-0.47,-0.06,9.93,0.05,-0.11,-0.01,-0.42,0.32,10.13,0.05,-0.07,0.01
-0.44,-0.04,9.97,0.06,-0.11,-0.01,-0.50,0.27,9.97,0.03,-0.06,-0.00
-0.47,0.02,9.95,0.05,-0.11,-0.02,-0.36,0.22,9.87,0.02,-0.03,-0.01
-0.45,-0.00,10.03,0.21,-0.27,-0.03,-0.45,0.31,9.96,0.13,-0.17,0.00
-0.42,0.51,9.77,0.22,-0.28,-0.06,-0.45,0.31,9.96,0.13,-0.17,0.00
0.50,0.31,9.79,0.17,-0.24,-0.02,-0.31,0.79,10.01,0.13,-0.15,-0.05
0.09,0.39,9.95,0.07,-0.09,-0.01,0.16,0.51,10.06,0.13,-0.17,0.01
0.08,0.39,9.92,0.06,-0.11,-0.02,0.06,0.73,10.00,0.04,-0.05,-0.00
0.12,0.53,9.96,0.08,-0.15,-0.02,0.06,0.73,10.00,0.04,-0.05,-0.00
0.18,0.42,9.87,0.10,-0.16,-0.04,0.14,0.77,9.97,0.07,-0.09,-0.01
0.22,0.38,9.85,0.08,-0.13,-0.03,0.12,0.82,9.96,0.06,-0.09,-0.03
0.28,0.50,9.89,0.08,-0.15,-0.02,0.12,0.90,10.01,0.05,-0.08,-0.01
0.39,0.44,9.70,0.09,-0.18,-0.01,0.12,0.90,10.01,0.05,-0.08,-0.01
0.06,0.47,9.94,0.05,-0.10,-0.01,0.23,0.78,9.91,0.04,-0.09,-0.00
0.36,0.64,9.89,0.06,-0.12,-0.02,0.28,0.83,9.97,0.02,-0.05,-0.02
0.31,0.49,9.92,0.06,-0.13,-0.04,0.34,0.77,9.95,0.04,-0.09,-0.04
0.14,0.59,9.99,0.07,-0.15,-0.02,0.34,0.77,9.95,0.04,-0.09,-0.04
0.24,0.57,9.95,0.05,-0.10,-0.02,0.35,0.74,9.98,0.05,-0.10,-0.01
0.27,0.62,9.88,0.06,-0.11,-0.02,0.34,0.80,10.00,0.03,-0.05,-0.01
0.25,0.57,9.91,0.05,-0.11,-0.02,0.23,0.83,9.95,0.03,-0.05,-0.01
0.24,0.55,9.92,0.05,-0.11,-0.02,0.23,0.83,9.95,0.03,-0.05,-0.01
0.27,0.59,9.90,0.06,-0.12,-0.02,0.27,0.84,9.95,0.03,-0.05,-0.01
0.28,0.60,9.88,0.06,-0.12,-0.02,0.29,0.82,9.99,0.03,-0.05,-0.00
0.28,0.55,9.89,0.06,-0.12,-0.02,0.32,0.82,9.96,0.03,-0.05,-0.01
0.36,0.53,9.91,0.06,-0.11,-0.01,0.32,0.82,9.96,0.03,-0.05,-0.01
1.21,0.49,9.92,0.05,-0.12,-0.06,0.34,0.84,9.97,0.03,-0.04,-0.00
0.55,0.45,9.98,0.05,-0.14,-0.25,0.26,0.83,9.97,0.03,-0.09,-0.14
-0.23,0.81,9.86,0.05,-0.11,-0.12,0.13,0.84,9.97,0.03,-0.06,-0.19
0.24,0.50,9.84,0.05,-0.13,-0.08,0.13,0.84,9.97,0.03,-0.06,-0.19
0.45,0.56,9.85,0.06,-0.11,-0.02,0.32,0.82,9.92,0.03,-0.06,-0.06
0.31,0.57,9.93,0.06,-0.12,-0.03,0.31,0.82,9.96,0.03,-0.05,-0.03
0.33,0.52,9.90,0.06,-0.12,-0.02,0.29,0.85,9.95,0.03,-0.05,-0.01
0.39,0.64,9.87,0.06,-0.11,-0.02,0.29,0.85,9.95,0.03,-0.05,-0.01
0.34,0.53,9.88,0.05,-0.11,-0.01,0.36,0.87,9.96,0.03,-0.04,-0.01
0.36,0.55,9.92,0.05,-0.10,-0.01,0.33,0.80,9.96,0.03,-0.04,-0.00
0.35,0.54,9.92,0.06,-0.11,-0.01,0.33,0.83,9.94,0.03,-0.05,-0.01
0.33,0.54,9.91,0.06,-0.11,-0.01,0.33,0.83,9.94,0.03,-0.05,-0.01
0.35,0.55,9.93,0.05,-0.12,-0.01,0.35,0.83,9.97,0.03,-0.05,-0.01
0.31,0.56,9.92,0.05,-0.13,-0.02,0.63,0.89,9.75,0.03,0.01,0.00
0.44,0.40,9.87,0.05,-0.12,-0.08,0.34,0.84,10.02,0.03,-0.03,-0.03
0.26,0.57,9.91,0.05,-0.10,-0.20,0.34,0.84,10.02,0.03,-0.03,-0.03
0.44,0.50,9.77,0.05,-0.12,-0.04,0.19,0.88,10.01,0.01,-0.03,-0.19
0.15,0.56,9.92,0.06,-0.12,-0.02,0.42,0.84,9.98,0.02,-0.04,-0.01
0.18,0.51,9.92,0.05,-0.11,-0.02,0.21,0.80,9.97,0.02,-0.03,-0.01
0.23,0.57,9.91,0.06,-0.11,-0.02,0.21,0.80,9.97,0.02,-0.03,-0.01
0.24,0.51,9.91,0.05,-0.11,-0.02,0.20,0.84,9.97,0.03,-0.04,-0.01
0.23,0.51,9.91,0.05,-0.11,-0.02,0.22,0.83,9.96,0.03,-0.05,-0.01
0.25,0.53,9.91,0.05,-0.11,-0.02,0.23,0.82,9.98,0.03,-0.05,-0.01
0.22,0.52,9.90,0.06,-0.11,-0.02,0.23,0.82,9.98,0.03,-0.05,-0.01
0.23,0.52,9.90,0.06,-0.11,-0.02,0.22,0.80,9.97,0.03,-0.05,-0.01
0.23,0.52,9.90,0.05,-0.11,-0.02,0.21,0.80,9.97,0.03,-0.05,-0.01
0.22,0.52,9.91,0.06,-0.11,-0.02,0.22,0.80,9.96,0.03,-0.05,-0.01
0.22,0.45,9.97,0.05,-0.11,-0.01,0.22,0.80,9.96,0.03,-0.05,-0.01
0.28,0.52,9.91,0.05,-0.11,-0.02,0.23,0.76,9.99,0.03,-0.05,-0.01
0.25,0.52,9.91,0.06,-0.11,-0.02,0.17,0.78,9.94,0.03,-0.04,-0.01
0.20,0.51,9.91,0.06,-0.11,-0.02,0.21,0.79,9.95,0.03,-0.05,-0.01
-0.50,0.59,10.05,-0.03,0.19,-0.02,0.21,0.79,9.95,0.03,-0.05,-0.01
0.43,0.66,9.80,0.09,-0.18,-0.06,-0.18,0.65,10.16,-0.07,-0.07,0.01
0.15,0.42,9.88,0.06,-0.14,-0.02,-0.04,0.85,9.94,0.02,-0.04,-0.00
0.19,0.60,9.88,0.06,-0.13,-0.02,0.07,0.91,9.99,0.03,-0.05,-0.01
0.18,0.74,9.57,0.08,-0.13,-0.01,0.07,0.91,9.99,0.03,-0.05,-0.01
0.11,0.41,9.89,0.05,-0.11,-0.02,0.03,0.84,9.83,0.01,-0.00,-0.01
0.14,0.60,9.84,0.07,-0.13,-0.02,0.10,0.64,9.91,0.03,-0.03,-0.01
0.12,0.45,9.89,0.05,-0.12,-0.02,0.07,0.67,10.00,0.03,-0.06,-0.01
0.08,0.44,9.90,0.05,-0.11,-0.02,0.07,0.67,10.00,0.03,-0.06,-0.01
0.26,0.94,9.96,-0.01,0.17,0.29,0.05,0.73,9.96,0.03,-0.05,-0.01
0.39,0.64,9.81,0.09,-0.18,-0.02,-1.10,0.59,9.98,0.12,-0.13,0.13
0.00,0.45,9.91,0.08,-0.17,-0.01,-0.15,0.78,9.95,0.05,-0.06,-0.01
-0.04,0.57,9.85,0.09,-0.14,-0.02,-0.15,0.78,9.95,0.05,-0.06,-0.01
-0.17,0.47,9.99,0.01,0.02,-0.02,0.05,0.90,9.96,0.05,-0.06,-0.01
-0.21,0.33,9.88,0.09,-0.14,-0.01,0.01,0.81,10.00,-0.00,0.00,-0.01
0.22,0.51,9.84,0.06,-0.13,0.04,0.15,0.80,9.76,0.02,-0.09,0.02
0.10,0.44,9.96,0.03,-0.04,0.06,0.15,0.80,9.76,0.02,-0.09,0.02
-0.15,0.32,9.97,0.05,-0.11,-0.00,-0.01,0.76,10.01,0.00,0.02,0.08
0.10,0.50,9.55,0.11,-0.28,-0.00,0.05,0.78,10.02,0.01,-0.05,-0.00
-0.07,0.47,9.93,0.07,-0.14,-0.02,-0.10,0.61,9.95,0.02,-0.02,-0.01
-0.09,0.03,9.95,0.03,-0.04,0.07,-0.10,0.61,9.95,0.02,-0.02,-0.01
-0.01,0.40,9.90,0.05,-0.10,-0.02,-0.22,0.54,9.99,0.02,-0.02,0.03
-0.10,0.38,9.94,0.04,-0.09,-0.02,-0.08,0.76,10.01,0.05,-0.08,-0.05
-0.20,0.62,9.86,0.09,-0.15,-0.02,0.01,0.72,10.00,0.04,-0.06,-0.00
-0.02,0.31,10.13,0.09,-0.21,-0.02,0.01,0.72,10.00,0.04,-0.06,-0.00
0.14,0.58,9.78,0.07,-0.10,-0.01,0.14,0.59,9.82,0.07,-0.16,0.00
-0.11,0.37,9.92,0.05,-0.11,-0.02,0.09,0.79,10.05,0.02,-0.02,-0.01
-0.01,0.48,9.90,0.06,-0.12,-0.02,-0.02,0.83,9.97,0.03,-0.06,-0.01
0.10,0.54,9.90,0.07,-0.14,-0.01,-0.02,0.83,9.97,0.03,-0.06,-0.01
-0.11,0.37,9.99,0.04,-0.08,-0.01,0.14,0.85,9.98,0.03,-0.07,-0.00
0.12,0.57,9.88,0.07,-0.14,-0.02,-0.09,0.67,9.96,0.04,-0.05,-0.01
-0.22,0.30,9.97,0.06,-0.09,-0.02,-0.11,0.59,9.94,0.02,-0.02,-0.01
-0.03,0.50,9.93,0.03,-0.06,0.01,-0.11,0.59,9.94,0.02,-0.02,-0.01
-0.41,0.39,10.02,0.10,-0.18,-0.03,0.03,0.75,10.03,0.00,0.00,0.02
0.04,0.51,9.95,0.05,-0.09,-0.05,0.04,0.94,10.05,0.11,-0.20,-0.03
-0.41,0.37,10.00,0.09,-0.16,-0.08,-0.50,0.60,9.96,0.03,-0.03,-0.04
-0.04,0.47,10.12,0.10,-0.23,-0.19,-0.50,0.60,9.96,0.03,-0.03,-0.04
0.60,0.58,9.61,0.03,-0.05,-0.13,0.04,0.85,9.93,0.08,-0.20,-0.18
0.08,0.48,9.96,0.00,-0.04,-0.00,0.47,0.91,10.05,-0.09,0.17,-0.06
-0.01,0.40,9.91,0.08,-0.16,-0.14,-0.24,0.68,9.91,0.04,-0.08,-0.12
0.04,0.48,9.88,0.07,-0.14,-0.03,-0.24,0.68,9.91,0.04,-0.08,-0.12
-0.02,0.47,9.89,0.06,-0.12,-0.02,0.15,0.78,10.04,0.04,-0.06,-0.00
-0.01,0.49,9.91,0.05,-0.11,-0.01,0.03,0.70,9.99,0.02,-0.04,-0.01
0.13,0.53,9.53,0.06,-0.10,-0.01,0.01,0.70,9.97,0.03,-0.05,-0.01
-0.04,0.38,9.90,0.08,-0.12,-0.02,0.01,0.70,9.97,0.03,-0.05,-0.01
-0.03,0.26,9.91,0.05,-0.11,-0.34,-0.05,0.70,9.99,0.05,-0.06,-0.02
0.19,0.51,9.77,0.04,-0.06,-0.49,-0.39,0.38,9.99,0.03,-0.07,-0.52
-0.19,0.39,9.95,0.10,-0.19,-0.25,-0.33,0.67,9.91,0.05,-0.08,-0.26
-0.06,0.53,9.98,0.06,-0.14,-0.15,-0.33,0.67,9.91,0.05,-0.08,-0.26
-0.11,0.64,9.99,0.03,-0.09,-0.05,-0.11,0.77,10.01,0.04,-0.09,-0.14
0.04,0.36,9.90,0.05,-0.10,-0.01,-0.26,0.65,9.90,0.01,-0.04,-0.01
-0.05,0.45,9.95,0.05,-0.12,-0.01,0.03,0.85,10.01,0.04,-0.07,-0.00
-0.02,0.50,9.86,0.06,-0.12,-0.01,0.03,0.85,10.01,0.04,-0.07,-0.00
-0.32,0.38,9.97,0.05,-0.11,-0.01,0.07,0.81,10.01,0.02,-0.05,-0.01
-0.05,0.49,9.96,0.06,-0.11,-0.01,-0.06,0.72,9.97,0.05,-0.09,-0.00
-0.03,0.62,9.89,0.03,-0.09,0.03,0.16,0.61,10.01,0.03,-0.04,0.03
-0.09,0.31,9.98,0.06,-0.12,-0.02,0.16,0.61,10.01,0.03,-0.04,0.03
0.05,0.44,9.92,0.05,-0.10,-0.02,-0.16,0.70,10.06,0.03,-0.05,-0.01
-0.01,0.50,9.93,0.05,-0.11,-0.01,-0.19,0.64,9.97,0.02,-0.04,-0.01
0.10,0.40,9.93,0.07,-0.14,-0.01,-0.05,0.57,9.96,0.05,-0.09,-0.00
-0.06,0.35,9.97,0.04,-0.10,-0.01,-0.05,0.57,9.96,0.05,-0.09,-0.00
0.20,0.62,9.77,0.06,-0.14,-0.02,-0.23,0.52,9.91,0.02,-0.03,-0.01
-0.02,0.29,9.90,0.04,-0.09,-0.02,-0.05,0.81,9.96,0.02,-0.03,-0.01
0.05,0.46,9.90,0.05,-0.10,-0.01,0.02,0.89,9.93,0.03,-0.06,-0.01
0.01,0.54,9.90,0.06,-0.12,-0.02,0.02,0.89,9.93,0.03,-0.06,-0.01
-0.57,0.47,10.09,0.05,-0.08,0.00,0.04,0.84,9.96,0.03,-0.05,-0.01
0.13,0.61,9.96,0.03,-0.07,-0.02,-0.14,0.72,9.99,0.06,-0.10,0.00
0.53,0.64,9.65,0.04,-0.14,0.03,-0.23,0.21,10.47,0.09,-0.12,0.06
-0.15,0.34,9.99,0.05,-0.09,-0.01,-0.23,0.21,10.47,0.09,-0.12,0.06
0.06,0.59,9.87,0.05,-0.10,-0.02,-0.17,0.58,10.07,0.01,-0.03,-0.01
-0.07,0.45,9.91,0.06,-0.11,-0.02,-0.08,0.56,9.96,0.02,-0.05,-0.01
-0.02,0.36,9.93,0.05,-0.10,-0.02,0.02,0.73,9.97,0.02,-0.04,-0.01
-0.19,0.55,9.91,0.08,-0.16,-0.01,0.02,0.73,9.97,0.02,-0.04,-0.01
-0.05,0.50,9.90,0.05,-0.11,-0.02,-0.02,0.82,9.99,0.05,-0.10,0.00
-0.07,0.40,9.90,0.05,-0.10,-0.01,-0.05,0.76,10.02,0.02,-0.04,-0.01
0.02,0.49,9.90,0.06,-0.11,-0.02,-0.01,0.74,9.97,0.03,-0.05,-0.01
0.00,0.44,9.92,0.05,-0.11,-0.02,-0.01,0.74,9.97,0.03,-0.05,-0.01
-0.04,0.42,9.91,0.05,-0.11,-0.02,-0.02,0.73,9.97,0.03,-0.05,-0.01
0.00,0.47,9.91,0.06,-0.11,-0.02,-0.02,0.72,9.98,0.03,-0.05,-0.01
-0.11,0.44,10.03,0.05,-0.14,-0.02,-0.06,0.68,9.91,0.03,-0.05,-0.01
0.01,0.44,9.91,0.06,-0.11,-0.02,-0.06,0.68,9.91,0.03,-0.05,-0.01
-0.13,0.46,9.92,0.06,-0.11,-0.02,-0.03,0.75,9.98,0.03,-0.03,-0.01
-0.15,0.55,9.93,0.04,-0.08,-0.07,0.04,0.85,10.01,0.03,-0.02,-0.01
-0.24,0.37,9.96,0.08,-0.15,-0.01,-0.02,0.58,9.97,0.04,-0.07,-0.06
-0.08,0.44,9.95,0.04,-0.09,-0.01,-0.02,0.58,9.97,0.04,-0.07,-0.06
0.02,0.49,9.93,0.05,-0.10,-0.02,-0.19,0.67,9.93,0.02,-0.03,-0.01
-0.01,0.36,9.96,0.05,-0.11,-0.02,-0.03,0.82,9.97,0.02,-0.04,-0.01
0.13,0.67,9.95,0.03,-0.06,-0.01,0.16,0.90,9.98,0.03,-0.04,-0.01
-0.18,0.46,9.99,0.12,-0.22,-0.02,0.16,0.90,9.98,0.03,-0.04,-0.01
0.05,0.35,9.91,0.07,-0.15,0.03,-0.11,0.93,10.05,0.10,-0.16,-0.00
-0.38,0.57,9.97,-0.02,0.01,-0.02,0.18,0.73,10.02,-0.01,0.04,-0.02
-0.11,0.38,9.93,0.07,-0.13,-0.02,-0.21,0.50,9.96,0.04,-0.07,-0.01
-0.08,0.33,9.85,0.04,-0.10,-0.06,-0.21,0.50,9.96,0.04,-0.07,-0.01
0.55,0.75,9.70,0.08,-0.17,-0.01,-0.13,0.63,10.07,0.01,-0.03,-0.05
-0.05,0.36,9.94,0.12,-0.22,-0.01,-0.29,0.59,9.87,-0.00,0.01,-0.01
-0.20,0.43,9.99,0.05,-0.11,-0.01,-0.05,0.80,9.68,0.00,-0.01,-0.01
0.08,0.58,9.83,0.06,-0.13,-0.02,-0.05,0.80,9.68,0.00,-0.01,-0.01
-0.26,0.10,10.15,0.00,-0.02,-0.01,0.11,0.97,9.91,0.03,-0.05,-0.01
0.12,0.47,9.83,0.05,-0.09,-0.02,-0.20,0.66,9.78,0.04,-0.06,-0.01
0.02,0.48,9.91,0.06,-0.12,-0.02,-0.13,0.65,9.94,0.03,-0.05,-0.01
-0.12,0.30,9.92,0.05,-0.11,-0.02,-0.13,0.65,9.94,0.03,-0.05,-0.01
-0.01,0.52,9.89,0.05,-0.11,-0.02,-0.09,0.57,9.99,0.03,-0.05,-0.01
-0.04,0.43,9.91,0.06,-0.12,-0.02,-0.06,0.63,9.99,0.02,-0.04,-0.01
-0.07,0.35,9.93,0.05,-0.11,-0.02,-0.02,0.73,9.97,0.03,-0.04,-0.01
0.02,0.48,9.88,0.05,-0.11,-0.02,-0.02,0.73,9.97,0.03,-0.04,-0.01
-0.05,0.35,9.81,0.06,-0.11,-0.01,-0.00,0.77,10.07,0.03,-0.04,-0.01
-0.07,0.39,9.90,0.05,-0.11,-0.01,0.00,0.81,9.99,0.03,-0.05,-0.01
-0.02,0.49,9.92,0.06,-0.11,-0.02,-0.03,0.75,9.97,0.03,-0.05,-0.01
-0.17,0.36,9.95,0.05,-0.10,-0.02,-0.03,0.75,9.97,0.03,-0.05,-0.01
-0.03,0.41,9.92,0.06,-0.13,-0.02,-0.11,0.75,9.89,0.04,-0.06,-0.01
-0.14,0.41,9.88,0.02,-0.05,-0.01,0.09,0.76,10.01,0.02,-0.04,-0.01
0.26,0.60,9.92,0.05,-0.13,-0.03,0.16,0.85,10.13,0.07,-0.13,-0.01
0.88,0.62,10.27,0.22,-0.44,-0.06,0.16,0.85,10.13,0.07,-0.13,-0.01
0.11,0.37,9.91,0.02,-0.14,-0.00,-0.14,0.04,9.18,-0.05,0.03,-0.02
-0.46,0.38,10.01,0.05,-0.05,-0.00,0.43,0.55,10.35,-0.03,0.02,-0.01
-0.01,0.45,10.09,0.03,-0.05,-0.03,0.32,0.84,10.44,0.10,-0.15,0.00
-0.31,0.41,9.93,-0.05,-0.00,-0.04,0.32,0.84,10.44,0.10,-0.15,0.00
-0.58,0.14,10.01,0.03,-0.17,-0.05,-0.62,0.42,9.95,0.02,-0.10,-0.04
-0.38,0.39,9.90,0.01,-0.07,-0.02,-0.62,0.42,9.95,0.02,-0.10,-0.04
-0.04,0.36,9.78,-0.05,-0.08,-0.02,-0.15,0.63,9.80,0.01,-0.05,-0.01
0.08,0.16,9.93,-0.00,-0.12,-0.01,-0.01,0.69,9.63,-0.11,-0.06,-0.02
-0.02,0.22,10.00,0.03,-0.14,-0.03,-0.20,0.56,9.68,-0.01,-0.07,-0.01
-0.12,0.03,10.08,0.05,-0.11,-0.02,-0.20,0.56,9.68,-0.01,-0.07,-0.01
0.40,0.43,9.38,0.06,-0.09,-0.23,-0.04,0.47,9.88,0.03,-0.06,-0.02
0.51,-0.38,9.31,0.12,-0.03,0.07,-0.03,0.50,9.73,0.12,-0.11,-0.04
-0.01,0.27,9.88,0.05,-0.09,-0.02,-0.16,0.62,9.92,0.05,-0.08,-0.01
-0.11,0.27,9.99,0.06,-0.10,-0.01,-0.16,0.62,9.92,0.05,-0.08,-0.01
-0.08,0.42,9.87,0.05,-0.11,-0.02,-0.23,0.55,10.05,0.03,-0.03,-0.01
-0.07,0.32,9.93,0.05,-0.11,-0.03,-0.12,0.64,9.89,0.03,-0.05,-0.02
-0.00,0.44,9.94,-0.01,-0.04,-0.01,-0.04,0.64,10.01,-0.02,0.00,-0.02
-0.41,0.13,9.93,0.07,-0.14,-0.20,-0.04,0.64,10.01,-0.02,0.00,-0.02
-0.09,0.26,9.92,0.11,-0.18,-0.23,-0.37,0.50,9.95,0.05,-0.10,-0.22
-0.22,0.25,9.90,0.07,-0.12,-0.01,0.08,0.63,10.07,0.05,-0.09,-0.11
0.03,0.44,9.91,0.04,-0.08,-0.01,0.08,0.64,9.99,0.06,-0.10,0.00
-0.03,0.25,9.54,0.12,-0.20,-0.03,0.08,0.64,9.99,0.06,-0.10,0.00
-0.15,0.31,9.86,0.17,-0.31,-0.09,0.25,0.71,10.51,0.14,-0.16,-0.03
-0.23,0.47,10.01,0.11,-0.21,-0.06,0.39,0.72,10.03,0.07,-0.12,-0.03
0.32,0.53,9.79,-0.04,-0.01,-0.01,0.50,0.73,10.09,0.00,-0.01,-0.02
-0.23,0.22,9.96,0.20,-0.16,-0.46,0.50,0.73,10.09,0.00,-0.01,-0.02
0.57,0.72,9.85,0.16,-0.37,-0.24,-0.37,0.60,9.84,0.17,-0.14,-0.47
0.15,0.52,9.95,0.10,-0.21,-0.06,-0.12,0.91,10.09,0.04,-0.13,-0.02
0.46,0.87,10.00,0.12,-0.19,-0.12,1.05,1.02,9.95,0.14,-0.14,-0.16
0.49,0.73,9.86,0.06,-0.16,-0.02,1.05,1.02,9.95,0.14,-0.14,-0.16
0.43,0.81,9.91,0.06,-0.11,-0.01,0.55,1.00,9.89,0.03,-0.08,-0.01
0.64,0.85,9.80,0.06,-0.13,-0.01,0.49,0.97,9.92,0.02,-0.04,-0.00
0.44,0.64,10.15,0.06,-0.16,-0.02,0.23,1.02,9.93,0.03,-0.08,-0.01
0.42,0.83,9.98,0.07,-0.22,-0.04,0.23,1.02,9.93,0.03,-0.08,-0.01
0.85,0.87,9.70,0.07,-0.11,-0.02,0.52,1.08,9.87,0.05,-0.18,-0.04
-2.25,-0.26,14.26,-0.22,0.42,0.12,1.21,1.21,9.42,0.03,0.06,0.02
0.17,0.78,9.75,-0.01,-0.07,-0.01,0.86,1.29,10.03,0.00,0.03,-0.00
-0.18,0.28,10.24,0.01,-0.12,-0.06,0.86,1.29,10.03,0.00,0.03,-0.00
0.74,0.77,9.52,0.07,-0.12,-0.12,-0.40,0.63,10.09,0.00,-0.12,-0.07
0.41,0.82,9.86,0.08,-0.15,-0.01,0.55,1.04,9.98,0.05,-0.02,0.00
0.22,0.73,10.00,0.04,-0.09,-0.02,0.64,1.02,9.96,0.02,-0.02,0.00
0.64,0.72,9.97,0.03,-0.08,-0.02,0.64,1.02,9.96,0.02,-0.02,0.00
0.36,0.59,9.94,0.05,-0.16,-0.04,0.47,1.18,10.01,-0.01,-0.01,-0.02
0.07,0.47,10.16,0.03,-0.10,-0.32,0.08,0.89,9.91,0.01,-0.06,-0.14
0.61,2.69,5.99,0.07,-0.67,-0.01,10.97,3.04,13.18,0.45,-0.38,-0.55
-0.49,0.56,10.27,0.02,0.07,0.05,10.97,3.04,13.18,0.45,-0.38,-0.55
0.31,0.82,10.09,0.01,0.06,0.03,-0.24,0.62,9.94,0.01,0.03,0.03
0.43,0.71,9.81,0.06,-0.12,-0.01,0.01,1.02,9.94,-0.01,0.04,0.03
0.71,0.78,9.67,0.05,-0.10,-0.00,0.36,0.98,9.92,0.04,-0.08,-0.01
0.30,0.53,10.04,0.07,-0.18,-0.02,0.36,0.98,9.92,0.04,-0.08,-0.01
0.03,0.57,10.16,0.06,-0.16,-0.03,0.44,1.06,9.99,0.04,-0.11,-0.01
0.50,0.79,9.75,0.08,-0.20,-0.06,0.43,0.95,9.94,0.04,-0.14,-0.04
0.16,0.58,10.13,0.07,-0.13,-0.04,0.48,0.87,9.92,0.04,-0.06,-0.02
0.45,0.82,9.94,0.16,-0.28,-0.17,0.48,0.87,9.92,0.04,-0.06,-0.02
1.08,0.95,9.73,0.08,-0.10,-0.14,0.22,1.07,10.08,0.15,-0.22,-0.15
0.21,0.80,9.90,0.07,-0.05,-0.04,0.80,1.23,9.84,0.03,-0.01,-0.03
0.68,1.02,9.80,0.10,-0.03,-0.04,0.72,1.27,9.92,0.08,0.00,-0.04
0.56,0.64,10.19,0.05,-0.07,-0.01,0.72,1.27,9.92,0.08,0.00,-0.04
0.51,0.85,9.89,0.06,-0.09,-0.02,0.46,1.18,9.83,0.03,-0.02,-0.01
0.53,1.02,9.83,0.06,-0.10,-0.02,0.46,1.11,9.92,0.03,-0.03,-0.01
0.43,0.84,9.91,0.07,-0.09,-0.02,0.45,1.11,9.93,0.03,-0.02,-0.01
0.47,0.90,9.86,0.06,-0.10,-0.02,0.45,1.11,9.93,0.03,-0.02,-0.01
0.42,0.95,9.85,0.05,-0.11,-0.01,0.48,1.15,9.94,0.03,-0.04,-0.01
0.42,0.93,9.91,0.06,-0.11,-0.02,0.47,1.17,9.97,0.03,-0.04,-0.00
0.43,0.87,9.95,0.05,-0.13,-0.02,0.44,1.20,9.95,0.03,-0.06,-0.01
0.41,0.86,10.09,0.01,-0.07,-0.01,0.44,1.20,9.95,0.03,-0.06,-0.01
0.61,1.05,9.41,0.04,-0.22,-0.00,0.24,1.34,10.09,0.00,-0.05,-0.01
-0.08,0.38,8.61,0.07,-0.20,-0.02,0.68,1.46,9.76,0.02,-0.01,-0.00
0.49,0.81,9.67,0.04,-0.12,-0.02,0.21,1.29,10.32,0.02,-0.04,-0.00
0.48,0.98,9.70,0.06,-0.11,-0.02,0.21,1.29,10.32,0.02,-0.04,-0.00
0.54,0.77,9.56,0.06,-0.13,-0.02,0.32,1.38,9.91,0.03,-0.04,-0.01
0.26,0.98,9.92,0.04,-0.09,-0.02,0.16,1.64,9.30,0.04,-0.05,-0.01
0.35,0.95,9.94,0.06,-0.12,-0.02,0.35,1.06,9.93,0.02,-0.06,-0.01
0.39,0.87,9.87,0.06,-0.11,-0.02,0.35,1.06,9.93,0.02,-0.06,-0.01
0.37,1.02,9.85,0.05,-0.11,-0.02,0.32,1.09,9.93,0.03,-0.04,-0.01
0.33,0.93,9.87,0.06,-0.11,-0.02,0.32,1.14,9.95,0.03,-0.04,-0.01
0.33,0.86,9.88,0.05,-0.11,-0.02,0.32,1.22,9.92,0.03,-0.04,-0.01
0.34,1.01,9.85,0.06,-0.11,-0.02,0.32,1.22,9.92,0.03,-0.04,-0.01
0.33,0.92,9.89,0.06,-0.11,-0.02,0.35,1.27,9.90,0.03,-0.05,-0.01
0.31,0.89,9.88,0.05,-0.11,-0.02,0.34,1.28,9.92,0.03,-0.05,-0.01
0.35,0.99,9.86,0.06,-0.11,-0.02,0.33,1.28,9.90,0.03,-0.05,-0.01
0.33,0.93,9.87,0.06,-0.11,-0.02,0.33,1.28,9.90,0.03,-0.05,-0.01
0.33,0.92,9.88,0.05,-0.11,-0.02,0.33,1.23,9.91,0.03,-0.05,-0.01
0.34,0.98,9.85,0.06,-0.11,-0.02,0.31,1.19,9.92,0.03,-0.05,-0.01
0.33,0.91,9.88,0.06,-0.11,-0.02,0.33,1.19,9.92,0.03,-0.05,-0.01
0.33,0.93,9.87,0.05,-0.11,-0.02,0.33,1.19,9.92,0.03,-0.05,-0.01
0.34,0.96,9.86,0.06,-0.11,-0.02,0.32,1.19,9.93,0.03,-0.05,-0.01
0.33,0.92,9.87,0.06,-0.11,-0.02,0.32,1.22,9.90,0.03,-0.05,-0.01
0.34,0.94,9.87,0.05,-0.11,-0.02,0.33,1.23,9.91,0.03,-0.05,-0.01
0.34,0.95,9.87,0.06,-0.11,-0.02,0.33,1.23,9.91,0.03,-0.05,-0.01
0.32,0.92,9.87,0.06,-0.11,-0.02,0.32,1.24,9.91,0.03,-0.05,-0.01
0.33,0.94,9.87,0.05,-0.11,-0.02,0.32,1.23,9.91,0.03,-0.05,-0.01
0.34,0.95,9.86,0.05,-0.11,-0.02,0.33,1.21,9.93,0.03,-0.05,-0.01
0.33,0.92,9.87,0.06,-0.11,-0.02,0.33,1.21,9.93,0.03,-0.05,-0.01
0.33,0.95,9.86,0.05,-0.11,-0.02,0.32,1.21,9.90,0.03,-0.05,-0.01
0.35,0.94,9.86,0.06,-0.11,-0.02,0.32,1.20,9.92,0.03,-0.05,-0.01
0.23,0.86,9.95,0.05,-0.10,-0.01,0.27,1.21,9.94,0.02,-0.02,-0.01
0.21,0.95,9.88,0.05,-0.09,-0.02,0.27,1.21,9.94,0.02,-0.02,-0.01
0.22,0.93,9.96,0.05,-0.06,-0.02,0.33,1.19,9.87,0.02,-0.03,-0.01
0.35,0.91,9.89,0.06,-0.12,-0.02,0.19,1.18,9.85,0.04,-0.06,-0.01
0.33,0.96,9.85,0.05,-0.11,-0.01,0.29,1.27,9.89,0.03,-0.05,-0.01
0.31,0.96,9.86,0.05,-0.11,-0.02,0.29,1.27,9.89,0.03,-0.05,-0.01
0.26,0.94,9.84,0.05,-0.11,-0.01,0.28,1.25,9.91,0.03,-0.04,-0.01
0.27,0.89,9.77,0.07,-0.12,-0.02,0.33,1.44,9.99,0.03,-0.06,-0.01
0.26,1.00,9.89,0.05,-0.11,-0.02,0.32,1.21,9.89,0.03,-0.05,-0.01
0.23,0.90,9.85,0.06,-0.12,-0.02,0.32,1.21,9.89,0.03,-0.05,-0.01
0.22,0.92,9.89,0.05,-0.10,-0.02,0.24,1.19,9.93,0.03,-0.05,-0.01
0.28,1.01,9.81,0.07,-0.11,-0.02,0.25,1.20,9.94,0.03,-0.05,-0.01
0.23,0.89,9.88,0.05,-0.11,-0.02,0.27,1.22,9.90,0.02,-0.04,-0.01
0.30,0.94,9.87,0.05,-0.11,-0.02,0.27,1.22,9.90,0.02,-0.04,-0.01
0.32,0.95,9.82,0.06,-0.12,-0.01,0.25,1.22,9.92,0.03,-0.04,-0.01
0.24,0.88,9.91,0.03,-0.08,-0.01,0.17,1.43,9.83,0.01,-0.03,-0.00
0.21,0.88,9.90,0.01,-0.06,0.00,0.21,1.23,9.92,0.01,-0.02,-0.00
0.21,0.90,9.83,0.05,-0.11,-0.01,0.21,1.23,9.92,0.01,-0.02,-0.00
0.21,0.94,9.86,0.05,-0.11,-0.01,0.19,1.19,9.91,0.02,-0.04,-0.00
-0.19,1.08,10.02,-0.01,0.08,0.00,0.26,1.08,9.88,0.02,-0.05,-0.00
