AccelX1, AccelY1, AccelZ1, GyroX1, GyroY1, GyroZ1, AccelX2, AccelY2, AccelZ2, GyroX2, GyroY2, GyroZ2
0.42,-0.45,9.86,-0.03,0.03,0.05,0.42,-0.18,10.05,-0.04,0.09,0.04
0.26,-0.33,9.59,0.02,0.04,0.05,0.42,-0.18,10.05,-0.04,0.09,0.04
-0.30,-0.37,9.32,0.03,0.05,0.05,-0.20,0.01,9.74,0.02,0.09,0.05
0.15,-0.60,10.26,0.05,-0.03,0.04,-0.20,0.01,9.74,0.02,0.09,0.05
-0.26,-0.53,9.39,0.07,-0.08,0.03,0.12,-0.12,9.98,0.05,0.01,0.04
0.04,-0.65,10.08,0.07,-0.11,0.03,0.19,-0.06,9.94,0.08,-0.02,0.03
0.06,-0.66,10.09,0.08,-0.12,0.02,-0.24,0.01,9.62,0.06,-0.07,0.03
0.51,-0.54,10.25,0.02,-0.15,0.03,-0.24,0.01,9.62,0.06,-0.07,0.03
-0.07,-0.38,10.74,0.03,-0.08,0.03,-0.25,0.04,9.93,0.01,-0.10,0.03
-0.67,-0.37,9.36,-0.01,-0.06,0.04,-0.36,0.31,10.13,-0.00,-0.03,0.03
0.06,-0.67,10.00,0.00,-0.02,0.05,-0.41,-0.14,9.38,0.01,0.03,0.04
0.11,-0.22,9.70,0.02,-0.03,0.05,-0.41,-0.14,9.38,0.01,0.03,0.04
0.04,-0.63,10.02,0.03,-0.04,0.05,0.05,-0.42,10.16,0.01,0.02,0.05
-0.45,-0.05,9.71,0.05,-0.06,0.05,-0.09,0.11,10.45,0.03,0.00,0.06
-0.05,-0.64,9.74,0.06,-0.12,0.05,-0.57,0.45,9.65,0.06,-0.04,0.05
-0.28,-0.06,10.51,0.04,-0.19,0.04,-0.57,0.45,9.65,0.06,-0.04,0.05
0.13,-0.51,9.66,-0.01,-0.24,0.04,0.18,0.45,10.65,0.03,-0.13,0.05
-0.83,-1.33,8.71,0.42,0.29,0.05,0.66,-0.36,8.78,0.04,-0.09,0.05
0.19,0.21,10.11,0.09,-0.11,0.05,-0.34,0.64,10.39,0.23,-0.07,0.09
-0.11,-0.79,8.91,0.01,-0.10,0.07,-0.34,0.64,10.39,0.23,-0.07,0.09
-0.72,0.23,9.85,0.38,0.03,0.07,-0.66,-0.06,9.86,0.04,-0.07,0.07
-0.02,0.85,9.76,0.66,0.29,0.06,0.04,0.79,10.23,0.62,0.16,0.08
-0.66,1.20,10.54,0.51,0.52,0.08,-1.06,1.67,9.46,0.53,0.56,0.07
-2.66,0.34,9.24,0.68,0.79,0.03,-1.06,1.67,9.46,0.53,0.56,0.07
-3.87,2.18,11.63,0.72,0.60,-0.58,-3.70,1.94,9.83,0.68,0.84,-0.20
-2.69,3.20,11.43,0.74,-0.68,-0.30,-2.58,3.13,11.36,0.67,0.18,-0.43
-2.88,2.88,9.56,0.43,-1.10,-0.97,-3.41,3.30,11.22,0.53,-1.09,-0.95
-2.67,1.95,9.79,0.04,-1.07,-0.61,-3.41,3.30,11.22,0.53,-1.09,-0.95
-2.70,1.67,7.34,-0.41,-0.95,-0.55,-2.73,3.31,9.15,-0.14,-1.04,-0.74
-1.98,1.52,7.05,-0.56,-0.46,-1.00,-2.87,1.67,7.64,-0.51,-0.79,-0.74
-1.83,1.54,7.29,-0.55,0.13,-1.11,-1.93,1.65,6.73,-0.60,0.03,-1.10
-1.73,1.47,7.28,-0.33,0.47,-1.31,-1.93,1.65,6.73,-0.60,0.03,-1.10
-1.68,1.78,8.79,-0.01,0.67,-1.33,-1.77,1.68,6.92,-0.28,0.49,-1.35
-3.08,1.86,9.35,0.39,0.46,-1.30,-2.48,1.86,8.61,0.21,0.63,-1.31
-3.30,2.27,10.23,0.54,0.22,-1.08,-3.38,1.94,9.58,0.53,0.30,-0.99
-3.32,2.62,10.60,0.48,0.05,-0.88,-3.38,1.94,9.58,0.53,0.30,-0.99
-3.08,2.01,9.72,0.49,-0.04,-0.74,-3.06,2.20,9.52,0.46,0.06,-0.78
-2.55,1.98,8.50,0.40,-0.29,-0.24,-2.37,1.89,9.15,0.49,-0.07,-0.56
-3.52,1.53,9.06,-0.22,-0.91,-0.16,-3.89,1.93,10.24,0.04,-0.62,0.00
-2.94,1.23,9.69,-0.38,-1.01,0.07,-3.89,1.93,10.24,0.04,-0.62,0.00
-2.26,0.41,9.01,-0.28,-0.68,0.31,-2.01,2.16,10.47,-0.38,-0.88,0.04
-1.41,-0.31,8.01,-0.17,-0.58,0.01,-1.13,0.23,9.75,-0.35,-0.55,0.04
-0.89,-0.42,10.09,-0.01,-0.38,-0.03,-0.99,0.35,10.12,-0.11,-0.39,-0.03
-0.79,0.13,11.14,0.28,-0.20,0.36,-0.99,0.35,10.12,-0.11,-0.39,-0.03
-0.62,0.42,11.03,-0.31,-0.30,0.03,-1.19,0.39,10.89,0.25,-0.16,0.37
-0.37,-0.40,9.85,-0.34,-0.36,0.18,-0.50,0.40,10.21,-0.36,-0.30,0.24
-0.20,-0.29,10.02,-0.26,-0.30,0.10,-0.06,-0.21,9.82,-0.25,-0.27,0.11
0.32,-0.70,10.16,-0.42,-0.14,0.06,-0.06,-0.21,9.82,-0.25,-0.27,0.11
0.03,-1.38,9.23,-0.64,-0.15,-0.02,0.38,-0.65,9.82,-0.46,-0.07,0.04
0.63,-2.12,9.53,-0.53,-0.39,0.15,0.35,-1.38,9.52,-0.66,-0.28,0.01
0.53,-2.32,10.20,-0.03,-0.33,0.32,0.13,-1.63,10.20,-0.09,-0.29,0.34
0.46,-1.95,9.01,0.33,-0.27,0.35,0.13,-1.63,10.20,-0.09,-0.29,0.34
1.07,-2.13,9.07,0.23,-0.16,0.25,0.66,-1.56,10.33,0.32,-0.15,0.32
0.76,-1.80,9.01,0.28,-0.07,0.30,1.14,-1.74,9.62,0.24,-0.05,0.29
0.55,-1.76,9.04,0.32,0.01,0.33,0.84,-1.55,9.17,0.29,0.06,0.33
0.41,-1.40,10.01,0.39,0.04,0.35,0.84,-1.55,9.17,0.29,0.06,0.33
0.19,-1.01,10.49,0.48,0.13,0.39,0.34,-0.99,10.08,0.39,0.11,0.37
-0.32,-0.27,9.54,0.45,0.31,0.46,0.38,-0.45,9.97,0.47,0.28,0.43
-0.53,-0.18,11.71,0.25,0.37,0.60,-0.38,0.40,11.06,0.28,0.45,0.56
-1.32,0.10,9.66,0.16,0.26,0.70,-0.38,0.40,11.06,0.28,0.45,0.56
-1.14,0.56,9.82,0.10,0.13,0.70,-1.19,0.58,10.52,0.14,0.32,0.70
-1.30,0.53,10.19,0.02,0.03,0.63,-1.35,0.90,10.18,0.06,0.15,0.67
-1.54,0.48,9.25,-0.06,-0.05,0.55,-1.41,1.11,10.12,-0.06,0.05,0.56
-1.04,0.31,10.72,-0.13,-0.16,0.55,-1.41,1.11,10.12,-0.06,0.05,0.56
-1.31,0.34,9.53,-0.13,-0.29,0.56,-1.10,0.68,9.68,-0.14,-0.11,0.55
-1.03,0.07,8.87,-0.11,-0.28,0.55,-1.09,0.79,9.89,-0.12,-0.23,0.56
-0.70,-0.05,9.50,-0.06,-0.23,0.53,-0.84,0.42,9.92,-0.08,-0.17,0.54
-0.54,-0.01,10.39,0.00,-0.22,0.53,-0.84,0.42,9.92,-0.08,-0.17,0.54
-0.45,0.14,9.60,0.01,-0.19,0.56,-0.81,0.72,9.91,0.01,-0.14,0.54
-0.15,0.36,10.64,-0.12,-0.11,0.57,-0.11,0.72,9.50,-0.01,-0.11,0.56
-0.51,0.22,9.35,-0.45,0.18,0.58,-0.47,0.89,10.41,-0.40,0.18,0.56
-0.53,-0.59,10.12,-0.37,0.31,0.53,-0.47,0.89,10.41,-0.40,0.18,0.56
-1.19,-0.70,10.25,-0.06,0.33,0.49,-0.92,-0.15,10.02,-0.31,0.37,0.49
-1.68,-0.64,10.29,0.20,0.18,0.51,-1.38,-0.44,9.67,0.06,0.34,0.48
-2.29,0.03,9.09,0.30,-0.03,0.52,-2.15,0.04,9.96,0.28,0.12,0.53
-1.78,-0.17,11.00,0.22,-0.26,0.49,-2.15,0.04,9.96,0.28,0.12,0.53
-2.08,0.71,8.80,0.11,-0.42,0.41,-2.18,0.65,10.40,0.20,-0.22,0.49
-0.80,0.41,10.64,-0.02,-0.42,0.34,-1.13,0.63,9.69,0.03,-0.36,0.38
-0.63,0.25,9.72,-0.04,-0.26,0.30,-0.61,0.47,10.81,-0.05,-0.25,0.32
-0.58,0.30,9.83,-0.13,0.40,0.23,-0.61,0.47,10.81,-0.05,-0.25,0.32
-1.53,0.32,10.22,-0.12,0.54,0.21,-0.80,0.33,11.12,-0.15,0.49,0.21
-2.09,0.05,9.06,-0.21,0.38,0.17,-1.73,0.11,11.22,-0.16,0.54,0.17
-2.29,0.09,10.05,-0.32,0.19,0.12,-2.30,0.57,9.46,-0.31,0.27,0.11
-2.90,-0.28,8.49,-0.29,0.04,0.05,-2.30,0.57,9.46,-0.31,0.27,0.11
-2.51,-0.80,10.11,-0.09,-0.19,0.05,-2.47,-0.18,9.14,-0.27,0.05,0.04
-2.46,-0.83,8.72,0.14,-0.30,-0.00,-2.14,-0.55,10.33,-0.01,-0.20,0.04
-1.68,-0.40,10.89,0.29,-0.26,-0.06,-1.71,-0.55,10.86,0.26,-0.22,-0.03
-2.14,-0.02,8.93,0.27,-0.22,-0.10,-1.71,-0.55,10.86,0.26,-0.22,-0.03
-1.85,-0.17,9.64,0.14,-0.24,-0.12,-1.66,0.28,10.20,0.23,-0.16,-0.09
-1.85,-0.08,9.67,0.02,-0.32,-0.11,-1.95,0.19,10.38,0.07,-0.24,-0.11
-1.64,-0.00,9.11,-0.01,-0.27,-0.06,-1.17,0.17,9.89,-0.03,-0.22,-0.07
-1.65,-0.56,9.82,0.14,-0.38,0.03,-1.17,0.17,9.89,-0.03,-0.22,-0.07
-1.10,0.12,9.17,0.30,-0.51,0.08,-1.19,-0.19,9.31,0.16,-0.34,0.05
-0.97,0.17,9.16,0.36,-0.56,0.03,-0.83,0.33,9.24,0.33,-0.48,0.09
-0.24,0.40,10.66,0.32,-0.44,-0.06,-0.72,0.84,10.54,0.32,-0.42,-0.02
-0.40,0.87,9.20,0.25,-0.17,-0.13,-0.72,0.84,10.54,0.32,-0.42,-0.02
-0.04,0.94,9.74,0.17,0.00,-0.19,-0.42,1.29,9.82,0.23,-0.08,-0.14
-0.29,1.33,9.56,0.12,0.04,-0.24,-0.25,1.37,9.77,0.14,0.07,-0.22
-0.48,1.24,9.66,0.05,0.09,-0.28,-0.51,1.55,9.81,0.06,0.11,-0.27
-1.75,0.40,9.00,0.11,-0.13,-0.37,-0.51,1.55,9.81,0.06,0.11,-0.27
-0.46,1.73,10.51,0.20,-1.29,0.34,-2.21,0.24,8.56,0.31,-0.27,-0.49
1.26,1.16,10.11,-0.18,-1.13,0.78,1.24,2.63,10.86,-0.06,-1.35,0.86
1.81,1.09,9.82,-0.11,-0.29,0.34,1.76,1.58,10.01,-0.11,-0.37,0.42
1.88,1.59,9.76,0.02,0.19,-0.05,1.76,1.58,10.01,-0.11,-0.37,0.42
0.87,0.80,8.29,0.11,-0.01,0.07,1.80,1.60,9.35,-0.14,0.24,0.08
1.00,1.13,9.50,-0.25,0.47,0.12,0.93,1.22,8.96,-0.21,0.24,0.12
0.00,0.82,9.92,-0.26,0.75,0.21,0.48,1.29,10.09,-0.28,0.76,0.18
-0.29,0.64,10.52,-0.09,0.33,0.48,0.48,1.29,10.09,-0.28,0.76,0.18
-0.14,0.21,9.94,-0.05,0.57,-0.10,-0.31,1.27,10.06,-0.08,0.37,0.44
-0.79,0.12,10.22,0.04,0.52,-0.37,-0.66,0.69,9.89,-0.07,0.67,-0.33
-0.58,0.70,9.55,0.12,-0.04,-0.02,-0.48,1.00,9.66,0.11,0.16,-0.15
-0.75,0.61,10.12,0.19,-0.20,0.20,-0.48,1.00,9.66,0.11,0.16,-0.15
-0.50,1.07,10.72,0.42,-0.35,0.15,-0.73,1.02,10.14,0.21,-0.15,0.21
-0.64,1.52,9.87,0.78,-0.59,0.06,-0.58,1.40,10.64,0.59,-0.36,0.11
-0.69,1.75,9.55,0.68,-0.50,0.03,-0.70,1.81,10.38,0.70,-0.44,0.11
-0.22,2.05,9.93,0.46,-0.22,-0.24,-0.70,1.81,10.38,0.70,-0.44,0.11
-0.22,2.79,9.81,0.00,-0.10,-0.09,-0.37,2.78,9.93,0.41,-0.15,-0.23
-0.43,2.24,8.73,0.02,-0.09,-0.18,-0.50,2.56,9.72,-0.02,-0.05,-0.11
-0.57,1.52,8.76,0.23,-0.06,-0.51,-1.39,1.74,8.19,0.05,-0.05,-0.29
-0.84,2.52,8.62,-0.01,-0.08,-0.49,-1.39,1.74,8.19,0.05,-0.05,-0.29
-0.32,2.47,9.69,-0.53,-0.36,0.28,-0.77,2.93,8.51,-0.11,-0.12,-0.37
-0.01,2.31,9.95,-0.42,-0.11,0.14,0.08,2.94,9.80,-0.48,-0.28,0.27
0.24,2.09,10.34,0.11,-0.22,-0.26,-0.15,2.22,9.83,-0.09,-0.12,-0.12
-0.03,1.67,9.69,0.45,-0.60,-0.41,-0.15,2.22,9.83,-0.09,-0.12,-0.12
0.77,1.98,9.51,-0.06,-0.30,-0.30,0.24,2.32,9.78,0.40,-0.57,-0.34
0.13,2.02,9.82,-0.10,-0.03,-0.38,0.47,2.23,9.71,-0.14,-0.04,-0.39
0.26,2.36,9.43,-0.04,-0.04,-0.24,0.43,2.26,9.70,-0.06,-0.05,-0.27
0.22,1.74,9.32,0.03,0.13,-0.18,0.43,2.26,9.70,-0.06,-0.05,-0.27
-0.04,1.83,9.76,-0.02,0.23,0.19,0.15,2.30,9.52,0.04,0.17,-0.16
-0.27,1.69,9.82,0.08,0.25,0.23,0.03,2.37,9.87,0.06,0.27,0.28
-0.52,2.18,9.75,0.13,0.13,0.01,-0.53,2.37,10.15,0.13,0.23,0.04
-0.56,1.79,9.54,0.04,-0.05,-0.14,-0.53,2.37,10.15,0.13,0.23,0.04
-0.71,1.92,9.85,-0.09,-0.11,-0.23,-0.94,2.33,9.40,-0.01,-0.01,-0.14
-0.92,2.06,9.72,-0.19,-0.10,-0.22,-0.89,2.17,9.73,-0.15,-0.08,-0.25
-0.81,1.81,9.80,-0.10,-0.13,-0.20,-0.94,2.33,9.70,-0.16,-0.08,-0.20
-0.66,1.61,9.76,-0.08,-0.07,-0.12,-0.94,2.33,9.70,-0.16,-0.08,-0.20
-0.75,1.12,9.75,0.08,-0.04,-0.21,-0.61,1.54,9.56,-0.07,-0.02,-0.13
-1.13,1.45,9.50,0.04,-0.04,-0.18,-0.83,1.52,9.66,0.06,0.03,-0.22
-0.69,1.35,9.45,0.02,-0.08,-0.00,-0.66,1.51,9.47,0.00,-0.04,-0.03
-0.96,1.28,9.17,-0.10,-0.07,0.13,-0.66,1.51,9.47,0.00,-0.04,-0.03
-0.99,1.15,9.16,0.01,-0.03,0.11,-1.04,1.92,9.16,-0.09,-0.02,0.14
-1.19,1.51,9.63,0.10,-0.07,0.05,-0.99,1.38,9.40,0.05,0.05,0.07
-0.95,1.58,9.62,0.27,-0.29,-0.06,-0.75,1.87,9.68,0.23,-0.19,-0.03
-0.51,1.54,9.42,0.24,-0.45,-0.12,-0.75,1.87,9.68,0.23,-0.19,-0.03
-0.25,1.95,9.52,0.13,-0.53,-0.13,-0.55,1.83,9.36,0.21,-0.41,-0.10
0.25,1.59,9.43,0.01,-0.55,-0.16,-0.07,2.03,9.54,0.08,-0.49,-0.12
0.48,1.55,9.56,-0.06,-0.49,-0.20,0.45,1.97,9.46,-0.05,-0.46,-0.18
0.66,1.83,9.60,-0.08,-0.41,-0.24,0.45,1.97,9.46,-0.05,-0.46,-0.18
1.25,1.59,9.51,-0.11,-0.32,-0.27,0.72,2.22,9.68,-0.09,-0.34,-0.24
1.21,1.14,9.64,-0.14,-0.19,-0.28,0.93,2.06,9.59,-0.14,-0.21,-0.27
1.02,1.30,9.82,-0.17,-0.04,-0.27,1.26,1.83,9.87,-0.17,-0.05,-0.29
0.97,1.05,9.77,-0.17,0.02,-0.28,1.26,1.83,9.87,-0.17,-0.05,-0.29
0.73,0.96,9.86,-0.16,0.03,-0.28,1.01,1.52,9.85,-0.17,0.05,-0.29
0.64,0.87,9.88,-0.14,0.01,-0.29,0.71,1.33,9.91,-0.16,0.05,-0.29
0.56,0.68,9.89,-0.12,-0.01,-0.30,0.56,1.10,10.01,-0.13,0.03,-0.30
0.43,0.54,10.05,-0.13,-0.02,-0.32,0.56,1.10,10.01,-0.13,0.03,-0.30
0.31,0.41,10.07,-0.14,0.00,-0.34,0.32,0.89,10.14,-0.14,0.02,-0.32
0.19,0.28,10.11,-0.11,0.00,-0.38,0.26,0.72,10.17,-0.14,0.04,-0.37
0.10,0.21,10.07,-0.05,0.00,-0.41,0.13,0.59,10.19,-0.07,0.03,-0.41
0.04,0.16,10.12,-0.02,-0.05,-0.43,0.13,0.59,10.19,-0.07,0.03,-0.41
0.02,0.13,10.03,-0.02,-0.14,-0.40,0.08,0.53,10.25,-0.03,-0.03,-0.43
0.06,0.11,10.08,0.04,-0.13,-0.39,0.06,0.46,10.04,-0.00,-0.10,-0.39
0.03,0.11,9.96,0.11,-0.10,-0.36,0.13,0.53,10.10,0.08,-0.09,-0.37
0.00,0.26,9.95,0.17,-0.07,-0.34,0.13,0.53,10.10,0.08,-0.09,-0.37
-0.00,0.40,9.90,0.21,-0.03,-0.34,0.01,0.67,10.00,0.17,-0.02,-0.34
-0.14,0.57,9.88,0.22,0.01,-0.31,-0.03,0.85,10.03,0.21,0.03,-0.32
-0.28,0.75,9.89,0.20,0.05,-0.30,-0.24,1.06,9.99,0.20,0.08,-0.30
-0.46,0.89,9.90,0.16,0.07,-0.29,-0.24,1.06,9.99,0.20,0.08,-0.30
-0.61,0.95,9.86,0.09,0.07,-0.30,-0.43,1.24,10.00,0.14,0.11,-0.30
-0.85,0.91,9.92,0.02,0.07,-0.30,-0.70,1.31,9.99,0.05,0.11,-0.31
-0.97,0.87,9.89,-0.04,0.03,-0.31,-0.96,1.23,9.89,-0.04,0.08,-0.32
-1.13,0.78,9.89,-0.08,-0.00,-0.30,-0.96,1.23,9.89,-0.04,0.08,-0.32
-1.22,0.60,9.87,-0.10,-0.05,-0.28,-1.06,1.09,9.92,-0.10,0.03,-0.31
-1.27,0.45,9.91,-0.08,-0.09,-0.26,-1.16,0.91,9.92,-0.11,-0.03,-0.29
-1.22,0.36,9.86,-0.05,-0.12,-0.23,-1.17,0.71,9.91,-0.07,-0.08,-0.24
-1.16,0.29,9.85,0.00,-0.11,-0.20,-1.17,0.71,9.91,-0.07,-0.08,-0.24
-1.24,0.22,9.91,0.06,-0.09,-0.17,-1.30,0.54,9.99,0.01,-0.06,-0.19
-1.33,0.26,9.94,0.10,-0.06,-0.15,-1.31,0.56,9.95,0.06,-0.03,-0.16
-1.22,0.40,9.73,0.15,-0.09,-0.14,-1.20,0.67,9.85,0.12,-0.03,-0.14
-1.22,0.47,9.88,0.15,-0.13,-0.11,-1.20,0.67,9.85,0.12,-0.03,-0.14
-1.18,0.56,9.97,0.01,-0.22,-0.01,-1.16,0.92,10.16,0.13,-0.09,-0.10
-1.05,0.47,9.88,-0.01,-0.22,0.03,-1.09,0.82,9.97,-0.01,-0.18,0.02
-0.97,0.32,9.90,-0.02,-0.16,0.06,-0.96,0.81,10.02,-0.03,-0.12,0.05
-0.80,0.34,9.76,-0.04,-0.07,0.08,-0.96,0.81,10.02,-0.03,-0.12,0.05
-0.95,0.35,9.82,-0.04,-0.05,0.09,-0.90,0.71,9.85,-0.04,-0.01,0.08
-1.04,0.27,9.78,-0.03,-0.02,0.09,-1.03,0.63,9.90,-0.05,0.02,0.08
-1.13,0.25,9.78,0.02,-0.01,0.08,-1.16,0.57,9.89,0.00,0.04,0.09
-1.20,0.25,9.77,0.06,-0.02,0.09,-1.16,0.57,9.89,0.00,0.04,0.09
-1.18,0.32,9.75,0.09,-0.04,0.09,-1.14,0.61,9.80,0.05,0.03,0.08
-1.24,0.36,9.80,0.10,-0.04,0.09,-1.28,0.65,9.94,0.08,0.01,0.09
-1.29,0.46,9.79,0.11,-0.08,0.08,-1.32,0.76,9.79,0.11,-0.01,0.09
-1.28,0.55,9.75,0.10,-0.10,0.08,-1.32,0.76,9.79,0.11,-0.01,0.09
-1.21,0.64,9.70,0.11,-0.15,0.07,-1.19,0.88,9.66,0.09,-0.04,0.07
-1.22,0.63,9.84,0.06,-0.13,0.07,-1.31,0.98,9.94,0.08,-0.09,0.07
-1.14,0.73,9.73,0.05,-0.12,0.07,-1.16,1.04,9.82,0.05,-0.07,0.07
-1.15,0.73,9.77,0.03,-0.13,0.08,-1.16,1.04,9.82,0.05,-0.07,0.07
-1.07,0.72,9.69,0.01,-0.14,0.10,-1.12,1.06,9.80,0.02,-0.07,0.09
-1.04,0.70,9.76,0.00,-0.14,0.10,-1.04,1.07,9.81,0.00,-0.09,0.10
-0.98,0.70,9.74,-0.00,-0.13,0.10,-0.98,1.05,9.80,-0.02,-0.08,0.10
-0.95,0.69,9.79,-0.01,-0.11,0.10,-0.98,1.05,9.80,-0.02,-0.08,0.10
-0.97,0.68,9.92,-0.03,-0.07,0.09,-0.98,1.00,9.89,-0.02,-0.05,0.10
-0.99,0.60,9.78,-0.04,-0.03,0.10,-0.96,0.96,9.95,-0.05,-0.00,0.09
-1.01,0.57,9.76,-0.03,-0.03,0.11,-1.04,0.88,9.83,-0.04,0.03,0.11
-1.06,0.51,9.77,-0.02,-0.05,0.12,-1.04,0.88,9.83,-0.04,0.03,0.11
-1.09,0.49,9.84,-0.03,-0.05,0.13,-1.11,0.86,9.92,-0.02,0.00,0.12
-1.12,0.44,9.80,0.01,-0.07,0.14,-1.08,0.81,9.81,-0.02,0.00,0.13
-1.13,0.44,9.82,0.04,-0.07,0.15,-1.13,0.81,9.88,0.03,-0.02,0.15
-1.12,0.52,9.78,0.08,-0.06,0.15,-1.13,0.81,9.88,0.03,-0.02,0.15
-1.15,0.59,9.79,0.09,-0.05,0.15,-1.21,0.86,9.86,0.07,0.00,0.16
-1.20,0.68,9.78,0.10,-0.05,0.15,-1.17,0.97,9.83,0.09,0.01,0.16
-1.24,0.74,9.77,0.08,-0.06,0.16,-1.18,1.11,9.84,0.07,0.00,0.15
-1.24,0.79,9.76,0.05,-0.06,0.15,-1.18,1.11,9.84,0.07,0.00,0.15
-1.23,0.88,9.73,0.02,-0.09,0.15,-1.23,1.17,9.80,0.04,-0.00,0.15
-1.24,0.84,9.75,-0.01,-0.10,0.14,-1.25,1.21,9.80,-0.00,-0.04,0.15
-1.19,0.78,9.70,-0.03,-0.13,0.14,-1.20,1.15,9.80,-0.04,-0.07,0.14
-1.14,0.77,9.75,-0.04,-0.14,0.14,-1.20,1.15,9.80,-0.04,-0.07,0.14
-1.12,0.66,9.79,-0.04,-0.14,0.14,-1.15,1.07,9.81,-0.05,-0.08,0.14
-1.05,0.61,9.76,-0.03,-0.13,0.14,-1.06,0.99,9.80,-0.05,-0.08,0.14
-1.00,0.59,9.78,-0.00,-0.13,0.13,-1.00,0.92,9.80,-0.02,-0.08,0.13
-0.99,0.54,9.87,0.00,-0.08,0.12,-1.00,0.92,9.80,-0.02,-0.08,0.13
-0.98,0.57,9.78,0.03,-0.07,0.12,-0.93,0.89,9.81,-0.01,-0.02,0.11
-0.98,0.63,9.78,0.04,-0.05,0.12,-0.99,0.95,9.88,0.03,-0.00,0.12
-1.03,0.65,9.81,0.04,-0.03,0.12,-1.03,0.96,9.91,0.03,0.02,0.12
-1.09,0.66,9.82,0.03,-0.02,0.12,-1.03,0.96,9.91,0.03,0.02,0.12
-1.13,0.69,9.84,0.03,-0.02,0.13,-1.08,1.03,9.93,0.03,0.03,0.12
-1.20,0.70,9.78,0.03,-0.04,0.13,-1.17,1.05,9.87,0.02,0.03,0.13
-1.25,0.73,9.80,0.03,-0.06,0.14,-1.21,1.06,9.83,0.02,0.01,0.14
-1.24,0.73,9.71,0.03,-0.09,0.14,-1.21,1.06,9.83,0.02,0.01,0.14
-1.22,0.75,9.76,0.02,-0.11,0.14,-1.22,1.08,9.79,0.02,-0.03,0.15
-1.20,0.74,9.73,0.02,-0.14,0.13,-1.23,1.09,9.76,0.01,-0.07,0.14
-1.12,0.76,9.76,0.01,-0.14,0.12,-1.13,1.10,9.80,0.00,-0.08,0.12
-1.09,0.74,9.77,-0.00,-0.12,0.11,-1.13,1.10,9.80,0.00,-0.08,0.12
-1.06,0.70,9.78,-0.02,-0.10,0.10,-1.05,1.07,9.87,-0.01,-0.06,0.11
-1.05,0.66,9.81,-0.01,-0.08,0.11,-1.05,1.03,9.82,-0.03,-0.04,0.11
-1.05,0.64,9.77,0.00,-0.09,0.11,-1.03,1.00,9.81,-0.01,-0.03,0.11
-1.04,0.65,9.82,0.01,-0.07,0.11,-1.03,1.00,9.81,-0.01,-0.03,0.11
-1.06,0.63,9.81,0.02,-0.05,0.11,-1.06,0.99,9.89,0.01,-0.02,0.11
-1.04,0.65,9.80,0.03,-0.05,0.11,-1.06,0.98,9.88,0.02,0.00,0.11
-1.12,0.69,9.84,0.04,-0.03,0.12,-1.12,0.99,9.92,0.03,0.02,0.12
-1.16,0.68,9.77,0.04,-0.03,0.12,-1.12,0.99,9.92,0.03,0.02,0.12
-1.20,0.67,9.73,0.04,-0.06,0.11,-1.13,0.94,9.70,0.04,0.02,0.12
-1.18,0.73,9.77,0.03,-0.10,0.12,-1.18,1.11,9.87,0.03,-0.03,0.12
-1.18,0.76,9.79,0.02,-0.10,0.12,-1.18,1.11,9.84,0.02,-0.05,0.12
-1.15,0.75,9.77,0.01,-0.11,0.12,-1.18,1.11,9.84,0.02,-0.05,0.12
-1.12,0.74,9.78,-0.01,-0.11,0.11,-1.15,1.11,9.85,0.00,-0.05,0.12
-1.10,0.69,9.77,-0.02,-0.10,0.12,-1.08,1.04,9.83,-0.03,-0.04,0.12
-1.08,0.65,9.81,-0.02,-0.09,0.13,-1.08,1.04,9.83,-0.03,-0.04,0.12
-1.08,0.63,9.82,-0.02,-0.09,0.14,-1.06,1.01,9.87,-0.03,-0.04,0.13
-1.05,0.59,9.80,-0.02,-0.09,0.16,-1.05,0.95,9.86,-0.04,-0.03,0.15
-1.05,0.56,9.78,-0.01,-0.09,0.17,-1.06,0.91,9.83,-0.02,-0.03,0.16
-1.06,0.55,9.85,0.01,-0.08,0.17,-1.06,0.91,9.83,-0.02,-0.03,0.16
-1.07,0.57,9.82,0.02,-0.06,0.18,-1.06,0.91,9.89,0.00,-0.02,0.18
-1.10,0.57,9.79,0.02,-0.04,0.19,-1.08,0.92,9.89,0.02,0.01,0.19
-1.12,0.60,9.78,0.03,-0.03,0.20,-1.12,0.94,9.87,0.02,0.02,0.20
-1.16,0.64,9.77,0.04,-0.04,0.20,-1.12,0.94,9.87,0.02,0.02,0.20
-1.21,0.66,9.75,0.03,-0.04,0.22,-1.17,0.98,9.83,0.03,0.02,0.21
-1.25,0.66,9.75,0.01,-0.05,0.22,-1.21,1.01,9.82,0.01,0.02,0.22
-1.30,0.68,9.66,0.02,-0.07,0.23,-1.26,1.00,9.78,0.00,-0.01,0.22
-1.38,1.00,9.29,0.15,-0.10,0.18,-1.26,1.00,9.78,0.00,-0.01,0.22
-0.82,1.16,9.29,0.26,-0.39,0.18,-1.36,1.36,9.20,0.19,-0.12,0.19
-0.44,1.40,9.38,0.26,-0.58,0.16,-1.01,1.62,9.30,0.25,-0.42,0.21
-0.12,1.20,9.49,0.24,-0.65,0.13,-0.29,1.96,9.32,0.24,-0.57,0.17
0.46,1.77,9.32,0.17,-0.63,0.08,-0.29,1.96,9.32,0.24,-0.57,0.17
0.94,1.57,9.48,0.07,-0.53,0.02,0.63,2.11,9.52,0.14,-0.54,0.09
1.37,1.54,9.19,-0.03,-0.41,-0.04,1.14,2.21,9.52,0.00,-0.41,0.00
1.76,1.32,8.81,-0.03,-0.26,-0.08,1.27,2.21,9.68,-0.05,-0.23,-0.07
1.41,1.89,9.96,-0.00,-0.13,-0.11,1.27,2.21,9.68,-0.05,-0.23,-0.07
1.70,1.31,9.13,-0.00,-0.08,-0.12,1.63,1.70,9.22,-0.00,-0.10,-0.11
1.60,1.67,9.42,-0.03,-0.05,-0.14,1.77,1.74,9.31,-0.02,-0.02,-0.13
1.43,1.46,9.84,-0.01,-0.05,-0.16,1.35,2.07,9.97,-0.03,0.00,-0.16
1.36,1.70,9.93,0.01,-0.09,-0.17,1.35,2.07,9.97,-0.03,0.00,-0.16
1.46,1.22,9.24,0.02,-0.11,-0.19,1.32,1.60,9.55,0.00,-0.04,-0.18
1.33,1.60,9.71,0.01,-0.13,-0.22,1.54,1.70,9.52,0.01,-0.08,-0.20
1.62,1.40,9.16,0.02,-0.16,-0.23,1.58,1.70,9.40,0.00,-0.11,-0.23
1.49,1.60,9.55,-0.01,-0.12,-0.24,1.58,1.70,9.40,0.00,-0.11,-0.23
1.28,1.60,9.77,-0.06,-0.08,-0.23,1.49,1.92,9.79,-0.03,-0.07,-0.24
1.27,1.38,9.84,-0.09,-0.05,-0.24,1.31,1.79,9.88,-0.08,-0.02,-0.24
1.11,1.29,9.92,-0.13,0.00,-0.24,1.23,1.72,9.96,-0.13,0.02,-0.25
1.03,1.13,9.85,-0.15,0.02,-0.24,1.23,1.72,9.96,-0.13,0.02,-0.25
0.87,0.96,9.92,-0.16,0.05,-0.25,0.98,1.47,9.94,-0.16,0.06,-0.26
0.66,0.79,9.98,-0.16,0.08,-0.25,0.80,1.30,10.07,-0.17,0.10,-0.26
0.48,0.64,10.15,-0.15,0.09,-0.23,0.55,1.05,10.07,-0.16,0.12,-0.25
0.29,0.46,10.01,-0.10,0.10,-0.21,0.55,1.05,10.07,-0.16,0.12,-0.25
0.08,0.38,10.01,-0.04,0.11,-0.19,0.28,0.83,10.07,-0.10,0.14,-0.22
-0.07,0.37,9.96,0.00,0.09,-0.19,0.05,0.76,10.02,-0.03,0.14,-0.21
-0.26,0.32,10.04,0.04,0.04,-0.17,-0.20,0.71,10.04,0.01,0.09,-0.17
-0.39,0.39,10.02,0.07,0.00,-0.17,-0.20,0.71,10.04,0.01,0.09,-0.17
-0.45,0.43,10.01,0.08,-0.05,-0.16,-0.36,0.79,10.09,0.07,0.04,-0.17
-0.45,0.44,9.94,0.07,-0.10,-0.13,-0.41,0.80,10.03,0.06,-0.03,-0.14
-0.44,0.55,9.98,0.03,-0.12,-0.10,-0.45,0.78,10.09,0.04,-0.07,-0.10
-0.40,0.44,10.00,-0.03,-0.15,-0.04,-0.45,0.78,10.09,0.04,-0.07,-0.10
-0.35,0.39,9.98,-0.07,-0.16,0.01,-0.39,0.75,10.08,-0.05,-0.10,-0.03
-0.20,0.33,9.95,-0.15,-0.18,0.10,-0.18,0.68,10.24,-0.11,-0.12,0.03
-0.11,-0.02,9.94,-0.20,-0.17,0.20,-0.20,0.44,10.19,-0.21,-0.12,0.18
-0.09,-0.16,10.11,-0.17,-0.13,0.28,-0.20,0.44,10.19,-0.21,-0.12,0.18
0.03,-0.27,9.95,-0.22,-0.14,0.42,-0.21,0.19,10.29,-0.18,-0.07,0.30
-0.04,-0.58,9.83,-0.36,-0.17,0.63,-0.04,-0.04,10.54,-0.28,-0.07,0.50
-0.14,-1.09,9.98,-0.38,-0.16,0.79,0.06,-0.52,9.87,-0.41,-0.10,0.76
-0.01,-1.40,9.29,-0.28,-0.08,0.82,0.06,-0.52,9.87,-0.41,-0.10,0.76
-0.37,-1.51,10.00,-0.19,-0.03,0.91,-0.02,-1.03,9.48,-0.26,0.02,0.83
-0.32,-1.67,9.47,-0.17,-0.06,1.08,-0.08,-1.10,9.83,-0.17,0.04,0.98
-0.62,-1.75,9.72,-0.13,-0.09,1.24,-0.55,-1.32,9.58,-0.17,0.00,1.21
-0.95,-1.68,9.55,0.02,-0.10,1.26,-0.55,-1.32,9.58,-0.17,0.00,1.21
-1.17,-1.44,9.82,0.21,-0.10,1.23,-1.07,-1.30,10.32,0.04,0.03,1.27
-1.18,-1.19,8.97,0.35,-0.14,1.20,-1.23,-0.96,9.81,0.27,0.00,1.24
-1.46,-0.68,9.56,0.41,-0.13,1.20,-1.44,-0.39,9.35,0.40,-0.04,1.22
-1.57,-0.15,10.02,0.35,-0.10,1.19,-1.44,-0.39,9.35,0.40,-0.04,1.22
-1.49,0.16,10.07,0.26,-0.06,1.14,-1.36,0.24,10.16,0.34,0.02,1.19
-1.46,0.59,9.63,0.15,-0.05,1.05,-1.42,0.73,10.16,0.20,0.05,1.11
-1.55,0.64,10.08,0.08,-0.04,0.98,-1.42,1.00,9.86,0.09,0.05,1.00
-1.43,0.84,9.82,0.03,-0.05,0.90,-1.42,1.00,9.86,0.09,0.05,1.00
-1.46,0.88,9.88,-0.06,-0.01,0.80,-1.49,1.24,9.94,-0.00,0.04,0.88
-1.40,0.80,10.08,-0.12,0.07,0.73,-1.51,1.28,10.05,-0.11,0.10,0.76
-1.57,0.72,9.76,-0.15,0.08,0.67,-1.56,1.17,9.69,-0.15,0.15,0.68
-1.40,0.74,9.69,-0.17,0.07,0.62,-1.56,1.17,9.69,-0.15,0.15,0.68
-1.60,0.66,9.88,-0.18,0.05,0.59,-1.55,1.07,9.90,-0.18,0.14,0.60
-1.71,0.50,9.79,-0.18,-0.00,0.56,-1.59,0.98,9.67,-0.19,0.08,0.55
-1.69,0.35,9.80,-0.15,-0.03,0.54,-1.75,0.77,9.81,-0.17,0.04,0.54
-1.63,0.37,9.67,-0.09,-0.05,0.51,-1.75,0.77,9.81,-0.17,0.04,0.54
-1.69,0.46,9.74,0.02,-0.04,0.41,-1.75,0.75,9.85,-0.09,0.02,0.49
-1.66,0.55,9.79,0.10,-0.03,0.29,-1.73,0.81,9.86,0.05,0.03,0.36
-1.83,0.64,9.71,0.19,-0.01,0.13,-1.70,0.94,9.75,0.15,0.04,0.18
-1.88,0.91,9.65,0.20,-0.03,0.04,-1.70,0.94,9.75,0.15,0.04,0.18
-1.81,1.09,9.61,0.08,-0.12,0.03,-1.84,1.35,9.78,0.17,0.00,0.04
-1.79,1.00,9.70,-0.02,-0.17,0.02,-1.85,1.36,9.78,0.02,-0.09,0.03
-1.79,0.86,9.69,-0.12,-0.19,0.02,-1.81,1.14,9.69,-0.10,-0.13,0.02
-1.66,0.69,9.76,-0.17,-0.22,0.02,-1.81,1.14,9.69,-0.10,-0.13,0.02
-1.46,0.58,9.67,-0.18,-0.23,0.02,-1.61,1.11,9.84,-0.17,-0.17,0.01
-1.35,0.39,9.78,-0.15,-0.23,0.01,-1.38,0.85,9.84,-0.17,-0.18,0.01
-1.18,0.23,9.65,-0.11,-0.18,0.02,-1.11,0.59,9.80,-0.14,-0.14,0.01
-1.20,0.16,9.84,-0.04,-0.17,0.03,-1.11,0.59,9.80,-0.14,-0.14,0.01
-1.14,0.09,9.83,0.02,-0.15,0.03,-1.19,0.43,9.81,-0.04,-0.11,0.03
-1.04,0.15,9.77,0.10,-0.16,0.03,-1.05,0.48,9.84,0.05,-0.10,0.03
-0.96,0.21,9.73,0.12,-0.12,0.02,-1.02,0.60,9.84,0.11,-0.07,0.03
-0.98,0.39,9.71,0.17,-0.08,0.02,-1.02,0.60,9.84,0.11,-0.07,0.03
-1.04,0.40,9.82,0.17,-0.04,0.01,-0.96,0.71,9.82,0.16,-0.02,0.02
-1.07,0.59,9.80,0.15,-0.02,-0.01,-0.99,0.88,9.84,0.15,0.03,-0.01
-1.14,0.75,9.72,0.11,-0.00,-0.02,-1.12,1.02,9.78,0.11,0.05,-0.02
-1.27,0.72,9.81,0.08,0.00,-0.02,-1.12,1.02,9.78,0.11,0.05,-0.02
-1.33,0.80,9.71,0.05,-0.00,-0.03,-1.21,1.12,9.75,0.06,0.05,-0.03
-1.37,0.80,9.70,0.01,-0.02,-0.05,-1.39,1.15,9.81,0.02,0.03,-0.05
-1.44,0.75,9.71,-0.01,-0.05,-0.07,-1.45,1.08,9.76,-0.02,0.01,-0.07
-1.45,0.66,9.71,-0.01,-0.07,-0.08,-1.45,1.08,9.76,-0.02,0.01,-0.07
-1.49,0.61,9.70,0.09,-0.02,-0.15,-1.53,0.96,9.72,-0.01,-0.02,-0.08
-1.60,0.73,9.65,0.23,0.05,-0.25,-1.55,0.98,9.69,0.15,0.06,-0.20
-1.80,0.92,9.64,0.27,0.00,-0.31,-1.73,1.21,9.63,0.26,0.06,-0.30
-1.85,1.09,9.63,0.24,-0.05,-0.32,-1.73,1.21,9.63,0.26,0.06,-0.30
-1.94,1.19,9.61,0.21,-0.04,-0.36,-1.92,1.44,9.69,0.22,-0.01,-0.32
-2.06,1.28,9.58,0.17,-0.06,-0.39,-2.00,1.56,9.63,0.19,-0.00,-0.38
-2.09,1.29,9.57,0.07,-0.15,-0.37,-2.12,1.62,9.63,0.10,-0.09,-0.37
-2.05,1.22,9.63,-0.01,-0.24,-0.34,-2.12,1.62,9.63,0.10,-0.09,-0.37
-1.91,1.08,9.66,-0.06,-0.29,-0.34,-1.97,1.53,9.61,-0.03,-0.21,-0.34
-1.76,0.90,9.66,-0.09,-0.33,-0.31,-1.85,1.32,9.68,-0.08,-0.27,-0.32
-1.54,0.75,9.73,-0.09,-0.36,-0.28,-1.55,1.12,9.73,-0.10,-0.32,-0.29
-1.33,0.60,9.75,-0.07,-0.35,-0.27,-1.55,1.12,9.73,-0.10,-0.32,-0.29
-1.11,0.52,9.76,-0.03,-0.32,-0.25,-1.25,0.95,9.80,-0.07,-0.30,-0.26
-0.94,0.46,9.76,0.02,-0.24,-0.24,-0.98,0.82,9.80,-0.02,-0.24,-0.24
-0.88,0.45,9.79,0.08,-0.13,-0.21,-0.85,0.81,9.86,0.06,-0.12,-0.22
-0.85,0.48,9.81,0.13,-0.07,-0.20,-0.85,0.81,9.86,0.06,-0.12,-0.22
-0.92,0.62,9.77,0.16,0.03,-0.18,-0.87,0.87,9.91,0.13,-0.01,-0.19
-1.14,0.73,9.82,0.15,0.14,-0.17,-1.03,0.98,9.90,0.15,0.12,-0.17
-1.37,0.77,9.77,0.13,0.22,-0.15,-1.32,1.11,9.86,0.13,0.24,-0.16
-1.71,0.86,9.74,0.10,0.30,-0.12,-1.32,1.11,9.86,0.13,0.24,-0.16
-2.01,0.89,9.76,0.07,0.44,-0.11,-1.67,1.21,9.78,0.08,0.35,-0.13
-2.55,0.90,9.69,0.07,0.64,-0.14,-2.30,1.24,9.75,0.05,0.58,-0.14
-3.34,0.94,9.50,0.10,0.61,-0.17,-3.23,1.14,9.49,0.07,0.68,-0.18
-3.87,0.91,9.20,0.08,0.34,-0.14,-3.23,1.14,9.49,0.07,0.68,-0.18
-4.13,0.88,8.96,0.07,-0.01,-0.09,-3.91,1.17,9.12,0.07,0.32,-0.14
-4.11,0.89,8.92,0.06,-0.32,-0.05,-4.16,1.17,8.93,0.06,-0.09,-0.07
-3.87,0.89,9.01,0.04,-0.59,-0.00,-3.96,1.16,8.96,0.05,-0.46,0.00
-3.36,0.90,9.21,0.03,-0.80,0.02,-3.96,1.16,8.96,0.05,-0.46,0.00
-2.67,0.88,9.39,-0.01,-0.91,0.02,-3.22,1.21,9.27,0.02,-0.76,0.05
-1.84,0.85,9.62,-0.02,-0.91,0.01,-2.31,1.17,9.58,-0.02,-0.85,0.05
-1.15,0.79,9.76,-0.02,-0.82,-0.01,-1.33,1.16,9.72,-0.02,-0.78,0.03
-0.51,0.75,9.74,-0.01,-0.67,-0.03,-1.33,1.16,9.72,-0.02,-0.78,0.03
-0.09,0.73,9.76,0.01,-0.48,-0.06,-0.40,1.09,9.82,-0.01,-0.59,-0.02
0.18,0.71,9.77,0.01,-0.28,-0.08,0.05,1.07,9.85,-0.00,-0.32,-0.06
0.25,0.67,9.75,0.01,-0.11,-0.10,0.26,1.02,9.82,0.00,-0.09,-0.09
0.20,0.67,9.77,0.03,0.03,-0.12,0.26,1.02,9.82,0.00,-0.09,-0.09
0.03,0.67,9.80,0.04,0.13,-0.13,0.18,1.06,9.88,0.02,0.09,-0.13
-0.22,0.70,9.80,0.06,0.18,-0.14,-0.06,1.03,9.86,0.04,0.19,-0.15
-0.49,0.74,9.82,0.07,0.19,-0.14,-0.44,1.08,9.88,0.06,0.23,-0.15
-0.53,0.56,9.03,0.22,0.16,-0.17,-0.44,1.08,9.88,0.06,0.23,-0.15
-1.00,1.01,9.69,0.30,-0.16,-0.13,-0.58,1.17,9.41,0.24,0.10,-0.16
-0.55,1.54,9.40,0.32,-0.36,-0.13,-0.56,1.38,9.05,0.32,-0.22,-0.11
-0.29,1.43,9.46,0.27,-0.47,-0.14,-0.18,1.66,9.14,0.28,-0.41,-0.11
0.01,1.72,9.27,0.16,-0.54,-0.17,-0.18,1.66,9.14,0.28,-0.41,-0.11
0.45,1.71,9.27,0.05,-0.54,-0.21,0.25,1.86,9.39,0.13,-0.49,-0.16
0.88,1.66,9.09,-0.04,-0.47,-0.24,0.67,2.03,9.62,0.00,-0.47,-0.22
0.81,1.88,9.83,-0.10,-0.28,-0.25,1.01,2.29,9.61,-0.08,-0.29,-0.24
0.93,1.92,9.93,-0.13,-0.16,-0.26,1.01,2.29,9.61,-0.08,-0.29,-0.24
1.26,1.50,9.09,-0.10,-0.10,-0.25,1.04,2.08,9.79,-0.13,-0.11,-0.27
0.99,1.21,9.62,-0.09,-0.04,-0.24,1.00,2.12,10.02,-0.11,-0.01,-0.26
1.08,1.25,9.41,-0.03,-0.02,-0.22,0.86,1.51,9.60,-0.06,0.02,-0.22
0.61,1.07,9.80,0.01,-0.03,-0.20,0.86,1.51,9.60,-0.06,0.02,-0.22
0.81,1.55,9.54,0.05,-0.07,-0.18,0.53,1.76,9.88,0.01,0.02,-0.20
0.65,1.36,9.92,0.05,-0.08,-0.17,0.57,1.69,10.02,0.03,-0.02,-0.17
0.81,1.21,10.13,0.03,-0.10,-0.17,0.76,1.65,9.70,0.03,-0.05,-0.17
0.83,1.13,9.12,0.00,-0.12,-0.18,0.76,1.65,9.70,0.03,-0.05,-0.17
0.50,1.61,10.24,-0.04,-0.14,-0.19,0.67,1.65,9.54,-0.01,-0.08,-0.18
1.02,1.27,9.11,-0.05,-0.20,-0.16,0.52,1.52,9.79,-0.07,-0.13,-0.18
0.56,1.06,10.18,-0.07,-0.18,-0.15,0.65,1.41,9.78,-0.08,-0.14,-0.15
1.12,1.32,9.31,-0.06,-0.22,-0.14,0.65,1.41,9.78,-0.08,-0.14,-0.15
1.24,1.20,9.26,-0.04,-0.23,-0.14,1.15,1.58,9.56,-0.06,-0.18,-0.14
0.81,1.06,10.30,-0.03,-0.22,-0.14,1.11,1.31,9.57,-0.03,-0.18,-0.13
1.56,0.88,8.98,0.03,-0.27,-0.12,1.49,1.34,9.54,0.01,-0.22,-0.12
1.14,1.12,10.35,0.02,-0.22,-0.12,1.49,1.34,9.54,0.01,-0.22,-0.12
1.73,0.96,9.21,0.06,-0.24,-0.11,1.24,1.53,10.23,0.01,-0.17,-0.11
1.76,1.05,9.40,0.06,-0.21,-0.13,1.45,1.61,10.24,0.04,-0.16,-0.12
1.70,1.11,9.54,0.03,-0.18,-0.13,1.66,1.63,10.05,0.03,-0.12,-0.13
1.73,1.22,9.83,0.02,-0.18,-0.13,1.66,1.63,10.05,0.03,-0.12,-0.13
1.93,1.04,9.42,0.02,-0.21,-0.15,1.86,1.53,9.77,0.01,-0.15,-0.13
1.88,1.34,9.78,0.04,-0.21,-0.14,1.98,1.52,9.72,0.02,-0.17,-0.14
1.97,1.31,9.72,0.04,-0.22,-0.14,2.13,1.46,9.66,0.03,-0.18,-0.14
2.15,1.16,9.50,0.02,-0.22,-0.15,2.13,1.46,9.66,0.03,-0.18,-0.14
2.31,1.12,9.44,0.06,-0.23,-0.15,2.05,1.68,9.83,0.03,-0.17,-0.14
2.28,1.54,9.66,0.06,-0.24,-0.14,2.32,1.59,9.49,0.05,-0.19,-0.14
2.45,1.43,9.43,0.04,-0.23,-0.13,2.60,1.69,9.45,0.04,-0.19,-0.13
2.49,1.56,9.55,0.00,-0.20,-0.12,2.60,1.69,9.45,0.04,-0.19,-0.13
2.68,1.45,9.34,-0.02,-0.18,-0.12,2.59,1.70,9.59,-0.00,-0.15,-0.11
2.61,1.31,9.45,-0.05,-0.14,-0.11,2.59,1.91,9.63,-0.04,-0.11,-0.11
2.79,1.20,9.33,-0.05,-0.12,-0.12,2.65,1.62,9.53,-0.06,-0.07,-0.11
2.66,1.37,9.58,-0.03,-0.10,-0.10,2.65,1.62,9.53,-0.06,-0.07,-0.11
2.67,1.28,9.53,-0.01,-0.09,-0.10,2.65,1.78,9.58,-0.04,-0.05,-0.11
2.59,1.18,9.36,-0.02,-0.10,-0.09,2.74,1.68,9.48,-0.01,-0.05,-0.09
2.78,1.15,9.33,-0.02,-0.13,-0.08,2.79,1.48,9.38,-0.03,-0.08,-0.09
2.52,1.23,9.59,-0.04,-0.11,-0.08,2.79,1.48,9.38,-0.03,-0.08,-0.09
2.84,1.02,9.27,-0.07,-0.09,-0.07,2.58,1.67,9.79,-0.04,-0.06,-0.08
2.77,0.92,9.30,-0.09,-0.07,-0.09,2.61,1.47,9.70,-0.09,-0.03,-0.08
2.44,1.03,9.65,-0.09,-0.05,-0.09,2.60,1.47,9.78,-0.09,-0.01,-0.09
2.60,0.78,9.31,-0.06,-0.06,-0.11,2.60,1.47,9.78,-0.09,-0.01,-0.09
2.63,0.80,9.46,0.02,-0.08,-0.12,2.60,1.26,9.38,-0.06,-0.02,-0.12
2.40,1.00,9.68,0.06,-0.08,-0.14,2.52,1.14,9.67,0.04,-0.03,-0.13
2.52,0.90,9.46,0.07,-0.11,-0.16,2.33,1.40,9.66,0.06,-0.06,-0.16
2.44,1.15,9.68,0.09,-0.15,-0.17,2.33,1.40,9.66,0.06,-0.06,-0.16
2.38,1.21,9.77,0.04,-0.12,-0.19,2.54,1.43,9.69,0.07,-0.10,-0.17
2.75,1.50,12.93,-0.29,0.27,-0.23,2.53,1.60,10.06,-0.00,-0.05,-0.21
1.30,1.54,10.41,0.12,0.99,-0.37,1.86,1.95,11.19,0.28,1.28,-0.52
0.04,1.23,10.07,0.19,0.31,-0.13,1.86,1.95,11.19,0.28,1.28,-0.52
0.20,1.35,9.53,0.13,-0.02,-0.04,0.41,1.65,10.24,0.15,0.28,-0.13
0.36,1.55,9.73,0.12,-0.21,-0.02,0.36,1.71,9.81,0.14,-0.06,-0.01
0.56,1.45,9.59,0.07,-0.33,0.01,0.64,1.78,9.64,0.08,-0.26,0.01
0.86,1.64,9.81,0.03,-0.37,0.03,0.64,1.78,9.64,0.08,-0.26,0.01
1.30,1.49,9.62,-0.00,-0.30,0.03,0.93,1.93,9.81,0.02,-0.32,0.04
1.39,1.59,9.61,0.00,-0.17,0.02,1.50,1.76,9.53,-0.01,-0.19,0.03
1.34,1.34,9.46,0.02,-0.07,-0.00,1.25,1.88,9.70,0.00,-0.05,0.00
1.29,1.44,9.61,0.06,-0.02,-0.00,1.25,1.88,9.70,0.00,-0.05,0.00
1.09,1.54,9.72,0.07,-0.03,0.00,1.35,1.72,9.62,0.05,0.03,-0.00
1.12,1.45,9.82,0.06,-0.08,-0.00,1.05,1.90,9.78,0.06,-0.00,0.00
1.01,1.62,9.77,0.05,-0.11,0.00,1.24,2.06,9.70,0.04,-0.06,0.00
1.17,1.51,9.68,0.03,-0.11,0.01,1.24,2.06,9.70,0.04,-0.06,0.00
1.10,1.67,9.83,0.01,-0.09,0.00,1.30,2.02,9.61,0.01,-0.06,-0.00
1.09,1.45,9.67,0.01,-0.08,0.00,1.31,1.92,9.58,0.00,-0.04,0.00
1.13,1.56,9.64,0.02,-0.08,0.01,1.15,1.98,9.70,0.00,-0.03,0.00
1.26,1.43,9.64,0.02,-0.09,0.00,1.15,1.98,9.70,0.00,-0.03,0.00
1.12,1.65,9.80,0.03,-0.10,0.00,1.22,1.91,9.61,0.01,-0.04,-0.01
1.10,1.44,9.68,0.03,-0.10,0.00,1.00,1.82,9.50,0.03,-0.04,0.00
1.13,1.56,9.77,0.04,-0.09,0.01,1.03,1.97,9.80,0.03,-0.04,0.00
1.00,1.56,9.80,0.03,-0.09,0.00,1.03,1.97,9.80,0.03,-0.04,0.00
1.21,1.67,9.66,0.03,-0.09,-0.00,1.14,1.86,9.60,0.02,-0.04,-0.00
1.20,1.48,9.58,0.02,-0.10,-0.00,1.10,2.04,9.98,0.02,-0.04,0.00
1.26,1.57,9.70,0.03,-0.10,0.00,1.36,1.83,9.62,0.01,-0.05,0.00
1.09,1.62,9.77,0.02,-0.09,-0.00,1.36,1.83,9.62,0.01,-0.05,0.00
1.20,1.40,9.64,0.03,-0.09,0.00,1.03,1.84,9.76,0.02,-0.04,-0.00
1.19,1.42,9.58,0.02,-0.09,-0.00,1.26,2.02,9.77,0.02,-0.04,-0.00
1.27,1.55,9.61,0.03,-0.10,0.00,1.18,1.86,9.69,0.02,-0.04,0.00
1.15,1.63,9.66,0.02,-0.10,-0.00,1.18,1.86,9.69,0.02,-0.04,0.00
1.28,1.39,9.54,0.03,-0.10,-0.00,1.26,1.95,9.75,0.02,-0.05,0.00
1.21,1.64,9.72,0.03,-0.10,0.00,1.11,1.75,9.72,0.02,-0.04,0.00
1.23,1.38,9.59,0.03,-0.09,0.00,1.28,1.93,9.65,0.01,-0.05,-0.00
1.15,1.62,9.68,0.03,-0.09,-0.00,1.28,1.93,9.65,0.01,-0.05,-0.00
1.17,1.45,9.59,0.03,-0.09,-0.00,1.17,1.84,9.72,0.02,-0.04,0.00
1.30,1.44,9.56,0.04,-0.10,0.00,1.18,1.79,9.75,0.03,-0.04,-0.00
1.20,1.65,9.66,0.03,-0.10,-0.00,1.23,1.97,9.69,0.02,-0.04,-0.00
1.13,1.52,9.77,0.04,-0.09,0.01,1.23,1.97,9.69,0.02,-0.04,-0.00
1.00,1.61,9.81,0.03,-0.09,0.00,1.25,1.96,9.62,0.02,-0.04,-0.00
1.09,1.37,9.73,0.04,-0.09,0.00,1.28,1.92,9.62,0.03,-0.04,-0.00
1.15,1.48,9.72,0.04,-0.09,0.01,1.06,1.98,9.92,0.03,-0.04,0.00
1.02,1.64,9.82,0.03,-0.09,0.00,1.06,1.98,9.92,0.03,-0.04,0.00
1.27,1.60,9.64,0.03,-0.10,0.00,1.04,2.02,9.92,0.03,-0.04,0.00
1.15,1.61,9.64,0.02,-0.09,-0.00,1.37,1.76,9.53,0.02,-0.04,0.00
1.21,1.39,9.53,0.02,-0.09,0.00,1.32,1.79,9.61,0.02,-0.04,0.00
1.18,1.56,9.67,0.02,-0.09,0.00,1.32,1.79,9.61,0.02,-0.04,0.00
1.03,1.59,9.73,0.02,-0.09,-0.00,1.23,1.89,9.65,0.01,-0.04,0.00
1.19,1.67,9.68,0.02,-0.09,-0.00,1.26,1.79,9.69,0.01,-0.04,-0.00
1.14,1.53,9.63,0.01,-0.09,-0.00,1.03,1.98,9.81,0.01,-0.04,0.00
1.30,1.39,9.56,0.02,-0.10,0.00,1.03,1.98,9.81,0.01,-0.04,0.00
1.16,1.61,9.69,0.03,-0.09,-0.00,1.36,1.73,9.58,0.02,-0.04,0.00
1.12,1.45,9.61,0.03,-0.09,-0.00,1.02,1.87,9.76,0.03,-0.03,0.00
1.06,1.65,9.78,0.03,-0.10,0.00,1.28,1.95,9.76,0.03,-0.05,-0.00
1.15,1.43,9.69,0.03,-0.09,0.00,1.28,1.95,9.76,0.03,-0.05,-0.00
1.27,1.49,9.65,0.03,-0.09,0.00,1.25,1.98,9.76,0.02,-0.04,-0.00
1.11,1.65,9.68,0.02,-0.09,-0.00,1.17,1.76,9.79,0.02,-0.04,0.00
1.23,1.55,9.82,0.02,-0.09,-0.00,1.23,1.76,9.77,0.02,-0.04,0.00
1.01,1.48,9.78,0.03,-0.09,0.00,1.23,1.76,9.77,0.02,-0.04,0.00
1.17,1.38,9.71,0.03,-0.09,0.00,1.21,1.96,9.89,0.02,-0.04,0.00
1.06,1.63,9.85,0.03,-0.09,0.00,1.23,2.00,9.74,0.02,-0.04,-0.00
1.10,1.40,9.70,0.03,-0.09,0.00,1.08,1.82,9.84,0.02,-0.04,0.01
1.23,1.47,9.72,0.03,-0.10,0.00,1.08,1.82,9.84,0.02,-0.04,0.01
1.16,1.31,9.60,0.02,-0.09,0.00,1.03,1.91,9.90,0.02,-0.04,0.01
1.16,1.49,9.71,0.03,-0.09,0.00,1.33,1.71,9.50,0.01,-0.04,-0.00
0.98,1.57,9.79,0.02,-0.09,-0.00,1.03,1.97,9.88,0.02,-0.04,-0.00
1.12,1.30,9.71,0.03,-0.09,0.00,1.03,1.97,9.88,0.02,-0.04,-0.00
1.09,1.53,9.77,0.04,-0.09,0.00,1.06,1.91,9.82,0.02,-0.04,-0.00
1.27,1.34,9.58,0.04,-0.09,0.00,1.17,1.81,9.79,0.03,-0.04,-0.00
1.14,1.62,9.70,0.03,-0.10,-0.00,1.08,1.96,9.81,0.03,-0.04,0.00
1.09,1.47,9.64,0.02,-0.09,0.00,1.08,1.96,9.81,0.03,-0.04,0.00
1.22,1.32,9.61,0.03,-0.09,0.00,1.06,1.98,9.80,0.02,-0.04,0.00
1.10,1.61,9.73,0.03,-0.09,0.00,1.32,1.81,9.69,0.02,-0.05,0.00
1.29,1.48,9.61,0.03,-0.09,0.00,1.06,1.91,9.69,0.02,-0.03,-0.00
1.14,1.66,9.66,0.03,-0.09,-0.00,1.06,1.91,9.69,0.02,-0.03,-0.00
1.20,1.40,9.55,0.02,-0.09,-0.00,1.29,1.95,9.76,0.02,-0.05,0.00
1.25,1.50,9.61,0.03,-0.10,0.00,1.12,1.73,9.72,0.02,-0.04,0.00
1.08,1.62,9.69,0.02,-0.09,-0.00,1.16,1.90,9.64,0.01,-0.04,-0.00
1.15,1.59,9.75,0.02,-0.09,0.00,1.16,1.90,9.64,0.01,-0.04,-0.00
1.09,1.60,9.73,0.03,-0.09,-0.00,1.15,1.84,9.59,0.02,-0.04,-0.00
1.24,1.35,9.58,0.03,-0.09,0.00,1.21,1.99,9.88,0.03,-0.04,0.00
1.24,1.60,9.67,0.03,-0.10,0.00,1.25,2.01,9.76,0.02,-0.04,-0.00
1.11,1.62,9.67,0.02,-0.09,-0.01,1.25,2.01,9.76,0.02,-0.04,-0.00
1.10,1.61,9.81,0.02,-0.09,0.00,1.25,2.00,9.68,0.02,-0.04,-0.00
1.06,1.55,9.74,0.03,-0.09,-0.00,1.11,1.80,9.85,0.03,-0.04,0.01
1.25,1.37,9.61,0.03,-0.09,0.00,1.18,1.91,9.88,0.02,-0.04,0.00
1.19,1.65,9.69,0.03,-0.10,-0.00,1.18,1.91,9.88,0.02,-0.04,0.00
1.13,1.56,9.65,0.02,-0.09,-0.00,1.23,1.98,9.84,0.02,-0.04,0.00
1.01,1.63,9.83,0.03,-0.09,0.00,1.10,1.69,9.68,0.02,-0.04,0.00
1.06,1.43,9.71,0.03,-0.09,0.00,1.25,1.96,9.65,0.02,-0.04,-0.00
1.20,1.43,9.71,0.03,-0.09,0.00,1.25,1.96,9.65,0.02,-0.04,-0.00
1.11,1.65,9.78,0.03,-0.09,-0.00,1.25,1.88,9.84,0.02,-0.04,-0.00
1.16,1.45,9.62,0.03,-0.09,-0.00,1.22,1.79,9.55,0.02,-0.04,-0.00
1.28,1.59,9.79,0.03,-0.10,0.00,1.13,2.02,9.95,0.02,-0.04,-0.00
1.08,1.33,9.71,0.03,-0.09,0.00,1.13,2.02,9.95,0.02,-0.04,-0.00
1.13,1.48,9.72,0.04,-0.09,0.01,1.18,2.02,9.82,0.02,-0.04,-0.00
1.00,1.63,9.82,0.03,-0.09,-0.00,1.09,1.76,9.77,0.03,-0.04,0.01
1.14,1.38,9.68,0.03,-0.09,0.00,1.29,1.84,9.57,0.01,-0.04,-0.00
1.21,1.51,9.72,0.03,-0.09,0.00,1.29,1.84,9.57,0.01,-0.04,-0.00
1.14,1.30,9.61,0.03,-0.09,0.00,1.01,1.94,9.92,0.03,-0.04,0.00
1.08,1.56,9.76,0.04,-0.09,0.00,1.32,1.69,9.52,0.02,-0.04,0.00
0.97,1.55,9.81,0.03,-0.09,0.00,1.02,1.98,9.86,0.02,-0.04,-0.00
1.12,1.32,9.66,0.03,-0.09,0.00,1.02,1.98,9.86,0.02,-0.04,-0.00
1.07,1.61,9.81,0.03,-0.09,0.00,1.12,1.90,9.81,0.02,-0.04,-0.00
1.24,1.40,9.58,0.03,-0.10,0.00,1.09,1.95,9.71,0.02,-0.04,0.00
1.09,1.62,9.72,0.03,-0.09,0.00,1.03,1.98,9.88,0.02,-0.04,0.00
1.03,1.44,9.68,0.02,-0.09,0.00,1.03,1.98,9.88,0.02,-0.04,0.00
1.16,1.34,9.67,0.03,-0.09,0.00,0.99,2.00,9.87,0.02,-0.04,0.00
1.04,1.59,9.83,0.03,-0.09,0.00,1.31,1.79,9.61,0.02,-0.05,0.00
1.28,1.43,9.58,0.03,-0.10,0.00,1.25,1.81,9.67,0.02,-0.04,0.00
1.14,1.65,9.71,0.03,-0.09,-0.00,1.25,1.81,9.67,0.02,-0.04,0.00
1.06,1.50,9.65,0.02,-0.09,-0.00,1.17,1.87,9.65,0.02,-0.04,0.00
1.18,1.31,9.60,0.03,-0.09,0.00,1.21,1.78,9.67,0.02,-0.04,-0.00
1.07,1.59,9.75,0.03,-0.09,0.00,1.01,1.98,9.89,0.02,-0.04,0.00
1.29,1.40,9.59,0.03,-0.10,0.00,1.01,1.98,9.89,0.02,-0.04,0.00
1.17,1.65,9.67,0.03,-0.09,-0.00,0.99,2.00,9.91,0.02,-0.04,-0.00
1.11,1.53,9.67,0.02,-0.09,-0.00,0.99,1.98,9.87,0.02,-0.04,0.00
1.26,1.32,9.57,0.03,-0.09,0.00,1.28,1.79,9.65,0.02,-0.05,0.00
1.17,1.55,9.67,0.03,-0.10,0.00,1.28,1.79,9.65,0.02,-0.05,0.00
1.22,1.37,9.62,0.03,-0.09,0.00,1.23,1.82,9.65,0.02,-0.04,0.00
1.18,1.64,9.74,0.03,-0.09,-0.00,1.14,1.83,9.77,0.02,-0.04,-0.00
1.09,1.63,9.69,0.03,-0.09,-0.00,1.25,1.78,9.65,0.02,-0.04,-0.00
1.23,1.36,9.57,0.03,-0.09,0.00,1.25,1.78,9.65,0.02,-0.04,-0.00
1.23,1.54,9.63,0.03,-0.10,0.00,1.29,1.75,9.58,0.02,-0.04,0.00
1.15,1.32,9.69,0.03,-0.09,0.00,1.00,2.00,9.94,0.02,-0.04,0.00
1.15,1.55,9.80,0.04,-0.09,0.00,1.32,1.74,9.60,0.02,-0.04,0.00
1.05,1.67,9.81,0.03,-0.09,-0.00,1.32,1.74,9.60,0.02,-0.04,0.00
1.13,1.42,9.66,0.03,-0.09,0.00,1.30,1.75,9.59,0.02,-0.05,0.00
1.25,1.41,9.65,0.03,-0.10,0.00,1.26,1.76,9.62,0.02,-0.04,0.00
1.06,1.40,9.64,0.03,-0.09,0.00,1.05,1.91,9.83,0.02,-0.04,0.00
1.16,1.33,9.69,0.03,-0.09,0.01,1.05,1.91,9.83,0.02,-0.04,0.00
1.05,1.60,9.82,0.03,-0.09,0.00,1.10,1.91,9.85,0.02,-0.04,-0.00
0.97,1.54,9.80,0.03,-0.09,0.00,1.16,1.92,9.71,0.02,-0.04,0.00
1.10,1.31,9.67,0.03,-0.09,0.00,1.14,1.91,9.73,0.02,-0.04,0.00
1.08,1.63,9.64,0.03,-0.09,-0.00,1.14,1.91,9.73,0.02,-0.04,0.00
1.21,1.34,9.56,0.02,-0.09,0.00,1.11,1.91,9.77,0.02,-0.04,0.00
1.26,1.44,9.59,0.03,-0.09,0.00,1.23,1.79,9.65,0.02,-0.04,0.00
1.12,1.64,9.68,0.03,-0.09,-0.00,1.04,1.97,9.87,0.02,-0.04,0.00
1.03,1.56,9.68,0.02,-0.09,-0.00,1.04,1.97,9.87,0.02,-0.04,0.00
1.10,1.65,9.78,0.02,-0.09,0.00,1.03,1.96,9.88,0.03,-0.04,0.00
1.03,1.63,9.75,0.03,-0.09,-0.00,1.02,1.94,9.87,0.02,-0.04,0.00
1.14,1.42,9.64,0.03,-0.09,0.00,1.29,1.74,9.56,0.02,-0.04,-0.00
1.26,1.36,9.64,0.03,-0.10,0.00,1.29,1.74,9.56,0.02,-0.04,-0.00
1.17,1.65,9.72,0.03,-0.09,-0.00,1.29,1.78,9.56,0.02,-0.05,-0.00
1.13,1.26,9.70,0.03,-0.09,-0.00,1.01,1.98,9.93,0.02,-0.04,0.00
1.10,1.47,9.72,0.03,-0.09,0.00,1.29,1.73,9.93,0.01,-0.04,-0.00
0.96,1.63,9.83,0.03,-0.09,0.00,1.29,1.73,9.93,0.01,-0.04,-0.00
0.99,1.48,9.78,0.03,-0.09,0.00,1.04,1.91,9.91,0.03,-0.04,0.00
1.12,1.29,9.69,0.03,-0.09,0.01,1.24,1.79,9.52,0.02,-0.04,-0.00
1.14,1.44,9.68,0.03,-0.09,0.00,1.08,1.98,9.92,0.03,-0.04,0.00
1.14,1.36,9.56,0.02,-0.09,0.00,1.08,1.98,9.92,0.03,-0.04,0.00
1.23,1.35,9.63,0.03,-0.09,0.00,1.12,1.92,9.90,0.03,-0.04,0.00
1.08,1.60,9.72,0.03,-0.09,0.00,1.18,1.89,9.87,0.03,-0.04,0.00
0.97,1.57,9.75,0.02,-0.09,-0.00,1.08,1.79,9.65,0.02,-0.04,0.00
1.05,1.35,9.66,0.02,-0.09,0.00,1.08,1.79,9.65,0.02,-0.04,0.00
1.09,1.68,9.72,0.03,-0.09,-0.00,1.03,1.82,9.71,0.02,-0.04,0.00
1.13,1.46,9.63,0.02,-0.09,-0.00,1.27,1.92,9.77,0.03,-0.04,0.00
1.27,1.35,9.54,0.03,-0.10,0.00,1.02,1.89,9.72,0.02,-0.04,0.00
1.18,1.57,9.66,0.03,-0.10,-0.00,1.02,1.89,9.72,0.02,-0.04,0.00
1.06,1.63,9.70,0.02,-0.09,-0.00,1.28,1.88,9.67,0.02,-0.05,0.00
1.14,1.55,9.77,0.03,-0.09,0.00,1.03,1.79,9.76,0.02,-0.04,0.00
1.03,1.67,9.77,0.03,-0.09,-0.00,1.21,1.97,9.74,0.02,-0.04,-0.00
1.11,1.44,9.68,0.03,-0.09,0.00,1.21,1.97,9.74,0.02,-0.04,-0.00
1.25,1.33,9.63,0.03,-0.10,0.00,1.18,1.83,9.76,0.02,-0.04,-0.00
1.16,1.65,9.70,0.03,-0.10,-0.00,1.14,1.95,9.76,0.02,-0.04,0.00
1.14,1.29,9.67,0.03,-0.09,0.00,1.22,1.73,9.64,0.02,-0.04,0.00
1.08,1.54,9.81,0.03,-0.09,0.00,1.22,1.73,9.64,0.02,-0.04,0.00
0.96,1.59,9.83,0.03,-0.09,0.00,1.24,1.71,9.62,0.02,-0.04,0.00
1.06,1.35,9.70,0.03,-0.09,0.00,0.99,1.98,9.91,0.02,-0.04,0.00
1.16,1.42,9.70,0.03,-0.09,0.00,0.98,1.98,9.92,0.02,-0.04,0.00
1.11,1.34,9.62,0.02,-0.09,0.00,0.98,1.98,9.92,0.02,-0.04,0.00
1.18,1.37,9.63,0.03,-0.09,0.00,0.99,1.98,9.92,0.02,-0.04,0.00
1.04,1.62,9.77,0.03,-0.09,0.00,1.31,1.70,9.58,0.02,-0.04,0.00
0.96,1.52,9.77,0.03,-0.09,0.00,0.99,1.94,9.87,0.02,-0.04,0.00
1.09,1.28,9.69,0.03,-0.09,0.00,0.99,1.94,9.87,0.02,-0.04,0.00
1.09,1.63,9.71,0.03,-0.09,-0.00,1.27,1.68,9.58,0.02,-0.04,-0.00
1.19,1.34,9.56,0.02,-0.09,0.00,1.06,1.98,9.83,0.02,-0.04,-0.00
1.25,1.44,9.60,0.03,-0.10,0.00,1.19,1.77,9.67,0.02,-0.04,0.00
1.10,1.66,9.71,0.03,-0.09,-0.00,1.19,1.77,9.67,0.02,-0.04,0.00
1.09,1.50,9.66,0.02,-0.09,-0.00,1.17,1.77,9.68,0.02,-0.04,0.00
1.01,1.64,9.82,0.03,-0.09,0.00,1.14,1.85,9.76,0.02,-0.04,-0.00
1.00,1.51,9.77,0.03,-0.09,0.00,1.14,1.84,9.74,0.02,-0.04,0.00
1.15,1.28,9.67,0.03,-0.09,0.00,1.14,1.84,9.74,0.02,-0.04,0.00
1.14,1.52,9.75,0.04,-0.09,0.00,1.16,1.86,9.72,0.02,-0.04,-0.00
1.03,1.65,9.81,0.03,-0.09,-0.00,1.10,1.90,9.78,0.02,-0.04,0.00
1.18,1.41,9.66,0.03,-0.09,0.00,1.17,1.73,9.71,0.02,-0.04,0.00
1.03,1.62,9.74,0.03,-0.09,-0.00,1.17,1.73,9.71,0.02,-0.04,0.00
1.01,1.45,9.69,0.02,-0.09,0.00,1.09,1.88,9.80,0.02,-0.04,0.00
1.14,1.25,9.63,0.03,-0.09,0.00,1.20,1.75,9.69,0.02,-0.04,0.00
1.11,1.49,9.70,0.03,-0.09,0.00,1.05,1.98,9.86,0.02,-0.04,0.00
1.19,1.31,9.62,0.03,-0.09,0.00,1.05,1.98,9.86,0.02,-0.04,0.00
1.24,1.45,9.67,0.03,-0.09,0.00,1.05,1.95,9.85,0.02,-0.04,0.00
1.10,1.66,9.76,0.03,-0.09,-0.00,1.22,1.70,9.66,0.02,-0.04,0.00
1.07,1.53,9.73,0.03,-0.09,-0.00,1.19,1.71,9.68,0.02,-0.04,0.00
1.20,1.32,9.62,0.03,-0.09,0.00,1.19,1.71,9.68,0.02,-0.04,0.00
0.96,1.56,9.76,0.03,-0.10,0.00,1.18,1.74,9.72,0.02,-0.04,0.00
1.07,1.31,9.65,0.02,-0.09,0.00,1.11,1.96,9.82,0.02,-0.04,-0.00
1.14,1.31,9.67,0.03,-0.09,0.00,1.16,1.70,9.72,0.02,-0.04,0.00
1.04,1.60,9.78,0.03,-0.09,0.00,1.16,1.70,9.72,0.02,-0.04,0.00
0.96,1.55,9.78,0.03,-0.09,0.00,1.14,1.93,9.73,0.02,-0.04,0.00
1.06,1.56,9.72,0.03,-0.09,0.00,1.12,1.72,9.74,0.02,-0.04,0.00
1.06,1.65,9.73,0.03,-0.09,-0.00,1.13,1.97,9.78,0.02,-0.04,-0.00
1.09,1.44,9.66,0.02,-0.09,-0.00,1.13,1.97,9.78,0.02,-0.04,-0.00
1.24,1.32,9.59,0.03,-0.10,0.00,1.14,1.95,9.75,0.02,-0.04,-0.00
1.19,1.56,9.66,0.03,-0.10,0.00,1.14,1.69,9.73,0.02,-0.04,0.00
1.08,1.68,9.71,0.03,-0.09,-0.00,1.12,1.76,9.72,0.02,-0.04,0.00
1.12,1.32,9.73,0.03,-0.09,0.01,1.12,1.76,9.72,0.02,-0.04,0.00
1.02,1.59,9.84,0.03,-0.09,0.00,1.11,1.82,9.77,0.02,-0.04,0.00
0.93,1.57,9.83,0.03,-0.09,0.00,1.12,1.85,9.74,0.02,-0.04,0.00
1.03,1.36,9.73,0.03,-0.09,0.00,1.16,1.80,9.69,0.02,-0.04,-0.00
1.13,1.29,9.68,0.03,-0.09,0.00,1.16,1.80,9.69,0.02,-0.04,-0.00
1.03,1.46,9.70,0.02,-0.09,-0.00,1.08,1.72,9.74,0.02,-0.04,0.00
1.13,1.26,9.62,0.02,-0.09,0.00,1.21,1.94,9.74,0.02,-0.04,-0.00
1.13,1.36,9.67,0.03,-0.09,0.00,1.04,1.74,9.85,0.02,-0.04,0.00
1.02,1.58,9.82,0.03,-0.09,0.00,1.04,1.74,9.85,0.02,-0.04,0.00
0.93,1.53,9.83,0.03,-0.09,-0.00,1.06,1.69,9.79,0.02,-0.04,0.01
1.19,1.53,9.64,0.03,-0.10,-0.00,1.15,1.93,9.67,0.02,-0.04,-0.00
1.06,1.63,9.74,0.03,-0.09,-0.00,1.08,1.97,9.70,0.02,-0.04,-0.00
1.03,1.45,9.71,0.02,-0.09,-0.00,1.08,1.97,9.70,0.02,-0.04,-0.00
1.11,1.26,9.64,0.03,-0.09,0.00,1.03,1.97,9.86,0.02,-0.04,-0.00
1.11,1.34,9.73,0.03,-0.09,0.00,1.27,1.66,9.59,0.02,-0.04,0.00
1.12,1.38,9.61,0.02,-0.09,-0.00,0.96,1.99,9.97,0.02,-0.04,0.00
1.20,1.28,9.57,0.03,-0.09,0.00,0.96,1.99,9.97,0.02,-0.04,0.00
1.10,1.45,9.70,0.03,-0.09,0.00,1.12,1.69,9.53,0.02,-0.04,0.00
0.96,1.59,9.83,0.03,-0.09,0.00,1.19,1.96,9.83,0.03,-0.04,-0.00
0.96,1.42,9.81,0.03,-0.09,0.00,1.01,1.67,9.71,0.02,-0.04,0.00
1.12,1.60,9.71,0.03,-0.10,-0.00,1.01,1.67,9.71,0.02,-0.04,0.00
0.99,1.58,9.70,0.02,-0.09,-0.00,1.04,1.76,9.73,0.02,-0.04,0.00
1.06,1.31,9.63,0.02,-0.09,0.00,1.13,1.88,9.69,0.02,-0.04,0.00
1.12,1.27,9.66,0.03,-0.09,0.00,1.07,1.83,9.76,0.02,-0.04,0.00
1.05,1.49,9.79,0.03,-0.09,0.00,1.07,1.83,9.76,0.02,-0.04,0.00
1.21,1.29,9.58,0.02,-0.09,0.00,1.03,1.74,9.86,0.02,-0.04,0.00
1.20,1.40,9.65,0.03,-0.09,0.00,1.22,1.84,9.66,0.02,-0.04,-0.00
1.05,1.62,9.74,0.03,-0.09,-0.00,1.03,1.84,9.90,0.03,-0.04,0.00
0.99,1.46,9.74,0.02,-0.09,0.00,1.03,1.84,9.90,0.03,-0.04,0.00
1.09,1.27,9.65,0.03,-0.09,0.00,1.11,1.90,9.67,0.02,-0.04,-0.00
1.04,1.63,9.71,0.03,-0.09,-0.00,1.15,1.78,9.89,0.03,-0.04,0.00
1.16,1.34,9.60,0.02,-0.09,0.00,1.04,1.80,9.68,0.02,-0.04,-0.00
1.23,1.38,9.58,0.03,-0.10,0.00,1.04,1.80,9.68,0.02,-0.04,-0.00
1.11,1.60,9.72,0.03,-0.09,-0.00,0.99,1.82,9.78,0.02,-0.04,0.00
1.03,1.57,9.70,0.02,-0.09,-0.00,1.25,1.86,9.83,0.02,-0.05,0.00
1.07,1.55,9.81,0.02,-0.09,0.00,1.27,1.83,9.71,0.02,-0.05,0.00
0.98,1.61,9.82,0.03,-0.09,-0.00,1.27,1.83,9.71,0.02,-0.05,0.00
1.09,1.37,9.68,0.03,-0.09,0.00,1.29,1.77,9.68,0.02,-0.05,0.00
1.23,1.30,9.68,0.03,-0.09,0.00,0.98,1.82,9.78,0.02,-0.04,0.00
1.13,1.62,9.71,0.03,-0.09,-0.00,1.19,1.86,9.73,0.02,-0.04,0.00
1.09,1.26,9.68,0.02,-0.09,-0.00,1.19,1.86,9.73,0.02,-0.04,0.00
1.06,1.50,9.81,0.03,-0.09,0.00,1.08,1.86,9.84,0.02,-0.04,-0.00
0.96,1.64,9.82,0.03,-0.09,-0.00,1.04,1.81,9.79,0.02,-0.04,0.00
1.06,1.40,9.72,0.03,-0.09,0.00,1.23,1.78,9.58,0.02,-0.04,-0.00
1.21,1.31,9.62,0.03,-0.10,0.00,1.23,1.78,9.58,0.02,-0.04,-0.00
0.94,1.43,9.81,0.03,-0.10,-0.00,1.21,1.81,9.63,0.02,-0.04,-0.00
1.07,1.23,9.70,0.03,-0.09,0.00,1.16,1.83,9.69,0.01,-0.04,-0.00
1.10,1.36,9.76,0.03,-0.09,0.00,1.12,1.81,9.91,0.03,-0.04,0.00
0.99,1.60,9.85,0.03,-0.09,0.00,1.12,1.81,9.91,0.03,-0.04,0.00
0.97,1.55,9.82,0.03,-0.09,-0.00,1.17,1.77,9.85,0.02,-0.04,0.00
1.09,1.30,9.71,0.03,-0.09,0.00,1.01,1.83,9.73,0.01,-0.04,0.00
0.95,1.59,9.79,0.03,-0.09,-0.00,1.25,1.81,9.73,0.02,-0.05,0.00
1.01,1.32,9.74,0.02,-0.08,0.00,1.25,1.81,9.73,0.02,-0.05,0.00
1.10,1.21,9.71,0.03,-0.09,0.01,0.94,1.93,9.88,0.02,-0.03,-0.00
1.09,1.40,9.76,0.03,-0.09,0.00,1.26,1.66,9.61,0.02,-0.04,0.00
1.00,1.62,9.62,0.03,-0.09,0.00,1.03,1.95,9.88,0.02,-0.04,-0.00
1.13,1.25,9.67,0.03,-0.09,0.00,1.03,1.95,9.88,0.02,-0.04,-0.00
1.03,1.46,9.80,0.03,-0.09,0.00,1.11,1.98,9.87,0.02,-0.04,-0.00
0.91,1.58,9.86,0.03,-0.09,0.00,1.19,1.96,9.78,0.02,-0.04,-0.00
0.96,1.39,9.78,0.03,-0.09,0.00,1.03,1.64,9.72,0.02,-0.04,0.00
1.09,1.25,9.71,0.03,-0.09,0.00,1.03,1.64,9.72,0.02,-0.04,0.00
0.96,1.58,9.76,0.03,-0.09,-0.00,1.04,1.70,9.73,0.02,-0.04,0.00
0.99,1.38,9.71,0.02,-0.09,0.00,1.14,1.80,9.72,0.02,-0.05,0.00
1.07,1.22,9.66,0.02,-0.09,0.00,1.06,1.79,9.84,0.02,-0.04,0.00
1.12,1.25,9.67,0.03,-0.09,0.00,1.06,1.79,9.84,0.02,-0.04,0.00
1.06,1.40,9.78,0.03,-0.09,0.00,1.11,1.60,9.65,0.02,-0.04,0.00
1.14,1.31,9.59,0.02,-0.09,0.00,1.13,1.98,9.91,0.02,-0.04,-0.00
1.21,1.28,9.58,0.02,-0.10,0.00,1.00,1.58,9.68,0.02,-0.04,0.00
1.17,1.39,9.66,0.03,-0.10,0.00,1.00,1.58,9.68,0.02,-0.04,0.00
1.06,1.56,9.73,0.02,-0.10,0.00,0.97,1.70,9.77,0.02,-0.04,0.00
0.97,1.58,9.77,0.02,-0.10,0.00,0.96,1.91,9.87,0.02,-0.05,0.00
1.24,1.28,9.68,0.02,-0.10,0.00,1.26,1.60,9.58,0.01,-0.05,0.00
1.18,1.46,9.68,0.03,-0.09,-0.00,1.26,1.60,9.58,0.01,-0.05,0.00
1.11,1.58,9.74,0.03,-0.09,-0.00,1.16,1.60,9.52,0.01,-0.04,0.00
1.05,1.58,9.71,0.02,-0.10,-0.01,1.17,1.81,9.90,0.03,-0.04,0.00
1.09,1.36,9.65,0.02,-0.10,0.00,1.01,1.75,9.77,0.02,-0.04,0.00
1.06,1.51,9.81,0.03,-0.09,0.00,1.01,1.75,9.77,0.02,-0.04,0.00
1.02,1.58,9.86,0.03,-0.08,-0.00,1.27,1.59,9.64,0.02,-0.04,0.00
1.03,1.47,9.79,0.03,-0.09,-0.00,0.97,1.89,10.01,0.03,-0.03,0.00
1.13,1.27,9.63,0.02,-0.10,0.00,1.25,1.63,9.49,0.01,-0.05,0.00
1.23,1.24,9.61,0.02,-0.10,0.00,1.25,1.63,9.49,0.01,-0.05,0.00
0.94,1.47,9.85,0.02,-0.09,0.00,1.15,1.73,9.69,0.01,-0.04,0.00
1.02,1.27,9.73,0.02,-0.09,0.00,1.07,1.87,9.70,0.01,-0.04,-0.00
1.16,1.17,9.70,0.03,-0.09,0.00,1.24,1.56,9.65,0.02,-0.04,0.00
1.21,1.25,9.68,0.03,-0.09,0.00,1.24,1.56,9.65,0.02,-0.04,0.00
1.17,1.46,9.70,0.03,-0.10,0.00,1.24,1.62,9.53,0.02,-0.04,0.00
1.03,1.22,9.71,0.01,-0.10,0.01,1.05,1.78,9.94,0.02,-0.04,0.01
1.15,1.16,9.72,0.01,-0.10,0.01,1.07,1.76,9.78,0.00,-0.05,-0.00
1.23,1.24,9.71,0.01,-0.10,0.01,1.07,1.76,9.78,0.00,-0.05,-0.00
1.19,1.40,9.70,0.02,-0.09,-0.01,1.27,1.53,9.63,-0.01,-0.05,0.01
1.11,1.47,9.77,0.02,-0.09,-0.00,1.04,1.75,9.93,0.02,-0.03,0.00
1.13,1.10,9.72,0.03,-0.09,0.00,1.12,1.63,9.66,0.02,-0.04,-0.00
1.19,1.23,9.72,0.06,-0.08,-0.00,1.12,1.63,9.66,0.02,-0.04,-0.00
1.14,1.43,9.79,0.07,-0.08,-0.00,1.03,1.81,9.73,0.05,-0.03,-0.01
1.06,1.61,9.77,0.06,-0.09,-0.01,1.00,1.84,9.93,0.05,-0.03,-0.00
1.01,1.57,9.73,0.04,-0.09,-0.00,1.20,1.70,9.61,0.03,-0.04,-0.00
1.08,1.31,9.79,0.02,-0.10,-0.00,1.20,1.70,9.61,0.03,-0.04,-0.00
1.03,1.23,9.75,0.02,-0.09,0.00,1.03,1.59,9.73,0.01,-0.04,0.00
1.12,1.18,9.71,0.03,-0.09,0.00,1.03,1.59,9.73,0.01,-0.04,0.00
1.17,1.29,9.69,0.04,-0.09,0.00,1.05,1.59,9.72,0.02,-0.04,0.00
0.93,1.33,9.80,0.03,-0.09,0.00,1.08,1.77,9.78,0.03,-0.04,0.00
1.01,1.17,9.72,0.02,-0.09,0.00,1.13,1.74,9.75,0.02,-0.04,-0.00
1.07,1.18,9.71,0.03,-0.09,0.01,1.13,1.74,9.75,0.02,-0.04,-0.00
1.06,1.31,9.79,0.04,-0.09,0.00,1.01,1.54,9.74,0.02,-0.04,0.01
0.98,1.53,9.86,0.04,-0.09,0.00,1.19,1.92,9.83,0.02,-0.04,-0.00
1.10,1.18,9.64,0.03,-0.09,0.00,0.96,1.61,9.71,0.02,-0.04,0.00
1.10,1.22,9.67,0.03,-0.09,0.00,0.96,1.61,9.71,0.02,-0.04,0.00
1.02,1.37,9.76,0.03,-0.09,0.00,0.97,1.81,9.88,0.02,-0.04,0.00
0.92,1.53,9.88,0.03,-0.09,0.00,1.15,1.60,9.63,0.02,-0.04,0.00
0.87,1.50,9.86,0.03,-0.09,0.00,1.06,1.54,9.65,0.02,-0.04,-0.00
1.18,1.29,9.66,0.03,-0.09,0.00,1.06,1.54,9.65,0.02,-0.04,-0.00
1.06,1.47,9.71,0.03,-0.09,-0.00,0.96,1.63,9.67,0.02,-0.04,0.00
0.94,1.56,9.82,0.03,-0.09,-0.00,1.23,1.70,9.77,0.02,-0.05,0.00
0.90,1.43,9.79,0.02,-0.09,-0.00,0.91,1.83,9.88,0.02,-0.04,-0.00
0.94,1.21,9.75,0.02,-0.09,0.00,0.91,1.83,9.88,0.02,-0.04,-0.00
1.08,1.53,9.74,0.02,-0.09,-0.00,0.95,1.57,9.55,0.02,-0.04,0.00
1.02,1.56,9.76,0.01,-0.09,-0.00,1.08,1.77,9.94,0.02,-0.04,0.00
0.98,1.42,9.73,0.02,-0.09,-0.00,1.02,1.71,9.70,0.01,-0.04,-0.00
1.02,1.24,9.64,0.03,-0.09,-0.00,1.02,1.71,9.70,0.01,-0.04,-0.00
1.06,1.15,9.62,0.05,-0.09,0.00,0.97,1.84,9.87,0.03,-0.04,-0.00
0.95,1.59,9.89,0.05,-0.09,-0.00,0.98,1.75,9.85,0.04,-0.04,0.00
0.93,1.56,9.81,0.03,-0.09,-0.00,1.12,1.82,9.77,0.03,-0.04,-0.00
1.00,1.36,9.76,0.02,-0.09,-0.00,1.12,1.82,9.77,0.03,-0.04,-0.00
1.10,1.22,9.67,0.02,-0.09,0.00,1.12,1.96,9.87,0.01,-0.05,-0.01
1.15,1.17,9.67,0.03,-0.09,0.00,0.94,1.54,9.70,0.02,-0.04,0.00
0.86,1.53,9.81,0.04,-0.09,0.00,1.20,1.81,9.80,0.03,-0.04,-0.00
0.89,1.36,9.79,0.03,-0.09,0.00,1.20,1.81,9.80,0.03,-0.04,-0.00
0.96,1.20,9.72,0.02,-0.09,0.00,0.88,1.90,9.95,0.02,-0.04,-0.00
1.03,1.13,9.74,0.03,-0.09,0.00,1.19,1.60,9.62,0.02,-0.05,0.00
1.05,1.18,9.76,0.03,-0.09,0.01,0.93,1.77,9.72,0.03,-0.04,0.00
1.01,1.45,9.73,0.04,-0.09,0.00,0.93,1.77,9.72,0.03,-0.04,0.00
1.06,1.26,9.63,0.02,-0.09,0.00,0.99,1.58,9.80,0.02,-0.04,0.01
1.13,1.18,9.62,0.02,-0.09,0.00,1.11,1.92,9.80,0.02,-0.04,-0.00
1.12,1.22,9.63,0.03,-0.09,0.00,1.12,1.81,9.73,0.02,-0.04,-0.00
1.07,1.34,9.70,0.03,-0.09,0.00,1.12,1.81,9.73,0.02,-0.04,-0.00
0.97,1.50,9.73,0.03,-0.09,-0.00,1.15,1.59,9.63,0.02,-0.04,0.00
1.09,1.21,9.67,0.03,-0.09,0.00,0.99,1.95,10.00,0.02,-0.04,-0.00
1.15,1.20,9.65,0.03,-0.10,0.00,1.04,1.56,9.57,0.02,-0.04,0.00
1.16,1.31,9.67,0.03,-0.10,0.00,1.04,1.56,9.57,0.02,-0.04,0.00
1.11,1.46,9.69,0.03,-0.10,-0.00,1.14,1.61,9.75,0.02,-0.04,0.00
1.04,1.58,9.75,0.03,-0.09,-0.00,0.92,1.91,9.94,0.02,-0.04,-0.00
1.02,1.16,9.74,0.03,-0.09,0.01,1.16,1.63,9.58,0.02,-0.04,0.00
1.06,1.21,9.72,0.03,-0.09,0.00,1.16,1.63,9.58,0.02,-0.04,0.00
0.93,1.52,9.84,0.03,-0.09,0.00,1.05,1.90,9.72,0.02,-0.04,-0.00
0.86,1.53,9.87,0.03,-0.09,-0.00,1.05,1.90,9.72,0.02,-0.04,-0.00
1.17,1.23,9.59,0.03,-0.09,0.00,1.00,1.90,9.77,0.02,-0.04,-0.00
1.13,1.32,9.69,0.03,-0.10,0.00,1.13,1.57,9.70,0.02,-0.04,0.00
1.00,1.46,9.74,0.03,-0.09,-0.00,0.93,1.78,9.93,0.03,-0.04,0.00
0.92,1.55,9.84,0.03,-0.09,-0.00,0.93,1.78,9.93,0.03,-0.04,0.00
0.84,1.51,9.83,0.03,-0.09,0.00,0.98,1.61,9.80,0.03,-0.04,0.00
1.16,1.27,9.61,0.03,-0.09,0.00,1.05,1.92,9.84,0.02,-0.04,-0.01
1.11,1.37,9.69,0.03,-0.10,-0.00,1.05,1.72,9.78,0.02,-0.04,0.00
0.99,1.52,9.74,0.03,-0.09,-0.00,1.05,1.72,9.78,0.02,-0.04,0.00
0.89,1.56,9.83,0.03,-0.09,-0.00,0.98,1.55,9.70,0.02,-0.04,0.01
0.85,1.45,9.84,0.03,-0.09,-0.00,1.13,1.94,9.85,0.02,-0.04,-0.00
0.89,1.30,9.66,0.03,-0.09,0.00,0.94,1.64,9.72,0.02,-0.04,0.00
1.09,1.41,9.70,0.03,-0.09,-0.00,0.94,1.64,9.72,0.02,-0.04,0.00
0.96,1.55,9.76,0.03,-0.09,-0.00,1.06,1.54,9.62,0.02,-0.04,0.00
0.87,1.56,9.83,0.03,-0.09,-0.00,1.12,1.90,9.86,0.02,-0.04,-0.00
0.84,1.45,9.81,0.03,-0.09,0.00,0.87,1.66,9.84,0.02,-0.04,0.00
0.89,1.26,9.64,0.03,-0.09,0.00,0.87,1.66,9.84,0.02,-0.04,0.00
1.10,1.39,9.70,0.03,-0.10,-0.00,0.87,1.92,10.02,0.03,-0.04,-0.00
1.00,1.55,9.75,0.03,-0.09,-0.00,1.01,1.80,9.93,0.03,-0.04,0.00
0.93,1.57,9.82,0.03,-0.09,-0.00,0.98,1.83,9.68,0.02,-0.04,-0.00
0.85,1.52,9.80,0.02,-0.09,-0.00,0.98,1.83,9.68,0.02,-0.04,-0.00
0.86,1.44,9.80,0.03,-0.09,0.00,0.98,1.87,9.82,0.02,-0.04,-0.00
1.13,1.31,9.64,0.03,-0.09,0.00,1.10,1.78,9.76,0.02,-0.04,-0.00
1.13,1.37,9.68,0.03,-0.10,-0.00,0.92,1.53,9.80,0.02,-0.04,0.01
1.10,1.43,9.70,0.03,-0.10,-0.00,0.92,1.53,9.80,0.02,-0.04,0.01
1.05,1.46,9.72,0.03,-0.09,-0.00,1.21,1.63,9.65,0.02,-0.05,-0.00
1.01,1.51,9.73,0.03,-0.10,-0.01,0.92,1.88,9.98,0.03,-0.04,-0.00
0.99,1.23,9.74,0.03,-0.09,0.00,1.09,1.78,9.68,0.02,-0.04,-0.00
1.05,1.20,9.71,0.03,-0.09,0.00,1.09,1.78,9.68,0.02,-0.04,-0.00
1.08,1.18,9.70,0.03,-0.09,0.00,1.08,1.86,9.79,0.02,-0.04,-0.00
1.12,1.19,9.68,0.03,-0.09,0.00,1.09,1.58,9.62,0.02,-0.04,0.00
1.11,1.22,9.67,0.03,-0.09,0.00,1.03,1.87,9.96,0.02,-0.04,-0.00
0.84,1.52,9.86,0.03,-0.09,0.00,1.03,1.87,9.96,0.02,-0.04,-0.00
0.84,1.45,9.85,0.03,-0.09,0.00,1.09,1.61,9.76,0.02,-0.04,0.00
0.88,1.32,9.83,0.03,-0.09,0.00,0.95,1.87,9.86,0.02,-0.04,-0.00
0.92,1.24,9.76,0.03,-0.09,0.00,1.09,1.73,9.72,0.02,-0.04,-0.00
0.99,1.17,9.74,0.03,-0.09,0.01,1.09,1.73,9.72,0.02,-0.04,-0.00
0.96,1.54,9.76,0.03,-0.09,-0.00,0.90,1.53,9.74,0.02,-0.04,0.01
0.90,1.56,9.81,0.03,-0.09,-0.00,1.19,1.73,9.75,0.03,-0.04,-0.00
0.85,1.50,9.78,0.02,-0.09,-0.00,0.86,1.90,9.93,0.02,-0.04,-0.00
0.88,1.35,9.82,0.02,-0.09,0.00,0.86,1.90,9.93,0.02,-0.04,-0.00
0.91,1.21,9.76,0.02,-0.09,0.00,0.96,1.84,9.94,0.02,-0.04,0.00
1.06,1.45,9.71,0.03,-0.09,-0.00,0.98,1.76,9.71,0.01,-0.04,-0.00
0.97,1.53,9.77,0.03,-0.09,-0.00,0.95,1.87,9.91,0.02,-0.04,-0.00
0.87,1.55,9.82,0.03,-0.09,-0.00,0.95,1.87,9.91,0.02,-0.04,-0.00
0.84,1.48,9.80,0.03,-0.09,0.00,0.93,1.63,9.88,0.03,-0.04,0.00
0.87,1.31,9.84,0.03,-0.09,0.00,1.09,1.92,9.78,0.02,-0.04,-0.00
1.11,1.31,9.69,0.02,-0.09,-0.00,0.98,1.60,9.71,0.02,-0.04,0.00
1.02,1.40,9.72,0.03,-0.09,-0.00,0.98,1.60,9.71,0.02,-0.04,0.00
0.92,1.49,9.79,0.03,-0.09,-0.00,0.97,1.51,9.71,0.02,-0.04,0.00
0.85,1.53,9.88,0.03,-0.09,-0.00,1.14,1.83,9.81,0.03,-0.04,-0.00
0.81,1.51,9.88,0.03,-0.09,-0.00,0.85,1.80,9.88,0.02,-0.04,0.00
1.11,1.17,9.64,0.03,-0.09,0.00,0.85,1.80,9.88,0.02,-0.04,0.00
1.07,1.22,9.64,0.03,-0.09,0.00,0.96,1.87,9.95,0.02,-0.04,-0.00
1.04,1.27,9.74,0.03,-0.09,0.00,0.95,1.70,9.71,0.02,-0.04,0.00
0.98,1.33,9.82,0.03,-0.09,-0.00,0.90,1.86,9.90,0.02,-0.04,-0.00
0.92,1.42,9.85,0.04,-0.10,0.00,0.90,1.86,9.90,0.02,-0.04,-0.00
1.04,1.21,9.65,0.04,-0.10,0.00,0.95,1.60,9.84,0.03,-0.04,0.00
1.06,1.15,9.64,0.03,-0.10,0.00,1.06,1.91,9.84,0.02,-0.05,-0.00
1.04,1.12,9.68,0.03,-0.09,0.00,1.00,1.67,9.78,0.02,-0.04,0.00
1.02,1.16,9.70,0.03,-0.09,0.00,1.00,1.67,9.78,0.02,-0.04,0.00
1.02,1.20,9.76,0.03,-0.09,0.01,0.93,1.52,9.69,0.02,-0.04,0.00
0.95,1.54,9.72,0.04,-0.09,0.00,1.19,1.71,9.80,0.03,-0.05,-0.00
0.98,1.41,9.75,0.02,-0.09,0.00,0.86,1.89,9.99,0.02,-0.04,0.00
0.99,1.31,9.72,0.02,-0.09,0.00,0.86,1.89,9.99,0.02,-0.04,0.00
0.98,1.24,9.66,0.01,-0.09,0.00,0.94,1.68,9.97,0.02,-0.04,0.00
0.96,1.19,9.68,-0.00,-0.08,0.01,1.06,1.89,9.75,0.00,-0.04,-0.00
0.98,1.13,9.77,-0.05,-0.05,0.04,1.10,1.61,9.81,-0.04,-0.01,0.03
0.97,1.37,9.79,-0.09,-0.03,0.07,1.10,1.61,9.81,-0.04,-0.01,0.03
0.89,1.26,9.83,-0.14,-0.01,0.11,0.93,1.38,9.69,-0.11,0.03,0.08
0.79,1.01,9.87,-0.19,0.02,0.19,1.10,1.32,9.90,-0.16,0.06,0.14
0.63,0.72,9.88,-0.19,0.02,0.22,0.58,1.14,10.09,-0.20,0.08,0.21
0.57,0.50,9.94,-0.22,0.04,0.31,0.58,1.14,10.09,-0.20,0.08,0.21
0.60,0.03,9.87,-0.28,0.08,0.47,0.80,0.78,9.95,-0.24,0.10,0.32
0.36,-0.37,9.74,-0.26,0.08,0.56,0.53,0.32,9.88,-0.30,0.15,0.51
0.10,-0.66,9.71,-0.04,-0.00,0.50,0.05,-0.27,9.76,-0.11,0.09,0.52
0.00,-0.61,9.79,0.17,-0.09,0.43,0.05,-0.27,9.76,-0.11,0.09,0.52
0.01,-0.26,9.86,0.32,-0.15,0.36,-0.17,-0.21,9.70,0.19,-0.02,0.42
0.03,0.14,9.96,0.37,-0.19,0.27,0.18,0.42,10.04,0.36,-0.10,0.35
0.36,0.56,9.92,0.27,-0.26,0.14,0.22,0.76,9.95,0.29,-0.18,0.18
0.62,0.70,9.81,0.01,-0.10,0.17,0.22,0.76,9.95,0.29,-0.18,0.18
0.47,0.56,9.96,-0.17,0.03,0.17,0.51,0.99,9.83,-0.04,-0.01,0.17
0.14,0.24,10.06,-0.23,0.08,0.13,0.49,0.80,10.16,-0.22,0.10,0.13
0.05,-0.25,9.77,-0.16,0.06,0.10,0.17,0.15,9.71,-0.19,0.12,0.09
-0.10,-0.36,9.74,-0.01,-0.04,0.05,0.17,0.15,9.71,-0.19,0.12,0.09
-0.09,-0.30,9.83,0.13,-0.16,0.00,-0.21,-0.01,9.57,0.00,-0.00,0.03
0.05,-0.03,9.90,0.20,-0.24,0.00,-0.01,0.21,10.07,0.17,-0.14,0.01
0.27,0.35,10.01,0.11,-0.19,0.08,0.21,0.65,10.18,0.14,-0.16,0.06
0.43,0.22,9.98,-0.12,0.04,0.25,0.21,0.65,10.18,0.14,-0.16,0.06
0.19,-0.14,10.01,-0.37,0.26,0.37,0.40,0.61,10.02,-0.15,0.12,0.25
-0.21,-0.56,9.82,-0.47,0.43,0.53,0.05,0.06,10.17,-0.46,0.41,0.41
-0.94,-1.15,9.74,-0.37,0.47,0.65,-0.70,-0.68,9.94,-0.41,0.53,0.60
-1.61,-1.37,9.63,-0.18,0.39,0.64,-0.70,-0.68,9.94,-0.41,0.53,0.60
-2.01,-1.14,9.54,-0.01,0.22,0.62,-1.73,-0.98,9.40,-0.16,0.43,0.61
-2.27,-0.92,9.35,0.05,0.13,0.71,-1.85,-0.76,9.74,0.02,0.26,0.64
-2.90,-0.72,9.14,0.19,-0.03,0.66,-2.65,-0.56,9.52,0.13,0.14,0.69
-3.60,-0.64,9.80,0.19,-0.15,0.31,-2.65,-0.56,9.52,0.13,0.14,0.69
-3.21,0.09,9.71,0.15,0.26,-0.09,-4.10,-0.06,9.88,0.15,-0.03,0.14
-3.03,-0.15,9.57,0.03,0.62,-0.05,-3.08,0.33,9.71,0.11,0.49,-0.08
-3.73,-0.15,9.41,-0.11,0.67,-0.04,-3.38,0.17,9.79,-0.07,0.71,-0.10
-4.18,-0.35,9.18,-0.16,0.42,0.06,-3.38,0.17,9.79,-0.07,0.71,-0.10
-4.18,-0.38,9.11,-0.09,-0.11,0.26,-3.95,-0.08,9.08,-0.15,0.41,0.04
-3.98,-0.30,9.14,0.04,-0.64,0.46,-3.94,-0.13,8.91,-0.04,-0.34,0.38
-3.46,-0.03,9.02,0.16,-0.92,0.54,-3.64,0.17,9.05,0.14,-0.79,0.57
-2.92,0.23,9.21,0.28,-0.89,0.51,-3.64,0.17,9.05,0.14,-0.79,0.57
-2.36,0.65,9.42,0.36,-0.73,0.42,-2.82,0.71,9.29,0.29,-0.78,0.54
-1.91,1.08,9.56,0.37,-0.58,0.29,-2.16,1.18,9.42,0.37,-0.57,0.40
-1.48,1.40,9.63,0.27,-0.46,0.20,-1.58,1.71,9.46,0.30,-0.40,0.24
-1.21,1.54,9.58,0.15,-0.34,0.14,-1.58,1.71,9.46,0.30,-0.40,0.24
-0.99,1.59,9.78,0.04,-0.30,0.09,-1.28,1.94,9.70,0.12,-0.26,0.15
-5.62,1.95,10.53,-0.29,0.05,-0.88,-2.31,2.04,10.34,-0.06,-0.22,-0.06
-1.80,1.56,10.03,0.01,1.03,-0.35,-2.10,2.36,9.98,-0.02,0.85,-0.52
-2.33,0.88,9.64,-0.18,1.07,-0.35,-2.10,2.36,9.98,-0.02,0.85,-0.52
-3.77,0.76,9.17,-0.18,1.00,-0.26,-2.55,1.23,9.57,-0.20,1.07,-0.39
-4.36,0.50,8.71,-0.07,0.67,-0.20,-4.14,0.88,8.70,-0.15,0.90,-0.28
-4.65,0.51,8.49,0.03,0.11,-0.12,-4.65,0.64,8.37,-0.00,0.31,-0.16
-4.47,0.52,8.63,0.11,-0.52,0.07,-4.65,0.64,8.37,-0.00,0.31,-0.16
-3.95,0.73,9.15,0.11,-0.99,0.32,-4.25,0.83,8.53,0.11,-0.54,0.14
-3.01,0.76,9.26,0.05,-1.08,0.47,-3.37,1.03,9.17,0.08,-1.00,0.44
-2.38,0.95,9.17,0.08,-0.85,0.46,-2.56,1.19,9.36,0.05,-0.83,0.51
-1.88,1.07,9.35,0.18,-0.73,0.33,-2.56,1.19,9.36,0.05,-0.83,0.51
-1.35,1.27,9.50,0.26,-0.65,0.18,-1.88,1.49,9.26,0.19,-0.63,0.33
-0.83,1.60,9.60,0.25,-0.54,0.13,-1.16,1.79,9.56,0.26,-0.55,0.17
-0.55,1.79,9.47,0.18,-0.43,0.06,-0.64,2.11,9.55,0.19,-0.38,0.10
-0.28,1.86,9.66,0.10,-0.41,0.01,-0.64,2.11,9.55,0.19,-0.38,0.10
-0.12,1.95,10.07,-0.01,-0.37,-0.03,-0.28,2.17,9.63,0.08,-0.34,0.01
-1.48,2.04,10.14,-0.53,0.63,-0.96,-2.15,2.23,11.14,-0.28,-0.01,-0.27
-1.46,1.44,9.80,-0.32,0.25,-0.73,-1.24,1.96,9.66,-0.40,0.28,-0.83
-1.42,0.82,9.86,-0.17,0.28,-0.54,-1.24,1.96,9.66,-0.40,0.28,-0.83
-1.79,0.65,9.80,-0.14,0.28,-0.40,-1.38,1.21,9.87,-0.18,0.30,-0.53
-2.06,0.37,9.72,-0.09,0.30,-0.30,-1.83,0.76,9.83,-0.12,0.32,-0.39
-2.36,0.16,9.67,-0.04,0.28,-0.20,-2.24,0.46,9.72,-0.07,0.32,-0.25
-2.65,0.04,9.54,-0.02,0.23,-0.12,-2.24,0.46,9.72,-0.07,0.32,-0.25
-2.89,-0.02,9.44,-0.05,0.19,-0.02,-2.67,0.41,9.46,-0.03,0.26,-0.11
-3.07,0.05,9.49,-0.12,0.17,0.11,-2.87,0.25,9.76,-0.08,0.23,0.03
-3.38,-0.18,9.18,-0.16,0.12,0.24,-3.39,0.29,9.26,-0.16,0.20,0.20
-3.67,-0.31,8.88,-0.06,-0.07,0.27,-3.39,0.29,9.26,-0.16,0.20,0.20
-3.53,-0.22,9.02,0.06,-0.30,0.25,-3.74,0.06,8.69,-0.05,-0.03,0.27
-3.30,0.11,9.40,0.13,-0.46,0.22,-3.22,0.27,9.39,0.10,-0.33,0.25
-2.72,0.28,9.41,0.12,-0.52,0.12,-3.23,0.50,9.39,0.12,-0.44,0.17
-2.19,0.54,9.74,0.07,-0.44,0.08,-3.23,0.50,9.39,0.12,-0.44,0.17
-2.10,0.54,9.92,-0.03,-0.24,0.04,-2.37,0.68,9.80,0.05,-0.36,0.09
-2.15,0.26,9.90,-0.07,-0.03,-0.00,-1.97,0.72,9.88,-0.06,-0.09,0.02
-2.17,0.08,9.71,0.01,0.06,-0.05,-2.00,0.41,9.91,-0.01,0.10,-0.05
-2.44,0.25,9.78,0.06,0.08,-0.04,-2.00,0.41,9.91,-0.01,0.10,-0.05
-2.70,0.27,9.64,0.06,0.03,-0.02,-2.24,0.37,9.57,0.05,0.12,-0.05
-2.67,0.19,9.50,0.05,-0.05,-0.01,-2.66,0.64,9.80,0.05,0.05,-0.02
-2.59,0.14,9.39,0.05,-0.16,-0.01,-2.79,0.47,9.23,0.03,-0.07,-0.00
-2.39,0.19,9.38,0.07,-0.32,-0.02,-2.79,0.47,9.23,0.03,-0.07,-0.00
-2.25,0.34,9.69,0.08,-0.47,-0.01,-2.20,0.48,9.50,0.07,-0.30,-0.01
-1.66,0.27,9.77,0.04,-0.47,0.00,-2.11,0.82,9.89,0.06,-0.44,0.01
-1.33,0.19,9.86,0.08,-0.35,0.01,-1.50,0.54,9.80,0.06,-0.33,0.03
-1.19,0.37,9.81,0.16,-0.22,0.02,-1.50,0.54,9.80,0.06,-0.33,0.03
-1.17,0.59,9.85,0.13,-0.17,0.02,-1.35,0.84,9.89,0.15,-0.16,0.03
-1.10,0.77,9.80,0.07,-0.13,0.01,-1.09,0.94,9.75,0.09,-0.10,0.02
-1.16,0.65,9.76,0.01,-0.09,-0.00,-1.29,0.98,9.71,0.02,-0.04,0.00
-1.14,0.53,9.77,-0.00,-0.06,-0.00,-1.29,0.98,9.71,0.02,-0.04,0.00
-1.16,0.51,9.75,-0.00,-0.05,-0.01,-1.31,1.10,9.87,-0.01,-0.01,-0.00
-1.15,0.52,9.78,0.01,-0.07,-0.00,-1.08,0.81,9.73,0.00,-0.01,-0.01
-1.18,0.69,9.89,0.00,-0.04,0.00,-1.14,0.93,10.04,0.00,-0.00,-0.00
-1.31,0.56,9.83,-0.04,0.01,-0.01,-1.14,0.93,10.04,0.00,-0.00,-0.00
-1.43,0.40,9.74,-0.03,-0.00,-0.02,-1.20,1.00,9.84,-0.04,0.06,-0.02
-1.47,0.33,9.72,-0.01,-0.01,-0.01,-1.66,0.69,9.92,-0.02,0.04,-0.02
-1.53,0.27,9.67,0.00,-0.02,-0.01,-1.38,0.64,9.64,-0.01,0.03,-0.02
-1.68,0.46,9.93,0.03,-0.08,-0.01,-1.38,0.64,9.64,-0.01,0.03,-0.02
-1.78,0.42,9.85,0.03,-0.09,0.00,-1.64,0.62,9.55,0.01,-0.03,-0.01
-1.77,0.32,9.85,0.04,-0.13,0.00,-1.48,0.65,9.61,0.04,-0.06,-0.00
-1.70,0.23,9.78,0.06,-0.18,-0.00,-1.57,0.55,9.82,0.05,-0.11,0.00
-1.46,0.24,9.79,0.14,-0.31,-0.00,-1.57,0.55,9.82,0.05,-0.11,0.00
-1.07,0.74,9.94,0.20,-0.37,0.02,-1.50,0.72,9.82,0.14,-0.27,0.01
-0.89,0.95,9.93,0.20,-0.30,0.03,-0.86,0.95,9.85,0.21,-0.29,0.04
-0.77,1.00,9.86,0.14,-0.18,0.02,-0.63,1.43,10.10,0.16,-0.16,0.03
-0.75,0.97,9.77,0.08,-0.10,0.00,-0.63,1.43,10.10,0.16,-0.16,0.03
-0.75,0.93,9.82,0.03,-0.07,-0.00,-0.84,1.45,9.77,0.06,-0.04,0.00
-0.74,0.86,9.83,-0.01,-0.08,-0.00,-0.58,1.29,9.78,0.00,-0.03,-0.01
-0.68,1.12,9.99,-0.03,-0.08,-0.00,-0.64,1.37,9.96,-0.03,-0.02,-0.01
-0.84,1.00,9.82,-0.01,-0.09,0.00,-0.64,1.37,9.96,-0.03,-0.02,-0.01
-0.87,0.88,9.86,0.03,-0.10,0.00,-0.67,1.09,9.95,-0.00,-0.04,-0.00
-0.86,0.81,9.84,0.05,-0.09,0.00,-0.77,1.39,9.88,0.04,-0.05,0.00
-0.79,0.74,9.84,0.04,-0.09,0.00,-0.70,1.29,9.84,0.04,-0.05,0.00
-0.71,1.12,9.85,0.03,-0.10,-0.00,-0.70,1.29,9.84,0.04,-0.05,0.00
-0.77,1.09,9.83,0.01,-0.09,0.00,-0.78,1.12,9.82,0.02,-0.04,0.00
-0.88,0.97,9.83,0.01,-0.06,0.00,-0.55,1.39,9.87,0.01,-0.02,-0.00
-0.92,0.81,9.84,0.01,-0.10,0.00,-0.94,1.23,9.93,0.01,-0.04,0.00
-0.81,0.74,9.84,0.04,-0.11,0.00,-0.94,1.23,9.93,0.01,-0.04,0.00
-0.65,1.09,9.84,0.04,-0.07,-0.01,-0.77,1.13,9.68,0.03,-0.05,0.00
-0.78,1.10,9.85,0.02,-0.09,-0.00,-0.53,1.22,9.94,0.02,-0.03,-0.00
-0.83,1.04,9.85,0.02,-0.11,0.00,-0.98,1.38,9.94,0.01,-0.05,0.01
-0.87,0.94,9.84,0.04,-0.10,0.00,-0.98,1.38,9.94,0.01,-0.05,0.01
-0.88,0.83,9.84,0.03,-0.07,0.00,-0.72,1.29,10.09,0.04,-0.05,0.00
-0.66,1.02,9.82,0.01,-0.08,-0.00,-0.86,1.36,9.76,0.01,-0.02,-0.00
-0.74,1.06,9.88,0.02,-0.09,-0.00,-0.84,1.39,9.90,0.01,-0.04,0.00
-0.83,1.05,9.85,0.03,-0.10,0.00,-0.84,1.39,9.90,0.01,-0.04,0.00
-0.87,0.96,9.85,0.04,-0.10,0.00,-0.75,1.22,9.82,0.03,-0.05,0.00
-0.87,0.86,9.82,0.02,-0.08,0.00,-0.70,1.37,9.92,0.03,-0.05,0.00
-0.62,0.94,9.86,0.01,-0.06,-0.00,-0.87,1.07,9.85,0.00,-0.01,-0.00
-0.74,0.96,9.86,0.01,-0.07,-0.01,-0.87,1.07,9.85,0.00,-0.01,-0.00
-0.80,1.00,9.87,0.03,-0.11,-0.00,-0.65,1.08,9.65,-0.00,-0.03,-0.01
-0.85,1.03,9.85,0.05,-0.13,0.00,-0.78,1.29,10.08,0.04,-0.06,0.00
-0.86,1.02,9.86,0.05,-0.13,0.01,-0.98,1.25,9.74,0.04,-0.07,0.01
-0.58,0.82,9.83,0.05,-0.11,-0.00,-0.98,1.25,9.74,0.04,-0.07,0.01
-0.80,0.73,9.86,0.02,-0.09,0.00,-0.86,1.10,9.85,0.02,-0.04,0.00
-0.74,0.71,9.84,0.02,-0.09,0.00,-0.86,1.10,9.85,0.02,-0.04,0.00
-0.66,0.75,9.86,0.03,-0.09,-0.00,-0.84,1.16,9.89,0.02,-0.04,0.00
-0.84,1.05,9.88,0.04,-0.09,0.00,-0.66,1.18,9.73,0.02,-0.04,0.00
-0.89,0.99,9.90,0.03,-0.09,0.00,-0.90,1.15,9.75,0.02,-0.04,0.00
-0.88,0.89,9.93,0.03,-0.09,0.00,-0.90,1.15,9.75,0.02,-0.04,0.00
-0.84,0.80,9.88,0.03,-0.09,0.00,-0.48,1.39,9.99,0.02,-0.04,-0.00
-0.75,0.73,9.87,0.03,-0.09,0.00,-0.71,1.16,9.64,0.02,-0.05,-0.00
-0.76,1.01,9.90,0.03,-0.09,-0.00,-0.55,1.18,9.95,0.03,-0.04,-0.00
-0.78,1.01,9.97,0.03,-0.09,0.00,-0.55,1.18,9.95,0.03,-0.04,-0.00
-0.81,1.03,9.99,0.04,-0.09,0.00,-0.63,1.11,9.74,0.02,-0.04,-0.00
-0.80,1.03,9.96,0.03,-0.09,0.00,-0.72,1.19,9.97,0.03,-0.04,0.00
-0.75,0.97,9.88,0.03,-0.09,0.00,-0.69,1.08,9.88,0.02,-0.04,0.00
-0.73,0.79,9.89,0.02,-0.09,-0.00,-0.69,1.08,9.88,0.02,-0.04,0.00
-0.66,0.87,9.91,0.04,-0.09,0.00,-0.67,1.32,9.86,0.02,-0.05,-0.00
-0.65,0.98,9.90,0.04,-0.10,-0.00,-0.77,1.07,9.88,0.02,-0.04,0.00
-0.67,1.05,9.90,0.04,-0.10,-0.00,-0.64,1.38,9.85,0.03,-0.05,-0.00
-0.68,1.09,9.88,0.03,-0.10,-0.00,-0.64,1.38,9.85,0.03,-0.05,-0.00
-0.74,1.11,9.86,0.03,-0.10,-0.00,-0.66,1.40,10.03,0.02,-0.04,0.00
-0.69,0.72,9.87,0.03,-0.09,0.00,-0.93,1.24,9.87,0.02,-0.04,0.00
-0.62,0.78,9.84,0.03,-0.09,-0.00,-0.52,1.13,9.73,0.02,-0.04,-0.00
-0.57,0.84,9.81,0.03,-0.09,-0.00,-0.52,1.13,9.73,0.02,-0.04,-0.00
-0.55,0.92,9.81,0.03,-0.09,-0.00,-0.75,1.29,9.74,0.02,-0.04,0.00
-0.56,0.97,9.82,0.03,-0.09,-0.00,-0.62,1.09,9.92,0.02,-0.04,-0.00
-0.84,0.91,9.93,0.03,-0.09,0.00,-0.68,1.27,9.87,0.02,-0.04,-0.00
-0.78,0.85,9.90,0.03,-0.09,0.00,-0.68,1.27,9.87,0.02,-0.04,-0.00
-0.74,0.80,9.83,0.03,-0.09,0.00,-0.56,1.41,9.92,0.03,-0.05,-0.00
-0.70,0.75,9.83,0.03,-0.09,-0.00,-0.93,1.31,9.89,0.02,-0.04,0.00
-0.65,0.75,9.81,0.03,-0.09,-0.00,-0.56,1.11,9.71,0.02,-0.04,-0.00
-0.79,1.03,9.93,0.03,-0.09,0.00,-0.56,1.11,9.71,0.02,-0.04,-0.00
-0.81,1.05,9.98,0.03,-0.09,0.00,-0.72,1.10,9.92,0.03,-0.04,0.00
-0.85,1.05,9.99,0.03,-0.09,0.00,-0.64,1.45,9.86,0.02,-0.04,-0.00
-0.87,1.00,9.96,0.03,-0.09,0.00,-0.85,1.26,9.94,0.02,-0.04,0.00
-0.88,0.91,9.94,0.03,-0.09,0.00,-0.85,1.26,9.94,0.02,-0.04,0.00
-0.56,0.88,9.78,0.03,-0.09,-0.00,-0.75,1.37,10.08,0.02,-0.04,0.00
-0.60,0.97,9.82,0.03,-0.09,-0.00,-0.79,1.31,9.77,0.02,-0.04,0.00
-0.66,1.06,9.83,0.03,-0.09,0.00,-0.77,1.45,9.90,0.02,-0.04,0.00
-0.72,1.10,9.89,0.03,-0.09,0.00,-0.77,1.45,9.90,0.02,-0.04,0.00
-0.79,1.10,9.90,0.03,-0.09,0.00,-0.67,1.25,9.76,0.02,-0.04,0.00
-0.65,0.73,9.81,0.03,-0.09,-0.00,-0.68,1.42,10.05,0.03,-0.04,-0.00
-0.60,0.75,9.77,0.03,-0.10,-0.00,-0.46,1.22,9.86,0.02,-0.05,-0.00
-0.56,0.82,9.75,0.03,-0.09,-0.00,-0.46,1.22,9.86,0.02,-0.05,-0.00
-0.57,0.88,9.76,0.03,-0.09,-0.00,-0.58,1.11,9.72,0.02,-0.04,-0.00
-0.58,0.93,9.80,0.03,-0.09,-0.00,-0.73,1.19,9.94,0.02,-0.04,0.00
-0.85,0.95,9.93,0.03,-0.09,0.00,-0.67,1.47,9.88,0.02,-0.04,-0.00
-0.81,0.86,9.93,0.03,-0.09,0.00,-0.67,1.47,9.88,0.02,-0.04,-0.00
-0.77,0.81,9.88,0.03,-0.09,0.00,-0.52,1.25,9.77,0.02,-0.04,-0.00
-0.73,0.75,9.85,0.03,-0.09,0.00,-0.82,1.39,10.08,0.03,-0.04,0.00
-0.69,0.72,9.82,0.03,-0.09,0.00,-0.60,1.17,9.94,0.02,-0.04,0.00
-0.76,1.04,9.90,0.03,-0.09,0.00,-0.60,1.17,9.94,0.02,-0.04,0.00
-0.79,1.07,9.93,0.03,-0.09,0.00,-0.69,1.08,9.85,0.02,-0.04,-0.00
-0.84,1.09,9.95,0.03,-0.09,0.00,-0.65,1.20,9.75,0.02,-0.04,0.00
-0.87,1.06,9.96,0.03,-0.09,0.00,-0.69,1.39,10.07,0.03,-0.04,0.00
-0.89,1.01,9.95,0.03,-0.09,0.00,-0.69,1.39,10.07,0.03,-0.04,0.00
-0.58,0.81,9.75,0.03,-0.09,-0.00,-0.88,1.44,9.86,0.02,-0.04,0.00
-0.57,0.87,9.77,0.03,-0.09,-0.00,-0.63,1.08,9.81,0.02,-0.04,-0.00
-0.57,0.93,9.81,0.03,-0.09,-0.00,-0.74,1.19,9.83,0.02,-0.04,0.00
-0.64,1.00,9.83,0.03,-0.10,0.00,-0.74,1.19,9.83,0.02,-0.04,0.00
-0.68,1.07,9.85,0.04,-0.10,0.00,-0.87,1.10,9.79,0.02,-0.05,0.00
-0.76,0.77,9.87,0.03,-0.10,0.00,-0.45,1.20,9.81,0.03,-0.05,-0.00
-0.71,0.71,9.84,0.03,-0.09,-0.00,-0.57,1.12,9.73,0.02,-0.05,-0.00
-0.67,0.68,9.82,0.03,-0.09,-0.00,-0.57,1.12,9.73,0.02,-0.05,-0.00
-0.62,0.68,9.81,0.03,-0.09,-0.00,-0.64,1.42,9.88,0.02,-0.05,-0.00
-0.60,0.72,9.82,0.03,-0.09,-0.00,-0.85,1.09,9.82,0.02,-0.04,0.00
-0.59,1.08,9.92,0.03,-0.09,-0.00,-0.46,1.21,9.84,0.02,-0.04,-0.00
-0.86,1.03,9.90,0.03,-0.09,0.00,-0.46,1.21,9.84,0.02,-0.04,-0.00
-0.86,0.94,9.90,0.03,-0.09,0.00,-0.82,1.34,9.96,0.03,-0.04,0.00
-0.85,0.89,9.86,0.03,-0.09,0.00,-0.64,1.39,9.89,0.02,-0.05,-0.00
-0.84,0.84,9.85,0.03,-0.10,0.00,-0.84,1.08,9.83,0.02,-0.04,0.00
-0.81,0.78,9.85,0.03,-0.09,0.00,-0.84,1.08,9.83,0.02,-0.04,0.00
-0.58,0.98,9.85,0.03,-0.10,-0.00,-0.91,1.39,10.00,0.02,-0.04,0.00
-0.60,1.04,9.85,0.03,-0.10,-0.00,-0.60,1.15,9.72,0.02,-0.05,-0.00
-0.62,1.08,9.87,0.03,-0.10,-0.00,-0.65,1.45,9.86,0.02,-0.05,-0.00
-0.65,1.11,9.87,0.03,-0.10,-0.00,-0.65,1.45,9.86,0.02,-0.05,-0.00
-0.68,1.11,9.88,0.03,-0.10,-0.00,-0.51,1.26,9.79,0.02,-0.05,-0.00
-0.72,0.69,9.86,0.03,-0.09,0.00,-0.80,1.38,10.07,0.02,-0.04,0.00
-0.67,0.68,9.84,0.03,-0.09,0.00,-0.75,1.29,9.78,0.02,-0.04,0.00
-0.64,0.67,9.84,0.03,-0.09,0.00,-0.75,1.29,9.78,0.02,-0.04,0.00
-0.61,0.68,9.83,0.03,-0.09,0.00,-0.71,1.13,9.90,0.02,-0.04,0.00
-0.59,0.72,9.81,0.03,-0.09,0.00,-0.67,1.14,9.73,0.02,-0.04,0.00
-0.80,1.09,9.93,0.03,-0.09,0.00,-0.55,1.27,9.99,0.03,-0.04,-0.00
-0.82,1.08,9.94,0.03,-0.09,0.00,-0.55,1.27,9.99,0.03,-0.04,-0.00
-0.85,1.06,9.96,0.03,-0.09,0.00,-0.56,1.04,9.80,0.02,-0.05,-0.00
-0.86,1.04,9.98,0.03,-0.09,0.00,-0.75,1.22,9.86,0.02,-0.04,0.00
-0.85,1.01,9.96,0.03,-0.10,0.00,-0.86,1.14,9.80,0.02,-0.04,0.00
-0.59,0.76,9.76,0.03,-0.10,-0.00,-0.86,1.14,9.80,0.02,-0.04,0.00
-0.59,0.78,9.76,0.03,-0.10,-0.00,-0.88,1.42,10.01,0.02,-0.04,0.00
-0.60,0.79,9.78,0.03,-0.09,0.00,-0.61,1.25,9.79,0.02,-0.05,-0.00
-0.64,0.79,9.80,0.03,-0.09,0.00,-0.72,1.03,9.89,0.02,-0.04,0.00
-0.67,0.77,9.82,0.03,-0.09,0.00,-0.72,1.03,9.89,0.02,-0.04,0.00
-0.67,1.09,9.89,0.03,-0.10,-0.00,-0.63,1.12,9.72,0.02,-0.04,0.00
-0.67,1.10,9.89,0.03,-0.10,-0.00,-0.52,1.25,9.97,0.03,-0.04,-0.00
-0.69,1.11,9.90,0.03,-0.10,-0.00,-0.86,1.46,9.98,0.02,-0.04,0.00
-0.73,1.09,9.89,0.03,-0.10,-0.00,-0.86,1.46,9.98,0.02,-0.04,0.00
-0.79,1.06,9.88,0.03,-0.09,0.00,-0.73,1.18,9.87,0.02,-0.04,0.00
-0.53,0.73,9.81,0.03,-0.10,-0.00,-0.57,1.12,9.91,0.02,-0.04,-0.00
-0.51,0.77,9.77,0.03,-0.10,-0.00,-0.59,1.15,9.74,0.02,-0.04,0.00
-0.55,0.83,9.76,0.03,-0.09,-0.00,-0.59,1.15,9.74,0.02,-0.04,0.00
-0.57,0.87,9.79,0.03,-0.09,0.00,-0.85,1.28,9.82,0.02,-0.04,0.00
-0.62,0.89,9.85,0.03,-0.09,0.00,-0.46,1.07,9.75,0.02,-0.05,-0.00
-0.69,1.02,9.88,0.03,-0.09,-0.00,-0.72,1.26,10.00,0.03,-0.04,0.00
-0.69,0.99,9.85,0.03,-0.10,-0.00,-0.72,1.26,10.00,0.03,-0.04,0.00
-0.72,0.95,9.84,0.02,-0.09,-0.00,-0.69,1.43,9.89,0.02,-0.04,0.00
-0.75,0.89,9.84,0.02,-0.09,0.00,-0.65,1.34,9.94,0.02,-0.04,-0.00
-0.78,0.81,9.83,0.02,-0.08,0.00,-0.81,1.09,9.80,0.02,-0.03,0.00
-0.54,0.98,9.85,0.02,-0.07,0.00,-0.81,1.09,9.80,0.02,-0.03,0.00
-0.59,1.05,9.84,0.02,-0.06,-0.00,-0.89,1.35,10.02,0.02,-0.02,0.00
-0.68,1.07,9.87,0.00,-0.04,-0.00,-0.70,1.27,10.05,-0.00,-0.00,-0.00
-0.81,1.05,9.90,-0.02,-0.01,0.00,-0.93,1.40,9.91,-0.03,0.03,-0.00
-1.00,0.99,9.91,-0.06,0.03,-0.00,-0.93,1.40,9.91,-0.03,0.03,-0.00
-1.08,0.47,9.76,-0.05,-0.00,-0.02,-0.98,1.14,9.86,-0.07,0.09,-0.01
-1.03,0.41,9.76,0.02,-0.11,-0.01,-1.04,1.07,9.85,-0.02,-0.01,-0.03
-0.92,0.53,9.78,0.03,-0.09,0.01,-0.79,0.94,9.80,0.03,-0.05,0.01
-0.99,0.57,9.74,0.00,-0.05,-0.01,-0.79,0.94,9.80,0.03,-0.05,0.01
-1.05,0.55,9.75,-0.02,-0.03,-0.00,-1.09,0.90,9.67,-0.01,0.00,-0.01
-1.15,0.55,9.91,-0.02,-0.02,-0.00,-1.00,0.83,9.97,-0.02,0.02,-0.01
-1.30,0.56,9.87,-0.02,-0.01,-0.00,-1.36,1.00,9.91,-0.02,0.03,-0.00
-1.35,0.50,9.84,-0.04,0.03,0.00,-1.36,1.00,9.91,-0.02,0.03,-0.00
-1.52,0.38,9.79,-0.07,0.09,0.01,-1.29,0.90,9.93,-0.05,0.08,-0.00
-1.83,0.25,9.73,-0.07,0.14,0.02,-1.75,0.59,9.88,-0.08,0.17,0.01
-2.08,0.12,9.74,-0.05,0.17,0.02,-1.96,0.45,9.68,-0.05,0.21,0.01
-2.17,0.18,9.69,-0.02,0.21,0.02,-1.96,0.45,9.68,-0.05,0.21,0.01
-2.51,0.14,9.61,-0.03,0.24,0.04,-2.42,0.47,9.66,-0.04,0.26,0.02
-2.82,0.11,9.59,-0.04,0.26,0.06,-2.77,0.31,9.40,-0.04,0.29,0.04
-3.17,0.08,9.55,-0.04,0.25,0.08,-2.87,0.32,9.61,-0.05,0.30,0.06
-3.44,0.10,9.41,-0.04,0.22,0.10,-2.87,0.32,9.61,-0.05,0.30,0.06
-3.80,-0.13,9.16,-0.04,0.15,0.12,-3.48,0.35,9.53,-0.05,0.26,0.09
-3.89,-0.01,9.10,-0.00,0.05,0.13,-4.03,0.23,8.99,-0.04,0.16,0.12
-3.90,-0.03,9.03,0.01,-0.04,0.15,-3.99,0.17,8.85,-0.01,0.04,0.14
-3.99,-0.02,8.94,0.01,-0.10,0.16,-3.99,0.17,8.85,-0.01,0.04,0.14
-4.09,0.05,9.04,0.03,-0.15,0.12,-4.18,0.31,9.04,-0.00,-0.04,0.16
-3.88,0.12,9.17,0.05,-0.18,0.10,-3.79,0.56,9.18,0.04,-0.11,0.10
-3.93,0.10,9.28,0.06,-0.14,0.05,-3.97,0.53,9.30,0.06,-0.10,0.07
-3.90,0.24,9.19,0.09,-0.11,-0.03,-3.97,0.53,9.30,0.06,-0.10,0.07
-3.72,0.32,9.16,0.12,-0.07,-0.11,-3.76,0.70,9.13,0.09,-0.06,-0.05
-3.84,0.25,9.10,0.09,0.01,-0.16,-3.86,0.70,9.30,0.10,0.01,-0.14
-4.00,0.41,8.96,0.08,0.00,-0.19,-3.96,0.62,8.96,0.07,0.07,-0.19
-4.12,0.28,8.99,0.10,-0.10,-0.21,-3.96,0.62,8.96,0.07,0.07,-0.19
-4.12,0.25,9.15,0.07,-0.18,-0.18,-4.24,0.43,8.92,0.09,-0.07,-0.20
-4.00,0.25,9.28,-0.02,-0.19,-0.09,-3.93,0.48,9.13,0.03,-0.15,-0.15
-3.86,0.08,9.21,-0.09,-0.18,-0.00,-3.81,0.33,9.08,-0.09,-0.13,-0.03
-3.79,-0.12,9.27,-0.15,-0.12,0.10,-3.81,0.33,9.08,-0.09,-0.13,-0.03
-3.61,-0.15,9.27,-0.18,-0.05,0.17,-3.75,0.12,9.27,-0.17,-0.06,0.10
-3.72,-0.34,9.21,-0.18,0.05,0.23,-3.70,0.03,9.40,-0.19,0.06,0.20
-4.05,-0.45,9.19,-0.11,0.15,0.23,-4.03,-0.12,9.15,-0.14,0.19,0.23
-4.41,-0.29,8.98,0.04,0.13,0.17,-4.03,-0.12,9.15,-0.14,0.19,0.23
-4.60,-0.34,8.77,0.20,-0.03,0.03,-4.40,-0.04,8.85,0.06,0.17,0.15
-4.45,0.06,8.90,0.32,-0.20,-0.13,-4.69,0.19,8.78,0.26,-0.05,-0.03
-4.22,0.28,8.93,0.33,-0.27,-0.25,-4.50,0.56,9.01,0.32,-0.20,-0.20
-3.99,0.37,8.95,0.24,-0.25,-0.32,-4.50,0.56,9.01,0.32,-0.20,-0.20
-3.92,0.24,9.12,0.05,-0.17,-0.30,-4.06,0.66,9.02,0.20,-0.20,-0.31
-3.81,0.17,9.24,-0.16,-0.11,-0.22,-3.67,0.59,9.25,-0.06,-0.10,-0.27
-3.92,-0.32,9.16,-0.28,-0.12,-0.12,-3.76,0.24,9.39,-0.27,-0.07,-0.16
-3.82,-0.50,9.19,-0.17,-0.24,-0.03,-3.76,0.24,9.39,-0.27,-0.07,-0.16
-3.51,-0.64,9.25,-0.05,-0.38,0.06,-3.73,-0.23,9.18,-0.15,-0.21,-0.03
-3.36,-0.73,9.24,-0.05,-0.42,-0.16,-4.02,-0.73,9.24,-0.06,-0.36,-0.04
-3.09,-0.84,9.38,0.02,-0.33,-0.27,-3.30,-0.58,9.22,0.01,-0.31,-0.25
-3.20,-0.92,9.50,0.10,-0.19,-0.17,-3.30,-0.58,9.22,0.01,-0.31,-0.25
-3.27,-1.04,9.46,-0.01,0.17,0.01,-3.44,-0.59,9.61,0.07,-0.10,-0.12
-3.41,-1.03,9.36,-0.04,0.27,0.07,-3.30,-0.82,9.30,-0.05,0.29,0.02
-3.64,-0.92,9.22,0.04,0.14,0.10,-3.69,-0.72,9.10,-0.00,0.24,0.08
-3.76,-1.00,9.00,0.16,-0.09,0.08,-3.69,-0.72,9.10,-0.00,0.24,0.08
-3.71,-0.70,9.10,0.25,-0.35,-0.05,-3.71,-0.49,9.02,0.17,-0.09,0.07
-3.26,-0.45,9.15,0.28,-0.50,-0.16,-3.70,-0.21,9.20,0.26,-0.37,-0.09
-3.01,-0.35,9.35,0.25,-0.57,-0.24,-3.23,-0.09,9.41,0.25,-0.49,-0.19
-2.64,-0.28,9.61,0.19,-0.57,-0.34,-3.23,-0.09,9.41,0.25,-0.49,-0.19
-2.16,-0.11,9.59,0.15,-0.54,-0.41,-2.59,0.09,9.68,0.17,-0.51,-0.35
-1.71,-0.33,9.77,0.15,-0.58,-0.36,-1.95,0.23,9.55,0.13,-0.50,-0.38
-1.10,-0.34,9.99,0.10,-0.62,-0.25,-1.23,0.00,9.99,0.11,-0.57,-0.26
-0.55,-0.29,9.93,-0.00,-0.61,-0.12,-1.23,0.00,9.99,0.11,-0.57,-0.26
-0.03,-0.35,10.04,0.03,-0.59,-0.07,-0.44,0.20,9.82,-0.03,-0.56,-0.09
0.52,-0.40,10.10,0.16,-0.40,-0.02,0.27,-0.04,10.15,0.08,-0.48,-0.04
0.60,0.10,9.83,0.24,-0.21,0.02,0.76,0.38,9.70,0.24,-0.17,0.03
0.62,0.40,9.85,0.16,-0.15,0.01,0.76,0.38,9.70,0.24,-0.17,0.03
0.65,0.43,9.76,0.09,-0.14,0.00,0.62,0.69,10.12,0.15,-0.09,0.02
0.70,0.33,9.69,0.04,-0.12,0.00,0.73,0.84,9.90,0.06,-0.08,0.01
0.69,0.26,9.83,0.01,-0.09,-0.00,0.67,0.63,9.96,0.01,-0.04,0.00
0.71,0.46,9.95,-0.01,-0.07,-0.01,0.67,0.63,9.96,0.01,-0.04,0.00
0.67,0.42,9.85,-0.02,-0.06,-0.01,0.76,0.58,9.89,-0.02,-0.02,-0.00
0.59,0.30,9.85,-0.02,-0.06,-0.01,0.58,0.75,10.20,-0.02,-0.01,-0.01
0.49,0.21,9.93,-0.00,-0.07,-0.01,0.51,0.54,9.84,-0.01,-0.02,-0.01
0.44,0.16,9.97,0.02,-0.09,-0.00,0.51,0.54,9.84,-0.01,-0.02,-0.01
0.66,0.10,9.83,0.05,-0.11,0.00,0.43,0.61,10.26,0.02,-0.03,0.00
0.65,0.14,9.91,0.05,-0.11,0.00,0.67,0.55,9.78,0.03,-0.06,-0.00
0.58,0.19,9.99,0.05,-0.11,0.00,0.51,0.64,10.14,0.04,-0.05,0.00
0.52,0.23,10.03,0.04,-0.10,0.00,0.51,0.64,10.14,0.04,-0.05,0.00
0.51,0.30,10.09,0.04,-0.09,0.00,0.49,0.48,10.08,0.04,-0.04,0.01
0.56,0.20,9.78,0.02,-0.09,-0.00,0.69,0.67,9.98,0.02,-0.04,-0.00
0.52,0.14,9.87,0.02,-0.09,0.00,0.65,0.71,9.85,0.01,-0.04,-0.00
0.49,0.13,9.93,0.03,-0.09,0.00,0.65,0.71,9.85,0.01,-0.04,-0.00
0.51,0.14,9.94,0.03,-0.09,0.00,0.51,0.59,9.95,0.01,-0.04,0.00
0.60,0.15,9.91,0.04,-0.10,0.00,0.70,0.46,9.86,0.02,-0.05,0.00
0.51,0.27,10.04,0.03,-0.09,0.00,0.65,0.59,10.16,0.03,-0.05,0.00
0.49,0.31,10.10,0.04,-0.09,0.00,0.65,0.59,10.16,0.03,-0.05,0.00
0.52,0.35,10.04,0.03,-0.09,0.00,0.77,0.55,9.70,0.02,-0.05,-0.00
0.56,0.39,9.97,0.03,-0.10,-0.00,0.52,0.50,9.92,0.03,-0.04,0.00
0.63,0.39,9.90,0.03,-0.10,-0.00,0.67,0.62,9.88,0.02,-0.04,-0.00
0.50,0.14,9.92,0.03,-0.09,0.00,0.67,0.62,9.88,0.02,-0.04,-0.00
0.56,0.17,9.90,0.03,-0.09,0.00,0.74,0.71,9.93,0.02,-0.05,-0.00
0.65,0.17,9.82,0.03,-0.10,0.00,0.55,0.68,9.91,0.02,-0.04,-0.00
0.68,0.14,9.79,0.03,-0.10,0.00,0.57,0.49,9.83,0.02,-0.04,0.00
0.64,0.11,9.85,0.03,-0.10,0.00,0.57,0.49,9.83,0.02,-0.04,0.00
0.61,0.39,9.94,0.04,-0.09,-0.00,0.77,0.50,9.81,0.02,-0.05,0.00
0.64,0.40,9.87,0.03,-0.10,-0.00,0.59,0.59,10.22,0.03,-0.04,0.00
0.61,0.36,9.91,0.02,-0.10,-0.00,0.49,0.68,10.09,0.02,-0.04,-0.00
0.52,0.32,9.91,0.03,-0.10,-0.00,0.49,0.68,10.09,0.02,-0.04,-0.00
0.47,0.28,9.97,0.03,-0.09,0.00,0.49,0.52,10.17,0.03,-0.04,0.01
0.69,0.11,9.83,0.03,-0.09,-0.00,0.60,0.68,10.02,0.02,-0.04,0.00
0.62,0.09,9.91,0.04,-0.09,0.00,0.49,0.47,10.13,0.03,-0.04,0.01
0.57,0.08,9.99,0.04,-0.09,0.01,0.49,0.47,10.13,0.03,-0.04,0.01
0.56,0.13,10.04,0.04,-0.09,0.01,0.57,0.61,9.94,0.02,-0.04,-0.00
0.61,0.23,10.02,0.04,-0.10,0.00,0.54,0.46,10.04,0.03,-0.04,0.00
0.67,0.27,9.95,0.04,-0.10,0.00,0.52,0.61,9.95,0.02,-0.05,-0.00
0.48,0.25,9.99,0.03,-0.09,-0.00,0.52,0.61,9.95,0.02,-0.05,-0.00
0.52,0.27,9.92,0.03,-0.09,-0.00,0.58,0.72,10.11,0.02,-0.04,0.00
0.58,0.27,9.85,0.03,-0.09,-0.00,0.54,0.64,9.85,0.02,-0.04,-0.00
0.65,0.23,9.80,0.03,-0.10,-0.00,0.77,0.51,9.78,0.02,-0.05,-0.00
0.63,0.16,10.06,0.03,-0.10,-0.00,0.77,0.51,9.78,0.02,-0.05,-0.00
0.62,0.29,10.02,0.04,-0.10,0.00,0.66,0.70,9.83,0.02,-0.05,-0.00
0.66,0.31,9.95,0.04,-0.10,-0.00,0.76,0.58,9.79,0.02,-0.05,-0.00
0.69,0.34,9.89,0.03,-0.10,-0.00,0.77,0.73,9.88,0.02,-0.05,-0.00
0.66,0.32,9.91,0.03,-0.10,-0.00,0.77,0.73,9.88,0.02,-0.05,-0.00
0.59,0.31,9.98,0.03,-0.09,-0.00,0.65,0.50,9.99,0.03,-0.04,0.00
0.65,0.25,9.80,0.03,-0.10,-0.00,0.73,0.72,9.99,0.02,-0.05,-0.00
0.64,0.21,9.79,0.03,-0.10,-0.00,0.54,0.71,9.96,0.02,-0.04,-0.00
0.60,0.16,9.82,0.03,-0.10,0.00,0.54,0.71,9.96,0.02,-0.04,-0.00
0.56,0.12,9.90,0.03,-0.09,0.00,0.66,0.65,9.78,0.02,-0.04,-0.00
0.55,0.11,9.97,0.04,-0.09,0.00,0.78,0.53,9.86,0.02,-0.05,0.00
0.62,0.36,9.92,0.03,-0.10,-0.00,0.51,0.60,10.21,0.03,-0.04,0.00
0.56,0.35,9.98,0.03,-0.10,-0.00,0.51,0.60,10.21,0.03,-0.04,0.00
0.50,0.34,10.03,0.03,-0.09,0.00,0.68,0.55,9.94,0.03,-0.04,0.00
0.51,0.37,9.96,0.03,-0.09,-0.00,0.50,0.56,10.18,0.03,-0.04,0.01
0.56,0.37,9.89,0.03,-0.10,-0.00,0.57,0.53,9.96,0.03,-0.04,0.00
0.58,0.11,9.98,0.04,-0.09,0.01,0.57,0.53,9.96,0.03,-0.04,0.00
0.59,0.14,10.02,0.04,-0.09,0.01,0.72,0.76,9.85,0.02,-0.04,-0.00
0.65,0.24,9.98,0.04,-0.10,0.00,0.54,0.54,9.96,0.02,-0.04,0.00
0.72,0.30,9.94,0.04,-0.10,0.00,0.65,0.54,10.03,0.03,-0.04,0.00
0.72,0.31,9.89,0.03,-0.10,-0.00,0.65,0.54,10.03,0.03,-0.04,0.00
0.55,0.28,9.91,0.03,-0.09,-0.00,0.74,0.65,10.07,0.03,-0.04,0.00
0.62,0.27,9.84,0.03,-0.10,-0.00,0.55,0.74,10.03,0.02,-0.04,-0.00
0.68,0.22,9.77,0.03,-0.10,-0.00,0.66,0.54,9.80,0.02,-0.04,-0.00
0.67,0.14,9.82,0.03,-0.10,0.00,0.66,0.54,9.80,0.02,-0.04,-0.00
0.61,0.11,9.92,0.03,-0.09,0.00,0.53,0.72,10.03,0.02,-0.04,-0.00
0.68,0.42,9.86,0.03,-0.10,-0.00,0.74,0.61,10.17,0.02,-0.05,-0.00
0.62,0.39,9.91,0.03,-0.10,-0.00,0.54,0.71,10.02,0.02,-0.04,-0.00
0.51,0.35,9.97,0.03,-0.09,-0.00,0.54,0.71,10.02,0.02,-0.04,-0.00
0.51,0.36,9.95,0.03,-0.09,-0.00,0.56,0.60,10.17,0.03,-0.04,0.00
0.57,0.27,10.06,0.03,-0.09,0.00,0.59,0.57,10.14,0.03,-0.04,0.00
0.59,0.36,10.02,0.03,-0.09,0.00,0.59,0.57,10.14,0.03,-0.04,0.00
0.66,0.41,9.91,0.03,-0.10,-0.00,0.77,0.53,9.96,0.03,-0.05,0.00
0.65,0.39,9.89,0.02,-0.10,-0.00,0.57,0.70,10.17,0.03,-0.04,0.00
0.55,0.19,9.85,0.03,-0.09,-0.00,0.79,0.52,9.93,0.03,-0.04,0.00
0.73,0.16,9.81,0.03,-0.10,0.00,0.79,0.52,9.93,0.03,-0.04,0.00
0.66,0.11,9.89,0.03,-0.10,0.00,0.71,0.65,9.78,0.02,-0.04,-0.00
0.59,0.13,9.98,0.04,-0.09,0.01,0.78,0.53,9.91,0.03,-0.05,0.00
0.61,0.17,10.01,0.04,-0.09,0.01,0.57,0.66,10.17,0.03,-0.04,0.00
0.68,0.27,9.92,0.04,-0.10,0.00,0.57,0.66,10.17,0.03,-0.04,0.00
0.50,0.30,10.00,0.03,-0.09,-0.00,0.78,0.53,9.90,0.03,-0.05,0.00
0.55,0.32,9.92,0.03,-0.10,-0.00,0.74,0.69,9.76,0.02,-0.05,-0.00
0.65,0.26,9.85,0.03,-0.10,-0.00,0.76,0.54,9.94,0.03,-0.05,0.00
0.70,0.23,9.76,0.03,-0.10,-0.00,0.76,0.54,9.94,0.03,-0.05,0.00
0.68,0.15,9.84,0.04,-0.10,0.00,0.82,0.70,9.74,0.02,-0.05,-0.01
0.65,0.43,9.94,0.03,-0.10,-0.00,0.66,0.54,10.03,0.03,-0.04,0.00
0.68,0.44,9.89,0.03,-0.10,-0.00,0.53,0.66,10.16,0.02,-0.04,0.00
0.65,0.41,9.85,0.03,-0.10,-0.00,0.53,0.66,10.16,0.02,-0.04,0.00
0.57,0.34,9.88,0.03,-0.10,-0.00,0.76,0.74,9.94,0.02,-0.05,-0.00
0.54,0.29,9.93,0.03,-0.09,-0.00,0.72,0.70,9.90,0.02,-0.04,-0.00
0.75,0.27,9.89,0.04,-0.10,0.00,0.56,0.51,10.10,0.03,-0.04,0.01
0.69,0.32,9.93,0.03,-0.10,0.00,0.56,0.51,10.10,0.03,-0.04,0.01
0.63,0.35,9.98,0.03,-0.09,0.00,0.58,0.64,10.02,0.02,-0.04,0.00
0.55,0.38,10.04,0.03,-0.09,0.00,0.67,0.80,10.02,0.02,-0.04,-0.00
0.53,0.37,10.02,0.03,-0.09,-0.00,0.58,0.56,9.86,0.02,-0.04,0.00
0.70,0.15,9.87,0.03,-0.10,0.00,0.58,0.56,9.86,0.02,-0.04,0.00
0.65,0.14,9.98,0.04,-0.09,0.00,0.57,0.75,10.01,0.02,-0.04,-0.00
0.61,0.21,10.07,0.04,-0.09,0.00,0.67,0.53,9.85,0.02,-0.04,0.00
0.62,0.32,10.04,0.04,-0.09,0.00,0.78,0.71,9.92,0.03,-0.05,0.00
0.66,0.43,9.96,0.03,-0.10,-0.00,0.78,0.71,9.92,0.03,-0.05,0.00
0.56,0.18,9.92,0.03,-0.09,0.00,0.56,0.77,10.15,0.02,-0.04,0.00
0.61,0.16,9.95,0.04,-0.09,0.00,0.63,0.66,9.83,0.02,-0.04,-0.00
0.67,0.17,9.91,0.04,-0.09,0.00,0.80,0.54,9.88,0.02,-0.04,0.00
0.74,0.21,9.86,0.04,-0.10,0.00,0.80,0.54,9.88,0.02,-0.04,0.00
0.74,0.25,9.89,0.03,-0.10,0.00,0.63,0.60,10.12,0.02,-0.04,-0.00
0.59,0.37,9.90,0.03,-0.09,-0.00,0.56,0.76,10.09,0.02,-0.04,0.00
0.67,0.33,9.79,0.03,-0.10,-0.00,0.80,0.63,9.73,0.02,-0.05,-0.00
0.67,0.24,9.78,0.03,-0.10,-0.00,0.80,0.63,9.73,0.02,-0.05,-0.00
0.64,0.17,9.84,0.03,-0.09,0.00,0.61,0.76,9.97,0.02,-0.04,-0.00
0.61,0.13,9.96,0.04,-0.09,0.00,0.81,0.64,9.72,0.02,-0.05,-0.00
0.68,0.44,9.88,0.04,-0.10,-0.00,0.70,0.76,9.87,0.02,-0.04,-0.00
0.61,0.39,9.93,0.03,-0.10,-0.00,0.70,0.76,9.87,0.02,-0.04,-0.00
0.52,0.37,9.95,0.03,-0.09,-0.00,0.52,0.61,10.17,0.03,-0.04,0.01
0.52,0.34,9.97,0.03,-0.09,-0.00,0.78,0.77,9.84,0.02,-0.05,-0.00
0.58,0.33,9.92,0.03,-0.09,-0.00,0.72,0.62,9.87,0.02,-0.04,0.00
0.61,0.21,10.01,0.03,-0.10,0.00,0.72,0.62,9.87,0.02,-0.04,0.00
0.58,0.30,10.08,0.03,-0.09,0.00,0.55,0.51,10.08,0.02,-0.05,0.00
0.60,0.41,10.01,0.03,-0.09,0.00,0.69,0.67,10.04,0.02,-0.04,0.00
0.65,0.43,9.94,0.03,-0.10,-0.00,0.77,0.75,9.79,0.02,-0.04,-0.00
0.66,0.44,9.80,0.02,-0.10,-0.01,0.77,0.75,9.79,0.02,-0.04,-0.00
0.63,0.16,9.95,0.02,-0.10,-0.00,0.77,0.75,9.92,0.02,-0.05,-0.00
0.70,0.27,9.93,0.04,-0.10,0.00,0.69,0.69,9.89,0.02,-0.04,-0.00
0.74,0.35,9.90,0.03,-0.10,0.00,0.77,0.80,9.95,0.02,-0.04,-0.00
0.70,0.38,9.91,0.03,-0.10,-0.00,0.77,0.80,9.95,0.02,-0.04,-0.00
0.63,0.39,9.94,0.03,-0.09,-0.00,0.74,0.60,10.00,0.02,-0.04,0.00
0.53,0.23,9.80,0.03,-0.09,-0.00,0.70,0.79,10.00,0.02,-0.04,-0.00
0.73,0.19,9.80,0.03,-0.10,0.00,0.56,0.59,9.94,0.02,-0.04,0.00
0.69,0.14,9.88,0.03,-0.10,0.00,0.56,0.59,9.94,0.02,-0.04,0.00
0.63,0.14,9.96,0.04,-0.09,0.01,0.76,0.53,9.84,0.02,-0.04,0.00
0.59,0.20,10.05,0.04,-0.09,0.01,0.71,0.68,10.10,0.03,-0.04,0.00
0.61,0.30,9.85,0.03,-0.09,0.00,0.53,0.74,10.03,0.02,-0.04,-0.00
0.56,0.26,9.89,0.02,-0.09,-0.00,0.53,0.74,10.03,0.02,-0.04,-0.00
0.53,0.19,9.95,0.02,-0.08,0.00,0.57,0.67,10.22,0.02,-0.03,0.00
0.53,0.15,9.96,0.02,-0.08,0.00,0.58,0.70,9.92,0.01,-0.03,-0.00
0.59,0.14,9.92,0.03,-0.09,0.00,0.49,0.63,10.24,0.02,-0.03,0.00
0.67,0.15,9.89,0.03,-0.09,0.00,0.49,0.63,10.24,0.02,-0.03,0.00
0.48,0.31,10.05,0.02,-0.09,0.00,0.57,0.50,10.07,0.02,-0.03,0.00
0.47,0.30,10.01,0.03,-0.10,0.00,0.55,0.59,10.09,0.02,-0.04,0.00
0.50,0.33,9.94,0.04,-0.10,-0.00,0.77,0.72,9.79,0.03,-0.05,-0.00
0.59,0.34,9.89,0.04,-0.10,-0.00,0.77,0.72,9.79,0.03,-0.05,-0.00
0.64,0.32,9.82,0.03,-0.10,-0.00,0.53,0.66,9.97,0.03,-0.05,0.00
0.59,0.21,10.06,0.03,-0.08,0.00,0.70,0.51,9.93,0.02,-0.04,0.00
0.60,0.27,10.02,0.02,-0.08,0.00,0.71,0.69,10.08,0.01,-0.03,-0.00
0.60,0.32,9.99,0.02,-0.08,0.00,0.71,0.69,10.08,0.01,-0.03,-0.00
0.63,0.34,9.93,0.02,-0.09,-0.00,0.78,0.49,9.83,0.01,-0.03,-0.00
0.64,0.35,9.90,0.02,-0.09,-0.00,0.51,0.59,9.77,0.02,-0.03,0.00
0.49,0.12,9.94,0.03,-0.09,0.00,0.63,0.50,9.96,0.02,-0.04,0.00
0.55,0.13,9.91,0.02,-0.09,0.00,0.63,0.50,9.96,0.02,-0.04,0.00
0.59,0.14,9.84,0.01,-0.08,0.00,0.70,0.66,9.83,0.01,-0.04,-0.00
0.63,0.10,9.82,0.02,-0.09,0.00,0.45,0.50,10.01,0.01,-0.03,-0.00
0.62,0.07,9.80,0.03,-0.09,0.00,0.65,0.42,9.93,0.02,-0.04,0.00
0.49,0.28,10.03,0.02,-0.08,0.00,0.65,0.42,9.93,0.02,-0.04,0.00
0.51,0.28,9.98,0.01,-0.07,0.00,0.63,0.51,10.07,0.01,-0.03,0.00
0.50,0.22,9.91,-0.01,-0.05,0.00,0.39,0.57,10.19,-0.01,0.00,0.00
0.44,0.18,9.86,-0.01,-0.04,-0.00,0.57,0.48,9.78,-0.02,0.01,-0.01
0.34,0.12,9.85,-0.00,-0.04,-0.00,0.57,0.48,9.78,-0.02,0.01,-0.01
0.31,-0.08,9.93,0.01,-0.05,0.00,0.44,0.46,10.02,-0.00,0.01,-0.00
0.34,-0.07,9.87,0.03,-0.08,0.00,0.28,0.45,9.94,0.01,-0.01,-0.00
0.37,-0.05,9.84,0.02,-0.08,0.00,0.41,0.40,10.03,0.01,-0.02,0.00
0.32,-0.08,9.83,0.02,-0.07,0.00,0.41,0.40,10.03,0.01,-0.02,0.00
0.27,-0.09,9.90,0.03,-0.09,-0.00,0.36,0.25,9.76,0.01,-0.02,-0.00
0.13,0.08,9.95,0.05,-0.12,-0.01,0.18,0.32,10.16,0.03,-0.05,0.00
0.24,0.12,9.88,0.08,-0.20,-0.01,0.32,0.33,9.82,0.06,-0.12,0.00
0.42,0.18,9.87,0.09,-0.23,0.00,0.32,0.33,9.82,0.06,-0.12,0.00
0.59,0.23,9.85,0.10,-0.18,0.01,0.58,0.59,9.95,0.09,-0.17,0.01
0.55,0.29,9.84,0.05,-0.09,0.01,0.50,0.55,9.96,0.08,-0.07,0.01
0.62,0.25,9.91,-0.03,-0.02,0.01,0.64,0.52,9.98,-0.02,0.02,0.01
0.55,0.17,9.94,-0.07,0.03,-0.01,0.64,0.52,9.98,-0.02,0.02,0.01
0.37,0.04,9.94,-0.07,0.05,-0.02,0.31,0.46,9.99,-0.09,0.09,-0.02
0.12,-0.07,9.92,0.00,-0.01,-0.03,-0.00,0.33,10.18,-0.06,0.09,-0.03
0.04,-0.04,9.94,0.06,-0.13,-0.03,0.15,0.29,9.71,0.04,-0.06,-0.04
0.09,-0.06,9.87,0.08,-0.21,0.01,0.15,0.29,9.71,0.04,-0.06,-0.04
0.43,0.00,9.83,0.09,-0.20,0.03,0.27,0.40,10.07,0.08,-0.16,0.02
0.49,0.03,9.81,0.07,-0.13,0.01,0.46,0.50,9.92,0.07,-0.11,0.03
0.47,0.04,9.87,0.03,-0.09,0.00,0.33,0.37,10.12,0.03,-0.04,0.00
0.37,0.01,9.99,0.00,-0.06,-0.00,0.33,0.37,10.12,0.03,-0.04,0.00
0.30,0.01,9.87,0.01,-0.05,0.00,0.51,0.39,9.98,-0.01,-0.01,-0.01
0.25,0.07,9.83,0.01,-0.07,-0.01,0.32,0.49,10.10,-0.00,0.00,-0.01
0.24,-0.01,9.87,0.03,-0.11,0.00,0.17,0.33,9.92,0.02,-0.04,0.00
0.27,-0.05,9.92,0.03,-0.10,0.00,0.17,0.33,9.92,0.02,-0.04,0.00
0.22,-0.09,9.99,0.02,-0.07,0.00,0.18,0.49,10.21,0.02,-0.04,0.00
0.22,-0.10,10.03,0.02,-0.06,0.00,0.37,0.36,9.82,0.00,-0.02,-0.00
0.25,0.09,9.96,0.01,-0.06,-0.00,0.15,0.42,10.09,0.00,-0.00,-0.00
0.11,0.04,10.00,0.02,-0.07,-0.01,0.15,0.42,10.09,0.00,-0.00,-0.00
0.01,0.02,9.99,0.03,-0.10,-0.00,0.09,0.29,10.17,0.02,-0.02,0.00
0.06,0.03,10.06,0.05,-0.13,0.00,0.28,0.42,9.92,0.03,-0.07,-0.00
0.17,0.07,10.03,0.03,-0.09,0.01,0.33,0.34,10.07,0.03,-0.05,0.01
0.33,-0.04,9.95,0.02,-0.08,0.00,0.33,0.34,10.07,0.03,-0.05,0.01
0.24,-0.05,10.13,-0.06,0.08,0.03,0.27,0.31,10.06,-0.00,0.00,0.01
-0.02,-0.14,10.28,-0.13,0.25,0.04,0.26,0.22,10.10,-0.11,0.21,0.02
-0.44,-0.31,10.23,-0.06,0.37,0.01,-0.28,0.13,10.32,-0.10,0.39,-0.00
-0.98,-0.37,10.09,-0.00,0.46,-0.01,-0.28,0.13,10.32,-0.10,0.39,-0.00
-1.60,-0.37,9.87,-0.04,0.51,0.01,-1.18,-0.01,10.07,-0.02,0.51,-0.03
-2.10,-0.43,9.77,-0.06,0.48,0.05,-1.81,-0.09,9.56,-0.06,0.54,0.00
-2.50,-0.49,9.63,-0.09,0.41,0.14,-2.41,-0.21,9.65,-0.09,0.47,0.10
-2.91,-0.50,9.42,-0.12,0.32,0.28,-2.41,-0.21,9.65,-0.09,0.47,0.10
-3.23,-0.51,9.27,-0.10,0.17,0.40,-2.80,-0.21,9.48,-0.13,0.35,0.29
-3.31,-0.46,9.06,0.07,-0.12,0.45,-3.29,-0.24,9.16,-0.04,0.12,0.44
-3.26,-0.22,9.00,0.23,-0.45,0.42,-3.58,-0.06,8.90,0.18,-0.27,0.47
-3.00,0.02,9.23,0.32,-0.71,0.26,-3.58,-0.06,8.90,0.18,-0.27,0.47
-2.51,0.32,9.50,0.32,-0.82,0.00,-3.04,0.46,9.12,0.31,-0.67,0.25
-2.01,0.61,9.75,0.25,-0.73,-0.28,-2.24,0.80,9.90,0.29,-0.73,-0.11
-1.57,1.03,9.86,0.12,-0.54,-0.50,-1.68,1.29,9.93,0.14,-0.54,-0.45
-0.93,0.76,9.85,-0.02,-0.45,-0.44,-1.68,1.29,9.93,0.14,-0.54,-0.45
-0.60,0.49,9.92,-0.17,-0.38,-0.38,-0.77,1.01,10.20,-0.03,-0.39,-0.42
-0.47,0.21,10.15,-0.14,-0.36,-0.29,-0.40,0.69,9.99,-0.18,-0.33,-0.34
-0.05,-0.20,10.11,-0.02,-0.25,-0.16,-0.21,0.16,10.36,-0.05,-0.23,-0.17
0.15,0.27,9.88,0.14,-0.15,-0.02,-0.21,0.16,10.36,-0.05,-0.23,-0.17
0.04,0.48,10.09,0.21,-0.11,0.05,0.28,0.47,9.86,0.16,-0.09,0.01
-0.01,0.80,10.08,0.13,-0.15,0.02,-0.07,0.90,10.34,0.18,-0.06,0.05
0.17,0.77,9.96,0.04,-0.13,0.00,0.28,1.08,9.96,0.06,-0.09,0.00
0.16,0.72,9.87,-0.00,-0.09,-0.01,0.28,1.08,9.96,0.06,-0.09,0.00
0.10,0.41,9.99,0.01,-0.10,-0.01,0.13,1.05,10.01,-0.01,-0.03,-0.01
0.18,0.50,9.99,0.05,-0.10,0.00,0.08,0.82,9.88,0.03,-0.05,0.00
0.23,0.57,9.93,0.04,-0.10,0.00,0.28,0.89,9.93,0.03,-0.05,0.00
0.22,0.61,9.88,0.03,-0.10,-0.00,0.28,0.89,9.93,0.03,-0.05,0.00
0.18,0.64,9.93,0.03,-0.10,-0.00,0.15,0.83,9.81,0.01,-0.04,0.00
0.14,0.54,9.89,0.03,-0.10,-0.00,0.07,0.98,9.94,0.03,-0.05,0.00
0.22,0.47,9.83,0.03,-0.10,0.00,0.26,0.79,9.85,0.02,-0.04,0.00
0.25,0.49,9.84,0.03,-0.10,0.00,0.26,0.79,9.85,0.02,-0.04,0.00
0.20,0.53,9.91,0.03,-0.09,0.00,0.15,0.89,9.79,0.02,-0.04,-0.00
0.10,0.61,10.01,0.02,-0.08,0.00,0.30,0.87,9.94,0.02,-0.04,0.00
0.06,0.65,9.83,0.04,-0.10,0.00,0.04,1.05,10.09,0.02,-0.04,0.00
0.19,0.44,9.81,0.04,-0.10,0.00,0.04,1.05,10.09,0.02,-0.04,0.00
0.16,0.44,9.92,0.03,-0.09,0.00,0.11,0.98,9.84,0.02,-0.04,0.00
0.12,0.51,10.01,0.04,-0.10,0.00,0.28,0.81,9.85,0.02,-0.04,-0.00
0.14,0.64,10.03,0.04,-0.10,0.00,0.14,1.05,10.13,0.03,-0.04,0.00
0.17,0.70,9.98,0.03,-0.10,0.00,0.14,1.05,10.13,0.03,-0.04,0.00
0.11,0.43,9.94,0.03,-0.09,0.00,0.29,0.93,9.97,0.03,-0.05,0.00
0.17,0.44,9.95,0.03,-0.09,0.00,0.23,0.81,9.79,0.02,-0.04,-0.00
0.23,0.52,9.89,0.04,-0.10,0.00,0.24,0.99,10.07,0.02,-0.05,-0.00
0.24,0.62,9.90,0.04,-0.11,-0.00,0.24,0.99,10.07,0.02,-0.05,-0.00
0.18,0.64,9.94,0.03,-0.10,-0.00,0.27,0.82,9.90,0.03,-0.05,0.00
0.20,0.50,9.84,0.03,-0.10,-0.00,0.21,1.06,10.06,0.02,-0.04,-0.00
0.22,0.47,9.80,0.03,-0.10,-0.00,0.29,0.89,9.93,0.02,-0.05,0.00
0.21,0.44,9.88,0.03,-0.10,0.00,0.29,0.89,9.93,0.02,-0.05,0.00
0.14,0.47,9.94,0.03,-0.09,0.00,0.20,0.83,9.77,0.02,-0.04,0.00
0.14,0.51,9.99,0.04,-0.09,0.00,0.27,0.93,10.00,0.03,-0.04,0.00
0.11,0.67,9.86,0.02,-0.10,-0.00,0.06,1.06,10.10,0.02,-0.04,0.00
0.07,0.61,9.93,0.02,-0.09,-0.00,0.06,1.06,10.10,0.02,-0.04,0.00
0.07,0.56,9.98,0.02,-0.09,0.00,0.19,0.92,9.86,0.03,-0.04,0.00
0.08,0.54,9.96,0.03,-0.09,0.00,0.30,0.86,9.77,0.02,-0.04,-0.00
0.14,0.51,9.92,0.03,-0.10,0.00,0.09,0.89,10.10,0.03,-0.04,0.01
0.14,0.61,9.99,0.03,-0.09,0.00,0.09,0.89,10.10,0.03,-0.04,0.01
0.10,0.63,10.03,0.03,-0.09,0.00,0.21,0.90,9.93,0.02,-0.04,0.00
0.10,0.69,10.04,0.03,-0.09,0.00,0.07,0.82,10.06,0.02,-0.04,0.00
0.14,0.73,9.97,0.04,-0.10,-0.00,0.26,1.00,10.00,0.03,-0.05,-0.00
0.18,0.74,9.90,0.03,-0.10,-0.00,0.26,1.00,10.00,0.03,-0.05,-0.00
0.09,0.46,9.95,0.03,-0.09,0.00,0.17,1.07,10.07,0.02,-0.04,-0.00
0.11,0.47,9.92,0.03,-0.09,0.00,0.09,0.98,9.85,0.02,-0.04,-0.00
0.18,0.46,9.92,0.03,-0.09,0.00,0.31,0.83,9.77,0.02,-0.04,-0.00
0.23,0.47,9.87,0.03,-0.10,0.00,0.31,0.83,9.77,0.02,-0.04,-0.00
0.24,0.47,9.84,0.03,-0.10,0.00,0.12,0.82,10.06,0.01,-0.04,-0.00
0.07,0.72,10.03,0.03,-0.09,-0.00,0.13,0.93,10.05,0.02,-0.04,0.00
0.11,0.73,10.00,0.02,-0.09,-0.00,0.27,1.05,9.90,0.01,-0.04,-0.00
0.16,0.72,9.88,0.03,-0.10,-0.00,0.27,1.05,9.90,0.01,-0.04,-0.00
0.11,0.67,9.84,0.02,-0.09,-0.01,0.24,0.92,10.02,0.02,-0.04,0.00
0.08,0.59,9.88,0.04,-0.11,-0.00,0.16,1.04,10.02,0.02,-0.04,-0.00
0.24,0.57,9.88,0.03,-0.09,0.00,0.31,0.96,9.98,0.03,-0.05,0.00
0.26,0.57,9.88,0.02,-0.09,-0.00,0.31,0.96,9.98,0.03,-0.05,0.00
0.21,0.56,9.92,0.01,-0.07,0.00,0.21,0.79,9.78,0.00,-0.03,-0.00
0.08,0.56,9.97,0.00,-0.07,0.00,0.23,0.92,10.06,0.00,-0.02,0.00
0.01,0.55,10.06,0.03,-0.09,0.00,-0.05,0.95,10.08,0.01,-0.03,-0.00
0.11,0.41,9.85,0.05,-0.11,0.00,-0.05,0.95,10.08,0.01,-0.03,-0.00
0.10,0.41,9.88,0.03,-0.09,0.00,0.07,0.96,9.87,0.05,-0.06,0.00
0.07,0.38,9.98,0.00,-0.06,0.01,0.26,0.81,9.77,0.00,-0.03,0.00
0.06,0.37,9.98,0.01,-0.06,0.01,0.06,0.84,10.16,0.00,-0.01,0.00
0.15,0.44,9.95,0.02,-0.07,0.01,0.06,0.84,10.16,0.00,-0.01,0.00
0.12,0.49,10.02,0.02,-0.07,0.01,0.16,0.73,9.85,-0.00,-0.02,0.01
-0.09,0.47,10.04,-0.03,-0.03,0.04,0.00,0.83,10.23,0.00,-0.00,0.02
-0.14,0.34,9.93,-0.06,0.00,0.05,-0.03,0.63,10.02,-0.06,0.05,0.05
-0.17,0.22,9.91,-0.06,0.01,0.05,-0.03,0.63,10.02,-0.06,0.05,0.05
-0.28,0.08,9.85,-0.07,0.03,0.06,-0.09,0.65,9.86,-0.07,0.06,0.05
-0.43,-0.06,10.13,-0.08,0.07,0.07,-0.42,0.39,10.08,-0.08,0.10,0.06
-0.55,0.03,10.08,-0.11,0.14,0.10,-0.52,0.31,10.15,-0.11,0.17,0.08
-0.81,-0.13,9.96,-0.15,0.23,0.13,-0.52,0.31,10.15,-0.11,0.17,0.08
-1.20,-0.35,9.93,-0.18,0.32,0.18,-0.79,0.11,10.21,-0.16,0.30,0.12
-1.64,-0.50,9.82,-0.18,0.39,0.24,-1.34,-0.08,9.98,-0.19,0.42,0.19
-2.11,-0.62,9.75,-0.15,0.40,0.30,-2.13,-0.29,9.51,-0.17,0.46,0.27
-2.60,-0.68,9.50,-0.06,0.33,0.37,-2.13,-0.29,9.51,-0.17,0.46,0.27
-2.90,-0.59,9.44,0.05,0.21,0.44,-2.36,-0.32,9.78,-0.06,0.38,0.35
-2.89,-0.32,9.40,0.21,-0.04,0.48,-2.76,-0.16,9.42,0.10,0.18,0.46
-2.71,0.14,9.48,0.32,-0.30,0.51,-2.66,0.42,9.57,0.29,-0.18,0.53
-2.44,0.54,9.40,0.35,-0.47,0.54,-2.66,0.42,9.57,0.29,-0.18,0.53
-2.16,1.02,9.65,0.31,-0.53,0.51,-2.37,1.02,9.44,0.34,-0.40,0.57
-1.76,1.32,9.69,0.23,-0.48,0.46,-2.01,1.47,9.62,0.27,-0.43,0.52
-1.52,1.45,9.74,0.11,-0.40,0.35,-1.51,1.78,9.73,0.13,-0.34,0.40
-1.62,1.39,9.88,-0.03,-0.37,0.08,-1.51,1.78,9.73,0.13,-0.34,0.40
-2.31,1.61,9.79,-0.20,-0.13,-0.71,-2.39,1.75,10.18,-0.08,-0.31,-0.05
-1.96,1.19,9.80,-0.10,0.13,-0.77,-1.93,1.91,9.58,-0.16,0.04,-0.82
-1.84,0.69,9.76,-0.10,0.27,-0.66,-1.81,1.12,9.89,-0.09,0.26,-0.72
-2.18,0.36,9.71,-0.13,0.29,-0.48,-1.81,1.12,9.89,-0.09,0.26,-0.72
-2.60,0.07,9.60,-0.14,0.26,-0.30,-2.21,0.71,9.78,-0.15,0.32,-0.47
-2.79,-0.16,9.58,-0.16,0.22,-0.16,-2.71,0.26,9.45,-0.16,0.28,-0.25
-2.93,-0.22,9.43,-0.19,0.16,-0.01,-2.91,0.12,9.32,-0.20,0.22,-0.06
-3.09,-0.38,9.39,-0.14,0.06,0.12,-2.91,0.12,9.32,-0.20,0.22,-0.06
-3.10,-0.36,9.30,-0.03,-0.10,0.25,-2.99,-0.13,9.30,-0.13,0.10,0.13
-2.93,-0.20,9.40,0.15,-0.31,0.34,-2.91,-0.00,9.23,0.05,-0.12,0.30
-2.62,0.14,9.55,0.30,-0.49,0.39,-2.71,0.39,9.46,0.27,-0.38,0.41
-2.11,0.51,9.53,0.39,-0.56,0.39,-2.71,0.39,9.46,0.27,-0.38,0.41
-1.89,0.86,9.72,0.37,-0.48,0.34,-2.15,0.96,9.56,0.38,-0.47,0.42
-2.63,0.96,9.84,0.13,-0.24,-0.32,-2.71,1.30,9.88,0.26,-0.33,0.16
-2.82,1.31,9.81,0.02,0.04,-0.77,-2.88,1.60,9.78,0.02,0.02,-0.72
-2.62,0.97,9.64,0.01,0.18,-0.81,-2.88,1.60,9.78,0.02,0.02,-0.72
-2.49,0.55,9.46,-0.02,0.08,-0.77,-2.37,1.26,9.59,-0.00,0.19,-0.82
-2.64,0.38,9.51,-0.05,-0.09,-0.71,-2.78,0.73,9.66,-0.05,0.02,-0.74
-2.61,0.11,9.64,-0.11,-0.18,-0.65,-2.70,0.54,9.56,-0.11,-0.14,-0.66
-2.50,-0.24,9.74,-0.19,-0.22,-0.57,-2.70,0.54,9.56,-0.11,-0.14,-0.66
-2.45,-0.68,9.84,-0.24,-0.24,-0.47,-2.38,-0.10,9.83,-0.21,-0.20,-0.56
-2.21,-1.17,9.68,-0.26,-0.19,-0.28,-2.22,-0.56,9.77,-0.26,-0.18,-0.39
-2.07,-1.41,9.59,-0.23,-0.13,-0.05,-1.92,-1.03,9.68,-0.25,-0.10,-0.11
-1.99,-1.62,9.60,-0.16,-0.12,0.12,-1.92,-1.03,9.68,-0.25,-0.10,-0.11
-1.99,-1.75,9.59,-0.06,-0.11,0.25,-2.00,-1.29,9.48,-0.15,-0.06,0.15
-2.03,-1.77,9.59,0.07,-0.13,0.29,-1.77,-1.41,9.70,-0.01,-0.06,0.28
-2.12,-1.51,9.41,0.20,-0.18,0.26,-2.08,-1.28,9.61,0.16,-0.10,0.27
-2.38,-1.25,9.70,0.23,-0.22,0.24,-2.08,-1.28,9.61,0.16,-0.10,0.27
-2.17,-0.84,9.75,0.20,-0.25,0.21,-2.28,-0.90,10.03,0.23,-0.16,0.24
-1.82,-0.50,9.82,0.23,-0.32,0.07,-1.94,-0.17,9.61,0.22,-0.25,0.09
-1.51,-0.34,9.88,0.21,-0.27,0.03,-1.94,-0.17,9.61,0.22,-0.25,0.09
-1.36,-0.24,9.91,0.18,-0.23,0.01,-1.52,0.08,9.78,0.19,-0.20,0.03
-1.17,-0.18,9.89,0.19,-0.27,-0.01,-1.23,0.09,9.85,0.17,-0.19,0.01
-0.96,0.12,10.03,0.19,-0.28,0.01,-0.92,0.38,10.10,0.18,-0.23,0.01
-0.78,0.33,10.00,0.18,-0.25,0.03,-0.92,0.38,10.10,0.18,-0.23,0.01
-0.66,0.49,9.95,0.17,-0.22,0.02,-0.65,0.51,9.97,0.18,-0.19,0.04
-0.52,0.58,9.90,0.16,-0.22,0.01,-0.61,0.85,10.12,0.16,-0.16,0.02
-0.39,0.65,9.84,0.15,-0.23,0.00,-0.39,0.87,10.09,0.14,-0.17,0.02
-0.24,0.73,10.03,0.15,-0.20,0.02,-0.39,0.87,10.09,0.14,-0.17,0.02
-0.15,0.89,9.97,0.09,-0.10,0.02,-0.12,1.10,9.88,0.13,-0.13,0.02
-0.25,0.88,9.99,0.02,-0.06,0.00,-0.25,1.15,10.00,0.04,-0.00,0.01
-0.28,0.91,9.98,-0.01,-0.08,-0.01,-0.19,1.27,9.93,-0.02,-0.03,-0.01
-0.27,0.87,9.97,-0.01,-0.10,-0.01,-0.19,1.27,9.93,-0.02,-0.03,-0.01
-0.33,0.60,9.93,0.04,-0.10,0.00,-0.38,1.19,10.08,-0.01,-0.05,-0.00
-0.31,0.64,9.93,0.06,-0.10,0.01,-0.22,1.01,9.79,0.05,-0.06,0.00
-0.29,0.69,9.92,0.04,-0.07,0.00,-0.25,1.06,10.00,0.04,-0.03,0.01
-0.30,0.70,9.93,-0.01,-0.04,0.00,-0.25,1.06,10.00,0.04,-0.03,0.01
-0.36,0.60,9.94,-0.04,-0.04,-0.00,-0.33,1.19,9.97,-0.04,0.01,-0.00
-0.42,0.71,9.96,-0.03,-0.05,-0.00,-0.44,0.89,9.80,-0.05,0.00,-0.01
-0.55,0.65,9.92,-0.00,-0.06,-0.01,-0.59,0.96,9.92,-0.02,-0.00,-0.01
-0.56,0.64,9.99,0.03,-0.10,0.00,-0.59,0.96,9.92,-0.02,-0.00,-0.01
-0.58,0.64,10.01,0.04,-0.09,0.00,-0.51,0.96,10.13,0.03,-0.05,0.01
-0.59,0.65,10.00,0.03,-0.08,0.00,-0.34,1.04,9.85,0.03,-0.04,-0.00
-0.36,0.48,9.86,0.00,-0.05,0.00,-0.52,0.88,9.97,0.00,-0.01,0.00
-0.42,0.45,9.84,-0.01,-0.05,-0.00,-0.52,0.88,9.97,0.00,-0.01,0.00
-0.50,0.46,9.88,-0.01,-0.05,-0.00,-0.49,0.74,9.74,-0.02,0.01,-0.01
-0.58,0.49,9.94,-0.00,-0.06,-0.01,-0.54,0.82,10.10,-0.02,0.00,-0.01
-0.69,0.50,10.03,0.01,-0.06,-0.00,-0.77,0.84,9.96,-0.01,-0.01,-0.00
-0.79,0.29,9.80,0.04,-0.11,-0.00,-0.77,0.84,9.96,-0.01,-0.01,-0.00
-0.58,0.28,9.79,0.08,-0.17,0.00,-0.75,0.73,9.77,0.04,-0.07,0.00
-0.44,0.38,9.86,0.13,-0.19,0.01,-0.63,0.67,10.01,0.11,-0.12,0.02
-0.36,0.58,9.88,0.14,-0.17,0.01,-0.39,1.04,9.95,0.13,-0.12,0.02
-0.38,0.78,9.98,0.12,-0.16,0.01,-0.39,1.04,9.95,0.13,-0.12,0.02
-0.34,0.91,9.83,0.09,-0.14,0.01,-0.34,1.06,9.95,0.10,-0.10,0.01
-0.19,0.69,9.79,0.04,-0.10,0.00,-0.21,1.27,9.93,0.05,-0.07,0.00
-0.21,0.72,9.85,0.01,-0.08,-0.00,-0.36,1.05,9.94,0.01,-0.03,0.00
-0.28,0.75,9.94,-0.00,-0.07,0.00,-0.36,1.05,9.94,0.01,-0.03,0.00
-0.37,0.79,10.01,-0.01,-0.06,-0.00,-0.25,1.04,9.90,-0.02,-0.01,-0.00
-0.43,0.80,10.03,-0.00,-0.06,-0.00,-0.31,1.16,9.96,-0.02,-0.01,-0.01
-0.45,0.53,9.85,0.00,-0.07,-0.00,-0.53,0.94,9.97,-0.01,-0.01,-0.00
-0.45,0.48,9.93,0.02,-0.09,0.00,-0.53,0.94,9.97,-0.01,-0.01,-0.00
-0.42,0.52,9.96,0.06,-0.12,0.00,-0.46,1.09,9.97,0.01,-0.04,-0.00
-0.32,0.65,9.96,0.09,-0.15,0.00,-0.50,0.87,9.88,0.06,-0.08,0.01
-0.26,0.82,9.95,0.10,-0.14,0.00,-0.45,1.12,9.97,0.08,-0.08,0.01
-0.38,0.72,9.95,0.07,-0.12,0.00,-0.45,1.12,9.97,0.08,-0.08,0.01
-0.30,0.69,9.91,0.05,-0.11,0.00,-0.28,1.30,10.09,0.06,-0.07,0.00
-0.24,0.71,9.93,0.03,-0.09,0.00,-0.31,1.12,9.81,0.02,-0.05,0.00
-0.21,0.78,9.94,0.02,-0.08,0.00,-0.12,1.12,9.97,0.01,-0.04,-0.00
-0.22,0.87,9.95,0.01,-0.07,-0.00,-0.12,1.12,9.97,0.01,-0.04,-0.00
-0.43,0.70,9.93,-0.01,-0.06,-0.00,-0.39,1.24,10.16,-0.00,-0.01,-0.00
-0.43,0.59,9.95,0.01,-0.08,0.00,-0.32,1.10,9.74,-0.02,-0.02,-0.01
-0.35,0.56,9.92,0.04,-0.11,0.00,-0.28,0.94,9.97,0.02,-0.05,0.00
-0.26,0.64,9.93,0.07,-0.14,0.00,-0.28,0.94,9.97,0.02,-0.05,0.00
-0.20,0.80,9.92,0.09,-0.14,0.00,-0.22,1.01,9.83,0.06,-0.08,0.00
-0.34,0.82,9.96,0.06,-0.12,0.00,-0.33,1.16,10.09,0.07,-0.08,0.01
-0.28,0.79,9.92,0.04,-0.10,0.00,-0.25,1.09,9.90,0.04,-0.05,0.00
-0.23,0.71,9.91,0.02,-0.09,0.00,-0.25,1.09,9.90,0.04,-0.05,0.00
-0.16,0.72,9.88,0.02,-0.09,0.00,-0.21,1.24,9.89,0.00,-0.03,-0.00
-0.12,0.75,9.87,0.03,-0.09,-0.00,-0.31,1.03,9.96,0.01,-0.03,0.00
-0.35,0.82,10.01,0.04,-0.09,0.00,-0.12,1.27,9.88,0.02,-0.04,-0.00
-0.33,0.78,9.95,0.04,-0.10,0.00,-0.12,1.27,9.88,0.02,-0.04,-0.00
-0.25,0.72,9.89,0.03,-0.10,0.00,-0.30,1.28,10.01,0.03,-0.04,0.00
-0.16,0.71,9.85,0.03,-0.10,0.00,-0.26,1.04,9.81,0.02,-0.04,0.00
-0.12,0.74,9.83,0.03,-0.10,-0.00,-0.11,1.23,10.00,0.02,-0.05,-0.00
-0.36,0.91,9.98,0.03,-0.10,0.00,-0.11,1.23,10.00,0.02,-0.05,-0.00
-0.32,0.82,9.98,0.03,-0.09,0.00,-0.10,1.04,9.81,0.02,-0.05,0.00
-0.23,0.73,9.90,0.03,-0.10,0.00,-0.27,1.31,10.08,0.03,-0.04,0.00
-0.16,0.68,9.82,0.03,-0.10,-0.00,-0.13,1.16,9.99,0.03,-0.04,0.00
-0.13,0.69,9.83,0.03,-0.10,-0.00,-0.13,1.16,9.99,0.03,-0.04,0.00
-0.32,0.94,10.02,0.03,-0.10,0.00,-0.11,1.04,9.74,0.02,-0.05,0.00
-0.29,0.90,9.93,0.03,-0.10,-0.00,-0.27,1.25,10.13,0.03,-0.04,0.00
-0.23,0.81,9.87,0.03,-0.10,-0.00,-0.31,1.24,9.85,0.02,-0.04,0.00
-0.19,0.71,9.81,0.03,-0.10,-0.00,-0.31,1.24,9.85,0.02,-0.04,0.00
-0.18,0.69,9.81,0.03,-0.09,0.00,-0.13,1.12,9.81,0.02,-0.04,-0.00
-0.22,0.98,9.93,0.03,-0.09,0.00,-0.29,1.10,10.04,0.02,-0.03,0.00
-0.25,0.96,9.90,0.03,-0.09,-0.00,-0.27,1.30,9.93,0.02,-0.04,-0.00
-0.29,0.87,9.87,0.02,-0.09,-0.00,-0.27,1.30,9.93,0.02,-0.04,-0.00
-0.32,0.76,9.87,0.02,-0.09,-0.00,-0.33,1.16,10.06,0.02,-0.03,0.00
-0.33,0.68,9.91,0.02,-0.08,0.00,-0.20,1.26,9.97,0.01,-0.03,-0.01
-0.30,0.64,9.90,0.03,-0.07,0.00,-0.29,1.24,9.99,0.02,-0.02,-0.00
-0.35,0.94,9.89,0.02,-0.07,-0.01,-0.29,1.24,9.99,0.02,-0.02,-0.00
-0.45,0.87,9.91,0.01,-0.06,-0.01,-0.39,1.05,9.98,0.01,-0.01,-0.01
-0.51,0.77,9.96,0.01,-0.06,-0.02,-0.27,1.23,9.91,0.00,-0.01,-0.02
-0.53,0.69,9.96,0.02,-0.06,-0.02,-0.46,1.07,9.93,0.01,-0.01,-0.02
-0.48,0.64,9.94,0.03,-0.07,-0.03,-0.46,1.07,9.93,0.01,-0.01,-0.02
-0.46,0.84,9.94,0.04,-0.08,-0.05,-0.50,0.95,9.82,0.02,-0.02,-0.04
-0.55,0.87,9.96,0.05,-0.07,-0.08,-0.31,1.14,9.96,0.04,-0.02,-0.07
-0.59,0.88,10.01,0.08,-0.06,-0.13,-0.63,1.24,10.02,0.06,-0.01,-0.12
-0.65,0.91,9.98,0.11,-0.06,-0.21,-0.63,1.24,10.02,0.06,-0.01,-0.12
-0.70,0.95,9.93,0.14,-0.07,-0.29,-0.47,1.35,9.71,0.12,-0.01,-0.22
-0.59,1.08,9.91,0.16,-0.07,-0.38,-0.45,1.28,9.90,0.15,-0.04,-0.34
-0.69,1.21,9.91,0.16,-0.05,-0.46,-0.70,1.58,10.04,0.15,-0.02,-0.44
-0.79,1.28,9.96,0.14,-0.00,-0.51,-0.70,1.58,10.04,0.15,-0.02,-0.44
-0.94,1.32,9.94,0.09,0.05,-0.54,-0.79,1.50,9.97,0.12,0.04,-0.52
-1.15,1.29,9.90,0.04,0.10,-0.57,-1.08,1.66,9.88,0.05,0.11,-0.56
-1.69,1.00,9.74,-0.02,0.13,-0.57,-1.36,1.52,9.74,-0.02,0.14,-0.59
-1.96,0.80,9.73,-0.05,0.11,-0.60,-1.36,1.52,9.74,-0.02,0.14,-0.59
-2.18,0.59,9.73,-0.06,0.06,-0.62,-1.96,1.25,9.70,-0.07,0.12,-0.62
-2.57,0.30,9.81,-0.01,0.04,-0.52,-2.49,0.85,9.57,-0.06,0.06,-0.61
-2.45,0.11,9.65,-0.05,0.06,-0.32,-2.24,0.42,9.82,-0.04,0.10,-0.37
-2.21,0.20,9.78,-0.10,-0.01,-0.14,-2.24,0.42,9.82,-0.04,0.10,-0.37
-2.20,0.10,9.68,-0.10,-0.14,0.04,-2.30,0.46,9.45,-0.13,0.02,-0.12
-2.07,0.07,9.62,-0.04,-0.27,0.20,-2.18,0.36,9.61,-0.09,-0.14,0.11
-1.90,0.10,9.65,0.06,-0.35,0.32,-1.92,0.35,9.47,0.03,-0.27,0.32
-1.70,0.23,9.77,0.17,-0.36,0.39,-1.92,0.35,9.47,0.03,-0.27,0.32
-1.50,0.43,9.72,0.26,-0.34,0.41,-1.59,0.56,9.74,0.18,-0.28,0.41
-2.25,0.21,10.16,0.12,-0.29,-0.04,-1.62,0.89,9.89,0.25,-0.25,0.37
-1.87,0.61,9.99,-0.09,-0.09,-0.67,-1.98,1.02,9.99,-0.07,-0.11,-0.60
-1.70,0.40,9.90,-0.12,0.01,-0.69,-1.98,1.02,9.99,-0.07,-0.11,-0.60
-1.69,0.12,9.76,-0.09,0.03,-0.48,-1.61,0.73,9.89,-0.13,0.05,-0.67
-1.70,-0.19,9.79,-0.04,0.01,-0.21,-1.89,0.27,9.71,-0.08,0.06,-0.36
-1.62,-0.18,9.69,0.05,-0.07,0.02,-1.70,0.10,9.62,0.02,0.00,-0.03
-1.56,-0.08,9.66,0.09,-0.15,0.20,-1.70,0.10,9.62,0.02,0.00,-0.03
-1.43,0.02,9.74,0.11,-0.22,0.35,-1.55,0.35,9.69,0.07,-0.09,0.23
-1.51,0.03,9.96,0.11,-0.25,0.42,-1.12,0.54,9.80,0.10,-0.17,0.41
-1.87,0.03,10.06,-0.08,-0.24,0.13,-1.95,0.42,10.07,-0.07,-0.19,0.21
-2.53,-0.05,10.15,-0.17,0.07,0.09,-1.95,0.42,10.07,-0.07,-0.19,0.21
-1.82,-0.20,9.81,-0.18,0.33,0.25,-2.19,0.19,10.33,-0.17,0.17,0.12
-2.12,-0.27,9.73,-0.12,0.36,0.33,-1.71,0.08,9.69,-0.16,0.43,0.27
-2.34,-0.20,9.70,-0.03,0.22,0.37,-2.33,0.07,9.54,-0.07,0.34,0.35
-2.53,-0.20,9.66,0.09,-0.05,0.35,-2.33,0.07,9.54,-0.07,0.34,0.35
-2.34,-0.02,9.65,0.12,-0.36,0.22,-2.66,0.20,9.56,0.09,-0.07,0.33
-2.03,0.06,9.64,0.11,-0.53,0.17,-2.33,0.33,9.61,0.11,-0.38,0.22
-1.77,0.08,9.66,0.09,-0.56,0.10,-1.87,0.42,9.74,0.09,-0.49,0.14
-1.53,0.09,9.68,0.06,-0.44,-0.06,-1.87,0.42,9.74,0.09,-0.49,0.14
-1.32,0.09,9.89,0.00,-0.29,-0.25,-1.45,0.63,9.74,0.04,-0.36,-0.09
-1.08,0.19,9.91,-0.08,-0.18,-0.42,-1.21,0.47,10.05,-0.05,-0.19,-0.36
-1.05,0.05,9.92,-0.11,-0.11,-0.43,-1.01,0.43,9.93,-0.12,-0.09,-0.44
-1.03,-0.17,9.96,-0.11,-0.11,-0.41,-1.01,0.43,9.93,-0.12,-0.09,-0.44
-1.05,-0.39,10.02,-0.03,-0.08,-0.36,-0.99,0.00,10.06,-0.11,-0.07,-0.41
-1.15,-0.40,9.84,0.01,-0.03,-0.37,-1.01,-0.01,10.05,0.00,-0.01,-0.37
-1.18,-0.44,9.98,0.06,0.00,-0.37,-1.13,-0.12,9.92,0.04,0.03,-0.35
-1.28,-0.49,9.91,0.10,0.01,-0.38,-1.13,-0.12,9.92,0.04,0.03,-0.35
-1.34,-0.44,9.90,0.13,-0.01,-0.34,-1.26,-0.15,9.92,0.10,0.04,-0.37
-1.38,-0.40,9.87,0.14,-0.04,-0.28,-1.29,-0.10,9.91,0.12,0.02,-0.32
-1.40,-0.37,9.85,0.12,-0.05,-0.23,-1.36,-0.05,9.91,0.11,-0.01,-0.23
-1.43,-0.32,9.86,0.10,-0.05,-0.21,-1.36,-0.05,9.91,0.11,-0.01,-0.23
-1.48,-0.30,9.84,0.09,-0.04,-0.17,-1.41,0.00,9.90,0.08,-0.00,-0.21
-1.51,-0.29,9.85,0.07,-0.06,-0.15,-1.46,0.03,9.91,0.07,0.00,-0.16
-1.53,-0.29,9.86,0.04,-0.05,-0.14,-1.51,0.04,9.89,0.04,-0.00,-0.14
-1.58,-0.33,9.86,0.02,-0.04,-0.15,-1.51,0.04,9.89,0.04,-0.00,-0.14
-1.62,-0.36,9.86,-0.00,-0.03,-0.14,-1.59,-0.01,9.90,0.01,0.01,-0.15
-1.62,-0.40,9.88,-0.02,-0.04,-0.08,-1.61,-0.05,9.90,-0.02,0.01,-0.13
-1.68,-0.50,9.85,-0.05,-0.03,-0.03,-1.65,-0.16,9.93,-0.05,0.01,-0.04
-1.80,-0.61,9.82,-0.05,-0.02,-0.03,-1.65,-0.16,9.93,-0.05,0.01,-0.04
-1.84,-0.66,9.78,-0.00,-0.03,0.02,-1.72,-0.25,9.84,-0.05,0.04,-0.02
-2.00,-0.67,9.63,0.11,-0.03,0.01,-1.90,-0.35,9.71,0.03,0.03,0.02
-2.08,-0.53,9.58,0.19,-0.01,-0.06,-2.13,-0.31,9.61,0.16,0.04,-0.04
-2.22,-0.44,9.57,0.21,0.00,-0.14,-2.13,-0.31,9.61,0.16,0.04,-0.04
-2.33,-0.31,9.60,0.17,0.01,-0.24,-2.32,-0.13,9.58,0.20,0.05,-0.15
-2.38,-0.29,9.63,0.06,-0.00,-0.28,-2.37,0.07,9.73,0.10,0.05,-0.27
-2.43,-0.34,9.63,-0.01,-0.03,-0.29,-2.43,-0.02,9.64,-0.02,0.02,-0.29
-2.46,-0.38,9.64,-0.00,-0.06,-0.29,-2.43,-0.02,9.64,-0.02,0.02,-0.29
-2.43,-0.47,9.65,-0.01,-0.08,-0.24,-2.43,-0.13,9.65,-0.01,-0.02,-0.28
-2.45,-0.60,9.65,-0.02,-0.10,-0.21,-2.44,-0.20,9.64,-0.02,-0.05,-0.22
-2.42,-0.69,9.67,-0.02,-0.11,-0.19,-2.42,-0.38,9.71,-0.03,-0.06,-0.19
-2.39,-0.81,9.68,-0.04,-0.11,-0.18,-2.42,-0.38,9.71,-0.03,-0.06,-0.19
-2.39,-0.94,9.66,-0.03,-0.10,-0.20,-2.38,-0.52,9.73,-0.05,-0.06,-0.19
-2.37,-1.02,9.70,-0.03,-0.09,-0.20,-2.40,-0.68,9.73,-0.03,-0.05,-0.21
-2.37,-1.12,9.69,-0.03,-0.08,-0.18,-2.35,-0.79,9.74,-0.04,-0.04,-0.19
-2.38,-1.25,9.70,-0.05,-0.07,-0.15,-2.35,-0.79,9.74,-0.04,-0.04,-0.19
-2.40,-1.35,9.72,-0.03,-0.06,-0.13,-2.38,-0.97,9.74,-0.06,-0.02,-0.15
-2.45,-1.45,9.70,-0.04,-0.04,-0.09,-2.35,-1.05,9.76,-0.05,-0.00,-0.11
-2.48,-1.54,9.64,-0.03,-0.02,-0.04,-2.41,-1.20,9.69,-0.05,0.02,-0.05
-2.54,-1.61,9.57,0.00,-0.01,-0.07,-2.41,-1.20,9.69,-0.05,0.02,-0.05
-2.55,-1.66,9.55,0.00,-0.03,-0.09,-2.49,-1.30,9.64,-0.00,0.04,-0.08
-2.55,-1.69,9.55,-0.01,-0.08,-0.11,-2.56,-1.37,9.61,0.01,-0.00,-0.11
-2.52,-1.73,9.51,0.01,-0.13,-0.13,-2.48,-1.42,9.56,-0.00,-0.07,-0.14
-2.42,-1.76,9.58,-0.08,-0.17,-0.15,-2.48,-1.42,9.56,-0.00,-0.07,-0.14
-2.39,-1.94,9.48,-0.09,-0.16,-0.18,-2.41,-1.49,9.67,-0.10,-0.12,-0.14
-2.33,-2.11,9.50,-0.02,-0.14,-0.25,-2.41,-1.75,9.49,-0.06,-0.10,-0.21
-2.25,-2.18,9.45,0.03,-0.15,-0.31,-2.25,-1.84,9.56,0.01,-0.10,-0.29
-2.13,-2.23,9.40,0.11,-0.13,-0.35,-2.25,-1.84,9.56,0.01,-0.10,-0.29
-2.00,-2.17,9.43,0.13,-0.13,-0.32,-2.08,-1.91,9.46,0.10,-0.09,-0.35
-1.83,-2.04,9.49,0.12,-0.16,-0.18,-1.81,-1.82,9.55,0.11,-0.09,-0.25
-1.80,-2.17,9.55,0.07,-0.19,-0.10,-1.76,-1.84,9.65,0.06,-0.13,-0.10
-1.71,-2.21,9.63,-0.03,-0.20,-0.07,-1.76,-1.84,9.65,0.06,-0.13,-0.10
-1.74,-3.00,9.74,-1.04,-0.25,-0.21,-1.80,-2.00,11.51,-0.28,-0.19,-0.11
-1.79,-3.96,9.00,-0.74,0.04,-0.87,-2.13,-3.13,9.25,-1.03,-0.14,-0.50
-1.16,-3.83,9.02,-0.22,0.13,-0.98,-0.88,-3.30,8.95,-0.39,0.15,-1.07
-0.82,-4.29,9.03,0.13,0.03,-0.81,-0.88,-3.30,8.95,-0.39,0.15,-1.07
-0.46,-4.34,9.22,0.15,-0.16,-0.73,-0.68,-3.99,9.17,0.15,0.02,-0.77
-0.31,-4.64,8.83,0.09,-0.10,-0.83,-0.42,-4.11,9.22,0.09,-0.17,-0.71
0.38,-4.43,9.58,-0.20,-0.27,-0.65,0.24,-4.06,9.25,-0.15,-0.22,-0.67
0.64,-4.88,8.31,-0.14,-0.28,-0.50,0.24,-4.06,9.25,-0.15,-0.22,-0.67
1.08,-4.79,8.70,-0.19,-0.36,-0.33,0.82,-4.56,9.14,-0.11,-0.15,-0.54
1.39,-5.14,8.41,-0.38,-0.30,-0.38,1.24,-4.71,9.05,-0.31,-0.30,-0.34
1.65,-5.56,8.22,-0.48,-0.14,-0.44,1.60,-5.03,8.68,-0.44,-0.17,-0.39
1.90,-5.86,7.91,-0.58,-0.01,-0.60,1.60,-5.03,8.68,-0.44,-0.17,-0.39
2.19,-6.19,7.43,-0.55,0.05,-0.74,2.16,-5.54,8.08,-0.59,0.01,-0.63
2.59,-6.36,7.16,-0.51,0.04,-0.92,2.51,-5.93,7.78,-0.55,0.07,-0.86
3.12,-6.38,6.92,-0.46,0.03,-1.05,3.15,-6.00,7.28,-0.49,0.03,-1.06
3.73,-6.14,6.64,-0.33,0.03,-1.14,3.15,-6.00,7.28,-0.49,0.03,-1.06
4.37,-5.85,6.22,-0.25,0.09,-1.16,4.17,-5.78,6.89,-0.32,0.04,-1.16
4.98,-5.08,6.90,0.36,-0.31,-0.93,5.02,-5.16,6.84,-0.10,-0.04,-1.13
5.53,-4.40,6.67,0.68,-0.36,-0.65,5.66,-4.30,7.05,0.65,-0.37,-0.70
5.82,-3.73,7.07,0.59,-0.19,-0.29,5.66,-4.30,7.05,0.65,-0.37,-0.70
5.94,-3.53,7.05,0.48,-0.11,0.02,6.19,-3.42,7.49,0.55,-0.13,-0.18
5.79,-3.36,7.12,0.33,0.03,0.18,6.11,-3.13,7.47,0.39,0.00,0.11
5.49,-3.39,7.27,0.27,0.27,0.25,5.94,-3.08,7.15,0.26,0.26,0.24
5.13,-3.49,7.50,0.21,0.44,0.22,5.94,-3.08,7.15,0.26,0.26,0.24
4.72,-3.57,7.92,0.18,0.50,0.15,5.11,-3.11,8.05,0.19,0.53,0.20
4.20,-3.65,8.32,0.08,0.39,-0.06,4.46,-3.20,8.54,0.12,0.51,0.06
4.08,-3.76,8.18,-0.14,0.18,-0.49,3.95,-3.43,8.77,-0.10,0.25,-0.38
4.07,-3.59,8.34,-0.31,0.07,-0.91,3.95,-3.43,8.77,-0.10,0.25,-0.38
4.19,-3.22,8.52,-0.31,-0.03,-1.13,4.25,-3.10,8.36,-0.35,0.03,-1.00
4.59,-2.79,8.02,-0.19,-0.12,-1.14,4.58,-2.64,8.60,-0.28,-0.07,-1.16
4.79,-2.39,8.36,-0.07,-0.16,-1.14,4.83,-2.12,8.55,-0.11,-0.14,-1.14
5.21,-1.83,8.07,-0.04,-0.25,-1.18,4.83,-2.12,8.55,-0.11,-0.14,-1.14
5.42,-1.37,8.23,-0.05,-0.29,-1.27,5.26,-1.38,8.51,-0.04,-0.24,-1.19
5.72,-0.70,7.95,-0.08,-0.33,-1.37,5.85,-0.54,8.02,-0.08,-0.35,-1.33
5.92,0.06,7.87,-0.17,-0.25,-1.48,5.87,0.34,8.14,-0.16,-0.25,-1.45
5.74,0.95,7.92,-0.19,-0.21,-1.60,5.87,0.34,8.14,-0.16,-0.25,-1.45
5.78,1.49,7.82,-0.21,-0.21,-1.81,6.00,1.45,7.97,-0.22,-0.22,-1.64
5.27,2.55,8.03,-0.28,-0.21,-2.01,5.44,2.47,8.00,-0.24,-0.23,-1.91
4.76,3.11,7.97,-0.43,-0.30,-2.28,5.07,3.22,7.95,-0.41,-0.33,-2.21
4.14,4.04,8.18,-0.56,-0.39,-2.42,5.07,3.22,7.95,-0.41,-0.33,-2.21
3.28,4.39,8.31,-0.79,-0.52,-2.46,4.09,4.80,8.06,-0.63,-0.47,-2.46
2.68,4.41,8.57,-0.92,-0.62,-2.38,3.16,5.11,8.40,-0.88,-0.63,-2.46
2.04,4.17,9.00,-1.01,-0.71,-2.17,2.27,4.82,8.68,-1.01,-0.72,-2.27
1.92,3.74,9.11,-1.03,-0.80,-1.70,2.27,4.82,8.68,-1.01,-0.72,-2.27
2.19,3.12,9.31,-0.99,-0.81,-1.06,2.15,4.03,9.11,-1.03,-0.82,-1.58
2.48,2.46,9.45,-0.89,-0.70,-0.44,2.65,3.10,9.16,-0.95,-0.74,-0.75
2.98,1.69,9.31,-0.63,-0.47,0.08,3.17,2.17,9.25,-0.72,-0.51,-0.02
2.91,0.97,9.16,-0.15,0.48,-0.26,3.17,2.17,9.25,-0.72,-0.51,-0.02
1.73,1.38,9.85,-0.06,0.77,-0.64,2.52,1.41,9.08,-0.13,0.62,-0.40
1.37,1.23,9.78,-0.21,0.39,-0.43,1.73,1.74,9.79,-0.20,0.49,-0.49
1.28,1.00,10.01,-0.29,-0.09,0.07,1.59,1.38,9.82,-0.31,0.00,-0.03
1.60,0.55,9.91,-0.20,-0.33,0.39,1.59,1.38,9.82,-0.31,0.00,-0.03
1.66,0.22,9.53,0.19,0.08,0.11,1.59,0.87,9.88,-0.18,-0.25,0.41
0.84,0.84,9.72,0.38,0.67,-0.50,1.33,0.77,9.50,0.36,0.46,-0.20
0.21,1.03,9.80,0.08,0.54,-0.59,0.29,1.43,10.10,0.15,0.63,-0.60
-0.34,0.94,9.74,-0.07,0.36,-0.56,0.29,1.43,10.10,0.15,0.63,-0.60
-0.67,0.84,9.84,-0.13,0.18,-0.58,-0.47,1.27,9.99,-0.09,0.37,-0.58
-0.92,0.50,9.73,-0.08,0.03,-0.55,-0.85,1.00,9.73,-0.12,0.13,-0.58
-0.81,0.45,9.77,-0.02,-0.13,-0.58,-0.91,0.83,9.96,-0.04,-0.04,-0.59
-0.82,0.43,9.98,0.11,-0.14,-0.60,-0.91,0.83,9.96,-0.04,-0.04,-0.59
-0.71,0.37,9.79,0.17,-0.18,-0.59,-0.52,0.78,9.88,0.09,-0.13,-0.62
-0.83,0.60,9.85,0.18,-0.18,-0.57,-0.77,0.90,9.66,0.16,-0.15,-0.59
-0.54,0.73,9.98,0.18,-0.16,-0.53,-0.54,0.95,10.01,0.18,-0.15,-0.51
-0.56,0.69,10.11,0.02,-0.07,-0.30,-0.54,0.95,10.01,0.18,-0.15,-0.51
-0.71,0.69,10.08,-0.11,-0.04,-0.18,-0.47,1.04,10.06,-0.00,-0.01,-0.31
-0.64,0.38,10.07,-0.16,-0.02,0.00,-0.64,0.93,10.46,-0.13,0.03,-0.10
-0.77,0.15,10.09,-0.28,-0.03,0.10,-0.86,0.63,10.29,-0.25,0.04,0.04
-0.90,-0.06,10.24,-0.28,-0.02,0.07,-0.86,0.63,10.29,-0.25,0.04,0.04
-0.96,-0.46,10.13,-0.17,-0.06,0.07,-0.92,0.22,9.90,-0.29,-0.00,0.08
-1.07,-0.50,9.96,0.12,-0.12,0.05,-1.17,-0.15,9.99,0.11,-0.07,0.06
-0.95,-0.35,9.83,0.19,-0.20,0.05,-1.17,-0.15,9.99,0.11,-0.07,0.06
-1.04,-0.08,9.84,0.26,-0.25,0.00,-1.13,0.02,9.91,0.22,-0.13,0.06
-0.68,0.05,9.74,0.34,-0.30,0.00,-0.99,0.40,9.98,0.31,-0.20,0.01
-0.72,0.38,9.77,0.28,-0.33,-0.02,-0.70,0.72,9.71,0.29,-0.24,-0.02
-0.38,0.62,9.72,0.31,-0.40,-0.15,-0.70,0.72,9.71,0.29,-0.24,-0.02
-0.02,0.73,9.77,0.29,-0.39,-0.15,-0.32,1.06,9.72,0.28,-0.36,-0.11
0.22,1.08,9.69,0.15,-0.32,-0.18,0.24,1.27,9.58,0.22,-0.31,-0.15
0.25,1.18,9.88,0.07,-0.20,-0.18,0.22,1.41,9.81,0.11,-0.20,-0.14
0.38,1.06,9.62,0.09,-0.21,-0.21,0.22,1.41,9.81,0.11,-0.20,-0.14
0.45,1.24,9.81,-0.01,-0.16,-0.21,0.37,1.59,9.84,0.06,-0.14,-0.23
0.49,1.23,10.04,-0.14,-0.02,-0.15,0.80,1.57,9.97,-0.08,-0.06,-0.20
0.04,0.78,10.46,-0.37,0.14,-0.03,0.36,1.30,10.22,-0.33,0.11,-0.02
0.22,0.34,10.04,-0.72,0.29,-0.14,0.36,1.30,10.22,-0.33,0.11,-0.02
-0.11,-0.31,10.14,-0.65,0.26,0.02,0.44,0.57,10.39,-0.69,0.33,-0.15
-0.36,-0.92,10.16,-0.38,0.17,0.13,-0.33,-0.33,10.25,-0.55,0.27,0.05
-0.67,-1.06,9.87,-0.14,0.04,0.15,-0.42,-0.75,10.10,-0.18,0.12,0.10
-1.05,-1.06,9.77,0.13,-0.02,0.13,-0.42,-0.75,10.10,-0.18,0.12,0.10
-1.20,-1.25,9.51,0.41,-0.12,0.06,-1.03,-0.80,9.23,0.16,-0.02,0.15
-0.74,-1.12,9.66,-0.23,0.15,0.06,-0.81,-0.82,9.96,0.19,-0.02,-0.07
-1.72,-1.11,9.94,-0.23,0.30,0.60,-0.56,0.02,9.82,-0.24,0.38,0.49
-2.04,-1.35,9.77,-0.19,0.35,0.72,-0.56,0.02,9.82,-0.24,0.38,0.49
-2.35,-1.14,9.81,-0.06,0.26,0.66,-2.12,-0.85,10.00,-0.20,0.41,0.65
-2.59,-0.87,9.76,0.17,0.10,0.62,-2.21,-0.70,9.67,0.06,0.25,0.64
-2.86,-0.60,9.56,0.27,0.01,0.66,-2.76,-0.32,9.74,0.21,0.08,0.64
-2.94,-0.29,9.90,0.22,-0.02,0.62,-2.76,-0.32,9.74,0.21,0.08,0.64
-2.58,0.18,9.88,0.33,-0.24,0.46,-2.95,0.16,9.68,0.23,0.03,0.62
-2.34,0.44,9.75,0.34,-0.49,0.36,-2.68,0.73,9.69,0.36,-0.29,0.46
-1.86,0.97,9.73,0.21,-0.61,0.17,-2.10,1.25,10.17,0.27,-0.50,0.22
-1.63,1.02,9.62,0.13,-0.55,0.11,-2.10,1.25,10.17,0.27,-0.50,0.22
-1.22,1.08,9.40,-0.01,-0.52,0.05,-1.42,1.42,9.63,0.08,-0.49,0.09
-0.97,1.09,9.63,-0.07,-0.35,-0.01,-0.98,1.45,9.49,-0.05,-0.39,0.01
-0.87,0.84,9.62,-0.10,-0.28,-0.01,-0.69,1.29,9.22,-0.13,-0.27,-0.02
-0.69,0.66,9.76,-0.09,-0.20,-0.03,-0.69,1.29,9.22,-0.13,-0.27,-0.02
-0.37,0.75,10.01,-0.08,-0.02,-0.10,-0.55,1.07,9.82,-0.10,-0.12,-0.08
-0.45,0.58,10.30,0.01,0.23,-0.16,-0.42,1.09,10.35,-0.05,0.17,-0.14
-0.90,0.57,10.21,0.00,0.27,-0.22,-0.69,1.02,10.24,-0.02,0.32,-0.27
-1.19,0.60,10.19,-0.04,0.19,-0.32,-0.69,1.02,10.24,-0.02,0.32,-0.27
-1.50,0.42,10.15,-0.01,0.01,-0.30,-1.43,0.84,10.03,-0.05,0.17,-0.29
-1.47,0.33,9.94,0.07,-0.13,-0.24,-1.60,0.71,10.03,0.01,-0.02,-0.27
-1.73,0.48,9.89,0.10,-0.15,-0.23,-1.64,0.73,9.91,0.11,-0.10,-0.22
-1.57,0.35,9.63,0.13,-0.12,-0.16,-1.64,0.73,9.91,0.11,-0.10,-0.22
-1.90,0.42,9.60,0.09,-0.04,-0.17,-1.71,0.82,9.77,0.08,-0.06,-0.18
-2.20,0.66,9.32,0.19,0.13,-0.23,-1.90,0.86,9.39,0.10,0.05,-0.19
-2.37,0.59,9.22,0.28,0.37,-0.31,-2.62,1.00,9.38,0.23,0.31,-0.29
-3.18,0.90,9.28,0.32,0.60,-0.46,-2.62,1.00,9.38,0.23,0.31,-0.29
-3.48,0.84,9.19,0.26,0.52,-0.51,-3.17,1.15,9.47,0.32,0.66,-0.49
-3.61,0.79,9.02,0.23,0.23,-0.48,-3.70,1.19,9.26,0.25,0.42,-0.52
-3.96,0.82,8.96,0.11,-0.11,-0.42,-3.91,1.18,9.11,0.14,0.02,-0.46
-3.59,1.00,9.51,0.05,-0.29,-0.36,-3.91,1.18,9.11,0.14,0.02,-0.46
-3.42,0.63,9.45,-0.16,-0.71,-0.07,-3.29,1.05,9.47,0.00,-0.32,-0.30
-2.49,0.47,9.87,-0.26,-0.83,0.03,-3.49,0.74,9.34,-0.19,-0.73,0.01
-1.81,0.25,10.33,-0.40,-1.00,0.33,-1.82,0.52,10.35,-0.36,-0.92,0.32
-0.94,-0.27,10.29,-0.42,-0.82,0.47,-1.82,0.52,10.35,-0.36,-0.92,0.32
-0.56,-0.65,10.16,-0.31,-0.46,0.44,-0.86,0.10,10.26,-0.44,-0.72,0.47
-0.72,-0.90,9.72,-0.05,-0.01,0.18,-0.39,-0.43,10.01,-0.21,-0.21,0.32
-0.79,-0.87,10.01,0.18,0.26,-0.04,-0.93,-0.45,10.01,0.10,0.28,-0.01
-1.25,-0.59,9.78,0.25,0.15,-0.10,-0.93,-0.45,10.01,0.10,0.28,-0.01
-1.46,-0.25,9.99,0.34,0.03,-0.17,-1.48,-0.20,9.93,0.31,0.19,-0.10
-1.51,-0.19,9.49,0.34,-0.14,-0.13,-1.43,0.10,9.76,0.33,-0.01,-0.14
-1.40,0.11,9.48,0.27,-0.22,-0.15,-1.35,0.44,9.99,0.30,-0.13,-0.14
-1.40,0.31,9.67,0.37,-0.23,-0.19,-1.35,0.44,9.99,0.30,-0.13,-0.14
-1.09,0.61,9.39,0.39,-0.29,-0.18,-1.14,0.72,9.41,0.35,-0.21,-0.20
-0.94,1.05,9.77,0.26,-0.26,-0.19,-0.98,1.15,9.45,0.31,-0.22,-0.16
-0.84,1.07,9.55,0.20,-0.26,-0.17,-0.76,1.31,9.52,0.19,-0.23,-0.12
-0.74,1.04,9.73,0.16,-0.24,-0.19,-0.76,1.31,9.52,0.19,-0.23,-0.12
-0.40,1.56,9.99,-0.02,-0.21,-0.19,-0.93,1.53,9.65,0.15,-0.18,-0.23
-0.09,1.28,10.28,-0.42,-0.10,0.16,-0.07,1.77,10.63,-0.18,-0.09,-0.05
-0.17,0.40,10.26,-0.77,-0.09,0.50,-0.08,1.04,10.23,-0.75,-0.02,0.39
-0.21,-0.29,10.25,-0.75,-0.12,0.49,-0.08,1.04,10.23,-0.75,-0.02,0.39
-0.29,-0.95,10.27,-0.38,-0.11,0.32,-0.45,-0.15,10.23,-0.67,-0.05,0.47
-0.47,-1.04,9.81,-0.02,-0.10,0.22,-0.42,-0.70,9.89,-0.19,-0.05,0.26
-0.58,-0.93,9.67,0.22,-0.08,0.11,-0.63,-0.68,9.94,0.21,0.02,0.15
-0.53,-0.56,9.90,0.44,-0.04,0.05,-0.63,-0.68,9.94,0.21,0.02,0.15
-0.47,-0.27,9.69,0.47,-0.09,-0.01,-0.41,-0.21,9.72,0.41,-0.01,0.03
-0.62,0.29,10.09,0.37,-0.09,-0.03,-0.54,0.36,9.79,0.41,-0.02,-0.02
-0.46,0.47,9.77,0.28,-0.11,-0.03,-0.42,0.70,9.95,0.30,-0.07,0.00
-0.51,0.53,9.82,0.13,-0.12,0.01,-0.42,0.70,9.95,0.30,-0.07,0.00
-0.68,0.67,9.52,0.05,-0.15,-0.12,-0.60,0.91,9.69,0.11,-0.05,-0.02
-0.61,0.74,9.79,0.10,-0.15,-0.21,-0.73,1.07,9.86,0.07,-0.09,-0.16
-0.35,0.69,9.66,0.11,-0.17,-0.23,-0.29,1.11,9.54,0.09,-0.13,-0.26
-0.11,0.96,10.36,-0.10,-0.14,-0.13,-0.29,1.11,9.54,0.09,-0.13,-0.26
0.00,0.64,10.35,-0.34,-0.06,0.11,0.21,1.14,10.25,-0.13,-0.09,-0.07
-0.04,0.01,10.20,-0.46,-0.06,0.27,-0.17,0.79,10.52,-0.42,0.02,0.21
-0.18,-0.34,10.12,-0.36,-0.12,0.18,-0.19,0.11,10.36,-0.39,-0.03,0.17
-0.18,-0.57,10.30,-0.08,-0.09,0.01,-0.19,0.11,10.36,-0.39,-0.03,0.17
-0.25,-0.62,9.99,0.13,-0.11,-0.05,-0.23,-0.18,10.10,-0.08,-0.05,-0.00
-0.30,-0.35,9.78,0.22,-0.12,-0.10,-0.39,-0.16,10.01,0.18,-0.05,-0.06
-0.54,-0.22,9.91,0.31,-0.08,-0.11,-0.65,-0.04,9.61,0.29,-0.05,-0.06
-0.19,0.03,9.81,0.30,-0.16,-0.17,-0.65,-0.04,9.61,0.29,-0.05,-0.06
-0.24,0.34,10.06,0.14,-0.16,-0.17,-0.37,0.58,10.35,0.27,-0.09,-0.18
-0.13,0.24,10.10,0.03,-0.15,-0.15,0.00,0.63,10.13,0.09,-0.11,-0.18
0.10,0.13,10.16,-0.10,-0.17,-0.06,0.06,0.60,10.16,-0.09,-0.11,-0.09
-0.04,0.06,10.09,-0.20,-0.16,-0.04,0.06,0.60,10.16,-0.09,-0.11,-0.09
-0.06,-0.27,10.02,-0.17,-0.15,-0.05,-0.03,0.28,10.14,-0.17,-0.11,0.00
-0.01,-0.48,9.82,-0.06,-0.18,-0.09,-0.07,-0.08,9.84,-0.12,-0.12,-0.06
0.28,-0.36,10.14,0.00,-0.11,-0.16,0.22,-0.07,10.33,0.02,-0.07,-0.14
0.21,-0.42,10.21,0.03,-0.02,-0.13,0.22,-0.07,10.33,0.02,-0.07,-0.14
0.01,-0.54,10.01,-0.00,-0.05,-0.10,0.33,-0.04,10.22,-0.01,0.03,-0.15
-0.29,-0.51,9.55,0.11,-0.11,-0.17,0.02,-0.08,9.80,0.01,-0.03,-0.12
-0.15,-0.38,9.47,0.31,-0.16,-0.21,-0.09,-0.08,9.14,0.22,-0.13,-0.19
-0.03,0.00,9.53,0.41,-0.15,-0.22,-0.09,-0.08,9.14,0.22,-0.13,-0.19
0.29,0.57,10.31,0.23,-0.05,-0.14,-0.07,0.37,9.59,0.43,-0.07,-0.21
0.32,0.40,10.17,-0.09,-0.03,0.07,0.36,0.88,10.52,0.08,0.03,-0.04
0.16,0.07,10.23,-0.36,-0.10,0.18,0.34,0.63,10.45,-0.34,-0.01,0.12
0.22,-0.22,10.26,-0.41,-0.18,0.13,0.34,0.63,10.45,-0.34,-0.01,0.12
0.33,-0.71,10.33,-0.28,-0.23,0.07,0.21,0.01,10.15,-0.40,-0.15,0.14
0.39,-0.82,10.06,-0.14,-0.21,-0.02,0.48,-0.43,10.01,-0.21,-0.19,0.04
0.43,-0.91,9.98,0.05,-0.13,-0.18,0.30,-0.62,10.13,0.03,-0.10,-0.11
0.37,-0.81,9.89,0.20,-0.10,-0.22,0.30,-0.62,10.13,0.03,-0.10,-0.11
0.41,-0.53,9.94,0.19,-0.05,-0.16,0.51,-0.37,10.20,0.20,-0.03,-0.23
0.30,-0.41,10.05,0.17,-0.01,-0.14,0.53,-0.14,10.07,0.16,0.01,-0.17
0.33,-0.36,9.74,0.08,-0.05,-0.06,0.32,0.01,10.20,0.07,0.02,-0.10
0.10,-0.31,9.94,0.03,-0.07,-0.07,0.32,0.01,10.20,0.07,0.02,-0.10
0.20,-0.31,9.91,0.07,-0.09,-0.03,0.34,-0.03,9.65,0.04,-0.05,-0.04
0.34,-0.31,9.91,0.04,-0.10,0.02,0.25,0.00,9.90,0.05,-0.06,-0.01
0.29,-0.19,9.98,-0.01,-0.04,0.02,0.41,0.05,10.38,0.03,0.00,0.03
0.01,-0.41,9.68,0.04,-0.03,0.00,0.41,0.05,10.38,0.03,0.00,0.03
0.25,-0.26,9.85,0.07,-0.05,-0.03,-0.04,0.02,9.79,0.02,0.00,-0.03
0.27,-0.16,10.38,-0.03,-0.05,0.04,0.48,0.19,10.30,-0.00,0.01,-0.01
-0.07,-0.47,9.77,-0.01,-0.14,0.15,0.40,0.08,10.17,-0.07,-0.10,0.14
-0.01,-0.42,9.63,0.06,-0.17,0.11,0.40,0.08,10.17,-0.07,-0.10,0.14
0.11,-0.23,9.67,0.15,-0.15,0.01,-0.10,-0.07,9.93,0.09,-0.10,0.11
0.17,-0.23,9.88,0.22,-0.08,-0.00,0.27,0.11,9.84,0.19,-0.06,-0.00
0.03,-0.02,9.66,0.20,-0.04,-0.06,0.04,0.38,9.87,0.19,0.03,-0.07
-0.04,0.21,9.54,0.21,-0.01,-0.19,0.04,0.38,9.87,0.19,0.03,-0.07
-0.20,0.41,9.81,0.29,0.05,-0.27,-0.17,0.47,9.63,0.23,0.04,-0.17
-0.16,0.59,9.56,0.31,0.07,-0.29,-0.17,0.76,9.62,0.30,0.09,-0.27
-0.53,0.87,9.67,0.24,0.07,-0.37,-0.32,1.25,9.72,0.24,0.13,-0.39
-0.61,1.15,9.62,0.25,0.10,-0.43,-0.32,1.25,9.72,0.24,0.13,-0.39
-0.82,1.24,9.59,0.19,0.08,-0.50,-0.58,1.38,9.41,0.22,0.12,-0.41
-0.39,1.66,10.62,-0.10,-0.07,-0.26,-1.06,1.58,9.79,0.17,0.10,-0.46
-0.45,1.10,10.31,-0.58,-0.36,0.17,-0.35,1.53,10.58,-0.47,-0.23,0.04
-0.24,0.42,10.58,-0.81,-0.45,0.53,-0.35,1.53,10.58,-0.47,-0.23,0.04
0.26,-0.55,10.39,-0.65,-0.42,0.61,-0.13,0.44,10.51,-0.81,-0.41,0.57
0.28,-1.13,10.08,-0.20,-0.25,0.44,0.24,-0.49,10.08,-0.44,-0.28,0.53
0.14,-0.97,10.09,0.17,-0.06,0.22,-0.01,-0.67,10.18,0.11,-0.01,0.26
-0.07,-0.74,10.15,0.41,0.10,0.00,-0.01,-0.67,10.18,0.11,-0.01,0.26
-0.08,-0.42,10.19,0.44,0.04,-0.10,-0.08,-0.25,10.24,0.39,0.15,-0.01
-0.35,-0.00,10.20,0.30,-0.06,-0.13,-0.09,0.17,10.13,0.36,0.03,-0.12
-0.26,0.24,10.25,0.16,-0.15,-0.08,-0.26,0.42,10.16,0.21,-0.09,-0.05
-0.39,0.05,9.51,0.06,-0.22,-0.02,-0.26,0.42,10.16,0.21,-0.09,-0.05
-0.39,0.14,9.60,0.04,-0.22,-0.09,-0.49,0.51,9.83,0.03,-0.15,-0.05
-0.18,0.22,9.57,0.14,-0.16,-0.17,-0.10,0.51,9.70,0.08,-0.14,-0.12
-0.20,0.23,9.65,0.18,-0.06,-0.21,-0.17,0.66,9.47,0.14,-0.05,-0.19
-0.23,0.42,9.60,0.21,-0.03,-0.31,-0.17,0.66,9.47,0.14,-0.05,-0.19
-0.37,0.72,9.57,0.16,0.02,-0.43,-0.17,0.89,9.69,0.22,0.03,-0.33
-0.51,0.82,9.79,0.18,0.07,-0.49,-0.42,1.18,9.82,0.16,0.08,-0.48
-0.61,0.86,9.60,0.14,0.06,-0.52,-0.45,1.22,9.64,0.11,0.09,-0.53
-0.85,0.92,9.71,0.09,0.04,-0.57,-0.45,1.22,9.64,0.11,0.09,-0.53
-0.97,1.01,9.76,0.09,-0.01,-0.63,-0.81,1.27,9.61,0.11,0.07,-0.58
-1.21,1.02,9.80,0.10,-0.00,-0.63,-1.20,1.40,9.82,0.12,0.03,-0.62
-1.14,0.94,9.66,0.10,-0.08,-0.63,-1.29,1.34,9.63,0.05,-0.04,-0.64
-1.05,1.23,10.38,-0.08,-0.20,-0.52,-1.29,1.34,9.63,0.05,-0.04,-0.64
-0.67,0.89,10.48,-0.56,-0.47,-0.00,-0.68,1.52,10.83,-0.16,-0.21,-0.40
-0.29,-0.10,10.37,-0.87,-0.56,0.54,-0.24,0.81,10.72,-0.76,-0.48,0.28
-0.01,-1.20,10.19,-0.77,-0.47,0.71,-0.02,-0.37,10.22,-0.87,-0.44,0.67
0.08,-1.68,9.80,-0.44,-0.33,0.60,-0.02,-0.37,10.22,-0.87,-0.44,0.67
0.08,-1.84,9.76,-0.01,-0.07,0.48,0.00,-1.41,10.03,-0.30,-0.18,0.59
-0.10,-1.82,9.90,0.30,0.06,0.37,0.03,-1.49,9.80,0.16,0.08,0.42
-0.28,-1.38,10.06,0.53,0.09,0.19,-0.30,-1.02,10.15,0.47,0.16,0.20
-0.40,-0.66,10.29,0.56,0.05,0.02,-0.30,-1.02,10.15,0.47,0.16,0.20
-0.50,-0.32,10.49,0.42,-0.06,0.02,-0.54,-0.35,10.33,0.54,0.10,0.06
-0.38,-0.11,10.20,0.11,-0.24,0.06,-0.39,0.20,10.43,0.29,-0.10,0.05
-0.45,-0.19,10.31,-0.16,-0.28,0.08,-0.34,0.14,10.36,-0.11,-0.22,0.08
-0.26,-0.54,10.03,-0.20,-0.28,0.10,-0.34,0.14,10.36,-0.11,-0.22,0.08
-0.22,-0.75,9.65,-0.12,-0.20,0.09,-0.20,-0.11,9.97,-0.24,-0.21,0.08
-0.27,-0.73,9.62,-0.02,-0.09,0.00,-0.12,-0.40,9.54,-0.08,-0.09,0.05
-0.45,-0.75,9.57,0.12,-0.04,-0.14,-0.49,-0.48,9.30,0.07,-0.03,-0.08
-0.26,-0.65,9.46,0.21,-0.07,-0.22,-0.49,-0.48,9.30,0.07,-0.03,-0.08
-0.43,-0.37,9.68,0.24,-0.02,-0.32,-0.22,-0.21,9.72,0.20,0.01,-0.28
-0.51,-0.09,9.87,0.33,0.05,-0.38,-0.37,0.10,9.83,0.27,0.06,-0.36
-0.46,0.11,9.68,0.34,0.05,-0.42,-0.27,0.43,9.58,0.31,0.07,-0.41
-0.42,0.50,10.04,0.16,0.06,-0.28,-0.27,0.43,9.58,0.31,0.07,-0.41
-0.72,0.50,10.05,-0.10,0.08,-0.15,-0.44,0.75,9.94,0.12,0.12,-0.26
-0.73,0.25,10.02,-0.27,0.05,0.03,-0.69,0.73,10.23,-0.18,0.13,-0.07
-0.84,-0.29,9.98,-0.40,-0.05,0.19,-0.68,0.29,9.93,-0.43,0.01,0.14
-0.94,-0.63,10.04,-0.41,-0.13,0.28,-0.68,0.29,9.93,-0.43,0.01,0.14
-0.89,-0.88,9.93,-0.31,-0.12,0.34,-0.81,-0.40,9.98,-0.37,-0.07,0.28
-0.95,-1.26,9.99,-0.14,-0.10,0.37,-1.09,-0.70,10.15,-0.23,-0.02,0.36
-1.00,-1.24,9.84,0.02,-0.13,0.32,-0.87,-0.88,9.97,-0.02,-0.04,0.30
-1.04,-1.04,10.01,0.18,-0.07,0.26,-0.87,-0.88,9.97,-0.02,-0.04,0.30
-1.01,-0.84,9.94,0.28,-0.01,0.22,-0.92,-0.71,9.87,0.22,-0.01,0.27
-1.19,-0.69,9.99,0.25,0.02,0.24,-1.20,-0.45,10.07,0.28,0.07,0.24
-1.34,-0.38,9.97,0.12,-0.02,0.19,-1.26,-0.04,10.17,0.18,0.08,0.19
-1.36,-0.30,10.00,0.09,-0.05,0.19,-1.26,-0.04,10.17,0.18,0.08,0.19
-1.29,-0.33,9.86,0.03,-0.11,0.18,-1.22,0.04,9.92,0.03,-0.02,0.17
-1.42,-0.30,9.85,-0.03,-0.13,0.14,-1.38,-0.02,9.73,-0.02,-0.07,0.17
-1.31,-0.31,9.84,-0.04,-0.11,0.10,-1.48,-0.04,9.94,-0.03,-0.06,0.14
-1.36,-0.49,9.86,-0.01,-0.11,0.12,-1.48,-0.04,9.94,-0.03,-0.06,0.14
-1.37,-0.42,9.80,-0.04,-0.11,0.08,-1.26,-0.00,9.95,-0.02,-0.04,0.08
-1.52,-0.40,9.85,-0.03,-0.09,0.04,-1.38,-0.05,9.91,-0.03,-0.03,0.06
-1.30,-0.51,9.78,0.03,-0.12,0.04,-1.23,-0.03,9.78,-0.02,-0.07,0.04
-1.35,-0.45,9.86,0.01,-0.10,0.04,-1.23,-0.03,9.78,-0.02,-0.07,0.04
-1.31,-0.37,9.93,0.04,-0.04,0.03,-1.46,-0.13,9.96,0.04,-0.02,0.05
-1.43,-0.50,9.97,0.06,-0.07,0.05,-1.53,-0.13,9.94,0.05,0.00,0.03
-1.34,-0.42,9.85,0.04,-0.15,0.02,-1.49,0.00,10.06,0.05,-0.06,-0.00
-1.29,-0.33,10.05,0.05,-0.19,-0.01,-1.49,0.00,10.06,0.05,-0.06,-0.00
-1.10,-0.34,10.01,0.10,-0.17,0.04,-1.00,-0.05,9.91,0.05,-0.15,0.01
-1.23,-0.40,10.02,0.06,-0.19,0.06,-1.23,-0.06,10.01,0.06,-0.12,0.06
-1.14,-0.23,10.03,0.07,-0.19,0.03,-1.28,0.07,10.16,0.10,-0.13,0.06
-1.01,-0.18,10.10,0.12,-0.20,0.06,-1.28,0.07,10.16,0.10,-0.13,0.06
-0.82,-0.11,9.99,0.08,-0.20,0.07,-0.81,0.26,10.26,0.07,-0.14,0.04
-0.89,-0.05,10.11,-0.00,-0.17,-0.00,-0.86,0.28,10.14,0.01,-0.12,0.04
-0.62,-0.11,9.81,-0.00,-0.17,-0.06,-0.56,0.25,9.74,-0.03,-0.14,-0.03
-0.51,-0.19,9.79,-0.04,-0.16,-0.08,-0.56,0.25,9.74,-0.03,-0.14,-0.03
-0.57,-0.15,9.65,-0.04,-0.10,-0.14,-0.56,0.24,9.95,-0.03,-0.08,-0.12
-0.68,-0.31,9.77,0.05,-0.04,-0.13,-0.55,0.09,9.83,0.01,-0.02,-0.14
-0.70,-0.36,9.58,0.07,-0.05,-0.08,-0.71,0.04,9.86,0.03,0.03,-0.11
-0.95,-0.35,9.90,0.09,-0.10,-0.09,-0.71,0.04,9.86,0.03,0.03,-0.11
-0.74,-0.28,9.89,0.15,-0.17,-0.05,-0.69,-0.08,9.63,0.11,-0.08,-0.06
-0.64,-0.24,10.00,0.13,-0.24,0.04,-0.72,0.10,9.98,0.14,-0.15,-0.00
-0.40,-0.01,10.06,0.06,-0.27,0.09,-0.53,0.29,10.40,0.09,-0.17,0.07
-0.25,0.06,10.30,0.03,-0.22,0.12,-0.53,0.29,10.40,0.09,-0.17,0.07
0.03,0.06,10.20,-0.05,-0.13,0.18,0.06,0.43,10.19,-0.01,-0.17,0.13
0.21,-0.06,10.41,-0.22,0.06,0.26,0.20,0.37,10.47,-0.14,0.01,0.21
-0.28,-0.52,10.33,-0.31,0.21,0.36,-0.15,-0.05,10.20,-0.37,0.21,0.34
-0.55,-0.85,9.97,-0.20,0.15,0.39,-0.15,-0.05,10.20,-0.37,0.21,0.34
-0.78,-0.96,9.39,-0.03,-0.04,0.26,0.01,-0.35,9.45,-0.20,0.17,0.30
-0.65,-0.81,9.38,0.13,-0.20,0.17,-0.54,-0.47,9.66,0.06,-0.09,0.29
-0.64,-0.93,9.33,0.20,-0.28,0.13,-0.73,-0.25,9.13,0.18,-0.18,0.18
-0.56,-0.82,9.43,0.22,-0.28,0.06,-0.73,-0.25,9.13,0.18,-0.18,0.18
-0.24,-0.57,9.56,0.16,-0.31,0.13,-0.58,-0.26,9.52,0.21,-0.20,0.10
-0.25,-0.58,9.59,0.04,-0.34,0.14,-0.10,-0.24,9.62,0.08,-0.27,0.14
0.05,-0.47,9.60,-0.05,-0.37,0.15,0.41,0.14,9.93,-0.05,-0.29,0.15
0.36,-0.51,9.74,-0.10,-0.37,0.15,0.41,0.14,9.93,-0.05,-0.29,0.15
0.73,-0.37,9.76,-0.11,-0.35,0.12,1.00,0.08,10.27,-0.13,-0.29,0.16
1.15,-0.92,10.48,-0.04,-0.25,0.06,0.94,-0.17,10.15,-0.15,-0.25,0.08
0.78,-1.02,9.67,0.10,-0.14,0.01,1.00,-0.22,9.82,0.03,-0.14,0.00
0.44,-0.53,9.47,0.20,-0.06,-0.01,1.00,-0.22,9.82,0.03,-0.14,0.00
0.94,-0.39,10.56,0.26,-0.04,-0.01,0.76,-0.56,9.93,0.18,-0.01,-0.03
0.45,-0.65,9.37,0.28,-0.02,0.05,0.59,-0.50,9.94,0.26,-0.01,-0.01
0.85,-0.31,10.39,0.27,0.01,0.17,0.49,0.20,10.26,0.27,0.05,0.13
0.56,0.40,10.30,0.17,-0.06,0.24,0.49,0.20,10.26,0.27,0.05,0.13
0.66,-0.06,9.99,-0.04,-0.30,0.30,0.54,0.19,10.36,0.15,-0.00,0.25
1.46,-0.05,10.78,-0.21,-0.49,0.33,1.43,0.58,10.34,-0.14,-0.34,0.35
1.82,0.01,11.05,-0.17,-0.54,0.29,1.48,0.40,10.44,-0.18,-0.48,0.31
2.11,-0.28,10.62,0.05,-0.47,0.17,1.48,0.40,10.44,-0.18,-0.48,0.31
1.96,-0.25,9.39,0.28,-0.32,0.07,1.67,0.02,10.03,0.11,-0.37,0.18
2.01,-0.11,8.86,0.35,-0.19,0.06,2.11,-0.09,9.65,0.36,-0.17,0.10
2.32,0.03,9.26,0.27,-0.16,0.11,2.84,0.37,9.62,0.32,-0.09,0.11
2.86,0.41,10.00,0.11,-0.24,0.18,2.84,0.37,9.62,0.32,-0.09,0.11
2.60,0.06,9.30,-0.05,-0.22,0.19,2.79,0.62,9.63,0.05,-0.16,0.20
2.72,-0.07,9.59,-0.03,-0.12,0.20,3.01,0.69,9.23,-0.04,-0.11,0.20
2.79,-0.24,9.66,0.03,-0.08,0.18,2.89,0.55,9.01,-0.01,-0.03,0.18
2.77,-0.41,9.48,0.02,-0.04,0.20,2.89,0.55,9.01,-0.01,-0.03,0.18
2.41,-0.40,9.18,0.03,-0.05,0.16,2.75,-0.08,9.83,0.01,0.03,0.19
2.60,0.25,10.20,0.08,-0.11,0.11,2.52,0.46,9.72,0.04,-0.02,0.13
2.56,-0.23,9.25,0.18,-0.19,0.03,2.90,0.71,9.49,0.17,-0.14,0.04
2.52,0.30,8.90,0.27,-0.25,-0.01,2.90,0.71,9.49,0.17,-0.14,0.04
3.07,0.61,10.15,0.25,-0.26,0.02,2.95,0.85,9.21,0.26,-0.20,-0.00
3.14,0.31,9.36,0.18,-0.19,0.10,3.26,0.73,9.51,0.22,-0.17,0.07
2.95,0.42,8.78,0.07,-0.08,0.18,2.90,0.70,10.00,0.09,-0.04,0.17
2.59,-0.00,12.08,-0.00,-0.08,0.20,2.90,0.70,10.00,0.09,-0.04,0.17
3.72,0.15,9.46,0.27,-0.55,0.22,0.33,-1.52,9.19,0.26,-0.72,0.19
3.94,0.72,8.18,0.25,-0.50,0.40,3.79,1.04,9.78,0.24,-0.47,0.33
3.89,1.09,9.05,0.26,-0.21,0.48,4.51,1.56,8.49,0.26,-0.22,0.48
4.03,0.81,9.58,0.23,0.27,0.49,4.51,1.56,8.49,0.26,-0.22,0.48
3.50,0.56,8.91,0.16,0.62,0.51,3.62,1.28,9.41,0.20,0.43,0.49
3.22,0.86,10.43,0.21,0.63,0.45,3.38,1.34,9.51,0.13,0.76,0.47
3.14,0.98,11.20,0.43,0.17,0.32,2.99,0.92,10.49,0.37,0.36,0.35
2.85,0.96,10.39,0.58,-0.43,0.28,2.99,0.92,10.49,0.37,0.36,0.35
2.91,1.23,8.85,0.49,-0.73,0.40,2.84,1.85,9.49,0.57,-0.43,0.32
3.31,1.52,7.66,0.22,-0.63,0.56,3.63,2.16,8.62,0.35,-0.63,0.52
4.10,1.53,9.23,-0.06,-0.15,0.63,4.38,1.93,8.57,-0.01,-0.22,0.64
4.14,1.25,9.76,-0.05,0.36,0.50,4.38,1.93,8.57,-0.01,-0.22,0.64
3.70,0.86,8.81,0.14,0.61,0.29,4.09,1.87,8.96,-0.03,0.50,0.43
3.17,0.92,8.91,0.31,0.51,0.16,3.42,1.69,9.17,0.22,0.66,0.19
3.46,1.17,8.98,0.34,-0.10,0.10,2.53,1.65,9.21,0.33,0.00,0.08
3.15,1.53,10.53,0.17,-0.41,0.21,2.53,1.65,9.21,0.33,0.00,0.08
3.50,1.49,10.04,-0.04,-0.42,0.32,3.10,1.50,9.71,0.14,-0.37,0.24
3.80,1.40,9.81,-0.16,-0.22,0.18,3.79,1.40,9.30,-0.09,-0.31,0.16
3.65,1.26,9.91,-0.21,0.03,0.03,3.16,1.64,9.32,-0.21,0.05,0.06
3.44,1.26,10.41,-0.17,0.18,-0.10,3.16,1.64,9.32,-0.21,0.05,0.06
2.93,0.62,9.26,-0.10,0.16,-0.15,3.61,1.72,9.21,-0.17,0.23,-0.14
2.91,0.37,9.59,-0.02,0.02,-0.15,3.32,1.54,9.79,-0.09,0.15,-0.16
3.12,0.32,9.24,0.01,-0.15,-0.15,3.31,1.42,10.13,-0.01,-0.06,-0.15
3.29,0.77,9.40,-0.01,-0.24,-0.14,3.31,1.42,10.13,-0.01,-0.06,-0.15
1.69,1.50,8.81,-0.08,-0.28,-0.01,3.29,1.42,9.92,-0.03,-0.20,-0.12
3.28,0.77,9.18,-0.04,-0.28,-0.05,-0.17,0.71,8.95,-0.12,-0.23,0.12
3.55,0.64,8.87,0.15,-0.36,-0.08,3.31,0.90,9.02,0.10,-0.29,-0.07
3.52,1.07,8.97,0.42,-0.45,-0.22,3.31,0.90,9.02,0.10,-0.29,-0.07
4.07,1.59,9.27,0.48,-0.46,-0.27,3.73,1.22,9.30,0.44,-0.40,-0.19
4.35,2.01,9.80,0.21,-0.36,-0.03,4.33,2.15,9.10,0.35,-0.32,-0.09
4.48,1.46,9.14,-0.03,-0.30,0.18,4.69,2.13,8.94,-0.01,-0.22,0.18
4.58,1.28,8.59,0.14,-0.33,0.04,4.69,2.13,8.94,-0.01,-0.22,0.18
4.73,1.59,8.16,0.27,-0.37,-0.14,4.41,1.59,8.48,0.17,-0.28,0.01
4.84,2.14,7.38,0.15,-0.46,-0.16,4.14,1.95,8.58,0.25,-0.33,-0.15
5.51,0.77,7.74,0.23,-0.12,-0.42,5.17,1.46,7.73,0.05,-0.20,-0.16
5.52,2.71,9.52,0.49,0.71,-0.22,5.17,1.46,7.73,0.05,-0.20,-0.16
5.25,1.19,8.78,-1.01,-0.22,0.74,5.04,3.27,10.39,0.14,0.73,-0.05
4.32,-0.00,9.07,-0.78,-0.43,0.68,5.05,0.83,8.92,-1.02,-0.17,0.89
4.47,0.96,9.03,-0.65,-0.20,1.25,4.79,1.33,9.07,-0.64,-0.32,0.94
3.67,-1.30,8.49,-0.04,1.05,2.19,4.79,1.33,9.07,-0.64,-0.32,0.94
4.09,-2.49,9.94,0.78,0.49,1.35,3.84,-0.83,8.94,0.12,1.19,2.06
3.48,-1.95,9.57,0.71,0.44,1.35,4.24,-2.12,10.40,0.89,0.37,1.31
2.40,-2.27,8.83,0.13,0.96,1.24,2.19,-2.00,9.96,0.20,1.01,1.28
1.53,-2.42,8.99,0.17,0.42,0.83,2.19,-2.00,9.96,0.20,1.01,1.28
1.75,-0.63,9.30,0.31,-0.15,1.78,2.54,-1.46,9.58,0.21,0.33,0.89
1.42,-0.89,11.33,-0.02,0.35,1.60,1.09,-1.16,10.51,0.12,0.19,2.04
0.21,-1.35,8.91,0.30,0.44,1.19,-0.22,-1.01,9.14,0.11,0.66,1.29
0.66,-1.26,7.52,0.11,-0.24,1.09,-0.22,-1.01,9.14,0.11,0.66,1.29
0.29,-0.66,8.02,0.14,-0.12,1.16,0.86,-0.72,8.06,0.11,-0.13,1.15
0.74,-1.11,8.99,-0.40,0.10,0.65,0.08,-0.97,8.97,-0.09,0.10,1.06
0.95,-1.06,8.97,-0.47,0.16,0.77,0.86,-0.58,9.05,-0.44,0.26,0.67
-0.39,-1.77,8.13,-0.20,-0.49,0.31,0.86,-0.58,9.05,-0.44,0.26,0.67
-0.23,-1.60,8.85,-0.17,-0.44,-0.03,-0.34,-0.99,9.13,-0.18,-0.46,0.23
0.22,-1.16,11.41,-0.46,-0.32,0.35,0.66,-0.88,10.21,-0.35,-0.33,0.10
0.56,-2.09,12.22,-0.07,-0.58,0.41,0.16,-1.03,10.90,-0.17,-0.46,0.44
0.37,-2.31,10.06,0.16,-0.55,0.38,0.16,-1.03,10.90,-0.17,-0.46,0.44
0.94,-2.15,10.17,0.13,-0.51,0.14,0.66,-2.30,9.70,0.18,-0.41,0.32
0.87,-2.41,9.89,0.32,-0.41,0.45,0.61,-1.32,9.08,0.30,-0.42,0.19
1.92,-1.82,12.49,0.19,-0.09,0.42,0.80,-2.26,9.40,0.39,-0.17,0.49
0.90,-1.86,7.88,-0.18,0.43,-0.08,0.80,-2.26,9.40,0.39,-0.17,0.49
0.95,-0.87,10.48,-0.20,0.58,0.18,1.44,-1.18,9.34,-0.27,0.35,-0.09
0.90,-2.42,9.37,0.51,0.04,0.38,1.64,-1.47,9.76,0.24,0.37,0.32
0.14,-1.34,8.65,0.55,-0.22,0.38,0.46,-1.17,9.31,0.60,-0.09,0.39
1.26,-1.03,11.16,0.13,-0.28,0.36,0.46,-1.17,9.31,0.60,-0.09,0.39
0.68,-0.99,10.65,-0.09,-0.21,0.01,0.02,-0.81,9.04,0.14,-0.23,0.29
-0.41,-1.43,8.58,-0.01,0.07,-0.00,-0.22,-0.71,9.58,-0.04,0.03,0.00
0.15,-1.10,12.10,0.06,-0.07,-0.09,-0.14,-0.48,10.52,0.01,0.01,-0.08
0.72,-0.91,7.93,-0.04,-0.02,-0.25,-0.14,-0.48,10.52,0.01,0.01,-0.08
-1.17,-3.05,10.98,-0.08,0.07,-0.79,-0.39,-0.21,10.49,-0.37,0.14,-0.46
-0.33,-1.59,9.68,-0.17,0.11,-0.27,0.70,-0.13,9.56,-0.03,0.03,-0.53
-0.68,-1.81,8.03,0.10,-0.17,0.34,-0.60,-1.22,10.03,-0.05,-0.11,0.24
-0.81,-2.04,9.04,0.27,-0.15,0.26,-0.60,-1.22,10.03,-0.05,-0.11,0.24
-0.32,-1.34,9.63,-0.10,-0.07,0.01,-1.17,-1.44,10.77,0.13,-0.07,0.09
-0.53,-1.61,10.91,0.15,-0.14,0.02,0.11,-1.45,9.35,0.01,-0.09,0.02
-0.40,-1.06,7.98,0.22,-0.17,0.02,-0.76,-1.50,10.62,0.25,-0.12,0.04
-0.01,-0.84,11.55,0.05,-0.13,0.03,-0.76,-1.50,10.62,0.25,-0.12,0.04
-0.45,-1.48,8.36,0.10,-0.15,0.03,-0.66,-1.10,9.45,0.06,-0.07,0.03
-0.04,-0.38,10.66,0.17,-0.14,0.02,-0.66,-0.92,10.15,0.16,-0.10,0.03
0.03,-0.43,11.58,0.01,-0.04,0.00,-0.33,-0.47,9.60,0.06,-0.02,0.01
-0.52,-1.26,8.67,-0.02,-0.04,0.00,-0.33,-0.47,9.60,0.06,-0.02,0.01
-0.08,-0.90,9.86,-0.03,-0.05,-0.00,0.31,-0.52,10.23,-0.04,0.01,-0.01
-0.84,-1.17,8.46,-0.19,-0.00,0.00,-0.60,-0.86,9.48,-0.11,0.03,-0.01
-0.39,-1.53,8.87,0.01,-0.08,0.01,-0.87,-1.34,9.58,-0.05,0.01,0.00
-0.11,-1.18,11.43,-0.00,-0.11,0.01,-0.87,-1.34,9.58,-0.05,0.01,0.00
-0.46,-1.31,10.74,-0.03,-0.11,0.01,-0.76,-1.34,10.18,-0.01,-0.06,0.01
-0.57,-1.73,9.90,0.04,-0.13,0.02,-0.18,-0.94,10.31,-0.03,-0.06,0.01
-0.52,-1.70,8.52,0.01,-0.12,0.01,-0.06,-0.64,10.47,-0.02,-0.06,0.01
-0.27,-1.29,8.73,-0.00,-0.15,0.02,-0.06,-0.64,10.47,-0.02,-0.06,0.01
-0.15,-1.52,8.46,-0.09,-0.08,0.01,0.29,-0.81,9.68,-0.03,-0.09,0.01
-0.16,-1.45,12.08,-0.12,-0.12,0.02,-1.05,-1.37,10.63,-0.17,-0.05,0.00
-0.51,-1.59,8.45,0.03,-0.08,0.01,0.14,-1.65,9.71,-0.03,-0.02,0.01
-0.60,-1.59,9.10,0.06,-0.09,0.01,0.14,-1.65,9.71,-0.03,-0.02,0.01
-0.87,-1.93,8.70,0.10,-0.11,0.01,-0.99,-1.74,9.87,0.06,-0.02,0.01
-0.14,-1.76,11.90,0.00,-0.04,-0.00,0.10,-1.13,9.56,0.02,-0.00,-0.00
-0.36,-1.82,10.52,0.10,-0.07,-0.01,-1.25,-1.77,10.11,0.06,-0.01,-0.01
-0.34,-1.56,8.37,0.24,-0.11,0.03,-1.25,-1.77,10.11,0.06,-0.01,-0.01
-0.59,-1.76,7.56,0.14,-0.11,0.06,0.38,-0.50,9.23,0.22,-0.05,0.06
-0.11,-1.85,9.58,0.06,-0.09,0.01,0.39,-0.76,9.52,0.06,-0.05,0.03
-0.59,-1.36,8.10,0.32,-0.18,0.02,0.47,-0.77,9.42,0.24,-0.08,0.03
-0.56,-0.89,7.94,0.23,-0.15,0.03,0.47,-0.77,9.42,0.24,-0.08,0.03
-0.62,-0.98,9.39,0.02,-0.13,0.02,-0.95,-1.05,10.41,0.19,-0.07,0.04
-0.06,-0.73,11.77,0.04,-0.12,0.01,0.46,0.25,10.41,-0.01,-0.06,0.02
-0.65,-0.79,8.92,0.12,-0.18,0.01,0.47,0.48,10.16,0.11,-0.11,0.01
-0.32,-0.49,9.92,0.18,-0.15,-0.04,0.47,0.48,10.16,0.11,-0.11,0.01
0.11,-0.38,11.63,0.03,-0.08,0.00,-0.84,-0.38,9.56,0.16,-0.08,-0.04
0.21,-0.57,10.48,0.11,-0.07,-0.05,-0.60,-0.56,9.54,0.06,-0.03,-0.01
-0.24,-0.31,8.00,0.06,-0.06,-0.00,-0.34,-0.33,10.69,0.07,-0.02,-0.00
-0.22,-0.91,9.89,-0.08,0.01,0.01,-0.34,-0.33,10.69,0.07,-0.02,-0.00
-0.24,-0.62,8.18,0.10,-0.08,0.02,0.31,-0.15,9.99,-0.08,0.05,-0.00
-0.60,-1.19,8.23,-0.14,-0.05,0.00,0.36,-0.02,9.91,-0.11,0.02,-0.05
-0.69,-1.11,8.82,0.29,-0.16,0.00,0.06,-0.49,9.18,0.17,-0.08,0.01
-0.73,-0.23,9.18,0.05,-0.16,0.01,0.06,-0.49,9.18,0.17,-0.08,0.01
-0.18,-1.26,8.50,-0.03,-0.10,0.03,0.03,-0.01,10.38,0.01,-0.08,0.01
-0.66,-1.20,8.45,0.05,-0.13,0.02,-0.19,-0.41,9.33,0.01,-0.09,0.02
-0.69,-0.76,8.82,0.00,-0.09,0.02,-0.71,-0.17,9.65,0.01,-0.05,0.01
-0.52,-0.49,10.08,0.01,-0.08,0.02,-0.71,-0.17,9.65,0.01,-0.05,0.01
-0.20,-0.59,11.24,0.05,-0.10,0.01,0.40,0.32,10.24,0.00,-0.02,0.01
-0.63,-0.71,8.14,0.05,-0.09,-0.00,0.67,0.08,10.06,0.06,-0.03,0.01
-0.60,-0.80,8.77,0.05,-0.11,-0.01,-1.10,-0.56,10.04,0.02,-0.05,-0.00
-0.33,-0.38,10.30,0.13,-0.15,-0.01,-1.10,-0.56,10.04,0.02,-0.05,-0.00
-0.04,-0.14,11.63,-0.02,-0.11,0.01,0.66,0.32,10.02,0.11,-0.09,-0.01
-0.03,-0.21,12.13,-0.01,-0.08,-0.01,0.65,0.12,9.78,-0.04,-0.03,-0.01
-0.61,-0.60,9.20,0.00,-0.09,-0.00,0.21,0.07,9.46,0.00,-0.05,-0.01
-0.43,-0.49,10.15,0.01,-0.06,-0.01,0.21,0.07,9.46,0.00,-0.05,-0.01
-0.08,-0.41,11.42,-0.02,-0.06,0.01,0.44,-0.16,9.63,0.01,-0.01,-0.01
0.03,0.05,11.80,-0.08,-0.04,0.01,0.32,-0.13,9.33,-0.08,-0.00,0.01
-0.05,-0.41,11.39,0.01,-0.07,0.01,-0.57,-0.64,9.49,0.00,-0.02,0.01
-0.26,-0.53,10.31,0.03,-0.09,0.01,-0.57,-0.64,9.49,0.00,-0.02,0.01
-0.17,-0.54,10.60,0.06,-0.11,-0.00,0.51,0.22,10.07,0.03,-0.04,0.01
0.03,-0.48,11.34,0.05,-0.10,-0.01,0.43,-0.29,9.72,0.02,-0.04,-0.01
0.04,-0.42,11.89,-0.01,-0.09,-0.02,-0.05,-0.25,9.53,-0.01,-0.04,-0.02
0.05,-0.22,11.82,-0.05,-0.09,-0.01,-0.05,-0.25,9.53,-0.01,-0.04,-0.02
-0.12,-0.33,9.36,0.03,-0.10,-0.01,0.32,-0.64,9.59,-0.04,-0.04,-0.02
-0.41,-0.71,9.66,0.00,-0.10,-0.01,-0.73,-0.73,9.70,0.02,-0.05,-0.01
-0.24,-0.88,9.89,0.07,-0.11,-0.00,-1.00,-0.80,10.78,0.06,-0.06,0.00
-0.25,-0.85,9.92,-0.02,-0.07,-0.01,-1.00,-0.80,10.78,0.06,-0.06,0.00
-0.54,-0.58,9.22,0.07,-0.09,-0.00,0.14,-0.61,10.95,-0.00,-0.02,-0.02
-0.68,-1.19,8.86,0.03,-0.08,0.00,0.58,0.12,10.00,0.03,-0.03,-0.00
-0.17,-0.36,11.18,-0.06,-0.06,0.01,-0.34,-0.32,9.57,-0.04,-0.01,0.00
-0.14,-0.89,10.83,-0.04,-0.06,-0.00,-0.34,-0.32,9.57,-0.04,-0.01,0.00
-0.31,-0.38,11.32,0.04,-0.10,-0.00,0.44,0.45,9.73,-0.02,-0.02,-0.01
-0.14,-0.29,12.08,0.09,-0.12,-0.01,-0.58,-0.53,9.58,0.07,-0.06,-0.00
-0.16,-0.35,12.19,0.09,-0.14,-0.01,0.62,-0.10,9.88,0.10,-0.09,-0.00
-0.42,-0.58,7.77,0.14,-0.15,-0.01,0.62,-0.10,9.88,0.10,-0.09,-0.00
-0.13,-0.69,8.89,0.11,-0.13,-0.01,0.39,0.25,9.91,0.11,-0.09,-0.01
-0.27,-0.62,9.58,0.09,-0.10,-0.01,0.14,-0.48,9.55,0.10,-0.05,-0.01
-0.17,-0.25,10.53,0.02,-0.06,-0.00,-0.81,-0.64,10.55,0.04,-0.02,-0.00
-0.12,-0.02,11.47,-0.06,-0.05,0.01,-0.81,-0.64,10.55,0.04,-0.02,-0.00
-0.91,-0.98,8.89,-0.02,-0.08,0.03,-0.85,-0.00,10.31,-0.04,-0.00,0.01
-0.24,-1.05,8.50,0.06,-0.12,0.03,0.38,0.09,10.06,-0.04,-0.03,0.05
-0.17,-0.99,8.61,0.06,-0.13,0.01,-0.97,-0.27,10.48,0.08,-0.08,0.02
-0.15,-0.53,8.59,-0.02,-0.10,0.00,-0.97,-0.27,10.48,0.08,-0.08,0.02
0.09,-0.66,10.47,0.07,-0.10,-0.01,-0.23,-0.12,9.59,-0.01,-0.04,-0.01
-0.31,-0.52,9.16,0.10,-0.09,-0.01,-0.58,-0.39,10.93,0.09,-0.05,-0.01
-0.45,-1.17,8.03,0.04,-0.07,-0.00,-1.05,-0.68,10.24,0.03,-0.02,-0.01
-0.12,-0.44,7.94,0.01,-0.07,0.00,-1.05,-0.68,10.24,0.03,-0.02,-0.01
-0.47,-0.53,9.35,-0.02,-0.07,0.02,-0.70,-0.56,9.70,-0.00,-0.01,0.01
-0.15,-0.45,10.71,0.01,-0.09,0.01,-0.19,-0.25,10.53,-0.01,-0.03,0.02
-0.54,-0.76,8.87,-0.00,-0.10,0.02,0.56,-0.19,9.99,-0.01,-0.04,0.01
-0.36,-0.90,8.10,0.05,-0.10,0.02,0.56,-0.19,9.99,-0.01,-0.04,0.01
-0.01,-0.66,8.19,0.00,-0.10,0.02,-0.79,-0.45,9.71,0.02,-0.04,0.01
-0.21,-0.39,9.15,0.00,-0.09,0.06,-0.12,-0.04,10.55,-0.02,-0.03,0.02
-0.19,-0.06,11.11,-0.06,-0.07,0.14,-0.05,0.06,9.52,-0.05,-0.01,0.13
-0.72,-1.05,8.44,0.01,-0.10,0.00,-0.05,0.06,9.52,-0.05,-0.01,0.13
-0.25,-1.16,7.94,0.08,-0.13,-0.01,0.54,0.16,9.78,0.01,-0.05,-0.00
-0.18,-0.72,8.04,0.05,-0.13,-0.02,-0.94,-0.70,9.94,0.09,-0.07,-0.01
-0.27,-0.77,9.03,0.07,-0.13,-0.03,0.40,-0.32,9.68,0.06,-0.08,-0.03
-0.32,-0.54,10.86,0.04,-0.11,-0.03,0.40,-0.32,9.68,0.06,-0.08,-0.03
-0.69,-1.08,8.57,-0.05,-0.07,-0.03,0.47,0.07,9.60,0.03,-0.06,-0.03
-0.75,-1.26,7.87,0.03,-0.09,-0.00,-1.31,-1.21,10.16,-0.08,-0.01,-0.02
-0.41,-0.97,7.75,0.08,-0.09,0.00,-0.24,-0.26,10.37,0.05,-0.03,0.00
-0.17,-0.77,8.10,-0.03,-0.06,0.02,-0.24,-0.26,10.37,0.05,-0.03,0.00
-0.04,-0.94,8.92,-0.06,-0.06,0.02,0.47,0.23,9.66,-0.05,-0.00,0.01
0.05,-0.79,10.75,0.02,-0.08,0.02,-0.45,-0.55,9.49,0.01,-0.02,0.02
-0.18,-0.69,9.88,0.06,-0.09,0.00,-0.47,-0.40,10.63,0.03,-0.03,0.00
-0.51,-0.93,8.95,0.09,-0.10,-0.01,-0.47,-0.40,10.63,0.03,-0.03,0.00
-0.63,-1.04,8.22,0.08,-0.10,-0.01,-1.11,-0.78,9.97,0.08,-0.04,-0.01
-0.61,-0.94,7.95,0.07,-0.11,-0.02,0.30,-0.26,9.57,0.05,-0.05,-0.02
-0.18,-0.93,12.21,0.01,-0.11,-0.02,-1.11,-0.90,10.90,0.01,-0.06,-0.01
0.16,-0.59,12.06,0.02,-0.12,-0.03,-1.11,-0.90,10.90,0.01,-0.06,-0.01
-0.27,-0.71,11.09,0.08,-0.13,-0.03,-0.84,-0.72,10.21,0.03,-0.07,-0.03
-0.75,-0.94,8.79,0.07,-0.13,-0.02,-0.15,-0.25,10.35,0.07,-0.08,-0.03
-0.79,-1.37,8.00,0.02,-0.11,-0.01,0.24,-0.25,9.34,-0.02,-0.05,-0.02
-0.37,-0.77,8.25,0.02,-0.10,-0.00,0.24,-0.25,9.34,-0.02,-0.05,-0.02
0.06,-0.77,11.32,0.05,-0.08,-0.00,-1.08,-0.59,9.89,0.04,-0.04,-0.00
-0.40,-0.56,10.39,0.05,-0.06,-0.01,0.23,0.01,10.07,0.04,-0.02,-0.00
-0.68,-0.96,8.77,0.01,-0.05,0.00,-0.21,-0.11,9.50,-0.01,0.01,-0.01
-0.57,-0.88,8.21,0.00,-0.06,-0.01,-0.21,-0.11,9.50,-0.01,0.01,-0.01
-0.44,-0.58,8.11,0.02,-0.07,-0.01,0.40,0.17,9.98,-0.01,0.00,-0.02
-0.37,-0.27,10.68,0.00,-0.08,0.00,-0.99,-0.61,10.15,0.03,-0.02,-0.01
-0.83,-0.68,8.56,0.09,-0.12,-0.02,-0.35,-0.54,9.34,0.01,-0.05,-0.01
-0.34,-0.99,7.73,0.20,-0.17,-0.01,-0.35,-0.54,9.34,0.01,-0.05,-0.01
0.04,-0.58,8.62,0.08,-0.14,-0.02,-0.14,0.05,9.42,0.18,-0.11,-0.01
0.07,-0.64,11.04,0.01,-0.13,-0.02,-0.84,-0.36,10.81,0.02,-0.08,-0.02
-0.40,-0.88,9.05,0.07,-0.13,-0.02,0.62,-0.19,10.15,0.04,-0.07,-0.02
-0.20,-0.81,8.21,0.01,-0.09,-0.02,0.62,-0.19,10.15,0.04,-0.07,-0.02
-0.17,-0.74,9.06,-0.01,-0.06,-0.02,-0.89,-0.67,9.90,-0.02,-0.03,-0.02
-0.32,-0.34,10.48,0.04,-0.06,-0.02,0.17,0.20,10.06,-0.00,-0.01,-0.02
-0.14,0.27,11.18,0.00,-0.05,-0.01,-0.09,-0.20,9.28,-0.02,-0.00,0.00
-0.59,-1.01,8.09,0.11,-0.11,-0.01,-0.09,-0.20,9.28,-0.02,-0.00,0.00
-0.08,-0.66,7.98,0.09,-0.12,0.02,0.52,0.00,9.82,0.08,-0.05,-0.00
0.19,-0.37,9.58,-0.01,-0.13,0.12,-1.14,-0.61,10.02,0.04,-0.06,0.05
0.19,-0.00,11.19,0.07,-0.14,-0.01,-0.83,-0.63,9.60,0.07,-0.10,-0.00
0.04,-0.25,11.62,0.02,-0.13,-0.02,-0.83,-0.63,9.60,0.07,-0.10,-0.00
-0.04,-0.93,9.49,-0.06,-0.08,-0.02,-0.31,0.08,9.66,-0.01,-0.07,-0.02
0.11,-0.20,11.91,-0.01,-0.06,-0.03,0.02,0.18,10.50,-0.09,-0.01,-0.03
0.09,-0.08,12.10,0.05,-0.06,-0.03,0.12,-0.21,9.68,0.06,-0.01,-0.03
-0.30,-0.29,11.18,0.03,-0.05,-0.03,0.12,-0.21,9.68,0.06,-0.01,-0.03
-0.79,-0.82,8.09,0.05,-0.08,-0.02,-1.21,-0.86,10.57,0.02,0.01,-0.03
-0.08,-0.47,11.21,0.07,-0.10,-0.02,0.29,-0.11,9.42,0.04,-0.03,-0.03
-0.72,-1.10,8.28,0.07,-0.14,-0.01,-0.42,-0.25,10.58,0.07,-0.07,-0.01
-0.38,-0.50,8.02,0.07,-0.13,-0.01,-0.42,-0.25,10.58,0.07,-0.07,-0.01
-0.15,-0.31,10.79,-0.03,-0.09,0.04,-0.64,-0.09,10.64,0.03,-0.07,-0.00
-0.04,0.19,11.91,-0.00,-0.09,-0.01,0.23,0.09,9.62,-0.01,-0.04,-0.02
-0.17,-0.70,8.99,-0.03,-0.09,-0.01,0.21,0.32,9.86,-0.04,-0.03,-0.01
0.05,-0.45,11.43,-0.01,-0.07,-0.03,0.21,0.32,9.86,-0.04,-0.03,-0.01
0.06,-0.65,12.09,0.03,-0.09,-0.03,0.66,0.14,10.03,-0.01,-0.02,-0.03
-0.37,-0.50,9.48,0.05,-0.09,-0.02,-0.84,-0.43,10.74,0.03,-0.04,-0.02
-0.42,-0.95,8.11,0.05,-0.11,-0.02,0.31,0.04,9.56,0.02,-0.05,-0.02
-0.11,-0.69,11.46,0.06,-0.12,0.00,0.31,0.04,9.56,0.02,-0.05,-0.02
-0.44,-1.10,9.00,0.08,-0.11,0.00,-1.07,-0.57,10.30,0.07,-0.07,0.05
-0.31,-0.21,8.46,0.06,-0.11,-0.04,0.62,0.04,9.68,0.08,-0.07,-0.03
-0.03,0.07,11.53,-0.03,-0.08,-0.03,-0.70,-0.44,10.69,-0.02,-0.04,-0.04
-0.27,-0.46,11.51,0.01,-0.09,-0.04,-0.70,-0.44,10.69,-0.02,-0.04,-0.04
-0.65,-1.08,8.51,0.03,-0.10,-0.03,-0.53,-0.36,10.67,0.00,-0.04,-0.03
0.04,-0.47,12.67,-0.05,-0.06,-0.03,-0.71,-0.22,10.54,-0.02,-0.02,-0.04
-0.72,-0.44,9.27,0.09,-0.08,-0.04,-0.26,-0.31,9.34,0.03,-0.02,-0.04
-0.42,-0.60,7.84,0.05,-0.07,-0.04,-0.26,-0.31,9.34,0.03,-0.02,-0.04
-0.41,-0.74,9.53,-0.00,-0.07,-0.02,-0.07,0.04,9.66,0.01,-0.01,-0.04
-0.16,0.26,11.69,0.02,-0.08,0.03,-0.26,-0.21,10.90,0.01,-0.03,0.01
-0.62,-0.80,7.99,0.02,-0.11,-0.00,-0.63,-0.41,10.83,0.02,-0.04,-0.01
-0.15,-1.67,11.14,0.08,-0.14,-0.04,-0.63,-0.41,10.83,0.02,-0.04,-0.01
-0.01,0.17,11.28,0.05,-0.13,-0.01,-0.88,-0.36,10.91,0.19,-0.09,-0.02
-0.12,-0.59,10.49,0.07,-0.14,-0.02,0.67,0.08,9.66,0.12,-0.11,-0.00
-0.68,-0.85,8.30,0.26,-0.16,-0.10,-0.25,-0.07,10.77,0.19,-0.10,-0.13
0.01,0.09,11.50,0.22,-0.12,-0.06,-0.25,-0.07,10.77,0.19,-0.10,-0.13
-0.39,0.14,9.18,-0.04,-0.07,-0.20,-0.50,-0.06,10.91,0.20,-0.06,-0.06
-0.42,-0.84,8.21,0.05,-0.10,-0.04,-0.66,-0.09,10.65,-0.15,-0.02,-0.15
0.07,-0.46,9.72,0.00,-0.08,-0.05,0.28,0.42,9.24,0.03,-0.04,-0.05
0.03,0.23,11.22,-0.03,-0.06,-0.12,0.28,0.42,9.24,0.03,-0.04,-0.05
-0.30,-0.21,10.98,-0.12,-0.06,-0.18,-0.90,-0.66,10.39,-0.12,-0.01,-0.18
0.07,-0.69,10.27,-0.22,-0.07,-0.02,-0.16,-0.09,9.86,-0.22,-0.02,-0.03
-0.12,-0.57,12.47,-0.02,-0.11,-0.01,-0.16,-0.09,9.86,-0.22,-0.02,-0.03
-0.64,-0.27,9.42,0.34,-0.17,-0.01,-0.97,-0.75,9.89,0.09,-0.07,-0.01
0.12,0.30,12.20,0.18,-0.16,0.01,0.80,0.77,10.08,0.28,-0.11,0.01
-0.52,0.08,9.45,0.17,-0.15,-0.00,-0.25,0.09,10.92,0.12,-0.09,0.00
0.11,-0.03,8.15,0.18,-0.15,-0.01,-0.25,0.09,10.92,0.12,-0.09,0.00
0.20,0.52,9.99,0.19,-0.13,-0.02,-0.36,0.40,10.44,0.16,-0.09,-0.01
0.02,0.43,11.07,0.21,-0.11,-0.03,-0.31,0.55,9.36,0.22,-0.08,-0.02
-0.74,-0.10,9.97,0.12,-0.08,-0.02,-0.24,0.48,9.87,0.12,-0.03,-0.02
0.01,0.43,10.91,0.03,-0.07,-0.02,-0.24,0.48,9.87,0.12,-0.03,-0.02
-0.72,-0.05,8.57,0.06,-0.06,-0.01,-0.50,0.35,9.67,0.02,-0.01,-0.01
0.16,-0.13,8.09,0.04,-0.07,0.00,0.44,1.31,9.47,0.06,-0.01,-0.01
0.04,0.64,10.76,-0.07,-0.06,0.00,-0.82,0.28,9.90,-0.04,-0.01,0.00
-0.03,0.36,10.83,-0.04,-0.07,-0.00,-0.82,0.28,9.90,-0.04,-0.01,0.00
0.26,0.55,11.18,-0.04,-0.06,-0.01,0.87,0.97,9.68,-0.03,-0.01,-0.00
-0.15,0.38,11.13,-0.08,-0.10,0.00,-0.58,0.18,10.70,-0.02,-0.02,-0.01
-0.38,-0.24,9.36,0.00,-0.12,0.01,-0.19,0.79,9.82,-0.04,-0.05,-0.00
0.22,-0.18,10.53,-0.17,-0.10,-0.01,-0.19,0.79,9.82,-0.04,-0.05,-0.00
0.21,-0.13,12.58,-0.15,-0.11,0.00,-0.31,0.38,10.02,-0.18,-0.05,-0.02
0.32,-0.56,10.83,0.15,-0.12,-0.01,0.80,0.16,10.00,-0.06,-0.06,-0.01
0.02,0.29,12.15,0.18,-0.13,-0.00,0.63,1.02,10.15,0.21,-0.09,0.00
-0.53,0.31,9.28,0.07,-0.11,-0.00,0.63,1.02,10.15,0.21,-0.09,0.00
0.23,0.16,8.82,0.03,-0.12,-0.02,0.60,0.89,9.95,0.03,-0.05,-0.00
0.12,0.58,11.14,0.01,-0.09,-0.01,0.22,0.38,10.41,-0.03,-0.08,0.01
0.48,0.10,8.53,-0.29,-0.06,-0.06,-0.28,0.96,9.45,-0.11,-0.02,-0.04
0.02,0.01,12.07,-0.21,-0.01,-0.33,-0.28,0.96,9.45,-0.11,-0.02,-0.04
-0.54,-0.37,9.46,0.21,-0.11,-0.02,0.39,-0.12,9.88,-0.07,-0.03,-0.27
-0.19,-0.76,7.72,0.09,-0.08,-0.01,-0.89,-0.26,10.16,0.05,-0.04,0.00
0.05,-0.37,10.39,0.04,-0.07,-0.00,0.56,-0.37,9.12,0.01,-0.01,-0.01
0.02,-0.72,7.98,0.10,-0.11,0.01,0.56,-0.37,9.12,0.01,-0.01,-0.01
0.12,-0.02,11.32,-0.13,-0.07,0.02,0.23,0.24,9.20,0.09,-0.05,0.00
-0.20,-0.11,11.34,-0.13,-0.13,0.06,-0.14,0.04,10.53,-0.06,-0.04,0.02
0.02,-0.70,8.68,-0.14,-0.02,-0.02,0.67,-0.04,10.30,-0.25,-0.02,-0.01
0.15,0.44,9.55,0.02,-0.12,-1.21,0.67,-0.04,10.30,-0.25,-0.02,-0.01
0.48,2.03,7.33,0.24,-0.18,-2.13,0.49,0.63,13.13,-0.01,-0.16,-1.44
0.71,1.91,11.93,0.76,-0.35,-2.30,0.66,2.78,9.91,0.68,-0.26,-2.10
0.34,1.46,9.13,0.92,0.08,-2.62,-0.03,2.20,9.91,0.91,-0.06,-2.66
0.22,0.79,7.93,0.58,0.12,-2.09,-0.03,2.20,9.91,0.91,-0.06,-2.66
0.19,1.29,8.60,0.42,0.05,-1.59,1.21,1.65,8.99,0.54,0.09,-2.06
0.05,1.12,7.29,0.15,-0.06,-1.47,-0.85,0.58,9.20,0.34,0.05,-1.27
0.10,1.69,11.42,-0.32,-0.31,-1.47,-0.10,1.38,9.39,-0.27,-0.30,-1.59
-0.42,0.53,9.35,-0.21,-0.31,-0.52,-0.10,1.38,9.39,-0.27,-0.30,-1.59
-0.21,0.42,8.23,0.14,-0.26,-0.23,-0.66,0.35,9.33,-0.19,-0.26,-0.46
-1.07,0.90,10.25,-0.08,-0.36,-0.14,0.55,1.50,11.75,0.07,-0.24,-0.10
-1.36,0.72,9.29,-0.14,-0.21,-0.00,-0.60,1.94,10.10,-0.13,-0.16,-0.06
-1.16,1.68,11.87,0.26,-0.20,-0.14,-0.60,1.94,10.10,-0.13,-0.16,-0.06
-1.84,0.64,9.85,-0.02,0.36,0.09,-1.28,1.43,10.07,0.25,-0.08,-0.08
-1.42,0.77,8.78,0.18,0.44,-0.11,-1.42,1.01,9.70,-0.14,0.51,0.11
-1.47,1.11,9.96,0.19,0.31,0.14,-1.80,1.02,9.30,0.21,0.38,0.06
-1.69,1.31,8.97,0.19,0.22,0.12,-1.80,1.02,9.30,0.21,0.38,0.06
-1.77,2.01,10.76,-0.29,0.08,-0.00,-1.74,1.98,10.02,0.04,0.18,0.12
-2.32,1.47,9.91,-0.16,0.01,-0.25,-2.72,1.60,10.00,-0.24,0.04,-0.09
-2.43,0.90,8.65,-0.03,0.15,-0.37,-2.55,1.37,9.10,-0.12,0.14,-0.34
-2.41,1.20,10.72,0.24,0.11,-0.37,-2.55,1.37,9.10,-0.12,0.14,-0.34
-2.79,1.36,10.46,0.73,-0.10,-0.14,-2.98,1.17,9.79,0.36,0.13,-0.36
-2.79,1.69,10.73,0.41,-0.25,0.07,-2.48,2.10,10.08,0.70,-0.12,-0.01
-2.74,1.35,9.58,0.04,-0.32,-0.11,-2.68,1.82,9.54,0.12,-0.25,-0.07
-2.68,1.27,8.80,-0.15,-0.26,-0.34,-2.68,1.82,9.54,0.12,-0.25,-0.07
-2.33,1.17,10.32,-0.10,-0.27,-0.22,-2.76,1.70,9.16,-0.15,-0.23,-0.35
-2.32,0.93,9.77,-0.11,-0.21,-0.13,-2.09,1.29,9.54,-0.09,-0.16,-0.22
-2.05,0.96,10.46,-0.23,-0.32,-0.06,-2.56,1.06,9.90,-0.24,-0.21,-0.07
-1.98,0.87,9.44,0.03,-0.47,-0.06,-2.56,1.06,9.90,-0.24,-0.21,-0.07
-1.55,1.28,8.39,-0.14,-0.60,0.39,-1.53,1.44,8.93,0.05,-0.41,-0.02
-1.11,0.83,10.47,-0.31,0.03,0.29,-1.12,1.36,9.69,-0.34,-0.21,0.44
-1.43,0.57,9.64,0.05,0.14,0.10,-1.77,0.70,9.69,-0.02,0.16,0.14
-1.21,0.85,11.01,0.20,0.16,-0.16,-1.77,0.70,9.69,-0.02,0.16,0.14
-1.45,0.63,9.56,0.32,-0.05,-0.37,-1.72,0.85,10.61,0.17,0.21,-0.18
-1.65,0.55,9.95,0.42,-0.52,-0.46,-1.83,1.05,10.08,0.36,-0.15,-0.48
-0.86,1.59,10.95,0.60,-0.74,-0.20,-1.20,1.37,10.44,0.57,-0.65,-0.27
-1.11,1.31,8.76,0.69,-0.38,0.24,-1.20,1.37,10.44,0.57,-0.65,-0.27
-1.01,1.89,8.68,0.25,-0.00,0.54,-0.70,1.99,10.28,0.62,-0.21,0.40
-0.66,1.81,9.70,-0.03,-0.04,0.01,-1.44,2.05,9.35,0.07,0.03,0.43
-0.94,1.91,8.91,-0.22,-0.05,-0.34,-1.08,2.30,10.13,-0.18,0.00,-0.30
-0.70,1.88,10.74,-0.29,-0.13,-0.34,-1.08,2.30,10.13,-0.18,0.00,-0.30
-0.84,1.47,9.17,-0.22,-0.17,-0.17,-0.86,2.13,9.59,-0.28,-0.10,-0.32
-0.54,1.18,10.01,-0.10,-0.09,0.07,-0.22,1.80,9.53,-0.18,-0.07,-0.06
-0.86,1.06,9.03,-0.08,0.08,0.19,-0.51,1.52,9.69,-0.07,0.10,0.16
-0.65,1.06,10.80,-0.22,-0.01,0.30,-0.51,1.52,9.69,-0.07,0.10,0.16
-1.04,0.91,9.51,-0.05,-0.10,-0.02,-0.55,1.42,9.68,-0.23,0.02,0.28
-0.97,0.94,8.96,-0.23,-0.25,-0.01,-0.94,1.37,10.41,-0.09,-0.15,-0.05
-0.73,0.54,9.87,-0.32,-0.33,-0.03,-1.08,0.83,10.09,-0.31,-0.27,-0.02
-0.53,0.40,9.02,-0.25,-0.31,-0.13,-1.08,0.83,10.09,-0.31,-0.27,-0.02
-0.29,0.38,9.92,-0.01,-0.21,-0.16,-0.53,0.63,10.33,-0.23,-0.25,-0.14
0.02,0.51,11.13,0.18,-0.19,0.02,0.04,0.89,9.78,0.08,-0.15,-0.06
-0.11,0.58,10.82,0.29,-0.20,0.02,-0.05,0.85,9.76,0.27,-0.13,0.05
-0.32,0.49,9.46,0.18,-0.17,-0.00,-0.05,0.85,9.76,0.27,-0.13,0.05
-0.07,0.63,10.26,0.13,-0.02,-0.13,0.28,1.16,10.09,0.14,-0.11,-0.01
-0.14,0.59,10.38,0.18,0.09,-0.27,-0.46,0.76,10.11,0.13,0.11,-0.20
-0.51,0.80,8.55,0.26,0.07,-0.33,-0.25,1.23,9.47,0.23,0.11,-0.31
-0.63,1.06,9.24,0.28,0.01,-0.43,-0.25,1.23,9.47,0.23,0.11,-0.31
-0.53,1.54,10.07,0.12,-0.32,-0.21,-0.46,1.76,10.33,0.25,0.02,-0.43
-0.40,1.33,9.93,0.04,-0.35,-0.32,-0.48,1.73,9.96,0.06,-0.30,-0.25
-0.17,1.28,10.35,-0.01,-0.20,-0.49,-0.07,1.67,10.37,0.00,-0.19,-0.49
-0.10,0.75,10.21,-0.11,-0.13,-0.22,-0.07,1.67,10.37,0.00,-0.19,-0.49
-0.20,0.58,8.90,-0.17,0.02,0.20,-0.63,0.43,8.58,-0.08,-0.09,-0.14
0.06,0.68,9.17,-0.08,0.07,0.59,-0.06,0.75,9.73,-0.14,0.12,0.45
0.14,0.81,9.93,-0.00,0.05,0.24,-0.20,1.08,9.78,-0.02,0.12,0.38
0.06,1.14,9.84,-0.10,-0.07,0.04,-0.20,1.08,9.78,-0.02,0.12,0.38
-0.13,1.24,10.25,-0.10,-0.21,-0.24,-0.00,1.62,10.17,-0.13,-0.05,0.00
-0.12,0.86,10.50,0.09,-0.51,-0.26,-0.38,1.37,10.27,0.03,-0.37,-0.28
-0.02,0.78,9.54,0.13,-0.56,-0.22,-0.03,1.24,9.48,0.13,-0.50,-0.21
0.57,0.86,9.60,0.30,-0.53,-0.28,-0.03,1.24,9.48,0.13,-0.50,-0.21
0.92,0.96,9.84,0.45,-0.46,-0.34,0.58,1.29,9.70,0.32,-0.46,-0.26
1.26,1.61,9.54,0.50,-0.39,-0.40,1.02,1.90,9.54,0.47,-0.37,-0.34
1.36,2.14,9.30,0.42,-0.36,-0.45,1.37,2.50,9.27,0.44,-0.31,-0.42
1.42,2.52,9.27,0.26,-0.33,-0.47,1.37,2.50,9.27,0.44,-0.31,-0.42
1.55,2.80,9.07,0.08,-0.27,-0.46,1.56,2.88,9.24,0.22,-0.28,-0.46
1.65,2.86,9.00,-0.06,-0.21,-0.48,1.65,3.08,9.25,0.01,-0.20,-0.46
1.41,2.72,9.30,-0.14,-0.14,-0.50,1.35,3.18,9.14,-0.14,-0.13,-0.50
1.32,2.52,9.39,-0.16,-0.10,-0.52,1.35,3.18,9.14,-0.14,-0.13,-0.50
1.16,2.82,9.51,-0.12,-0.08,-0.54,1.37,2.88,9.26,-0.17,-0.06,-0.54
1.04,2.62,9.65,-0.04,-0.04,-0.51,1.12,2.66,9.32,-0.11,-0.03,-0.53
0.86,2.52,9.54,0.00,0.02,-0.53,0.81,2.99,9.71,-0.01,0.04,-0.53
0.79,2.52,9.43,0.08,0.01,-0.54,0.81,2.99,9.71,-0.01,0.04,-0.53
0.44,2.52,9.49,0.11,-0.00,-0.55,0.53,2.69,9.07,0.06,0.05,-0.55
0.32,2.60,9.57,0.08,-0.05,-0.53,0.54,2.92,9.32,0.09,0.01,-0.54
0.22,2.53,9.54,0.03,-0.12,-0.53,0.08,2.81,9.27,0.03,-0.06,-0.53
-0.15,2.71,9.51,0.01,-0.18,-0.51,0.08,2.81,9.27,0.03,-0.06,-0.53
-0.06,2.49,9.37,-0.01,-0.25,-0.54,0.13,2.96,9.61,0.00,-0.16,-0.52
0.05,2.71,9.41,-0.00,-0.31,-0.57,0.27,2.73,9.52,-0.02,-0.25,-0.55
0.05,2.20,9.60,0.01,-0.34,-0.63,0.10,2.66,9.26,-0.01,-0.30,-0.61
0.10,2.35,9.51,0.03,-0.36,-0.67,0.10,2.66,9.26,-0.01,-0.30,-0.61
0.43,2.53,9.46,0.01,-0.35,-0.68,-0.12,2.99,9.44,0.01,-0.32,-0.66
0.26,2.39,9.61,-0.02,-0.33,-0.69,0.17,2.79,9.81,-0.01,-0.31,-0.67
0.47,2.18,9.60,-0.03,-0.32,-0.70,0.72,2.64,9.56,-0.04,-0.29,-0.70
0.24,2.42,9.89,-0.05,-0.32,-0.69,0.72,2.64,9.56,-0.04,-0.29,-0.70
0.40,2.28,9.81,-0.07,-0.32,-0.69,0.36,2.59,9.82,-0.05,-0.30,-0.69
0.35,2.27,9.58,-0.05,-0.35,-0.73,0.42,2.76,9.58,-0.07,-0.30,-0.70
0.61,1.91,9.77,-0.01,-0.36,-0.78,0.81,2.39,9.59,-0.03,-0.33,-0.77
0.56,2.29,9.61,0.04,-0.34,-0.76,0.81,2.39,9.59,-0.03,-0.33,-0.77
0.74,2.35,9.63,0.08,-0.35,-0.78,0.74,2.56,9.51,0.04,-0.30,-0.76
0.64,2.16,9.60,0.09,-0.36,-0.78,0.43,2.73,9.46,0.08,-0.33,-0.77
0.77,2.52,9.66,0.08,-0.37,-0.76,0.74,2.73,9.77,0.08,-0.34,-0.75
0.93,2.46,9.63,0.08,-0.36,-0.74,0.74,2.73,9.77,0.08,-0.34,-0.75
0.82,2.64,9.55,0.05,-0.38,-0.70,0.77,2.90,9.63,0.07,-0.33,-0.72
1.02,2.60,9.70,-0.00,-0.40,-0.70,0.70,3.01,9.76,0.01,-0.36,-0.68
1.07,2.60,9.40,-0.02,-0.38,-0.72,0.89,2.91,9.54,-0.02,-0.36,-0.70
1.05,2.57,9.52,-0.05,-0.34,-0.74,0.89,2.91,9.54,-0.02,-0.36,-0.70
1.21,2.58,9.68,-0.09,-0.32,-0.72,1.10,3.00,9.79,-0.05,-0.32,-0.73
1.07,2.69,9.36,-0.06,-0.27,-0.74,1.28,3.11,9.54,-0.09,-0.27,-0.73
1.10,2.40,9.54,-0.04,-0.24,-0.75,1.31,2.74,9.55,-0.04,-0.22,-0.75
0.97,2.51,9.51,0.01,-0.26,-0.74,1.31,2.74,9.55,-0.04,-0.22,-0.75
1.03,2.57,9.39,0.05,-0.31,-0.74,1.20,2.80,9.50,0.01,-0.24,-0.74
0.93,2.67,9.60,0.08,-0.33,-0.76,1.20,2.87,9.40,0.05,-0.29,-0.74
0.94,2.84,9.42,0.07,-0.34,-0.77,1.09,3.25,9.46,0.06,-0.30,-0.77
1.15,2.81,9.41,0.04,-0.37,-0.76,1.09,3.25,9.46,0.06,-0.30,-0.77
0.93,2.88,9.64,0.01,-0.40,-0.74,1.17,3.21,9.48,0.02,-0.35,-0.75
1.15,2.86,9.45,-0.01,-0.42,-0.72,1.10,3.31,9.27,-0.02,-0.37,-0.72
1.13,3.00,9.52,-0.07,-0.43,-0.74,1.00,3.26,9.42,-0.06,-0.40,-0.72
1.03,2.89,9.55,-0.09,-0.45,-0.78,1.00,3.26,9.42,-0.06,-0.40,-0.72
1.44,2.84,9.26,-0.06,-0.48,-0.83,1.23,3.21,9.68,-0.09,-0.43,-0.78
1.54,2.83,9.24,-0.02,-0.47,-0.88,1.30,3.25,9.38,-0.03,-0.46,-0.85
1.43,2.83,9.25,-0.10,-0.34,-0.91,1.32,3.28,9.31,-0.09,-0.34,-0.90
1.43,2.85,9.23,-0.13,-0.29,-0.94,1.32,3.28,9.31,-0.09,-0.34,-0.90
1.22,2.81,9.52,-0.10,-0.29,-0.95,1.27,3.27,9.23,-0.15,-0.26,-0.94
0.97,2.88,9.57,-0.08,-0.30,-0.96,1.20,3.14,9.38,-0.10,-0.28,-0.96
1.01,2.83,9.41,-0.04,-0.32,-0.97,1.26,3.13,9.33,-0.05,-0.30,-0.97
0.88,2.86,9.56,-0.03,-0.31,-0.97,1.26,3.13,9.33,-0.05,-0.30,-0.97
0.71,2.90,9.45,-0.05,-0.30,-0.95,0.93,3.14,9.39,-0.04,-0.28,-0.97
0.81,2.77,9.39,-0.08,-0.31,-0.96,0.83,3.26,9.46,-0.07,-0.29,-0.95
0.66,2.65,9.58,-0.08,-0.33,-0.95,0.87,3.09,9.42,-0.10,-0.31,-0.95
0.53,2.85,9.55,-0.03,-0.39,-0.95,0.87,3.09,9.42,-0.10,-0.31,-0.95
0.62,2.64,9.49,0.03,-0.44,-0.97,0.67,3.24,9.45,-0.03,-0.39,-0.95
0.68,2.84,9.55,0.03,-0.44,-0.98,0.85,3.01,9.32,0.01,-0.42,-0.97
0.62,2.92,9.60,-0.03,-0.43,-0.97,0.48,3.30,9.62,-0.02,-0.41,-0.97
0.72,2.65,9.43,-0.08,-0.42,-0.96,0.48,3.30,9.62,-0.02,-0.41,-0.97
0.86,2.65,9.37,-0.08,-0.43,-0.95,0.53,3.21,9.42,-0.09,-0.40,-0.95
0.73,2.57,9.40,-0.04,-0.40,-0.98,0.68,3.09,9.73,-0.06,-0.39,-0.95
0.96,2.68,9.47,-0.01,-0.38,-1.00,0.80,3.10,9.54,-0.04,-0.36,-0.99
0.75,2.89,9.61,0.04,-0.37,-1.00,0.80,3.10,9.54,-0.04,-0.36,-0.99
0.56,2.81,9.65,0.09,-0.38,-0.99,0.91,3.12,9.65,0.04,-0.35,-0.99
0.73,2.85,9.52,0.09,-0.41,-0.96,0.90,3.13,9.31,0.08,-0.38,-0.97
0.72,3.10,9.53,0.11,-0.43,-0.96,0.59,3.52,9.74,0.09,-0.40,-0.95
0.87,3.17,9.51,0.13,-0.46,-1.00,0.59,3.52,9.74,0.09,-0.40,-0.95
0.78,3.27,9.69,0.09,-0.47,-1.02,0.67,3.73,9.35,0.11,-0.43,-0.98
0.51,3.29,9.37,0.01,-0.46,-1.00,0.70,3.65,9.30,0.05,-0.45,-1.01
0.58,3.23,9.21,-0.05,-0.44,-0.98,0.75,3.60,9.10,-0.04,-0.42,-0.98
0.78,3.19,9.31,-0.10,-0.42,-0.99,0.75,3.60,9.10,-0.04,-0.42,-0.98
0.53,3.00,9.83,-0.22,-0.40,-1.00,0.73,3.49,9.44,-0.12,-0.39,-0.98
-0.48,5.18,11.06,-1.09,0.24,-1.11,-1.27,3.91,16.68,-0.54,-0.15,-1.11
-0.33,0.29,9.59,-0.54,0.15,-0.47,-0.81,0.84,10.58,-0.52,0.23,-0.35
-0.77,1.14,9.81,-0.24,-0.12,-0.59,-0.81,0.84,10.58,-0.52,0.23,-0.35
-0.69,0.90,9.85,-0.13,-0.20,-0.58,-0.71,1.43,9.60,-0.22,-0.12,-0.60
-0.66,0.91,9.99,-0.11,-0.17,-0.45,-0.48,1.13,10.09,-0.12,-0.17,-0.55
-0.70,0.76,9.99,-0.02,-0.09,-0.16,-0.61,1.09,10.12,-0.06,-0.06,-0.24
-0.70,0.78,9.92,0.08,-0.09,-0.00,-0.61,1.09,10.12,-0.06,-0.06,-0.24
-0.75,0.90,10.01,0.12,-0.10,0.02,-0.39,0.95,9.87,0.08,-0.04,0.01
-0.66,1.05,9.95,0.11,-0.11,0.00,-0.56,1.27,9.82,0.10,-0.05,0.01
-0.63,0.91,9.81,0.07,-0.10,0.00,-0.66,1.21,9.90,0.07,-0.05,0.00
-0.63,0.87,9.88,0.04,-0.09,0.00,-0.66,1.21,9.90,0.07,-0.05,0.00
-0.61,0.86,9.90,0.02,-0.09,0.00,-0.68,1.46,10.05,0.03,-0.04,-0.00
-0.61,0.81,9.87,0.00,-0.09,0.00,-0.76,1.35,9.76,-0.00,-0.04,0.00
-0.58,0.75,9.95,-0.00,-0.09,0.00,-0.69,1.40,9.92,-0.01,-0.04,-0.00
-0.61,1.04,9.87,0.01,-0.10,0.00,-0.69,1.40,9.92,-0.01,-0.04,-0.00
-0.69,1.01,9.98,0.03,-0.10,0.00,-0.64,1.10,9.91,0.00,-0.04,-0.00
-0.68,1.05,10.01,0.05,-0.10,0.00,-0.46,1.30,9.85,0.03,-0.04,-0.00
-0.69,1.03,10.01,0.05,-0.10,0.00,-0.61,1.40,10.09,0.04,-0.04,-0.00
-0.62,1.05,9.98,0.04,-0.10,-0.00,-0.61,1.40,10.09,0.04,-0.04,-0.00
-0.70,0.86,9.92,0.04,-0.10,0.00,-0.37,1.41,10.05,0.02,-0.05,-0.01
-0.68,0.79,9.95,0.04,-0.10,-0.00,-0.71,1.34,9.84,0.02,-0.04,-0.00
-0.57,0.83,9.89,0.03,-0.10,-0.00,-0.44,1.10,9.88,0.02,-0.05,-0.00
-0.51,0.86,9.83,0.03,-0.10,-0.00,-0.44,1.10,9.88,0.02,-0.05,-0.00
-0.60,0.86,9.81,0.03,-0.10,-0.00,-0.72,1.44,9.95,0.02,-0.05,0.00
-0.46,0.93,9.84,0.04,-0.09,-0.00,-0.55,1.27,9.85,0.02,-0.04,-0.00
-0.46,0.99,9.80,0.03,-0.10,-0.00,-0.58,1.39,9.89,0.02,-0.05,-0.00
-0.46,0.96,9.82,0.02,-0.10,-0.00,-0.58,1.39,9.89,0.02,-0.05,-0.00
-0.53,0.95,9.79,0.03,-0.10,0.00,-0.59,1.11,9.73,0.01,-0.04,-0.00
-0.58,0.93,9.81,0.03,-0.10,0.00,-0.38,1.17,9.86,0.02,-0.05,-0.00
-0.59,1.04,9.92,0.03,-0.09,0.00,-0.76,1.38,9.99,0.02,-0.04,0.00
-0.60,1.10,9.89,0.04,-0.10,-0.00,-0.76,1.38,9.99,0.02,-0.04,0.00
-0.63,1.09,9.87,0.03,-0.10,-0.00,-0.57,1.42,9.83,0.03,-0.05,0.00
-0.75,1.08,9.91,0.03,-0.09,0.00,-0.65,1.36,10.03,0.03,-0.04,-0.00
-0.72,1.08,10.05,0.03,-0.10,0.00,-0.77,1.17,9.86,0.01,-0.05,0.00
-0.69,1.06,9.77,0.04,-0.09,-0.00,-0.77,1.17,9.86,0.01,-0.05,0.00
-0.56,0.78,9.84,0.03,-0.10,0.00,-0.72,1.34,10.12,0.03,-0.04,0.00
-0.62,0.79,9.87,0.03,-0.09,0.00,-0.79,1.42,9.96,0.03,-0.04,0.00
-0.65,0.72,9.92,0.03,-0.10,0.00,-0.60,1.26,9.82,0.02,-0.04,0.00
-0.58,0.70,9.89,0.03,-0.10,-0.00,-0.60,1.26,9.82,0.02,-0.04,0.00
-0.51,0.71,9.80,0.03,-0.10,-0.00,-0.73,1.11,9.92,0.02,-0.04,0.00
-0.61,0.94,9.99,0.04,-0.09,0.00,-0.60,1.09,9.70,0.02,-0.04,0.00
-0.53,0.97,9.94,0.04,-0.10,0.00,-0.40,1.24,9.74,0.02,-0.04,-0.00
-0.46,0.98,9.86,0.03,-0.10,-0.00,-0.40,1.24,9.74,0.02,-0.04,-0.00
-0.49,1.00,9.85,0.03,-0.10,-0.00,-0.42,1.20,9.93,0.02,-0.04,-0.00
-0.57,0.98,9.88,0.03,-0.10,0.00,-0.75,1.38,10.07,0.02,-0.04,0.00
-0.58,1.05,9.91,0.03,-0.10,-0.00,-0.70,1.46,9.91,0.02,-0.04,0.00
-0.63,1.08,9.91,0.03,-0.10,-0.00,-0.70,1.46,9.91,0.02,-0.04,0.00
-0.73,1.06,9.97,0.04,-0.10,0.00,-0.64,1.16,9.87,0.02,-0.04,0.00
-0.72,1.02,10.01,0.04,-0.10,0.00,-0.63,1.38,9.81,0.02,-0.04,0.00
-0.63,1.03,9.92,0.04,-0.10,-0.00,-0.70,1.07,9.95,0.02,-0.04,0.00
-0.66,0.75,9.94,0.03,-0.10,0.00,-0.70,1.07,9.95,0.02,-0.04,0.00
-0.64,0.72,9.92,0.03,-0.10,0.00,-0.67,1.37,10.06,0.02,-0.05,0.00
-0.61,0.76,9.90,0.03,-0.10,-0.00,-0.81,1.34,9.91,0.02,-0.04,0.00
-0.55,0.86,9.89,0.03,-0.10,-0.00,-0.53,1.14,9.82,0.02,-0.04,-0.00
-0.59,0.92,9.88,0.03,-0.10,-0.00,-0.53,1.14,9.82,0.02,-0.04,-0.00
-0.45,0.75,9.91,0.03,-0.10,0.00,-0.53,1.15,9.97,0.02,-0.05,-0.00
-0.41,0.77,9.85,0.03,-0.10,-0.00,-0.65,1.04,9.92,0.02,-0.04,0.00
-0.45,0.78,9.79,0.03,-0.10,-0.00,-0.49,1.17,9.79,0.02,-0.04,-0.00
-0.53,0.76,9.84,0.03,-0.10,-0.00,-0.49,1.17,9.79,0.02,-0.04,-0.00
-0.59,0.70,9.87,0.03,-0.10,0.00,-0.82,1.27,9.88,0.02,-0.04,0.00
-0.59,1.05,9.90,0.03,-0.10,0.00,-0.57,1.10,9.72,0.01,-0.05,-0.00
-0.61,0.95,9.98,0.04,-0.10,0.00,-0.73,1.36,10.12,0.02,-0.04,0.00
-0.47,0.93,9.87,0.04,-0.10,0.00,-0.73,1.36,10.12,0.02,-0.04,0.00
-0.45,0.91,9.83,0.03,-0.10,-0.00,-0.36,1.03,9.83,0.02,-0.05,-0.00
-0.54,0.78,9.92,0.03,-0.09,0.00,-0.41,1.10,9.92,0.02,-0.04,-0.00
-0.59,1.07,9.91,0.04,-0.09,-0.00,-0.56,1.22,10.04,0.03,-0.04,0.00
-0.67,1.03,9.96,0.04,-0.09,0.00,-0.56,1.22,10.04,0.03,-0.04,0.00
-0.57,0.96,9.98,0.03,-0.10,0.00,-0.66,1.16,9.94,0.03,-0.04,0.00
-0.46,0.92,9.88,0.04,-0.10,-0.00,-0.56,1.32,9.85,0.02,-0.04,-0.00
-0.46,0.88,9.85,0.03,-0.10,-0.00,-0.49,1.39,9.94,0.03,-0.04,-0.00
-0.57,1.04,9.96,0.03,-0.09,0.00,-0.49,1.39,9.94,0.03,-0.04,-0.00
-0.53,1.09,9.89,0.04,-0.10,-0.00,-0.70,1.08,9.77,0.02,-0.04,-0.00
-0.58,1.05,9.89,0.03,-0.10,-0.00,-0.45,1.05,9.71,0.02,-0.05,-0.00
-0.62,0.93,9.92,0.04,-0.10,0.00,-0.77,1.41,10.03,0.02,-0.04,0.00
-0.49,0.83,9.92,0.03,-0.10,0.00,-0.77,1.41,10.03,0.02,-0.04,0.00
-0.44,0.81,9.97,0.04,-0.09,-0.01,-0.50,1.01,9.93,0.02,-0.04,0.00
-0.67,1.02,9.99,0.04,-0.11,0.00,-0.67,1.19,9.87,0.02,-0.04,0.00
-0.53,1.02,9.91,0.03,-0.11,-0.00,-0.57,1.36,9.85,0.01,-0.05,0.00
-0.50,1.04,9.87,0.03,-0.11,-0.00,-0.57,1.36,9.85,0.01,-0.05,0.00
-0.58,0.99,9.90,0.03,-0.10,0.00,-0.39,1.26,9.88,0.02,-0.05,-0.00
-0.56,0.87,9.97,0.04,-0.10,0.00,-0.52,1.33,10.05,0.03,-0.05,-0.00
-0.65,1.05,9.93,0.03,-0.10,0.00,-0.71,1.36,10.07,0.02,-0.05,0.00
-0.68,1.03,10.01,0.03,-0.10,0.00,-0.71,1.36,10.07,0.02,-0.05,0.00
-0.56,1.01,9.98,0.04,-0.10,-0.00,-0.42,1.02,9.86,0.02,-0.05,-0.00
-0.49,1.02,9.90,0.03,-0.10,-0.00,-0.62,1.41,9.93,0.02,-0.05,-0.00
-0.53,0.96,9.87,0.03,-0.10,-0.00,-0.51,1.29,9.95,0.02,-0.05,-0.00
-0.60,1.04,9.90,0.03,-0.10,-0.00,-0.51,1.29,9.95,0.02,-0.05,-0.00
-0.67,1.06,9.91,0.03,-0.10,-0.00,-0.59,1.15,9.81,0.02,-0.04,0.00
-0.67,1.01,10.00,0.03,-0.10,0.00,-0.48,1.30,9.85,0.02,-0.05,-0.00
-0.52,0.98,9.94,0.04,-0.10,-0.00,-0.45,1.35,9.92,0.02,-0.05,-0.00
-0.47,1.01,9.87,0.03,-0.10,-0.00,-0.45,1.35,9.92,0.02,-0.05,-0.00
-0.59,0.95,9.91,0.03,-0.10,-0.00,-0.42,1.28,10.00,0.03,-0.05,-0.00
-0.60,1.02,9.88,0.03,-0.10,-0.00,-0.60,1.33,10.02,0.03,-0.04,-0.00
-0.70,1.04,9.95,0.03,-0.10,0.00,-0.77,1.29,10.00,0.02,-0.04,0.00
-0.62,0.98,10.00,0.04,-0.10,-0.00,-0.77,1.29,10.00,0.02,-0.04,0.00
-0.52,1.00,9.91,0.04,-0.10,-0.00,-0.37,1.08,9.96,0.03,-0.04,-0.00
-0.64,0.84,9.94,0.03,-0.10,0.00,-0.53,1.20,10.07,0.03,-0.04,0.00
-0.59,0.95,9.90,0.03,-0.10,-0.00,-0.49,1.15,9.84,0.02,-0.05,-0.00
-0.62,1.01,9.91,0.03,-0.10,-0.00,-0.49,1.15,9.84,0.02,-0.05,-0.00
-0.69,1.02,10.00,0.03,-0.10,0.00,-0.64,1.30,9.98,0.02,-0.04,0.00
-0.60,1.05,9.96,0.04,-0.10,-0.00,-0.58,1.42,9.94,0.02,-0.04,-0.00
-0.61,0.70,9.93,0.04,-0.10,0.00,-0.60,0.98,9.91,0.02,-0.05,0.00
-0.56,0.78,9.87,0.03,-0.10,-0.00,-0.60,0.98,9.91,0.02,-0.05,0.00
-0.57,0.87,9.84,0.03,-0.10,-0.00,-0.49,1.36,9.99,0.02,-0.05,-0.00
-0.68,0.89,9.94,0.03,-0.10,0.00,-0.57,1.20,9.98,0.02,-0.04,-0.00
-0.67,0.92,9.99,0.03,-0.10,-0.00,-0.63,1.02,9.96,0.02,-0.04,0.00
-0.55,0.66,9.88,0.03,-0.10,-0.00,-0.63,1.02,9.96,0.02,-0.04,0.00
-0.49,0.66,9.87,0.03,-0.10,0.00,-0.44,1.36,10.00,0.03,-0.05,-0.01
-0.45,0.71,9.86,0.03,-0.10,-0.00,-0.52,1.33,10.04,0.03,-0.04,-0.00
-0.57,0.72,9.85,0.03,-0.10,0.00,-0.47,1.10,9.77,0.02,-0.04,0.00
-0.62,0.71,9.93,0.03,-0.10,0.00,-0.47,1.10,9.77,0.02,-0.04,0.00
-0.52,0.85,9.89,0.03,-0.10,-0.00,-0.70,1.21,10.06,0.02,-0.04,0.00
-0.49,0.79,9.92,0.04,-0.10,0.00,-0.70,1.08,9.90,0.02,-0.04,0.00
-0.38,0.77,9.89,0.03,-0.10,-0.00,-0.51,1.06,9.74,0.02,-0.04,0.00
-0.43,0.78,9.84,0.03,-0.10,0.00,-0.51,1.06,9.74,0.02,-0.04,0.00
-0.53,0.72,9.87,0.03,-0.09,0.00,-0.43,1.06,9.76,0.02,-0.04,0.00
-0.48,0.69,9.91,0.04,-0.10,0.00,-0.36,1.17,9.88,0.02,-0.05,-0.00
-0.65,1.01,10.01,0.04,-0.10,0.00,-0.48,1.28,10.03,0.03,-0.04,-0.00
-0.54,0.99,9.96,0.04,-0.10,-0.00,-0.48,1.28,10.03,0.03,-0.04,-0.00
-0.47,1.02,9.89,0.03,-0.10,-0.00,-0.46,1.05,9.82,0.02,-0.04,-0.00
-0.57,1.01,9.92,0.03,-0.10,0.00,-0.37,1.09,10.03,0.02,-0.05,-0.00
-0.56,0.92,9.94,0.04,-0.10,0.00,-0.73,1.24,9.91,0.02,-0.04,0.00
-0.70,0.92,9.95,0.03,-0.10,0.00,-0.73,1.24,9.91,0.02,-0.04,0.00
-0.66,0.93,9.98,0.04,-0.10,-0.00,-0.50,1.16,10.05,0.03,-0.04,-0.00
-0.56,1.02,9.92,0.04,-0.10,-0.00,-0.64,1.30,10.00,0.03,-0.04,0.00
-0.56,1.06,9.91,0.03,-0.10,-0.00,-0.66,1.38,9.93,0.02,-0.04,-0.00
-0.63,1.02,9.97,0.03,-0.10,0.00,-0.66,1.38,9.93,0.02,-0.04,-0.00
-0.62,0.85,9.86,0.03,-0.10,0.00,-0.57,1.40,9.90,0.02,-0.04,-0.00
-0.69,0.87,9.96,0.03,-0.10,0.00,-0.51,1.34,9.91,0.02,-0.05,-0.00
-0.62,0.94,9.96,0.04,-0.10,-0.00,-0.52,1.21,9.98,0.02,-0.05,-0.00
-0.56,1.04,9.89,0.03,-0.10,-0.00,-0.52,1.21,9.98,0.02,-0.05,-0.00
-0.62,1.06,9.93,0.03,-0.10,-0.00,-0.56,1.26,10.01,0.02,-0.04,-0.00
-0.53,0.82,9.83,0.03,-0.10,-0.00,-0.70,1.16,9.99,0.02,-0.04,0.00
-0.67,0.83,9.89,0.03,-0.10,0.00,-0.68,1.06,9.93,0.02,-0.04,0.00
-0.65,0.86,9.95,0.04,-0.10,0.00,-0.68,1.06,9.93,0.02,-0.04,0.00
-0.59,0.95,9.93,0.03,-0.10,-0.00,-0.47,1.31,10.03,0.03,-0.05,-0.00
-0.64,1.03,9.87,0.03,-0.10,-0.00,-0.64,1.31,10.05,0.03,-0.04,-0.00
-0.48,0.75,9.85,0.03,-0.10,-0.00,-0.72,1.24,9.99,0.02,-0.04,0.00
-0.61,0.75,9.91,0.03,-0.10,0.00,-0.72,1.24,9.99,0.02,-0.04,0.00
-0.63,0.79,9.95,0.03,-0.10,0.00,-0.74,1.31,10.01,0.02,-0.04,0.00
-0.57,0.89,9.90,0.04,-0.10,-0.00,-0.71,1.20,9.90,0.02,-0.04,0.00
-0.65,0.94,9.90,0.03,-0.10,-0.00,-0.58,1.10,9.82,0.02,-0.04,0.00
-0.45,0.75,9.80,0.04,-0.10,-0.00,-0.58,1.10,9.82,0.02,-0.04,0.00
-0.57,0.69,9.90,0.03,-0.10,0.00,-0.61,1.29,10.11,0.03,-0.04,-0.00
-0.56,0.68,9.93,0.03,-0.10,0.00,-0.45,1.08,9.86,0.03,-0.04,0.00
-0.53,0.79,9.85,0.03,-0.10,-0.00,-0.39,1.07,9.82,0.02,-0.04,-0.00
-0.62,0.81,9.88,0.03,-0.10,0.00,-0.39,1.07,9.82,0.02,-0.04,-0.00
-0.41,0.80,9.80,0.03,-0.10,0.00,-0.69,1.33,9.87,0.02,-0.04,-0.00
-0.54,0.70,9.89,0.03,-0.10,0.00,-0.60,1.19,9.84,0.02,-0.04,-0.00
-0.48,0.67,9.90,0.04,-0.10,0.00,-0.47,1.08,9.81,0.02,-0.05,-0.00
-0.46,0.74,9.82,0.03,-0.10,-0.00,-0.47,1.08,9.81,0.02,-0.05,-0.00
-0.58,0.69,9.94,0.03,-0.10,0.00,-0.50,1.10,9.87,0.02,-0.05,-0.00
-0.57,0.92,9.84,0.03,-0.10,0.00,-0.41,1.05,9.84,0.02,-0.05,-0.00
-0.50,0.81,9.94,0.04,-0.10,0.00,-0.41,1.08,9.95,0.02,-0.04,-0.00
-0.41,0.79,9.87,0.04,-0.10,-0.00,-0.41,1.08,9.95,0.02,-0.04,-0.00
-0.47,0.73,9.83,0.03,-0.10,0.00,-0.69,1.29,9.89,0.02,-0.04,0.00
-0.54,0.65,9.92,0.03,-0.10,0.00,-0.44,1.14,10.02,0.02,-0.04,-0.00
-0.45,0.70,9.97,0.03,-0.10,-0.00,-0.54,1.27,10.03,0.03,-0.04,-0.00
-0.50,0.97,9.94,0.04,-0.10,-0.00,-0.54,1.27,10.03,0.03,-0.04,-0.00
-0.46,0.95,9.86,0.03,-0.10,-0.00,-0.52,1.10,9.77,0.02,-0.04,-0.00
-0.52,0.82,9.95,0.03,-0.10,0.00,-0.65,1.31,10.07,0.03,-0.04,0.00
-0.45,0.81,9.92,0.04,-0.10,-0.00,-0.74,1.30,10.03,0.02,-0.04,0.00
-0.42,0.82,9.84,0.03,-0.10,-0.00,-0.74,1.30,10.03,0.02,-0.04,0.00
-0.55,1.08,9.92,0.04,-0.10,-0.01,-0.37,1.12,9.92,0.03,-0.05,-0.00
-0.63,1.08,9.93,0.03,-0.10,-0.00,-0.44,1.27,10.05,0.03,-0.04,-0.00
-0.61,1.00,10.00,0.04,-0.10,-0.00,-0.57,1.37,10.12,0.03,-0.04,-0.00
-0.52,1.02,9.94,0.04,-0.10,-0.01,-0.57,1.37,10.12,0.03,-0.04,-0.00
-0.53,1.03,9.91,0.04,-0.10,-0.00,-0.46,1.05,9.73,0.02,-0.05,-0.00
-0.59,0.94,9.86,0.03,-0.10,-0.00,-0.72,1.32,10.08,0.03,-0.04,0.00
-0.68,0.92,9.95,0.03,-0.10,0.00,-0.74,1.17,9.94,0.02,-0.04,0.00
-0.66,0.95,10.00,0.04,-0.10,-0.00,-0.74,1.17,9.94,0.02,-0.04,0.00
-0.60,1.05,9.93,0.04,-0.10,-0.01,-0.42,1.30,9.96,0.03,-0.05,-0.00
-0.70,1.02,9.93,0.03,-0.10,-0.00,-0.55,1.36,10.08,0.03,-0.04,-0.00
-0.50,0.73,9.84,0.03,-0.10,0.00,-0.67,1.23,10.08,0.03,-0.04,-0.00
-0.61,0.70,9.92,0.03,-0.10,0.00,-0.67,1.23,10.08,0.03,-0.04,-0.00
-0.53,0.70,9.89,0.03,-0.10,0.00,-0.71,1.27,10.07,0.03,-0.04,0.00
-0.54,0.79,9.81,0.03,-0.10,-0.00,-0.73,1.11,9.95,0.02,-0.04,0.00
-0.63,0.76,9.89,0.03,-0.10,0.00,-0.63,1.03,9.85,0.02,-0.04,0.00
-0.47,0.85,9.84,0.03,-0.10,-0.00,-0.63,1.03,9.85,0.02,-0.04,0.00
-0.53,0.74,9.94,0.04,-0.10,0.00,-0.57,1.35,10.07,0.03,-0.04,-0.00
-0.44,0.77,9.88,0.04,-0.10,-0.00,-0.47,1.13,9.77,0.02,-0.04,-0.00
-0.42,0.76,9.82,0.03,-0.10,-0.00,-0.42,1.32,9.90,0.03,-0.05,-0.01
-0.51,0.68,9.87,0.03,-0.10,0.00,-0.42,1.32,9.90,0.03,-0.05,-0.01
-0.62,1.08,9.91,0.03,-0.10,-0.00,-0.69,1.05,9.91,0.02,-0.04,0.00
-0.64,0.99,9.97,0.04,-0.10,-0.00,-0.59,1.05,9.80,0.02,-0.04,0.00
-0.51,1.04,9.91,0.04,-0.10,-0.00,-0.61,1.26,10.06,0.03,-0.04,-0.00
-0.51,1.03,9.91,0.03,-0.10,-0.00,-0.61,1.26,10.06,0.03,-0.04,-0.00
-0.59,0.96,9.99,0.04,-0.10,0.00,-0.45,1.23,9.79,0.02,-0.04,-0.00
-0.67,0.89,9.87,0.04,-0.10,-0.00,-0.46,1.36,9.94,0.02,-0.04,-0.01
-0.67,0.90,10.00,0.03,-0.10,0.00,-0.50,1.37,9.99,0.02,-0.05,-0.01
-0.60,1.00,9.93,0.03,-0.10,-0.00,-0.50,1.37,9.99,0.02,-0.05,-0.01
-0.62,1.06,9.90,0.03,-0.10,-0.00,-0.50,1.40,10.06,0.03,-0.05,-0.00
-0.70,1.02,10.02,0.04,-0.10,-0.00,-0.61,1.23,10.05,0.02,-0.04,-0.00
-0.59,0.73,9.87,0.04,-0.10,-0.00,-0.69,1.08,9.99,0.02,-0.04,0.00
-0.63,0.73,9.94,0.03,-0.10,0.00,-0.69,1.08,9.99,0.02,-0.04,0.00
-0.56,0.80,9.90,0.04,-0.10,-0.00,-0.42,1.34,9.92,0.02,-0.05,-0.01
-0.63,0.86,9.86,0.03,-0.10,-0.00,-0.51,1.36,10.03,0.03,-0.04,-0.00
-0.69,0.85,9.99,0.03,-0.10,0.00,-0.65,1.21,9.79,0.03,-0.04,0.00
-0.62,0.92,9.86,0.03,-0.10,-0.00,-0.65,1.21,9.79,0.03,-0.04,0.00
-0.53,0.65,9.91,0.04,-0.10,0.00,-0.72,1.26,10.03,0.02,-0.04,0.00
-0.47,0.70,9.83,0.03,-0.10,-0.00,-0.75,1.12,9.92,0.02,-0.04,0.00
-0.53,0.72,9.80,0.03,-0.10,0.00,-0.69,1.01,9.79,0.02,-0.04,0.00
-0.62,0.69,9.93,0.03,-0.10,0.00,-0.69,1.01,9.79,0.02,-0.04,0.00
-0.56,0.78,9.90,0.04,-0.10,-0.00,-0.53,1.37,10.11,0.03,-0.04,-0.01
-0.47,0.77,9.92,0.04,-0.10,0.00,-0.51,1.06,9.72,0.02,-0.04,0.00
-0.39,0.79,9.81,0.03,-0.10,-0.00,-0.39,1.19,9.79,0.02,-0.04,-0.00
-0.51,0.73,9.85,0.03,-0.10,0.00,-0.39,1.19,9.79,0.02,-0.04,-0.00
-0.56,0.66,9.91,0.03,-0.10,0.00,-0.78,1.20,10.00,0.02,-0.04,0.00
-0.48,0.73,9.85,0.03,-0.10,-0.00,-0.69,1.07,9.86,0.02,-0.04,0.00
-0.50,0.95,9.95,0.04,-0.10,-0.00,-0.55,1.33,10.05,0.02,-0.04,0.00
-0.45,0.95,9.85,0.03,-0.10,-0.01,-0.55,1.33,10.05,0.02,-0.04,0.00
-0.56,0.86,9.91,0.04,-0.09,0.00,-0.55,1.06,9.78,0.02,-0.04,-0.00
-0.45,0.81,9.93,0.04,-0.10,-0.00,-0.46,1.14,9.81,0.02,-0.05,-0.00
-0.43,0.83,9.80,0.04,-0.10,-0.00,-0.41,1.30,9.87,0.03,-0.04,-0.01
-0.56,1.09,9.94,0.04,-0.10,-0.01,-0.41,1.30,9.87,0.03,-0.04,-0.01
-0.60,1.06,9.94,0.03,-0.11,-0.00,-0.76,1.08,9.81,0.02,-0.04,0.00
-0.59,0.95,10.00,0.04,-0.09,-0.00,-0.43,1.34,9.95,0.02,-0.05,-0.01
-0.47,1.02,9.86,0.04,-0.11,-0.00,-0.52,1.38,9.99,0.03,-0.05,-0.00
-0.57,0.95,9.90,0.03,-0.10,0.00,-0.52,1.38,9.99,0.03,-0.05,-0.00
-0.63,0.96,9.89,0.03,-0.10,-0.00,-0.62,1.05,9.86,0.02,-0.04,0.00
-0.72,0.95,10.02,0.03,-0.10,0.00,-0.60,1.26,9.87,0.03,-0.04,0.00
-0.61,1.03,9.94,0.03,-0.10,-0.01,-0.58,1.08,9.93,0.02,-0.04,-0.00
-0.64,1.08,9.91,0.04,-0.10,-0.00,-0.58,1.08,9.93,0.02,-0.04,-0.00
-0.71,1.00,10.01,0.04,-0.10,0.00,-0.56,1.34,9.94,0.03,-0.04,-0.00
-0.67,0.78,9.90,0.04,-0.11,0.00,-0.55,1.40,9.92,0.02,-0.05,-0.00
-0.65,0.80,9.95,0.04,-0.10,-0.00,-0.53,1.27,9.95,0.02,-0.04,-0.01
-0.61,0.93,9.86,0.03,-0.10,-0.00,-0.53,1.27,9.95,0.02,-0.04,-0.01
-0.73,0.91,9.92,0.03,-0.10,0.00,-0.50,1.36,9.95,0.02,-0.04,0.00
-0.65,0.96,9.97,0.04,-0.10,-0.00,-0.48,1.20,9.88,0.03,-0.05,-0.00
-0.57,0.66,9.88,0.03,-0.10,-0.00,-0.49,1.04,9.85,0.02,-0.04,-0.00
-0.49,0.75,9.83,0.03,-0.10,-0.00,-0.49,1.04,9.85,0.02,-0.04,-0.00
-0.61,0.71,9.86,0.03,-0.10,0.00,-0.65,1.40,9.99,0.02,-0.04,-0.00
-0.63,0.75,9.95,0.03,-0.10,0.00,-0.71,1.35,9.91,0.02,-0.04,-0.00
-0.57,0.87,9.86,0.03,-0.10,-0.00,-0.45,1.09,9.96,0.01,-0.04,-0.00
-0.70,0.78,9.85,0.03,-0.10,0.00,-0.45,1.09,9.96,0.01,-0.04,-0.00
-0.49,0.75,9.85,0.03,-0.10,0.00,-0.67,1.25,9.87,0.02,-0.04,-0.00
-0.53,0.68,9.90,0.03,-0.10,0.00,-0.61,1.13,9.77,0.02,-0.05,-0.00
-0.47,0.74,9.81,0.03,-0.10,-0.00,-0.49,1.05,9.72,0.02,-0.05,-0.00
-0.58,0.66,9.90,0.03,-0.10,0.00,-0.49,1.05,9.72,0.02,-0.05,-0.00
-0.56,0.71,9.88,0.03,-0.11,0.00,-0.57,1.04,9.74,0.03,-0.04,-0.00
-0.45,0.83,9.94,0.03,-0.10,-0.00,-0.50,1.07,9.76,0.02,-0.05,0.00
-0.42,0.84,9.82,0.04,-0.10,-0.00,-0.49,1.20,9.81,0.02,-0.04,-0.00
-0.52,0.71,9.90,0.03,-0.10,0.00,-0.49,1.20,9.81,0.02,-0.04,-0.00
-0.40,0.72,9.88,0.04,-0.10,-0.00,-0.62,1.14,10.03,0.02,-0.04,-0.00
-0.52,0.75,9.83,0.03,-0.10,0.00,-0.60,1.02,10.00,0.03,-0.04,0.00
-0.52,1.03,9.89,0.03,-0.10,-0.00,-0.57,1.40,9.91,0.02,-0.04,-0.00
-0.54,0.90,9.97,0.04,-0.10,-0.00,-0.57,1.40,9.91,0.02,-0.04,-0.00
-0.46,0.90,9.88,0.04,-0.10,-0.01,-0.53,1.00,9.93,0.03,-0.04,0.00
-0.53,0.81,9.89,0.03,-0.10,0.00,-0.47,1.06,9.97,0.03,-0.04,0.00
-0.45,0.72,9.88,0.04,-0.10,-0.00,-0.48,1.18,10.06,0.03,-0.04,-0.00
-0.65,1.01,10.01,0.04,-0.10,-0.00,-0.48,1.18,10.06,0.03,-0.04,-0.00
-0.53,1.06,9.90,0.04,-0.10,-0.01,-0.42,1.16,9.98,0.02,-0.04,-0.00
-0.60,1.00,9.96,0.04,-0.10,-0.00,-0.49,1.30,10.06,0.03,-0.05,-0.00
-0.48,0.99,9.90,0.04,-0.10,-0.01,-0.55,1.31,10.08,0.03,-0.04,-0.00
-0.51,0.94,9.90,0.03,-0.11,-0.00,-0.55,1.31,10.08,0.03,-0.04,-0.00
-0.67,0.95,9.92,0.03,-0.10,-0.00,-0.60,1.06,9.85,0.02,-0.04,0.00
-0.65,0.95,9.98,0.04,-0.10,-0.00,-0.61,1.18,9.91,0.03,-0.04,0.00
-0.56,1.07,9.87,0.04,-0.10,-0.01,-0.53,1.17,9.88,0.02,-0.04,-0.00
-0.67,1.00,9.96,0.04,-0.10,-0.00,-0.53,1.17,9.88,0.02,-0.04,-0.00
-0.53,1.08,9.90,0.04,-0.11,-0.01,-0.64,1.26,10.01,0.02,-0.04,0.00
-0.58,0.82,9.86,0.03,-0.11,-0.00,-0.62,1.33,10.07,0.02,-0.04,-0.00
-0.69,0.82,9.94,0.03,-0.10,0.00,-0.59,1.22,10.05,0.02,-0.04,-0.00
-0.57,0.89,9.93,0.04,-0.10,-0.01,-0.59,1.22,10.05,0.02,-0.04,-0.00
-0.69,0.92,9.95,0.03,-0.10,-0.00,-0.48,1.33,9.96,0.02,-0.04,-0.01
-0.60,0.96,9.93,0.04,-0.10,-0.00,-0.51,1.21,9.92,0.02,-0.05,-0.00
-0.49,0.69,9.88,0.03,-0.10,0.00,-0.52,1.08,9.81,0.02,-0.05,-0.00
-0.55,0.73,9.83,0.03,-0.10,0.00,-0.52,1.08,9.81,0.02,-0.05,-0.00
-0.60,0.67,9.94,0.03,-0.10,0.00,-0.65,1.33,10.12,0.03,-0.04,0.00
-0.53,0.74,9.84,0.03,-0.11,-0.00,-0.63,1.24,9.99,0.02,-0.05,-0.00
-0.60,0.69,9.92,0.03,-0.10,0.00,-0.53,1.20,9.87,0.02,-0.04,0.00
-0.54,0.84,9.96,0.03,-0.11,-0.00,-0.53,1.20,9.87,0.02,-0.04,0.00
-0.44,0.86,9.83,0.04,-0.10,-0.00,-0.53,1.11,9.85,0.02,-0.05,0.00
-0.52,0.75,9.91,0.04,-0.10,-0.00,-0.40,1.03,9.78,0.02,-0.05,-0.00
-0.40,0.74,9.86,0.04,-0.10,-0.00,-0.35,1.08,9.82,0.02,-0.05,-0.00
-0.45,0.72,9.89,0.03,-0.10,0.00,-0.35,1.08,9.82,0.02,-0.05,-0.00
-0.40,1.06,9.97,0.04,-0.10,-0.00,-0.43,1.09,9.77,0.02,-0.05,-0.00
-0.63,1.05,9.96,0.04,-0.10,-0.01,-0.54,1.31,9.91,0.02,-0.04,-0.00
-0.63,1.07,9.91,0.04,-0.10,-0.00,-0.67,1.34,9.97,0.02,-0.04,-0.00
-0.63,0.99,10.00,0.04,-0.10,-0.00,-0.67,1.34,9.97,0.02,-0.04,-0.00
-0.58,1.06,9.91,0.04,-0.10,-0.01,-0.39,1.15,9.84,0.03,-0.05,-0.00
-0.61,0.98,9.99,0.04,-0.10,-0.00,-0.42,1.33,9.87,0.02,-0.05,-0.00
-0.59,0.70,9.94,0.04,-0.10,0.00,-0.53,1.02,9.97,0.02,-0.04,0.00
-0.54,0.77,9.81,0.03,-0.10,-0.00,-0.53,1.02,9.97,0.02,-0.04,0.00
-0.62,0.72,9.92,0.04,-0.10,0.00,-0.63,1.33,9.91,0.02,-0.04,-0.00
-0.56,0.81,9.83,0.03,-0.10,-0.00,-0.72,1.16,9.95,0.02,-0.04,0.00
-0.65,0.77,9.95,0.03,-0.10,0.00,-0.68,1.05,9.88,0.02,-0.04,0.00
-0.46,0.70,9.93,0.04,-0.10,0.00,-0.68,1.05,9.88,0.02,-0.04,0.00
-0.42,0.76,9.83,0.03,-0.10,-0.00,-0.59,1.05,9.98,0.02,-0.04,0.00
-0.52,0.68,9.90,0.04,-0.10,0.00,-0.44,1.03,9.92,0.03,-0.05,0.00
-0.45,0.77,9.82,0.03,-0.10,-0.00,-0.33,1.15,9.94,0.03,-0.05,-0.00
-0.53,0.67,9.88,0.03,-0.10,0.00,-0.33,1.15,9.94,0.03,-0.05,-0.00
-0.61,1.04,9.99,0.04,-0.10,-0.00,-0.66,1.07,9.93,0.02,-0.04,0.00
-0.54,1.02,9.99,0.04,-0.10,-0.01,-0.47,1.34,9.94,0.02,-0.04,-0.01
-0.59,1.08,9.97,0.04,-0.10,-0.00,-0.61,1.29,9.81,0.02,-0.04,-0.00
-0.58,0.99,10.04,0.04,-0.10,-0.00,-0.61,1.29,9.81,0.02,-0.04,-0.00
-0.57,1.08,9.91,0.04,-0.10,-0.01,-0.46,1.27,10.07,0.03,-0.05,-0.00
-0.51,0.75,9.79,0.03,-0.10,-0.00,-0.48,1.30,10.10,0.03,-0.04,-0.01
-0.59,0.70,9.92,0.03,-0.10,0.00,-0.52,1.15,9.96,0.02,-0.05,-0.00
-0.53,0.79,9.82,0.03,-0.10,-0.00,-0.52,1.15,9.96,0.02,-0.05,-0.00
-0.62,0.74,9.91,0.04,-0.10,0.00,-0.50,1.18,9.88,0.02,-0.05,-0.00
-0.54,0.82,9.86,0.04,-0.10,-0.00,-0.51,1.09,9.76,0.02,-0.04,0.00
-0.38,0.81,9.83,0.04,-0.11,-0.01,-0.51,1.06,9.71,0.02,-0.04,0.00
-0.50,0.70,9.88,0.04,-0.10,0.00,-0.51,1.06,9.71,0.02,-0.04,0.00
-0.42,0.72,9.84,0.04,-0.11,-0.00,-0.48,1.31,9.99,0.03,-0.05,-0.00
-0.54,0.67,9.88,0.03,-0.10,0.00,-0.48,1.21,9.95,0.02,-0.05,-0.00
-0.50,0.73,9.90,0.04,-0.10,-0.00,-0.54,1.14,10.06,0.03,-0.04,0.00
-0.44,0.84,9.92,0.03,-0.10,-0.01,-0.54,1.14,10.06,0.03,-0.04,0.00
-0.49,0.77,9.89,0.04,-0.10,-0.00,-0.64,1.18,9.82,0.02,-0.04,0.00
-0.42,0.70,9.90,0.04,-0.10,-0.00,-0.64,1.05,9.83,0.02,-0.04,0.00
-0.47,0.72,9.84,0.03,-0.10,-0.00,-0.60,1.03,9.80,0.02,-0.04,0.00
-0.47,0.65,9.89,0.04,-0.10,0.00,-0.60,1.03,9.80,0.02,-0.04,0.00
-0.55,0.97,9.97,0.03,-0.10,-0.00,-0.60,1.00,9.91,0.02,-0.04,0.00
-0.53,0.98,9.85,0.04,-0.10,-0.01,-0.51,1.05,9.98,0.03,-0.04,0.00
-0.52,0.85,9.95,0.04,-0.10,-0.00,-0.48,1.24,10.05,0.03,-0.04,-0.00
-0.47,0.84,9.84,0.04,-0.10,-0.00,-0.48,1.24,10.05,0.03,-0.04,-0.00
-0.64,0.90,9.98,0.04,-0.10,-0.00,-0.53,1.32,10.06,0.03,-0.04,-0.00
-0.58,0.98,9.93,0.04,-0.10,-0.01,-0.53,1.32,10.06,0.03,-0.04,-0.00
-0.65,0.95,10.00,0.04,-0.10,-0.00,-0.56,1.27,9.92,0.02,-0.04,-0.00
-0.57,1.07,9.90,0.04,-0.10,-0.01,-0.65,1.36,10.06,0.03,-0.04,-0.00
-0.64,0.99,10.01,0.04,-0.10,-0.00,-0.44,1.04,9.73,0.03,-0.04,-0.00
-0.61,0.73,9.91,0.04,-0.10,0.00,-0.44,1.04,9.73,0.03,-0.04,-0.00
-0.58,0.87,9.82,0.04,-0.11,-0.00,-0.54,1.32,10.05,0.03,-0.04,-0.00
-0.68,0.83,9.97,0.04,-0.10,0.00,-0.53,1.24,10.02,0.02,-0.05,-0.00
-0.57,0.94,9.92,0.04,-0.10,-0.01,-0.50,1.13,9.82,0.02,-0.05,-0.00
-0.66,0.94,9.99,0.04,-0.10,-0.00,-0.50,1.13,9.82,0.02,-0.05,-0.00
-0.52,0.64,9.90,0.04,-0.10,0.00,-0.62,1.30,10.04,0.03,-0.04,-0.00
-0.46,0.70,9.89,0.04,-0.11,-0.00,-0.61,1.31,10.08,0.03,-0.04,-0.00
-0.58,0.70,9.90,0.04,-0.10,0.00,-0.54,1.08,9.75,0.02,-0.04,0.00
-0.52,0.71,9.90,0.04,-0.10,-0.00,-0.54,1.08,9.75,0.02,-0.04,0.00
-0.59,0.79,9.85,0.03,-0.10,-0.00,-0.48,1.26,10.00,0.02,-0.05,-0.00
-0.47,0.84,9.86,0.04,-0.10,-0.00,-0.50,1.14,9.84,0.02,-0.05,-0.00
-0.43,0.75,9.93,0.04,-0.10,-0.00,-0.65,1.32,10.09,0.02,-0.04,-0.00
-0.41,0.81,9.84,0.04,-0.10,-0.00,-0.65,1.32,10.09,0.02,-0.04,-0.00
-0.47,0.68,9.90,0.04,-0.10,0.00,-0.52,1.07,9.73,0.02,-0.04,0.00
-0.40,0.77,9.82,0.04,-0.10,-0.00,-0.51,1.12,9.80,0.02,-0.04,0.00
-0.56,1.08,9.89,0.04,-0.11,-0.01,-0.58,1.30,9.89,0.02,-0.04,-0.00
-0.62,0.97,9.97,0.04,-0.10,-0.00,-0.58,1.30,9.89,0.02,-0.04,-0.00
-0.48,1.03,9.89,0.04,-0.11,-0.01,-0.46,1.23,9.96,0.02,-0.05,-0.00
-0.57,0.95,9.97,0.04,-0.10,-0.00,-0.62,1.32,10.06,0.03,-0.04,-0.00
-0.47,0.99,9.89,0.04,-0.11,-0.01,-0.59,1.24,10.07,0.03,-0.04,-0.00
-0.59,0.90,9.91,0.04,-0.10,-0.00,-0.59,1.24,10.07,0.03,-0.04,-0.00
-0.68,0.92,9.92,0.04,-0.10,-0.00,-0.57,1.20,9.85,0.02,-0.04,0.00
-0.59,0.93,9.96,0.04,-0.10,-0.01,-0.64,1.35,9.98,0.02,-0.04,-0.00
-0.67,0.97,9.92,0.04,-0.10,-0.00,-0.71,1.29,9.97,0.02,-0.04,0.00
-0.64,0.94,9.96,0.04,-0.10,-0.00,-0.71,1.29,9.97,0.02,-0.04,0.00
-0.61,0.68,9.90,0.03,-0.10,-0.01,-0.64,1.27,10.04,0.03,-0.04,-0.00
-0.50,0.71,9.85,0.03,-0.10,-0.00,-0.59,1.12,9.99,0.02,-0.04,-0.00
-0.51,0.67,9.92,0.04,-0.10,0.00,-0.46,1.00,9.97,0.03,-0.04,0.00
-0.50,0.73,9.85,0.03,-0.10,-0.00,-0.46,1.00,9.97,0.03,-0.04,0.00
-0.55,0.66,9.96,0.04,-0.10,0.00,-0.69,1.32,9.98,0.02,-0.04,0.00
-0.53,0.74,9.96,0.03,-0.10,-0.00,-0.67,1.17,9.80,0.02,-0.04,0.00
-0.49,0.96,9.89,0.04,-0.10,-0.01,-0.57,1.34,9.88,0.02,-0.04,-0.00
-0.47,0.87,9.95,0.04,-0.10,-0.00,-0.57,1.34,9.88,0.02,-0.04,-0.00
-0.47,0.91,9.87,0.04,-0.10,-0.01,-0.48,1.07,9.82,0.02,-0.05,-0.00
-0.46,0.83,9.96,0.05,-0.10,-0.00,-0.40,1.10,9.83,0.02,-0.05,-0.00
-0.44,0.85,9.87,0.04,-0.10,-0.00,-0.51,1.27,9.89,0.02,-0.04,-0.00
-0.63,1.05,9.90,0.04,-0.10,-0.00,-0.51,1.27,9.89,0.02,-0.04,-0.00
-0.63,1.00,9.98,0.04,-0.10,-0.00,-0.58,1.23,9.96,0.03,-0.04,0.00
-0.58,1.08,9.91,0.04,-0.10,-0.01,-0.64,1.31,10.12,0.03,-0.04,-0.00
-0.62,1.03,10.01,0.04,-0.10,-0.00,-0.67,1.26,10.07,0.03,-0.04,0.00
-0.53,1.08,9.91,0.04,-0.10,-0.01,-0.67,1.26,10.07,0.03,-0.04,0.00
-0.55,0.77,9.82,0.03,-0.10,-0.00,-0.55,1.20,9.86,0.02,-0.04,-0.00
-0.61,0.71,9.91,0.04,-0.10,0.00,-0.49,1.12,9.87,0.03,-0.04,-0.00
-0.54,0.80,9.86,0.03,-0.11,-0.00,-0.42,1.05,9.76,0.02,-0.05,-0.00
-0.65,0.77,9.93,0.04,-0.10,0.00,-0.42,1.05,9.76,0.02,-0.05,-0.00
-0.54,0.80,9.88,0.04,-0.10,-0.00,-0.69,1.33,10.08,0.03,-0.04,0.00
-0.40,0.80,9.88,0.04,-0.10,-0.01,-0.68,1.12,10.02,0.02,-0.04,0.00
-0.48,0.78,9.87,0.03,-0.10,-0.00,-0.57,0.98,9.96,0.02,-0.04,0.00
-0.44,0.75,9.88,0.04,-0.10,-0.00,-0.57,0.98,9.96,0.02,-0.04,0.00
-0.45,0.77,9.82,0.03,-0.10,-0.00,-0.46,1.00,9.94,0.02,-0.04,0.00
-0.43,0.69,9.91,0.04,-0.10,-0.00,-0.37,1.12,9.89,0.02,-0.05,-0.00
-0.58,1.00,9.97,0.04,-0.11,-0.01,-0.42,1.32,9.88,0.02,-0.05,-0.00
-0.59,1.07,9.90,0.04,-0.10,-0.01,-0.42,1.32,9.88,0.02,-0.05,-0.00
-0.60,0.98,9.99,0.04,-0.11,-0.00,-0.53,1.01,9.98,0.02,-0.04,0.00
-0.57,1.09,9.90,0.04,-0.10,-0.01,-0.65,1.37,9.90,0.03,-0.04,-0.00
-0.60,1.01,9.99,0.04,-0.10,-0.00,-0.73,1.13,9.95,0.02,-0.04,0.00
-0.57,0.70,9.92,0.04,-0.11,-0.00,-0.73,1.13,9.95,0.02,-0.04,0.00
-0.58,0.81,9.83,0.03,-0.10,-0.00,-0.41,1.32,9.90,0.02,-0.04,-0.01
-0.61,0.75,9.95,0.04,-0.10,0.00,-0.59,1.38,9.93,0.02,-0.04,-0.00
-0.60,0.84,9.85,0.03,-0.10,-0.00,-0.73,1.21,9.85,0.02,-0.04,0.00
-0.63,0.80,9.95,0.04,-0.10,-0.00,-0.73,1.21,9.85,0.02,-0.04,0.00
-0.44,0.72,9.92,0.04,-0.10,-0.00,-0.68,1.18,10.05,0.02,-0.04,0.00
-0.44,0.79,9.83,0.03,-0.10,-0.00,-0.55,0.99,9.99,0.02,-0.04,0.00
-0.44,0.71,9.92,0.04,-0.10,-0.00,-0.40,1.07,9.94,0.02,-0.05,-0.00
-0.44,0.78,9.83,0.03,-0.10,-0.00,-0.40,1.07,9.94,0.02,-0.05,-0.00
-0.46,0.69,9.94,0.04,-0.10,0.00,-0.73,1.19,10.00,0.02,-0.04,0.00
-0.42,0.99,9.99,0.04,-0.10,-0.00,-0.52,1.32,9.82,0.02,-0.04,-0.00
-0.57,1.10,9.91,0.04,-0.10,-0.01,-0.64,1.42,9.86,0.02,-0.04,-0.00
-0.62,1.01,10.00,0.04,-0.10,-0.00,-0.64,1.42,9.86,0.02,-0.04,-0.00
-0.54,1.06,9.93,0.04,-0.10,-0.01,-0.36,1.07,9.92,0.03,-0.05,-0.00
-0.55,0.96,10.03,0.05,-0.10,-0.00,-0.37,1.26,9.87,0.02,-0.05,-0.00
-0.49,1.05,9.95,0.04,-0.10,-0.01,-0.50,1.42,9.92,0.02,-0.04,-0.00
-0.61,0.89,9.87,0.03,-0.10,-0.00,-0.50,1.42,9.92,0.02,-0.04,-0.00
-0.64,0.87,9.99,0.04,-0.10,-0.00,-0.63,1.35,10.01,0.03,-0.04,-0.00
-0.60,0.98,9.93,0.04,-0.10,-0.01,-0.67,1.31,10.07,0.02,-0.04,-0.00
-0.66,0.97,10.00,0.04,-0.10,-0.00,-0.64,1.12,10.08,0.02,-0.04,0.00
-0.60,1.07,9.89,0.04,-0.10,-0.01,-0.64,1.12,10.08,0.02,-0.04,0.00
-0.50,0.73,9.84,0.03,-0.10,-0.00,-0.57,1.27,9.88,0.02,-0.04,-0.00
-0.55,0.68,9.96,0.04,-0.10,0.00,-0.45,1.11,9.89,0.02,-0.05,-0.00
-0.53,0.80,9.85,0.03,-0.10,-0.00,-0.43,1.09,9.79,0.02,-0.05,-0.00
-0.63,0.74,9.95,0.04,-0.10,-0.00,-0.43,1.09,9.79,0.02,-0.05,-0.00
-0.60,0.84,9.85,0.04,-0.10,-0.00,-0.52,1.31,10.05,0.03,-0.05,-0.00
-0.45,0.81,9.87,0.04,-0.10,-0.00,-0.48,1.17,9.90,0.03,-0.05,-0.01
-0.45,0.73,9.91,0.04,-0.10,-0.00,-0.51,1.08,9.84,0.02,-0.05,-0.00
-0.51,0.75,9.87,0.04,-0.10,-0.00,-0.51,1.08,9.84,0.02,-0.05,-0.00
-0.49,0.69,9.89,0.04,-0.10,-0.00,-0.68,1.09,9.87,0.02,-0.04,0.00
-0.55,0.71,9.87,0.04,-0.10,-0.00,-0.62,1.01,9.95,0.02,-0.04,0.00
-0.56,1.01,9.93,0.04,-0.10,-0.00,-0.50,1.11,10.04,0.03,-0.04,0.00
-0.45,0.94,9.92,0.04,-0.10,-0.01,-0.50,1.11,10.04,0.03,-0.04,0.00
-0.54,0.88,9.92,0.04,-0.10,-0.00,-0.75,1.17,9.83,0.02,-0.04,0.00
-0.42,0.85,9.89,0.04,-0.11,-0.01,-0.41,1.31,9.88,0.03,-0.05,-0.01
-0.50,0.78,9.89,0.04,-0.10,-0.00,-0.51,1.40,9.93,0.02,-0.04,-0.01
-0.66,1.03,9.99,0.04,-0.10,-0.00,-0.51,1.40,9.93,0.02,-0.04,-0.01
-0.52,1.04,9.95,0.04,-0.11,-0.01,-0.44,1.05,9.84,0.02,-0.05,-0.00
-0.60,1.00,9.96,0.04,-0.10,-0.00,-0.37,1.15,9.85,0.03,-0.05,-0.00
-0.48,0.98,9.91,0.04,-0.11,-0.01,-0.42,1.31,10.09,0.02,-0.05,-0.01
-0.55,0.93,9.92,0.04,-0.10,-0.00,-0.42,1.31,10.09,0.02,-0.05,-0.01
-0.71,0.93,9.96,0.04,-0.11,-0.00,-0.56,1.20,9.82,0.02,-0.04,0.00
-0.57,1.01,9.95,0.04,-0.11,-0.01,-0.62,1.29,9.99,0.02,-0.04,0.00
-0.66,1.02,9.95,0.04,-0.10,-0.00,-0.67,1.33,10.06,0.03,-0.04,-0.00
-0.51,1.02,9.94,0.04,-0.11,-0.01,-0.67,1.33,10.06,0.03,-0.04,-0.00
-0.61,1.01,9.97,0.04,-0.10,-0.00,-0.49,1.31,10.07,0.03,-0.05,-0.00
-0.68,0.80,9.95,0.04,-0.11,-0.01,-0.46,1.30,9.99,0.03,-0.05,-0.01
-0.58,0.88,9.90,0.04,-0.11,-0.01,-0.51,1.18,9.85,0.02,-0.05,-0.00
-0.67,0.84,9.97,0.04,-0.10,-0.00,-0.51,1.18,9.85,0.02,-0.05,-0.00
-0.56,0.93,9.90,0.04,-0.11,-0.01,-0.50,1.24,10.06,0.03,-0.04,-0.00
-0.68,0.96,9.94,0.03,-0.10,-0.00,-0.50,1.33,10.05,0.03,-0.05,-0.00
-0.59,0.66,9.89,0.04,-0.11,-0.01,-0.52,1.05,9.88,0.02,-0.05,-0.00
-0.47,0.70,9.86,0.04,-0.11,-0.00,-0.52,1.05,9.88,0.02,-0.05,-0.00
-0.59,0.68,9.90,0.03,-0.10,0.00,-0.55,1.34,9.86,0.02,-0.05,-0.00
-0.52,0.73,9.87,0.04,-0.10,-0.00,-0.67,1.20,9.78,0.02,-0.04,0.00
-0.65,0.78,9.91,0.03,-0.10,0.00,-0.70,0.99,9.93,0.02,-0.04,0.00
-0.56,0.84,9.91,0.04,-0.11,-0.00,-0.70,0.99,9.93,0.02,-0.04,0.00
-0.40,0.79,9.82,0.04,-0.11,-0.00,-0.51,1.39,9.96,0.03,-0.05,-0.01
-0.52,0.69,9.90,0.04,-0.10,0.00,-0.43,1.03,9.92,0.02,-0.05,0.00
-0.42,0.76,9.82,0.04,-0.10,-0.00,-0.39,1.17,9.87,0.03,-0.05,-0.00
-0.54,0.67,9.92,0.04,-0.10,0.00,-0.39,1.17,9.87,0.03,-0.05,-0.00
-0.45,0.74,9.86,0.04,-0.11,-0.00,-0.65,1.13,10.06,0.03,-0.04,0.00
-0.45,0.98,9.87,0.04,-0.11,-0.01,-0.53,1.30,9.84,0.03,-0.04,0.00
-0.53,0.91,9.95,0.04,-0.10,-0.00,-0.68,1.36,10.00,0.02,-0.04,-0.00
-0.41,0.88,9.91,0.04,-0.11,-0.01,-0.68,1.36,10.00,0.02,-0.04,-0.00
-0.50,0.79,9.92,0.04,-0.10,-0.00,-0.40,1.06,9.84,0.02,-0.05,-0.00
-0.40,0.78,9.88,0.04,-0.10,-0.01,-0.40,1.17,9.82,0.02,-0.04,-0.00
-0.52,1.03,9.95,0.04,-0.11,-0.01,-0.49,1.28,9.91,0.02,-0.04,-0.00
-0.59,1.00,9.96,0.04,-0.10,-0.00,-0.49,1.28,9.91,0.02,-0.04,-0.00
-0.45,0.97,9.92,0.04,-0.11,-0.01,-0.52,1.10,9.88,0.02,-0.05,-0.00
-0.52,0.86,9.95,0.04,-0.10,-0.00,-0.56,1.28,10.09,0.03,-0.04,-0.00
-0.43,0.81,9.89,0.04,-0.10,-0.01,-0.51,1.31,10.12,0.03,-0.04,-0.00
-0.52,1.05,9.94,0.04,-0.11,-0.01,-0.51,1.31,10.12,0.03,-0.04,-0.00
-0.61,0.99,10.02,0.04,-0.10,-0.00,-0.67,1.00,9.90,0.02,-0.04,0.00
-0.50,1.06,9.92,0.04,-0.11,-0.01,-0.52,1.02,10.01,0.03,-0.04,0.00
-0.55,0.93,9.96,0.05,-0.10,-0.00,-0.70,1.27,9.92,0.03,-0.05,0.00
-0.46,0.96,9.84,0.04,-0.10,-0.01,-0.70,1.27,9.92,0.03,-0.05,0.00
-0.60,1.03,9.91,0.04,-0.10,-0.01,-0.40,1.18,9.80,0.02,-0.05,-0.00
-0.61,0.99,9.99,0.04,-0.10,-0.01,-0.51,1.29,9.89,0.02,-0.04,-0.00
-0.58,1.07,9.93,0.04,-0.10,-0.01,-0.64,1.36,10.00,0.03,-0.04,-0.00
-0.56,0.99,9.97,0.04,-0.11,-0.01,-0.64,1.36,10.00,0.03,-0.04,-0.00
-0.55,0.99,9.92,0.04,-0.10,-0.01,-0.55,1.27,10.07,0.02,-0.05,0.00
-0.67,0.94,9.96,0.04,-0.11,-0.00,-0.49,1.31,10.06,0.03,-0.05,-0.01
-0.57,1.00,9.94,0.04,-0.11,-0.01,-0.48,1.31,9.94,0.02,-0.05,-0.01
-0.67,1.02,9.99,0.04,-0.10,-0.00,-0.48,1.31,9.94,0.02,-0.05,-0.01
-0.51,1.06,9.90,0.04,-0.11,-0.01,-0.43,1.07,9.94,0.03,-0.05,-0.00
-0.60,0.97,9.99,0.04,-0.10,-0.00,-0.37,1.24,9.87,0.03,-0.05,-0.00
-0.62,0.83,9.99,0.04,-0.11,-0.01,-0.58,1.10,10.02,0.02,-0.05,0.00
-0.61,0.96,9.90,0.04,-0.10,-0.00,-0.58,1.10,10.02,0.02,-0.05,0.00
-0.62,0.94,9.99,0.04,-0.10,-0.00,-0.60,1.25,9.99,0.03,-0.04,-0.00
-0.59,1.05,9.92,0.04,-0.10,-0.01,-0.61,1.32,10.12,0.03,-0.04,-0.00
-0.58,0.98,10.01,0.04,-0.10,-0.01,-0.55,1.25,10.07,0.03,-0.05,-0.00
-0.54,1.07,9.89,0.04,-0.10,-0.01,-0.55,1.25,10.07,0.03,-0.05,-0.00
-0.62,0.83,9.88,0.03,-0.10,-0.00,-0.43,1.38,9.97,0.02,-0.04,0.00
-0.58,0.83,9.94,0.04,-0.11,-0.00,-0.59,1.26,9.87,0.02,-0.05,-0.00
-0.65,0.94,9.93,0.04,-0.10,-0.00,-0.66,1.11,9.81,0.02,-0.05,0.00
-0.57,0.96,9.93,0.04,-0.11,-0.01,-0.66,1.11,9.81,0.02,-0.05,0.00
-0.66,0.99,10.00,0.04,-0.10,-0.00,-0.39,1.34,9.91,0.03,-0.05,-0.01
-0.57,0.67,9.92,0.04,-0.10,0.00,-0.61,1.38,9.97,0.02,-0.04,-0.00
-0.54,0.76,9.83,0.03,-0.11,-0.00,-0.43,1.08,9.78,0.02,-0.05,-0.00
-0.57,0.70,9.92,0.04,-0.11,-0.00,-0.43,1.08,9.78,0.02,-0.05,-0.00
-0.58,0.80,9.87,0.03,-0.10,-0.00,-0.52,1.23,9.97,0.02,-0.05,-0.00
-0.57,0.77,9.93,0.04,-0.11,-0.00,-0.50,1.13,9.89,0.02,-0.05,-0.00
-0.38,0.75,9.89,0.04,-0.10,-0.01,-0.56,1.06,9.82,0.02,-0.04,-0.00
-0.49,0.67,9.95,0.04,-0.10,0.00,-0.56,1.06,9.82,0.02,-0.04,-0.00
-0.41,0.73,9.86,0.04,-0.10,-0.00,-0.69,1.07,9.94,0.02,-0.04,0.00
-0.53,0.70,9.93,0.04,-0.10,0.00,-0.50,1.02,9.94,0.03,-0.04,0.00
-0.44,0.75,9.83,0.04,-0.10,-0.00,-0.41,1.17,10.06,0.03,-0.04,-0.00
-0.50,1.01,9.88,0.04,-0.11,-0.01,-0.41,1.17,10.06,0.03,-0.04,-0.00
-0.56,0.91,9.98,0.04,-0.10,-0.00,-0.71,1.08,9.97,0.02,-0.04,0.00
-0.46,0.96,9.89,0.04,-0.10,-0.01,-0.54,1.02,9.99,0.03,-0.04,0.00
-0.50,0.86,9.98,0.04,-0.10,-0.00,-0.66,1.32,9.91,0.02,-0.04,0.00
-0.42,0.91,9.87,0.04,-0.10,-0.01,-0.66,1.32,9.91,0.02,-0.04,0.00
-0.56,0.97,9.88,0.04,-0.11,-0.01,-0.35,1.15,9.81,0.02,-0.05,-0.00
-0.60,0.92,9.96,0.04,-0.11,-0.00,-0.53,1.28,9.94,0.02,-0.04,-0.00
-0.60,1.06,9.90,0.04,-0.10,-0.01,-0.67,1.36,9.97,0.02,-0.04,0.00
-0.59,1.01,9.95,0.04,-0.10,-0.01,-0.67,1.36,9.97,0.02,-0.04,0.00
-0.60,1.06,9.96,0.04,-0.10,-0.00,-0.61,1.34,10.05,0.02,-0.04,-0.00
-0.59,0.72,9.87,0.04,-0.10,-0.00,-0.50,1.21,9.96,0.02,-0.05,-0.00
-0.55,0.73,9.91,0.04,-0.10,-0.00,-0.47,1.07,9.89,0.02,-0.05,-0.00
-0.58,0.82,9.87,0.03,-0.10,-0.00,-0.47,1.07,9.89,0.02,-0.05,-0.00
-0.59,0.79,9.97,0.04,-0.10,-0.00,-0.63,1.27,10.05,0.03,-0.04,0.00
-0.57,0.91,9.87,0.04,-0.11,-0.01,-0.64,1.29,10.06,0.03,-0.05,0.00
-0.48,0.76,9.85,0.04,-0.10,-0.00,-0.51,1.09,9.83,0.03,-0.04,-0.00
-0.55,0.70,9.93,0.04,-0.10,-0.00,-0.51,1.09,9.83,0.03,-0.04,-0.00
-0.51,0.78,9.86,0.04,-0.10,-0.00,-0.47,1.29,9.95,0.02,-0.05,-0.01
-0.64,0.79,9.91,0.04,-0.10,-0.00,-0.48,1.18,9.93,0.03,-0.05,-0.00
-0.56,0.88,9.88,0.04,-0.11,-0.01,-0.49,1.14,9.86,0.02,-0.05,-0.00
-0.68,0.73,9.88,0.04,-0.10,-0.00,-0.49,1.14,9.86,0.02,-0.05,-0.00
-0.54,0.71,9.92,0.04,-0.10,0.00,-0.58,1.22,9.82,0.02,-0.05,-0.00
-0.47,0.72,9.93,0.04,-0.10,-0.00,-0.56,1.13,9.85,0.02,-0.04,-0.00
-0.59,0.80,9.92,0.03,-0.10,-0.00,-0.60,1.05,9.89,0.02,-0.04,0.00
-0.58,0.83,9.98,0.04,-0.10,-0.00,-0.60,1.05,9.89,0.02,-0.04,0.00
-0.60,0.95,9.89,0.04,-0.10,-0.01,-0.45,1.31,10.05,0.03,-0.05,-0.01
-0.47,0.74,9.84,0.04,-0.10,-0.00,-0.47,1.33,9.92,0.03,-0.05,-0.01
-0.53,0.68,9.93,0.04,-0.10,0.00,-0.56,1.07,9.94,0.03,-0.04,0.00
-0.44,0.75,9.85,0.04,-0.10,-0.00,-0.56,1.07,9.94,0.03,-0.04,0.00
-0.56,0.69,9.95,0.04,-0.10,0.00,-0.61,1.23,9.91,0.02,-0.04,-0.00
-0.43,0.74,9.85,0.04,-0.10,-0.01,-0.58,1.05,9.86,0.02,-0.04,0.00
-0.44,1.00,9.87,0.04,-0.11,-0.01,-0.60,1.31,9.98,0.02,-0.04,0.00
-0.59,0.96,9.92,0.04,-0.10,-0.00,-0.60,1.31,9.98,0.02,-0.04,0.00
-0.48,0.98,9.88,0.04,-0.11,-0.01,-0.59,1.06,9.95,0.02,-0.04,0.00
-0.56,0.99,9.91,0.04,-0.10,-0.00,-0.64,1.30,9.98,0.03,-0.04,0.00
-0.50,0.95,9.95,0.04,-0.10,-0.00,-0.66,1.28,10.03,0.03,-0.04,-0.00
-0.60,0.81,9.99,0.04,-0.11,-0.00,-0.66,1.28,10.03,0.03,-0.04,-0.00
-0.55,0.87,9.86,0.03,-0.11,-0.00,-0.44,1.19,9.84,0.02,-0.05,-0.00
-0.65,0.81,9.95,0.04,-0.10,0.00,-0.58,1.06,9.98,0.02,-0.05,0.00
-0.56,0.90,9.88,0.04,-0.10,-0.01,-0.45,1.00,9.89,0.03,-0.05,-0.00
-0.67,0.86,9.95,0.04,-0.10,0.00,-0.45,1.00,9.89,0.03,-0.05,-0.00
-0.50,0.71,9.91,0.04,-0.10,0.00,-0.69,1.29,10.04,0.02,-0.04,0.00
-0.37,0.76,9.83,0.04,-0.11,-0.00,-0.71,1.10,9.91,0.02,-0.04,0.00
-0.49,0.74,9.86,0.04,-0.10,0.00,-0.57,1.02,9.87,0.02,-0.04,0.00
-0.42,0.73,9.85,0.04,-0.11,-0.00,-0.57,1.02,9.87,0.02,-0.04,0.00
-0.52,0.72,9.87,0.03,-0.10,0.00,-0.47,1.01,9.92,0.02,-0.05,0.00
-0.61,1.03,9.96,0.04,-0.10,-0.00,-0.37,1.15,9.87,0.03,-0.05,-0.00
-0.50,0.97,9.97,0.05,-0.11,-0.01,-0.39,1.33,9.92,0.03,-0.05,-0.01
-0.54,1.06,9.94,0.04,-0.10,-0.00,-0.39,1.33,9.92,0.03,-0.05,-0.01
-0.52,0.97,9.97,0.04,-0.10,-0.00,-0.58,1.04,9.99,0.03,-0.04,0.00
-0.51,1.03,9.88,0.04,-0.11,-0.01,-0.51,1.10,9.98,0.03,-0.04,0.00
-0.60,0.88,9.89,0.04,-0.10,-0.00,-0.66,1.19,9.88,0.02,-0.04,-0.00
-0.62,0.81,10.00,0.04,-0.10,-0.00,-0.66,1.19,9.88,0.02,-0.04,-0.00
-0.55,0.93,9.90,0.04,-0.11,-0.01,-0.43,1.30,9.94,0.03,-0.05,-0.00
-0.68,0.93,9.95,0.04,-0.10,-0.00,-0.48,1.34,9.95,0.03,-0.05,-0.00
-0.54,0.99,9.90,0.04,-0.11,-0.01,-0.47,1.27,9.87,0.02,-0.05,-0.00
-0.47,0.71,9.91,0.04,-0.10,-0.00,-0.47,1.27,9.87,0.02,-0.05,-0.00
-0.58,0.76,9.87,0.04,-0.10,-0.00,-0.55,1.35,9.80,0.02,-0.05,-0.00
-0.58,0.76,9.95,0.04,-0.11,-0.00,-0.55,1.22,9.80,0.02,-0.05,-0.00
-0.56,0.93,9.86,0.04,-0.11,-0.01,-0.55,1.15,9.74,0.02,-0.05,-0.00
-0.67,0.94,9.99,0.04,-0.10,-0.00,-0.55,1.15,9.74,0.02,-0.05,-0.00
-0.53,0.74,9.94,0.04,-0.11,-0.01,-0.47,1.23,10.09,0.03,-0.04,-0.00
-0.54,0.78,9.89,0.04,-0.11,-0.01,-0.54,1.31,10.07,0.03,-0.04,-0.00
-0.63,0.92,9.89,0.04,-0.11,-0.00,-0.59,1.12,9.82,0.02,-0.05,-0.00
-0.64,0.94,9.98,0.04,-0.10,-0.00,-0.59,1.12,9.82,0.02,-0.05,-0.00
-0.50,1.05,9.89,0.04,-0.11,-0.01,-0.49,1.28,10.01,0.03,-0.04,-0.00
-0.60,0.99,9.98,0.04,-0.10,-0.00,-0.53,1.32,10.02,0.03,-0.05,-0.00
-0.68,0.89,9.95,0.04,-0.10,-0.00,-0.50,1.31,10.00,0.03,-0.05,-0.00
-0.54,0.93,9.95,0.04,-0.11,-0.01,-0.50,1.31,10.00,0.03,-0.05,-0.00
-0.61,1.09,9.90,0.04,-0.10,-0.01,-0.46,1.30,9.94,0.03,-0.05,-0.00
-0.60,0.99,9.99,0.04,-0.11,-0.00,-0.41,1.35,9.90,0.03,-0.05,-0.01
-0.47,1.03,9.86,0.04,-0.11,-0.01,-0.45,1.29,9.93,0.03,-0.05,-0.01
-0.59,0.98,9.86,0.04,-0.11,-0.01,-0.45,1.29,9.93,0.03,-0.05,-0.01
-0.68,0.95,10.00,0.04,-0.10,-0.00,-0.58,1.09,9.97,0.02,-0.04,0.00
-0.52,1.02,9.93,0.04,-0.11,-0.01,-0.59,1.15,9.96,0.02,-0.04,0.00
-0.63,1.06,9.95,0.04,-0.10,-0.00,-0.63,1.21,9.88,0.02,-0.05,-0.00
-0.48,0.99,9.93,0.04,-0.11,-0.01,-0.63,1.21,9.88,0.02,-0.05,-0.00
-0.57,0.90,9.90,0.04,-0.11,-0.01,-0.44,1.19,9.94,0.03,-0.05,-0.00
-0.53,0.71,9.97,0.04,-0.10,0.00,-0.62,1.10,9.92,0.02,-0.04,0.00
-0.53,0.88,9.92,0.04,-0.10,-0.01,-0.62,1.10,9.92,0.02,-0.04,0.00
-0.42,0.89,9.84,0.04,-0.11,-0.01,-0.44,1.14,9.88,0.02,-0.05,-0.01
-0.54,0.76,9.92,0.04,-0.10,0.00,-0.41,1.11,9.81,0.02,-0.04,-0.00
-0.37,0.82,9.85,0.04,-0.11,-0.01,-0.55,1.30,10.10,0.03,-0.05,-0.00
-0.54,0.73,9.94,0.04,-0.10,0.00,-0.55,1.30,10.10,0.03,-0.05,-0.00
-0.40,0.99,9.95,0.04,-0.11,-0.01,-0.56,1.09,9.88,0.02,-0.04,0.00
-0.48,0.97,9.87,0.04,-0.11,-0.01,-0.61,1.12,9.91,0.02,-0.04,0.00
-0.52,0.95,9.90,0.04,-0.10,-0.00,-0.67,1.26,9.93,0.02,-0.04,0.00
-0.47,0.81,9.98,0.04,-0.10,-0.00,-0.67,1.26,9.93,0.02,-0.04,0.00
-0.38,0.85,9.87,0.04,-0.10,-0.01,-0.44,1.09,9.91,0.02,-0.05,-0.01
-0.53,0.76,9.89,0.04,-0.10,-0.00,-0.39,1.33,10.02,0.03,-0.05,-0.00
-0.62,1.06,9.97,0.04,-0.10,-0.00,-0.75,1.35,10.05,0.02,-0.04,0.00
-0.51,0.99,9.98,0.04,-0.11,-0.01,-0.75,1.35,10.05,0.02,-0.04,0.00
-0.50,1.07,9.93,0.04,-0.10,-0.01,-0.37,1.08,9.81,0.02,-0.05,-0.01
-0.55,0.92,9.97,0.05,-0.10,-0.00,-0.40,1.21,9.81,0.03,-0.05,-0.01
-0.45,0.97,9.85,0.04,-0.11,-0.01,-0.46,1.37,10.04,0.03,-0.05,-0.01
-0.53,1.00,9.91,0.04,-0.11,-0.01,-0.46,1.37,10.04,0.03,-0.05,-0.01
-0.67,1.02,9.95,0.04,-0.10,-0.00,-0.49,1.35,9.85,0.02,-0.05,-0.00
-0.58,0.97,9.94,0.05,-0.11,-0.01,-0.58,1.41,9.88,0.02,-0.05,-0.00
-0.60,1.08,9.91,0.04,-0.11,-0.01,-0.61,1.27,9.90,0.02,-0.05,-0.00
-0.64,0.99,10.00,0.04,-0.10,-0.00,-0.61,1.27,9.90,0.02,-0.05,-0.00
-0.59,0.70,9.96,0.04,-0.10,-0.00,-0.51,1.19,9.96,0.03,-0.05,0.00
-0.48,0.74,9.84,0.04,-0.11,-0.01,-0.62,1.10,9.88,0.02,-0.04,-0.00
-0.60,0.74,9.92,0.04,-0.10,-0.00,-0.57,1.10,9.82,0.02,-0.04,0.00
-0.51,0.73,9.88,0.04,-0.11,-0.01,-0.57,1.10,9.82,0.02,-0.04,0.00
-0.61,0.80,9.87,0.03,-0.10,-0.00,-0.50,1.27,9.94,0.02,-0.05,-0.00
-0.50,0.85,9.86,0.04,-0.10,-0.00,-0.51,1.14,9.87,0.02,-0.05,-0.00
-0.46,0.73,9.91,0.04,-0.10,-0.00,-0.42,1.28,10.10,0.02,-0.05,-0.00
-0.43,0.80,9.82,0.04,-0.10,-0.00,-0.42,1.28,10.10,0.02,-0.05,-0.00
-0.50,0.69,9.88,0.03,-0.10,0.00,-0.57,1.07,9.81,0.02,-0.05,-0.00
-0.43,0.75,9.80,0.03,-0.11,-0.00,-0.55,1.12,9.74,0.02,-0.04,0.00
-0.49,1.04,9.90,0.04,-0.11,-0.01,-0.61,1.26,9.84,0.02,-0.04,0.00
-0.61,1.00,9.99,0.04,-0.10,-0.00,-0.61,1.26,9.84,0.02,-0.04,0.00
-0.45,0.96,9.90,0.04,-0.11,-0.01,-0.40,1.06,9.90,0.02,-0.05,-0.00
-0.58,1.02,9.91,0.04,-0.10,-0.00,-0.67,1.31,10.07,0.03,-0.04,0.00
-0.48,0.92,9.90,0.04,-0.11,-0.00,-0.69,1.24,10.09,0.03,-0.04,-0.00
-0.59,0.86,9.96,0.04,-0.10,-0.01,-0.69,1.24,10.09,0.03,-0.04,-0.00
-0.58,0.97,9.89,0.04,-0.11,-0.01,-0.46,1.20,9.74,0.02,-0.05,-0.00
-0.67,0.92,10.01,0.04,-0.10,-0.00,-0.51,1.34,9.82,0.02,-0.05,-0.00
-0.52,0.98,9.93,0.04,-0.11,-0.01,-0.53,1.01,10.02,0.03,-0.05,-0.00
-0.65,1.05,9.95,0.04,-0.10,-0.00,-0.53,1.01,10.02,0.03,-0.05,-0.00
-0.58,0.80,9.91,0.05,-0.11,-0.01,-0.63,1.40,9.91,0.03,-0.04,-0.00
-0.57,0.73,9.94,0.04,-0.10,-0.01,-0.66,1.33,9.89,0.02,-0.05,-0.00
-0.56,0.84,9.85,0.03,-0.10,-0.01,-0.65,1.17,9.83,0.02,-0.04,-0.00
-0.65,0.79,9.97,0.04,-0.10,-0.00,-0.65,1.17,9.83,0.02,-0.04,-0.00
-0.52,0.84,9.88,0.04,-0.11,-0.01,-0.43,1.30,10.03,0.03,-0.05,-0.00
-0.66,0.76,9.87,0.04,-0.10,-0.00,-0.65,1.08,9.88,0.03,-0.05,0.00
-0.51,0.76,9.87,0.04,-0.10,-0.00,-0.60,1.09,9.89,0.02,-0.04,0.00
-0.50,0.69,9.90,0.05,-0.10,-0.00,-0.60,1.09,9.89,0.02,-0.04,0.00
-0.46,0.78,9.82,0.05,-0.11,-0.01,-0.49,1.29,9.91,0.03,-0.05,-0.01
-0.61,0.78,9.95,0.06,-0.10,-0.00,-0.43,1.15,9.85,0.04,-0.05,-0.01
-0.52,0.89,9.83,0.07,-0.11,-0.00,-0.64,1.39,10.07,0.06,-0.05,-0.00
-0.41,0.92,9.90,0.02,-0.11,-0.00,-0.64,1.39,10.07,0.06,-0.05,-0.00
-0.46,0.86,9.88,-0.01,-0.09,-0.01,-0.40,1.14,9.80,-0.01,-0.05,-0.00
-0.54,0.70,9.95,0.03,-0.11,-0.00,-0.38,1.05,9.79,-0.02,-0.04,-0.01
-0.40,0.70,9.87,0.06,-0.10,-0.01,-0.31,1.09,9.89,0.04,-0.05,-0.01
-0.62,0.90,9.84,0.08,-0.10,0.00,-0.31,1.09,9.89,0.04,-0.05,-0.01
-0.48,1.07,9.93,0.06,-0.11,-0.00,-0.37,1.13,9.83,0.06,-0.05,0.00
-0.49,0.95,9.97,0.07,-0.10,-0.01,-0.32,1.25,9.89,0.05,-0.05,-0.01
-0.37,0.94,9.87,0.09,-0.11,-0.02,-0.40,1.39,9.88,0.06,-0.05,-0.01
-0.52,0.99,9.96,0.14,-0.11,-0.03,-0.40,1.39,9.88,0.06,-0.05,-0.01
-0.42,1.02,9.85,0.19,-0.12,-0.05,-0.68,1.33,9.90,0.14,-0.05,-0.03
-0.42,1.43,9.85,0.24,-0.14,-0.06,-0.62,1.49,9.89,0.20,-0.07,-0.04
-0.44,1.63,9.78,0.25,-0.14,-0.07,-0.51,1.76,9.86,0.24,-0.08,-0.05
-0.40,1.73,9.80,0.21,-0.14,-0.05,-0.51,1.76,9.86,0.24,-0.08,-0.05
-0.29,1.87,9.69,0.16,-0.13,-0.05,-0.39,2.04,9.79,0.19,-0.08,-0.04
-0.43,1.96,9.79,0.12,-0.12,-0.05,-0.32,2.22,9.84,0.13,-0.06,-0.05
-0.41,2.12,9.80,0.08,-0.12,-0.07,-0.26,2.35,9.77,0.09,-0.06,-0.07
-0.25,2.15,9.70,0.13,-0.12,-0.17,-0.26,2.35,9.77,0.09,-0.06,-0.07
-0.34,2.25,9.69,0.12,-0.15,-0.23,-0.59,2.54,9.66,0.11,-0.06,-0.16
-0.27,2.29,9.78,0.22,-0.15,-0.40,-0.23,2.60,9.76,0.16,-0.11,-0.32
-0.45,2.51,9.40,0.22,-0.19,-0.50,-0.40,2.81,9.55,0.23,-0.13,-0.49
-0.39,2.61,9.61,0.08,-0.24,-0.48,-0.40,2.81,9.55,0.23,-0.13,-0.49
-0.63,2.60,9.58,0.03,-0.16,-0.53,-0.56,2.84,9.59,0.06,-0.19,-0.48
-0.58,2.50,9.66,0.01,-0.11,-0.59,-0.59,2.90,9.63,-0.00,-0.11,-0.54
-0.79,2.45,9.62,0.03,-0.06,-0.69,-0.60,2.73,9.60,0.01,-0.03,-0.68
-1.04,2.38,9.73,0.06,-0.04,-0.81,-0.60,2.73,9.60,0.01,-0.03,-0.68
-1.29,2.19,9.69,0.08,-0.03,-0.90,-1.10,2.75,9.67,0.05,-0.01,-0.83
-1.53,2.01,9.48,0.06,-0.05,-0.91,-1.42,2.57,9.53,0.06,-0.01,-0.92
-1.80,1.87,9.50,0.01,-0.10,-0.86,-1.72,2.27,9.52,0.01,-0.06,-0.88
-1.92,1.50,9.41,0.01,-0.20,-0.81,-1.72,2.27,9.52,0.01,-0.06,-0.88
-2.37,1.33,9.49,0.04,-0.34,-0.81,-1.90,1.91,9.44,-0.00,-0.19,-0.80
-2.05,1.30,9.65,0.15,-0.36,-0.53,-2.57,1.61,9.64,0.12,-0.35,-0.67
-1.37,1.45,9.79,-0.02,-0.43,-0.34,-1.27,1.72,9.91,0.01,-0.36,-0.38
-1.13,1.31,9.76,-0.16,-0.45,-0.16,-1.27,1.72,9.91,0.01,-0.36,-0.38
-1.02,0.95,9.93,-0.11,-0.45,-0.17,-1.28,1.43,9.74,-0.18,-0.39,-0.14
-0.45,0.84,9.96,0.03,-0.41,-0.20,-0.82,1.11,9.81,-0.06,-0.37,-0.18
-0.34,1.00,10.05,0.10,-0.30,-0.18,-0.26,1.09,10.07,0.07,-0.27,-0.18
-0.32,1.14,9.80,0.19,-0.13,-0.09,-0.26,1.09,10.07,0.07,-0.27,-0.18
-0.39,1.32,9.86,0.23,-0.05,-0.05,-0.25,1.48,9.89,0.19,-0.05,-0.08
-0.50,1.61,9.90,0.18,-0.08,-0.02,-0.46,1.82,10.13,0.20,0.01,-0.02
-0.53,1.70,9.91,0.15,-0.12,-0.02,-0.61,1.95,9.96,0.14,-0.04,-0.01
-0.38,1.78,9.79,0.11,-0.16,-0.02,-0.61,1.95,9.96,0.14,-0.04,-0.01
-0.31,1.60,9.71,0.06,-0.17,-0.01,-0.40,1.99,9.85,0.08,-0.10,-0.01
-0.38,1.59,9.85,0.04,-0.14,-0.00,-0.27,1.89,9.82,0.03,-0.10,0.00
-0.22,1.53,9.74,0.03,-0.12,-0.02,-0.12,1.86,9.70,0.02,-0.06,-0.01
-0.38,1.63,9.82,0.04,-0.09,-0.01,-0.12,1.86,9.70,0.02,-0.06,-0.01
-0.30,1.65,9.80,0.05,-0.09,-0.01,-0.39,2.11,9.87,0.03,-0.03,-0.00
-0.18,1.56,9.84,0.05,-0.10,-0.01,-0.44,2.06,9.92,0.03,-0.03,-0.00
-0.26,1.64,9.78,0.04,-0.11,-0.01,-0.20,2.01,9.68,0.03,-0.05,-0.00
-0.30,1.56,9.83,0.04,-0.10,-0.00,-0.20,2.01,9.68,0.03,-0.05,-0.00
-0.24,1.58,9.72,0.04,-0.10,-0.01,-0.36,1.96,9.91,0.03,-0.05,-0.00
-0.41,1.61,9.80,0.03,-0.10,-0.00,-0.37,1.87,9.84,0.02,-0.04,-0.00
-0.28,1.69,9.87,0.04,-0.10,-0.00,-0.24,1.89,9.82,0.02,-0.04,-0.00
-0.17,1.63,9.83,0.04,-0.10,-0.01,-0.24,1.89,9.82,0.02,-0.04,-0.00
-0.23,1.67,9.78,0.03,-0.10,-0.00,-0.18,1.83,9.82,0.02,-0.04,-0.00
-0.27,1.56,9.82,0.03,-0.10,-0.00,-0.10,1.95,9.77,0.02,-0.04,-0.00
-0.24,1.59,9.69,0.03,-0.10,-0.01,-0.14,2.01,9.81,0.01,-0.04,-0.01
-0.24,1.77,9.82,0.03,-0.11,-0.01,-0.14,2.01,9.81,0.01,-0.04,-0.01
-0.37,1.79,9.92,0.04,-0.10,-0.00,-0.47,1.82,9.83,0.02,-0.04,-0.00
-0.27,1.74,9.91,0.05,-0.10,-0.00,-0.40,1.91,9.77,0.03,-0.04,0.00
-0.26,1.81,9.87,0.04,-0.11,-0.01,-0.25,1.97,9.68,0.03,-0.04,0.00
-0.33,1.75,9.95,0.05,-0.11,-0.00,-0.25,1.97,9.68,0.03,-0.04,0.00
-0.40,1.67,9.81,-0.00,-0.10,0.02,-0.40,2.05,9.93,0.02,-0.04,0.00
-0.30,1.51,9.74,-0.09,-0.05,0.04,-0.40,2.17,9.98,-0.06,-0.01,0.03
-0.44,1.47,9.83,-0.16,-0.01,0.07,-0.56,1.88,9.95,-0.15,0.04,0.05
-0.59,1.29,10.00,-0.21,0.02,0.15,-0.56,1.88,9.95,-0.15,0.04,0.05
-0.53,1.03,9.97,-0.25,0.01,0.24,-0.64,1.59,10.10,-0.22,0.08,0.15
-0.60,0.44,9.85,-0.22,-0.07,0.20,-0.78,1.11,9.89,-0.26,0.03,0.24
-0.81,0.31,9.79,-0.07,-0.10,0.07,-0.99,0.66,9.72,-0.13,-0.03,0.10
-0.84,0.27,9.86,0.11,-0.13,-0.03,-0.99,0.66,9.72,-0.13,-0.03,0.10
-0.61,0.51,9.77,0.26,-0.16,-0.08,-0.64,0.81,9.74,0.12,-0.08,-0.04
-0.61,0.70,10.05,0.29,-0.16,-0.04,-0.44,1.01,9.88,0.27,-0.11,-0.06
-0.38,1.31,10.13,0.24,-0.12,0.01,-0.55,1.58,10.27,0.24,-0.07,0.01
-0.39,1.41,9.81,0.10,-0.06,0.02,-0.55,1.58,10.27,0.24,-0.07,0.01
-0.63,1.45,9.83,-0.02,-0.04,-0.00,-0.32,1.49,9.64,0.05,0.01,0.02
-0.79,1.32,9.97,-0.08,-0.07,0.00,-0.53,1.62,9.91,-0.07,0.00,-0.02
-0.64,1.06,9.85,-0.07,-0.11,0.02,-0.57,1.40,9.82,-0.09,-0.04,0.01
-0.72,1.07,9.92,-0.01,-0.12,-0.01,-0.57,1.40,9.82,-0.09,-0.04,0.01
-0.61,0.78,9.85,0.03,-0.11,-0.00,-0.54,1.26,9.81,-0.02,-0.05,-0.01
-0.71,0.79,9.96,0.07,-0.09,-0.00,-0.52,1.06,9.85,0.04,-0.04,-0.01
-0.57,0.82,9.88,0.10,-0.09,-0.01,-0.46,1.10,9.82,0.08,-0.03,-0.00
-0.70,0.99,9.97,0.09,-0.09,0.00,-0.46,1.10,9.82,0.08,-0.03,-0.00
-0.66,0.93,9.93,0.04,-0.08,-0.00,-0.91,1.48,10.02,0.07,-0.03,0.01
-0.68,1.05,9.90,0.05,-0.11,-0.01,-0.89,1.29,9.92,0.01,-0.03,-0.01
-0.60,1.14,9.85,0.07,-0.14,-0.01,-0.57,1.51,9.79,0.05,-0.07,-0.00
-0.66,1.17,10.01,0.06,-0.13,-0.00,-0.57,1.51,9.79,0.05,-0.07,-0.00
-0.49,1.14,9.90,0.05,-0.11,-0.01,-0.59,1.32,9.95,0.04,-0.06,0.00
-0.65,1.18,9.95,0.05,-0.10,-0.00,-0.62,1.47,10.11,0.04,-0.04,-0.00
-0.73,1.20,9.89,0.05,-0.11,-0.00,-0.70,1.56,10.11,0.04,-0.05,-0.00
-0.68,1.18,9.95,0.07,-0.13,-0.01,-0.70,1.56,10.11,0.04,-0.05,-0.00
-0.58,1.31,9.89,0.08,-0.14,-0.01,-0.61,1.57,10.10,0.06,-0.07,-0.00
-0.65,1.37,10.01,0.07,-0.11,-0.00,-0.58,1.57,10.02,0.06,-0.07,0.00
-0.51,1.38,9.90,0.05,-0.10,-0.01,-0.60,1.46,9.95,0.04,-0.04,-0.00
-0.55,1.09,9.86,0.03,-0.09,-0.01,-0.60,1.46,9.95,0.04,-0.04,-0.00
-0.62,1.15,9.85,0.00,-0.08,-0.01,-0.61,1.67,9.87,0.01,-0.03,-0.00
-0.74,1.09,9.98,0.01,-0.08,-0.01,-0.66,1.69,9.93,-0.01,-0.02,-0.01
-0.59,1.09,9.90,0.03,-0.10,-0.01,-0.55,1.30,9.86,0.01,-0.04,-0.00
-0.72,1.22,9.92,0.04,-0.10,-0.01,-0.55,1.30,9.86,0.01,-0.04,-0.00
-0.59,1.07,9.83,0.05,-0.09,-0.01,-0.70,1.62,9.88,0.03,-0.04,-0.00
-0.64,1.02,9.91,0.04,-0.09,-0.01,-0.73,1.48,9.88,0.02,-0.04,-0.01
-0.60,1.03,9.82,0.04,-0.10,-0.01,-0.50,1.46,9.89,0.02,-0.03,-0.01
-0.75,1.05,9.90,0.06,-0.12,-0.00,-0.50,1.46,9.89,0.02,-0.03,-0.01
-0.58,1.09,9.85,0.06,-0.17,-0.00,-0.83,1.44,9.89,0.04,-0.07,0.00
-0.37,1.16,9.81,0.06,-0.13,-0.01,-0.66,1.43,9.92,0.05,-0.09,0.01
-0.54,1.19,9.90,0.05,-0.07,-0.00,-0.57,1.51,9.94,0.04,-0.02,-0.00
-0.47,1.14,9.81,0.04,-0.07,-0.02,-0.57,1.51,9.94,0.04,-0.02,-0.00
-0.62,1.18,9.88,0.03,-0.09,-0.01,-0.71,1.58,9.80,0.02,-0.01,-0.01
-0.53,1.09,9.85,0.03,-0.12,-0.00,-0.68,1.46,9.80,0.01,-0.05,-0.00
-0.57,1.32,9.96,0.03,-0.14,-0.00,-0.54,1.63,9.99,0.02,-0.08,0.00
-0.50,1.36,9.88,0.05,-0.12,-0.01,-0.54,1.63,9.99,0.02,-0.08,0.00
-0.61,1.33,9.97,0.06,-0.09,-0.00,-0.59,1.45,9.87,0.03,-0.05,0.00
-0.47,1.37,9.85,0.05,-0.10,-0.01,-0.65,1.60,9.99,0.04,-0.03,0.00
-0.62,1.40,9.93,0.04,-0.10,-0.00,-0.75,1.72,10.03,0.03,-0.04,0.00
-0.50,1.32,9.88,0.04,-0.11,-0.01,-0.75,1.72,10.03,0.03,-0.04,0.00
-0.58,1.15,9.89,0.04,-0.11,-0.01,-0.71,1.69,10.10,0.02,-0.04,0.00
-0.61,1.23,9.85,0.04,-0.10,-0.01,-0.77,1.61,9.99,0.03,-0.04,0.00
-0.67,1.23,9.94,0.05,-0.10,-0.00,-0.70,1.44,9.93,0.03,-0.04,0.00
-0.58,1.32,9.84,0.05,-0.10,-0.01,-0.70,1.44,9.93,0.03,-0.04,0.00
-0.74,1.36,9.95,0.05,-0.11,-0.00,-0.56,1.72,9.86,0.03,-0.04,-0.00
-0.61,1.10,9.90,0.03,-0.12,0.00,-0.67,1.75,9.82,0.02,-0.06,-0.00
-0.49,1.07,9.82,0.03,-0.11,-0.01,-0.42,1.39,9.80,0.02,-0.05,-0.00
-0.61,1.13,9.83,0.04,-0.09,-0.00,-0.42,1.39,9.80,0.02,-0.05,-0.00
-0.59,1.10,9.85,0.04,-0.10,-0.00,-0.77,1.65,9.98,0.03,-0.04,-0.00
-0.61,1.21,9.85,0.04,-0.10,-0.01,-0.79,1.50,9.92,0.03,-0.04,0.00
-0.51,1.19,9.79,0.05,-0.10,-0.01,-0.67,1.40,9.84,0.04,-0.04,-0.00
-0.56,1.12,9.85,0.05,-0.11,-0.00,-0.67,1.40,9.84,0.04,-0.04,-0.00
-0.47,1.15,9.76,0.03,-0.12,-0.01,-0.59,1.43,9.84,0.03,-0.05,-0.00
-0.57,1.11,9.89,0.05,-0.10,-0.01,-0.45,1.42,9.78,0.02,-0.05,-0.00
-0.47,1.08,9.81,0.05,-0.10,-0.02,-0.46,1.52,9.86,0.04,-0.04,-0.01
-0.44,1.26,9.84,0.10,-0.10,-0.05,-0.46,1.52,9.86,0.04,-0.04,-0.01
-0.58,1.35,9.85,0.16,-0.10,-0.11,-0.82,1.67,9.91,0.08,-0.04,-0.05
-0.49,1.40,9.80,0.25,-0.12,-0.20,-0.80,1.72,9.82,0.18,-0.05,-0.13
-0.54,1.72,9.72,0.36,-0.15,-0.33,-0.45,2.16,9.78,0.32,-0.09,-0.30
-0.57,2.09,9.77,0.46,-0.17,-0.49,-0.45,2.16,9.78,0.32,-0.09,-0.30
-0.53,2.57,9.74,0.55,-0.21,-0.69,-0.73,2.55,9.65,0.46,-0.13,-0.51
-0.58,3.08,9.42,0.55,-0.21,-0.82,-0.73,3.13,9.51,0.54,-0.17,-0.73
-0.82,3.35,9.31,0.45,-0.20,-0.85,-0.77,3.63,9.34,0.47,-0.17,-0.83
-0.95,3.51,9.02,0.29,-0.21,-0.83,-0.77,3.63,9.34,0.47,-0.17,-0.83
-1.35,3.43,8.95,0.12,-0.24,-0.77,-1.10,3.77,8.98,0.24,-0.18,-0.81
-1.53,3.42,9.18,-0.03,-0.33,-0.71,-1.29,3.71,9.00,0.02,-0.25,-0.74
-1.78,3.23,9.43,-0.18,-0.39,-0.73,-1.62,3.56,9.29,-0.17,-0.35,-0.72
-1.50,2.91,9.51,-0.22,-0.40,-0.76,-1.62,3.56,9.29,-0.17,-0.35,-0.72
-1.54,2.42,9.89,-0.23,-0.38,-0.73,-1.63,2.89,9.36,-0.24,-0.37,-0.75
-1.33,2.01,9.86,-0.16,-0.25,-0.58,-1.56,2.42,9.83,-0.22,-0.30,-0.67
-1.17,1.65,9.60,-0.08,-0.09,-0.46,-1.13,1.93,9.48,-0.12,-0.08,-0.48
-1.37,1.75,9.71,-0.01,-0.03,-0.35,-1.13,1.93,9.48,-0.12,-0.08,-0.48
-1.41,1.80,9.70,0.08,-0.02,-0.29,-1.34,2.08,9.79,-0.00,0.02,-0.35
-1.64,1.81,9.62,0.16,-0.03,-0.30,-1.54,2.15,9.78,0.11,0.03,-0.29
-1.78,1.95,9.79,0.21,-0.05,-0.37,-1.76,2.21,9.66,0.18,-0.00,-0.34
-1.97,1.90,9.72,0.18,-0.02,-0.48,-1.76,2.21,9.66,0.18,-0.00,-0.34
-2.15,1.88,9.64,0.12,0.04,-0.55,-1.98,2.33,9.65,0.15,0.03,-0.50
-2.33,1.90,9.61,0.08,0.03,-0.58,-2.30,2.21,9.41,0.08,0.08,-0.57
-2.59,1.69,9.39,0.07,-0.05,-0.55,-2.61,1.94,9.26,0.05,0.00,-0.55
-2.71,1.59,9.39,0.12,-0.19,-0.56,-2.61,1.94,9.26,0.05,0.00,-0.55
-2.79,1.45,9.46,0.12,-0.28,-0.70,-2.67,1.78,9.15,0.12,-0.17,-0.58
-2.68,1.16,9.33,0.12,-0.34,-0.80,-2.99,1.58,9.20,0.10,-0.28,-0.75
-2.63,1.15,9.53,0.12,-0.40,-0.82,-2.72,1.48,9.42,0.11,-0.35,-0.81
-2.15,1.06,9.61,0.11,-0.47,-0.79,-2.72,1.48,9.42,0.11,-0.35,-0.81
-1.93,0.89,9.72,0.01,-0.51,-0.69,-2.11,1.48,9.64,0.08,-0.45,-0.76
-1.51,0.78,9.89,-0.12,-0.49,-0.61,-1.65,1.19,9.68,-0.07,-0.47,-0.64
-1.21,0.37,10.02,-0.22,-0.42,-0.55,-1.22,0.84,9.77,-0.23,-0.41,-0.56
-1.14,0.00,9.99,-0.22,-0.34,-0.56,-1.22,0.84,9.77,-0.23,-0.41,-0.56
-1.03,-0.42,10.04,-0.17,-0.23,-0.50,-1.19,0.25,9.77,-0.23,-0.29,-0.57
-0.89,-0.64,9.69,-0.01,-0.19,-0.47,-0.96,-0.22,9.73,-0.12,-0.16,-0.49
-0.71,-0.72,9.84,0.23,-0.20,-0.38,-0.52,-0.45,9.69,0.18,-0.16,-0.42
-0.18,-0.19,10.09,0.13,-0.12,0.10,-0.52,-0.45,9.69,0.18,-0.16,-0.42
-0.54,-0.04,10.17,-0.04,-0.07,0.07,-0.30,0.28,9.99,0.09,-0.04,0.11
-0.59,-0.17,10.22,-0.31,-0.03,0.15,-0.50,0.31,10.39,-0.19,0.00,0.10
-0.76,-0.67,10.01,-0.48,0.05,0.14,-0.70,-0.26,10.17,-0.48,0.09,0.12
-0.98,-1.18,9.61,-0.38,0.11,0.14,-0.70,-0.26,10.17,-0.48,0.09,0.12
-1.26,-1.61,9.61,-0.01,0.13,0.08,-1.12,-1.05,9.49,-0.33,0.18,0.12
-1.39,-1.50,9.62,0.19,0.05,0.09,-1.29,-1.20,9.60,0.07,0.16,0.07
-1.38,-1.16,10.07,0.18,-0.02,0.24,-1.21,-0.97,9.92,0.20,0.06,0.18
-1.37,-0.83,9.83,0.03,-0.10,0.41,-1.21,-0.97,9.92,0.20,0.06,0.18
-1.49,-0.84,9.96,0.05,-0.11,0.43,-1.33,-0.56,9.70,0.01,-0.04,0.42
-1.42,-0.70,9.86,0.07,-0.08,0.48,-1.40,-0.48,9.73,0.04,-0.04,0.44
-1.57,-0.61,9.47,0.19,-0.03,0.58,-1.50,-0.27,9.52,0.13,0.04,0.57
-2.16,-0.83,10.09,0.38,-0.01,0.40,-1.50,-0.27,9.52,0.13,0.04,0.57
-1.84,0.04,10.04,0.35,-0.07,-0.04,-2.30,-0.54,10.25,0.37,0.05,0.32
-1.89,0.52,9.99,0.30,0.01,0.05,-2.12,0.57,9.74,0.36,0.03,0.02
-1.92,0.62,9.60,0.21,0.01,0.18,-1.99,0.90,9.62,0.19,0.09,0.16
-2.27,0.58,9.19,0.44,-0.16,0.07,-1.99,0.90,9.62,0.19,0.09,0.16
-2.10,1.10,9.29,0.58,-0.33,-0.02,-2.13,0.93,9.10,0.46,-0.13,0.07
-2.84,0.82,10.17,0.23,-0.58,-0.62,-2.48,1.49,10.09,0.52,-0.35,-0.10
-1.96,1.79,9.86,-0.00,-0.52,-1.00,-2.11,2.10,9.74,-0.00,-0.53,-0.99
-1.27,1.01,9.93,-0.28,-0.28,-0.83,-2.11,2.10,9.74,-0.00,-0.53,-0.99
-1.35,0.50,9.85,-0.54,-0.01,-0.46,-1.12,1.38,10.05,-0.39,-0.19,-0.77
-1.65,-0.35,9.89,-0.32,-0.03,-0.27,-1.44,0.44,9.81,-0.49,0.06,-0.35
-1.61,-0.53,9.60,0.02,-0.09,-0.29,-1.65,-0.19,9.51,-0.06,-0.04,-0.29
-1.32,-0.18,9.93,0.17,-0.14,-0.22,-1.65,-0.19,9.51,-0.06,-0.04,-0.29
-1.39,-0.25,9.99,0.11,-0.16,-0.06,-1.21,0.19,9.95,0.13,-0.09,-0.18
-1.29,0.10,9.87,0.09,-0.14,0.04,-1.33,0.13,9.81,0.06,-0.09,0.01
-1.33,0.10,10.00,0.10,-0.10,0.03,-1.43,0.44,10.03,0.08,-0.05,0.04
-1.33,0.28,9.94,0.05,-0.09,0.00,-1.43,0.44,10.03,0.08,-0.05,0.04
-1.33,0.18,10.05,-0.05,-0.07,0.03,-1.30,0.46,9.99,0.02,-0.02,0.01
-1.41,-0.15,9.70,0.05,-0.11,-0.01,-1.43,0.12,9.66,0.03,-0.05,-0.01
-1.38,-0.14,9.88,0.14,-0.14,-0.02,-1.43,0.12,9.66,0.03,-0.05,-0.01
-1.26,0.12,9.90,0.12,-0.14,0.01,-1.42,0.22,9.94,0.13,-0.08,-0.01
-1.29,0.15,9.93,0.08,-0.11,0.00,-1.14,0.38,10.02,0.08,-0.06,0.01
-1.28,0.27,9.97,0.08,-0.11,-0.02,-1.23,0.62,9.93,0.06,-0.05,-0.01
-1.44,0.35,9.87,0.08,-0.13,-0.00,-1.23,0.62,9.93,0.06,-0.05,-0.01
-1.41,0.34,9.98,0.10,-0.13,0.00,-1.27,0.41,9.89,0.08,-0.07,-0.00
-1.39,0.41,9.87,0.09,-0.13,0.01,-1.55,0.69,9.92,0.08,-0.07,0.01
-1.36,0.44,9.94,0.08,-0.12,0.00,-1.43,0.59,9.96,0.07,-0.06,0.01
-1.34,0.48,9.87,0.05,-0.11,0.00,-1.43,0.59,9.96,0.07,-0.06,0.01
-1.24,0.37,9.80,0.01,-0.08,-0.00,-1.37,0.91,9.84,0.03,-0.04,0.00
-1.18,0.32,9.85,-0.05,-0.06,-0.01,-1.53,0.73,9.92,-0.03,-0.01,-0.00
-1.40,0.13,9.84,-0.06,-0.08,-0.02,-1.38,0.65,9.85,-0.08,-0.02,-0.02
-1.25,0.05,9.79,0.03,-0.11,-0.03,-1.38,0.65,9.85,-0.08,-0.02,-0.02
-1.36,0.12,9.95,0.05,-0.10,0.02,-1.23,0.34,9.80,0.03,-0.05,-0.01
-1.32,0.33,10.02,-0.03,-0.06,0.02,-1.19,0.54,9.87,-0.00,-0.03,0.01
-1.37,0.13,9.83,-0.08,-0.04,0.01,-1.37,0.54,9.89,-0.10,0.02,0.02
-1.41,0.02,9.88,-0.01,-0.06,-0.01,-1.37,0.54,9.89,-0.10,0.02,0.02
-1.45,-0.06,9.84,-0.03,-0.07,0.01,-1.54,0.21,9.75,-0.03,-0.01,-0.01
-1.46,-0.18,9.90,-0.05,-0.06,0.03,-1.35,0.26,10.03,-0.07,-0.01,0.03
-1.55,-0.16,9.88,-0.06,-0.05,0.03,-1.48,0.15,9.85,-0.08,0.00,0.03
-1.69,-0.26,9.90,-0.09,-0.01,0.04,-1.48,0.15,9.85,-0.08,0.00,0.03
-1.72,-0.42,9.88,-0.12,0.05,0.04,-1.65,-0.05,10.12,-0.10,0.06,0.04
-2.02,-0.67,9.77,-0.08,0.10,0.01,-1.75,-0.26,10.00,-0.13,0.13,0.02
-2.15,-0.75,9.61,0.04,0.11,-0.04,-2.08,-0.44,9.67,-0.01,0.16,-0.03
-2.40,-0.58,9.47,0.24,0.04,-0.11,-2.08,-0.44,9.67,-0.01,0.16,-0.03
-2.44,-0.29,9.75,0.36,-0.07,-0.13,-2.61,-0.41,9.37,0.25,0.09,-0.11
-2.29,-0.04,9.75,0.23,-0.18,-0.08,-2.50,0.07,9.87,0.30,-0.07,-0.09
-2.31,-0.03,9.84,0.01,-0.19,-0.00,-2.35,0.32,10.07,0.05,-0.13,-0.01
-2.12,-0.18,9.80,-0.17,-0.16,0.05,-2.35,0.32,10.07,0.05,-0.13,-0.01
-2.11,-0.35,9.82,-0.23,-0.11,0.04,-2.08,0.03,10.09,-0.22,-0.09,0.05
-2.21,-0.69,9.77,-0.16,-0.03,0.00,-2.01,-0.28,9.83,-0.21,-0.02,0.01
-2.28,-0.83,9.66,-0.09,0.06,-0.04,-2.26,-0.48,9.74,-0.12,0.09,-0.04
-2.55,-0.98,9.62,-0.01,0.16,-0.07,-2.26,-0.48,9.74,-0.12,0.09,-0.04
-2.93,-1.05,9.26,0.15,0.15,-0.13,-2.70,-0.74,9.42,-0.01,0.21,-0.08
-3.10,-0.80,9.24,0.31,0.08,-0.16,-3.00,-0.70,9.18,0.22,0.17,-0.15
-3.13,-0.51,9.49,0.32,-0.06,-0.14,-3.09,-0.38,9.66,0.32,0.03,-0.14
-3.08,-0.41,9.40,0.19,-0.16,-0.09,-3.09,-0.38,9.66,0.32,0.03,-0.14
-3.12,-0.39,9.49,0.07,-0.22,-0.05,-3.23,-0.18,9.37,0.14,-0.11,-0.07
-2.81,-0.38,9.50,0.01,-0.28,-0.03,-3.08,-0.19,9.44,0.02,-0.19,-0.03
-2.64,-0.30,9.55,-0.01,-0.30,-0.02,-2.82,-0.12,9.59,-0.02,-0.24,-0.02
-2.53,-0.38,9.76,0.03,-0.32,-0.05,-2.82,-0.12,9.59,-0.02,-0.24,-0.02
-2.16,-0.37,9.77,0.03,-0.28,-0.07,-2.44,-0.14,9.58,0.01,-0.26,-0.04
-2.18,-0.48,9.85,0.02,-0.18,-0.07,-2.12,-0.11,10.09,0.00,-0.18,-0.06
-2.01,-0.54,9.72,0.02,-0.09,-0.08,-1.99,-0.15,10.07,0.01,-0.05,-0.07
-2.20,-0.63,9.83,0.02,-0.01,-0.06,-1.99,-0.15,10.07,0.01,-0.05,-0.07
-2.32,-0.52,9.93,-0.04,0.08,-0.05,-2.31,-0.37,9.86,-0.01,0.06,-0.06
-2.53,-0.75,9.39,-0.01,0.12,-0.09,-2.51,-0.47,9.86,-0.08,0.17,-0.06
-2.82,-0.83,9.46,0.14,0.08,-0.12,-2.67,-0.57,9.46,0.09,0.15,-0.11
-2.83,-0.66,9.40,0.23,-0.01,-0.13,-2.67,-0.57,9.46,0.09,0.15,-0.11
-2.89,-0.51,9.67,0.19,-0.10,-0.09,-2.79,-0.38,9.41,0.22,0.02,-0.12
-2.90,-0.39,9.68,0.00,-0.13,-0.03,-2.80,-0.17,9.62,0.08,-0.07,-0.05
-2.73,-0.50,9.48,-0.08,-0.15,-0.01,-2.80,-0.28,9.55,-0.09,-0.09,-0.01
-2.85,-0.78,9.49,-0.06,-0.16,-0.01,-2.80,-0.28,9.55,-0.09,-0.09,-0.01
-2.68,-0.81,9.41,0.04,-0.18,-0.04,-2.93,-0.56,9.44,-0.05,-0.10,-0.01
-2.70,-0.83,9.64,0.11,-0.19,-0.05,-2.74,-0.47,9.63,0.07,-0.13,-0.04
-2.60,-0.60,9.65,0.16,-0.20,-0.07,-2.52,-0.31,9.76,0.13,-0.13,-0.06
-2.37,-0.48,9.61,0.20,-0.23,-0.09,-2.52,-0.31,9.76,0.13,-0.13,-0.06
-2.31,-0.40,9.82,0.18,-0.27,-0.07,-2.60,-0.29,9.58,0.18,-0.17,-0.06
-2.07,-0.34,9.71,0.11,-0.27,-0.04,-2.33,-0.12,9.87,0.13,-0.21,-0.03
-1.99,-0.37,9.85,0.11,-0.22,-0.01,-2.02,0.13,9.85,0.09,-0.18,-0.00
-1.89,-0.10,9.88,0.14,-0.17,-0.01,-2.02,0.13,9.85,0.09,-0.18,-0.00
-1.80,0.01,9.81,0.13,-0.18,-0.01,-1.81,0.04,9.76,0.12,-0.11,0.00
-1.74,-0.02,9.88,0.08,-0.14,0.00,-1.67,0.22,9.85,0.09,-0.11,0.01
-1.65,-0.04,9.76,0.07,-0.14,-0.01,-1.72,0.31,9.84,0.06,-0.08,-0.00
-1.63,-0.05,9.88,0.02,-0.08,-0.00,-1.72,0.31,9.84,0.06,-0.08,-0.00
-1.80,0.08,9.92,0.02,-0.05,-0.02,-1.72,0.33,9.81,-0.01,-0.01,-0.01
-1.85,0.00,9.76,0.04,-0.10,-0.02,-1.84,0.28,9.98,0.02,-0.01,-0.02
-1.77,0.01,9.85,0.07,-0.14,-0.01,-1.81,0.36,10.01,0.05,-0.07,-0.01
-1.70,-0.03,9.74,0.10,-0.19,-0.01,-1.81,0.36,10.01,0.05,-0.07,-0.01
-1.60,0.02,9.89,0.13,-0.21,-0.00,-1.92,0.21,9.80,0.09,-0.12,0.01
-1.56,0.31,9.93,0.14,-0.23,-0.00,-1.70,0.35,9.95,0.12,-0.16,0.01
-1.44,0.39,9.91,0.12,-0.22,0.00,-1.49,0.63,9.79,0.12,-0.16,0.02
-1.31,0.45,9.96,0.13,-0.22,-0.00,-1.49,0.63,9.79,0.12,-0.16,0.02
-1.21,0.53,9.94,0.15,-0.25,-0.00,-1.23,0.59,9.97,0.13,-0.16,0.01
-1.00,0.56,9.95,0.15,-0.25,0.00,-1.07,0.85,9.94,0.14,-0.19,0.01
-0.89,0.75,9.94,0.14,-0.23,0.00,-0.95,1.05,9.97,0.12,-0.17,0.01
-0.83,0.84,9.99,0.10,-0.16,0.00,-0.95,1.05,9.97,0.12,-0.17,0.01
-0.75,0.89,9.90,0.04,-0.08,-0.01,-0.68,1.24,10.09,0.08,-0.10,0.01
-0.93,0.84,9.97,-0.02,-0.03,-0.01,-0.88,1.18,10.03,-0.01,0.01,-0.01
-0.97,0.76,9.90,-0.04,-0.03,-0.02,-0.93,0.95,9.92,-0.05,0.03,-0.01
-1.09,0.45,9.82,-0.02,-0.04,-0.01,-0.93,0.95,9.92,-0.05,0.03,-0.01
-1.17,0.45,9.95,0.03,-0.06,-0.01,-1.06,0.93,10.06,-0.02,0.02,-0.01
-1.17,0.52,9.81,0.05,-0.12,-0.00,-1.11,0.95,10.01,0.03,-0.02,-0.01
-1.16,0.58,9.96,0.08,-0.17,0.00,-1.18,0.73,9.90,0.06,-0.10,0.01
-1.00,0.70,9.86,0.10,-0.21,-0.00,-1.18,0.73,9.90,0.06,-0.10,0.01
-0.90,0.80,9.82,0.11,-0.19,0.00,-0.87,1.06,9.83,0.09,-0.15,0.01
-0.78,0.70,9.94,0.09,-0.13,-0.00,-0.83,1.10,9.85,0.08,-0.11,0.00
-0.82,0.76,9.79,0.04,-0.08,-0.01,-0.89,1.10,9.85,0.04,-0.03,-0.00
-0.89,0.76,9.95,0.00,-0.06,-0.01,-0.89,1.10,9.85,0.04,-0.03,-0.00
-0.91,0.74,9.85,-0.03,-0.06,-0.01,-0.93,1.12,9.98,-0.02,-0.01,-0.01
-0.98,0.72,9.97,-0.00,-0.06,-0.01,-0.94,0.93,9.94,-0.04,-0.00,-0.01
-0.96,0.50,9.90,0.04,-0.08,-0.00,-0.93,0.82,9.85,0.02,-0.02,-0.00
-1.00,0.52,9.82,0.03,-0.11,-0.00,-0.93,0.82,9.85,0.02,-0.02,-0.00
-0.97,0.60,9.93,0.03,-0.11,-0.00,-1.03,1.11,10.16,0.03,-0.05,-0.00
-1.04,0.60,9.87,0.02,-0.09,-0.00,-0.96,1.08,10.07,0.01,-0.04,-0.00
-1.01,0.74,9.96,0.03,-0.08,-0.01,-1.06,0.78,9.92,0.01,-0.03,0.00
-0.96,0.43,9.86,0.01,-0.08,-0.00,-1.06,0.78,9.92,0.01,-0.03,0.00
-1.07,0.40,9.89,0.02,-0.08,-0.00,-0.99,0.97,9.83,-0.01,-0.02,-0.01
-1.07,0.52,9.88,0.04,-0.10,-0.00,-1.15,0.87,9.81,0.01,-0.03,-0.00
-1.14,0.55,9.91,0.04,-0.12,-0.00,-1.18,0.80,9.81,0.03,-0.06,0.00
-1.07,0.70,9.97,0.04,-0.12,-0.00,-1.18,0.80,9.81,0.03,-0.06,0.00
-0.95,0.41,9.86,0.04,-0.11,0.00,-1.15,0.95,10.07,0.03,-0.07,0.00
-1.06,0.45,9.87,0.03,-0.10,0.00,-1.07,0.88,9.95,0.02,-0.04,0.00
-1.06,0.57,9.93,0.03,-0.10,-0.00,-1.00,0.78,9.87,0.02,-0.04,-0.00
-1.14,0.54,9.88,0.03,-0.10,-0.00,-1.00,0.78,9.87,0.02,-0.04,-0.00
-1.11,0.68,9.97,0.08,-0.13,-0.01,-1.12,0.94,10.08,0.03,-0.04,-0.01
-0.93,0.52,9.89,0.09,-0.18,0.01,-1.00,0.78,9.74,0.08,-0.09,0.01
-0.92,0.56,9.90,0.08,-0.17,-0.00,-0.92,0.78,9.76,0.07,-0.12,0.01
-0.84,0.75,9.95,0.05,-0.13,0.01,-0.92,0.78,9.76,0.07,-0.12,0.01
-0.89,0.70,9.93,0.03,-0.08,-0.01,-0.73,1.18,9.93,0.03,-0.06,0.01
-0.94,0.77,9.99,0.02,-0.07,-0.00,-0.81,1.09,9.90,0.01,-0.02,-0.01
-0.92,0.56,9.95,0.03,-0.10,0.00,-0.89,0.93,9.79,0.01,-0.03,-0.01
-0.86,0.56,9.83,0.03,-0.11,-0.00,-0.89,0.93,9.79,0.01,-0.03,-0.01
-0.96,0.53,9.99,0.02,-0.10,-0.00,-0.92,1.03,9.86,0.03,-0.05,0.00
-0.87,0.68,9.88,0.02,-0.11,0.00,-0.96,0.90,9.87,0.00,-0.05,0.01
-0.99,0.59,9.97,-0.00,-0.09,0.02,-0.98,0.80,9.84,-0.02,-0.04,0.02
-0.89,0.43,9.91,-0.01,-0.10,0.03,-0.98,0.80,9.84,-0.02,-0.04,0.02
-0.87,0.39,9.87,0.01,-0.10,0.04,-1.04,0.78,9.96,-0.02,-0.04,0.03
-0.98,0.35,9.86,0.05,-0.10,0.02,-1.02,0.69,9.93,0.02,-0.04,0.04
-0.94,0.51,9.99,0.10,-0.12,-0.01,-0.96,0.74,9.96,0.08,-0.05,0.00
-0.95,0.65,9.91,0.09,-0.14,0.01,-0.96,0.74,9.96,0.08,-0.05,0.00
-0.87,0.73,9.80,0.05,-0.14,0.00,-0.87,1.06,9.88,0.06,-0.09,0.01
-0.80,0.54,9.92,0.04,-0.10,0.00,-0.83,0.96,9.91,0.02,-0.06,-0.00
-0.80,0.56,9.82,0.01,-0.09,0.00,-0.91,0.90,9.87,-0.00,-0.03,0.01
-0.94,0.53,9.99,0.01,-0.10,0.01,-0.91,0.90,9.87,-0.00,-0.03,0.01
-0.83,0.69,9.97,-0.02,-0.13,0.06,-0.95,0.94,10.01,0.00,-0.05,0.02
-0.80,0.64,10.02,-0.08,-0.18,0.18,-0.87,0.86,10.02,-0.07,-0.09,0.13
-0.69,0.16,9.81,-0.04,-0.17,0.22,-0.83,0.60,9.87,-0.08,-0.11,0.24
-0.65,0.29,9.98,0.03,-0.13,0.18,-0.83,0.60,9.87,-0.08,-0.11,0.24
-0.59,0.40,9.90,0.03,-0.14,0.22,-0.50,0.80,9.91,0.02,-0.07,0.18
-0.57,0.50,10.06,-0.01,-0.16,0.34,-0.38,0.88,9.94,-0.00,-0.08,0.27
-0.35,0.55,9.98,-0.08,-0.20,0.49,-0.38,0.76,10.18,-0.07,-0.11,0.48
-0.19,0.52,10.03,-0.24,-0.27,0.78,-0.38,0.76,10.18,-0.07,-0.11,0.48
-0.11,0.20,10.04,-0.39,-0.32,1.07,-0.09,0.85,10.24,-0.29,-0.19,0.84
0.08,-0.28,9.80,-0.36,-0.31,1.24,0.09,0.40,9.85,-0.42,-0.22,1.16
0.07,-0.83,9.51,-0.14,-0.20,1.26,0.12,-0.29,9.54,-0.22,-0.13,1.27
-0.05,-1.02,9.58,0.20,-0.01,1.17,0.12,-0.29,9.54,-0.22,-0.13,1.27
-0.64,-1.78,10.47,0.25,0.10,0.92,-0.07,-0.69,9.63,0.26,0.15,1.17
-0.68,-0.67,9.88,0.11,-0.03,0.08,-1.41,-1.05,10.70,0.10,0.10,0.43
-0.37,-0.20,10.18,0.08,-0.09,0.07,-0.31,0.13,10.44,0.12,-0.01,0.04
-0.23,-0.29,9.97,-0.18,-0.16,0.25,-0.31,0.13,10.44,0.12,-0.01,0.04
-0.25,-0.73,9.98,-0.22,-0.19,0.42,-0.07,-0.05,9.77,-0.23,-0.10,0.29
-0.31,-0.95,10.01,-0.18,-0.17,0.45,-0.10,-0.47,9.97,-0.22,-0.12,0.44
-0.43,-1.38,9.88,-0.08,-0.13,0.29,-0.53,-0.96,9.82,-0.13,-0.07,0.36
-0.43,-1.37,9.78,0.10,-0.08,0.01,-0.53,-0.96,9.82,-0.13,-0.07,0.36
-0.42,-1.03,10.12,0.24,-0.07,-0.04,-0.51,-1.10,9.94,0.12,-0.01,-0.01
-0.22,-0.66,10.12,0.11,-0.15,0.11,-0.25,-0.54,10.29,0.19,-0.05,0.03
-0.12,-0.67,9.90,-0.11,-0.19,0.31,-0.24,-0.33,10.01,-0.10,-0.12,0.27
-0.26,-1.09,10.06,-0.21,-0.20,0.31,-0.24,-0.33,10.01,-0.10,-0.12,0.27
-0.10,-1.37,9.82,-0.27,-0.22,0.30,-0.29,-0.76,10.25,-0.23,-0.13,0.31
-0.05,-1.62,9.86,-0.30,-0.25,0.37,-0.02,-1.16,9.99,-0.30,-0.16,0.32
-0.00,-2.02,9.64,-0.11,-0.20,0.34,-0.02,-1.72,9.47,-0.16,-0.14,0.36
0.21,-1.86,9.74,-0.11,-0.25,0.52,-0.02,-1.72,9.47,-0.16,-0.14,0.36
0.27,-1.90,9.83,-0.08,-0.29,0.74,0.17,-1.59,9.94,-0.12,-0.17,0.57
0.20,-2.06,9.65,-0.03,-0.30,0.91,0.41,-1.71,9.78,-0.08,-0.21,0.85
0.21,-1.98,9.69,0.07,-0.25,1.00,0.43,-1.75,9.99,0.06,-0.15,0.99
0.25,-1.54,9.95,0.11,-0.21,1.23,0.43,-1.75,9.99,0.06,-0.15,0.99
-0.01,-1.52,9.98,0.12,-0.15,1.41,0.36,-1.12,10.10,0.09,-0.09,1.30
-0.72,-1.97,9.91,0.12,-0.02,1.13,-0.31,-1.10,10.14,0.12,0.03,1.40
-0.82,-1.42,9.85,0.19,0.13,0.87,-0.81,-1.03,9.90,0.13,0.21,0.91
-1.27,-1.08,9.62,0.37,0.11,0.80,-0.81,-1.03,9.90,0.13,0.21,0.91
-1.60,-0.65,9.77,0.50,0.01,0.76,-1.35,-0.61,9.61,0.38,0.18,0.80
-1.57,-0.10,9.68,0.49,-0.09,0.77,-1.57,0.00,9.66,0.49,0.04,0.78
-1.53,0.40,9.81,0.28,-0.10,0.76,-1.54,0.66,9.87,0.32,-0.01,0.78
-1.62,0.62,9.87,0.12,-0.09,0.70,-1.54,0.66,9.87,0.32,-0.01,0.78
-1.63,0.70,9.88,0.03,-0.08,0.56,-1.57,0.97,10.07,0.09,0.01,0.69
-1.54,0.74,9.76,0.01,-0.09,0.43,-1.76,1.05,9.81,0.00,-0.00,0.50
-1.48,0.76,9.81,0.00,-0.06,0.32,-1.75,1.08,9.89,-0.01,0.00,0.34
-1.64,0.90,10.04,-0.02,-0.04,0.22,-1.75,1.08,9.89,-0.01,0.00,0.34
-1.75,0.75,10.02,-0.02,-0.08,0.18,-1.64,1.12,9.68,-0.04,0.02,0.21
-1.72,0.65,9.86,0.05,-0.15,0.17,-1.68,0.98,9.73,-0.02,-0.04,0.17
-1.72,0.62,9.52,0.20,-0.26,0.16,-1.77,0.87,9.48,0.15,-0.16,0.18
-1.42,0.89,9.70,0.28,-0.31,0.13,-1.77,0.87,9.48,0.15,-0.16,0.18
-1.32,0.87,9.54,0.32,-0.37,0.13,-1.42,1.25,9.76,0.26,-0.25,0.15
-1.30,1.05,9.77,0.27,-0.41,-0.11,-1.52,1.41,9.87,0.33,-0.32,0.10
-1.50,0.88,10.47,-0.02,-0.42,-0.54,-1.60,1.49,10.29,0.06,-0.36,-0.39
-2.43,1.22,10.45,-0.45,-0.18,-1.22,-1.60,1.49,10.29,0.06,-0.36,-0.39
-1.08,0.82,10.28,-0.51,0.27,-0.70,-1.83,1.75,10.48,-0.45,-0.07,-1.17
-0.99,-0.09,9.96,-0.85,0.37,-0.27,-0.65,0.88,10.47,-0.71,0.38,-0.53
-1.34,-0.89,9.79,-0.76,0.28,-0.06,-1.10,-0.43,9.92,-0.81,0.34,-0.15
-1.59,-1.41,9.72,-0.46,0.06,0.15,-1.10,-0.43,9.92,-0.81,0.34,-0.15
-1.56,-1.43,9.72,-0.06,-0.22,0.43,-1.38,-1.11,9.96,-0.41,0.07,0.18
-1.54,-1.28,9.75,0.29,-0.41,0.68,-1.45,-1.12,9.71,0.12,-0.24,0.58
-1.43,-0.89,9.67,0.47,-0.44,0.81,-1.52,-0.71,9.66,0.43,-0.35,0.82
-1.34,-0.36,9.61,0.50,-0.33,0.84,-1.52,-0.71,9.66,0.43,-0.35,0.82
-1.27,0.08,9.79,0.40,-0.13,0.79,-1.31,0.08,10.02,0.47,-0.18,0.86
-1.30,0.41,9.89,0.25,0.04,0.69,-1.45,0.66,9.93,0.32,0.05,0.76
-1.59,0.71,10.09,0.12,0.13,0.58,-1.66,0.94,9.93,0.12,0.20,0.61
-1.71,0.62,9.59,0.08,0.09,0.44,-1.66,0.94,9.93,0.12,0.20,0.61
-1.82,0.66,9.42,0.11,-0.01,0.32,-1.86,1.02,9.51,0.07,0.14,0.41
-1.99,0.94,9.76,0.14,-0.12,0.25,-1.89,1.07,9.28,0.12,0.01,0.29
-1.93,1.17,9.90,0.12,-0.19,0.15,-1.86,1.36,9.56,0.11,-0.11,0.18
-1.78,1.20,9.78,0.06,-0.22,0.10,-1.86,1.36,9.56,0.11,-0.11,0.18
-1.67,1.05,9.67,0.02,-0.22,0.05,-1.65,1.41,9.59,0.04,-0.16,0.10
-1.42,1.07,9.71,0.00,-0.20,0.02,-1.71,1.44,9.91,-0.01,-0.14,0.04
-1.41,0.99,9.66,0.03,-0.19,0.02,-1.51,1.34,9.59,0.00,-0.13,0.03
-1.46,1.04,9.83,0.04,-0.17,0.01,-1.51,1.34,9.59,0.00,-0.13,0.03
-1.43,1.00,9.68,0.07,-0.20,-0.03,-1.47,1.36,9.77,0.03,-0.11,0.01
-1.33,1.09,9.69,0.09,-0.21,-0.08,-1.52,1.33,9.83,0.07,-0.14,-0.05
-1.14,1.07,10.04,0.05,-0.22,-0.12,-1.17,1.42,10.06,0.06,-0.16,-0.11
-1.89,0.84,11.11,-0.18,-0.17,-0.21,-1.17,1.42,10.06,0.06,-0.16,-0.11
-3.28,0.16,10.20,-0.27,0.30,-0.17,-2.46,1.20,11.41,-0.29,-0.10,-0.27
-1.55,0.43,9.72,-0.20,0.50,-0.20,-2.80,0.34,9.83,-0.26,0.50,-0.21
-2.04,0.09,9.63,-0.16,0.32,-0.16,-1.84,0.60,9.78,-0.18,0.38,-0.19
-2.58,-0.05,9.58,-0.17,0.20,-0.13,-1.84,0.60,9.78,-0.18,0.38,-0.19
-2.73,-0.19,9.67,-0.19,0.11,-0.08,-2.65,0.13,9.79,-0.17,0.24,-0.14
-2.85,-0.45,9.41,-0.22,0.00,-0.04,-2.82,-0.02,9.83,-0.22,0.11,-0.08
-2.97,-0.75,9.46,-0.22,-0.07,0.00,-2.93,-0.39,9.48,-0.23,0.00,-0.01
-2.83,-0.99,9.31,-0.17,-0.14,0.02,-2.93,-0.39,9.48,-0.23,0.00,-0.01
-2.81,-1.09,9.56,-0.10,-0.19,0.05,-2.86,-0.72,9.47,-0.17,-0.09,0.03
-2.63,-1.14,9.52,-0.07,-0.25,0.07,-2.74,-0.84,9.70,-0.10,-0.15,0.06
-2.48,-1.20,9.73,-0.04,-0.32,0.12,-2.50,-0.85,9.93,-0.06,-0.23,0.12
-2.32,-1.30,9.52,0.05,-0.32,0.07,-2.50,-0.85,9.93,-0.06,-0.23,0.12
-3.23,-2.18,9.76,-0.04,-0.12,-0.05,-2.29,-0.98,9.32,0.04,-0.26,0.06
-2.19,-1.43,9.75,-0.21,0.11,-0.06,-2.53,-1.21,10.07,-0.26,0.14,-0.16
-2.49,-1.66,9.87,-0.16,0.08,0.04,-2.52,-1.34,10.04,-0.19,0.14,0.01
-2.32,-1.37,9.61,0.02,-0.11,0.21,-2.52,-1.34,10.04,-0.19,0.14,0.01
-2.10,-1.08,9.84,0.24,-0.33,0.36,-2.44,-1.24,9.46,0.04,-0.09,0.25
-2.10,-0.81,9.66,0.48,-0.47,0.47,-1.97,-0.67,9.59,0.35,-0.36,0.50
-1.76,-0.39,9.76,0.53,-0.36,0.51,-1.93,-0.15,9.51,0.52,-0.32,0.54
-1.80,-0.00,9.50,0.44,-0.14,0.50,-1.93,-0.15,9.51,0.52,-0.32,0.54
-2.07,0.33,9.59,0.32,0.05,0.44,-1.88,0.44,9.48,0.39,-0.00,0.51
-2.26,0.74,9.67,0.22,0.11,0.39,-2.05,0.84,9.62,0.24,0.16,0.41
-2.40,0.85,9.39,0.21,0.03,0.33,-2.39,0.99,9.32,0.19,0.13,0.35
-2.37,0.92,9.15,0.22,-0.07,0.22,-2.39,0.99,9.32,0.19,0.13,0.35
-2.49,1.29,9.48,0.21,-0.18,0.14,-2.71,1.39,9.34,0.20,-0.02,0.22
-2.19,1.45,9.49,0.14,-0.25,0.07,-2.48,1.62,9.46,0.16,-0.15,0.11
-2.01,1.31,9.52,0.06,-0.26,0.01,-2.27,1.68,9.41,0.06,-0.20,0.03
-1.95,1.47,9.55,0.04,-0.28,-0.05,-2.27,1.68,9.41,0.06,-0.20,0.03
-1.86,1.36,9.58,0.03,-0.30,-0.12,-2.16,1.75,9.70,0.03,-0.22,-0.06
-1.69,1.23,9.49,0.02,-0.28,-0.20,-1.78,1.72,9.52,0.00,-0.23,-0.15
-1.69,1.16,9.61,0.01,-0.23,-0.27,-1.71,1.47,9.75,0.00,-0.19,-0.25
-1.63,1.15,9.64,-0.01,-0.14,-0.36,-1.71,1.47,9.75,0.00,-0.19,-0.25
-1.60,0.93,9.81,-0.07,-0.09,-0.34,-1.81,1.44,9.87,-0.04,-0.08,-0.38
-1.89,0.85,9.85,-0.17,-0.06,-0.36,-1.72,1.26,9.90,-0.13,-0.03,-0.32
-1.91,0.45,9.91,-0.23,-0.09,-0.46,-2.03,0.89,10.17,-0.25,-0.03,-0.48
-1.93,0.10,9.91,-0.16,-0.17,-0.37,-2.03,0.89,10.17,-0.25,-0.03,-0.48
-1.82,-0.14,9.82,-0.08,-0.18,-0.25,-1.97,0.41,9.96,-0.16,-0.14,-0.37
-1.98,-0.23,10.02,-0.04,-0.15,-0.11,-1.77,0.19,9.91,-0.05,-0.12,-0.15
-1.82,-0.27,9.94,-0.10,-0.01,-0.15,-1.91,-0.07,10.00,-0.11,0.03,-0.15
-1.85,-0.52,9.82,-0.15,-0.05,-0.11,-1.91,-0.07,10.00,-0.11,0.03,-0.15
-1.71,-0.68,9.73,-0.13,-0.10,0.00,-1.79,-0.20,10.04,-0.17,0.00,-0.10
-1.64,-0.63,9.88,0.00,-0.17,0.13,-1.69,-0.32,9.77,-0.10,-0.07,0.04
-1.50,-0.47,9.70,0.16,-0.23,0.32,-1.49,-0.27,9.64,0.10,-0.15,0.29
-1.57,-0.31,9.81,0.25,-0.20,0.47,-1.49,-0.27,9.64,0.10,-0.15,0.29
-1.45,-0.07,9.90,0.27,-0.13,0.62,-1.42,0.25,9.87,0.25,-0.10,0.54
-1.46,0.30,9.83,0.23,-0.06,0.72,-1.59,0.70,10.06,0.21,0.04,0.74
-1.62,0.42,9.64,0.18,0.00,0.77,-1.59,0.70,10.06,0.21,0.04,0.74
-1.82,0.61,9.74,0.10,0.08,0.74,-1.66,0.79,9.82,0.16,0.11,0.78
-2.16,0.73,9.74,0.10,0.10,0.62,-2.00,1.04,9.75,0.08,0.17,0.68
-2.29,1.01,9.63,0.15,0.01,0.54,-2.38,1.22,9.46,0.11,0.10,0.56
-2.35,1.56,10.00,0.19,-0.04,0.58,-2.38,1.22,9.46,0.11,0.10,0.56
-1.97,1.67,9.75,0.02,-0.08,0.58,-2.35,1.78,9.90,0.17,0.02,0.60
-1.64,1.93,9.78,-0.08,-0.12,0.47,-1.75,2.04,9.67,-0.07,-0.03,0.52
-1.52,1.71,9.63,-0.08,-0.14,0.39,-1.37,2.14,9.69,-0.08,-0.06,0.39
-1.65,1.65,9.69,0.05,-0.15,0.18,-1.37,2.14,9.69,-0.08,-0.06,0.39
-1.25,1.70,9.33,0.09,-0.20,0.03,-1.94,1.95,9.65,0.05,-0.12,0.14
-1.17,1.71,9.96,0.03,-0.02,0.07,-1.07,2.13,9.94,0.05,-0.06,0.07
-1.34,1.48,9.92,-0.07,0.07,0.04,-1.21,2.17,10.05,-0.02,0.11,0.02
-1.51,1.70,10.12,-0.24,0.05,0.18,-1.21,2.17,10.05,-0.02,0.11,0.02
-1.24,1.25,10.00,-0.39,-0.19,0.48,-1.33,1.97,10.27,-0.31,0.07,0.25
-1.21,1.02,10.21,-0.21,-0.36,0.58,-1.17,1.44,10.02,-0.33,-0.20,0.53
-0.87,1.03,10.07,-0.06,-0.49,0.70,-0.73,1.29,9.93,-0.08,-0.39,0.68
-0.64,0.95,9.81,-0.08,-0.48,0.97,-0.73,1.29,9.93,-0.08,-0.39,0.68
-0.35,0.76,9.76,-0.09,-0.28,1.19,-0.43,1.36,10.28,-0.10,-0.35,1.01
-0.50,1.25,9.88,0.32,0.14,1.10,-0.40,1.27,9.57,0.09,-0.00,1.08
-0.91,1.69,9.84,1.08,0.59,0.66,-0.99,1.94,9.49,0.93,0.63,0.75
-1.62,2.81,9.46,1.25,0.81,0.54,-0.99,1.94,9.49,0.93,0.63,0.75
-2.13,3.95,9.07,1.00,0.73,0.51,-1.82,3.45,9.38,1.19,0.92,0.55
-2.30,4.33,8.81,0.25,0.48,0.61,-2.27,4.47,9.02,0.72,0.66,0.46
-2.34,4.41,8.50,-0.33,0.21,0.68,-2.40,4.65,8.49,-0.18,0.34,0.65
-2.09,4.23,8.76,-0.49,-0.12,0.70,-2.40,4.65,8.49,-0.18,0.34,0.65
-1.61,4.02,8.85,-0.27,-0.41,0.49,-2.02,4.44,8.62,-0.46,-0.13,0.64
-1.23,3.86,8.88,-0.10,-0.43,0.27,-1.60,4.21,8.60,-0.21,-0.35,0.41
-0.82,3.77,8.92,0.12,-0.42,-0.09,-1.17,4.10,8.76,0.06,-0.37,0.02
-0.76,3.98,8.79,0.14,-0.30,-0.26,-1.17,4.10,8.76,0.06,-0.37,0.02
-0.71,4.06,8.87,0.10,-0.14,-0.34,-0.88,4.31,8.68,0.10,-0.21,-0.27
-0.87,4.03,9.03,0.08,-0.10,-0.46,-0.92,4.28,8.88,0.07,-0.06,-0.40
-1.21,4.16,9.01,0.05,-0.13,-0.56,-1.20,4.33,8.81,0.05,-0.09,-0.56
-1.32,3.94,9.08,-0.05,-0.15,-0.56,-1.20,4.33,8.81,0.05,-0.09,-0.56
-1.41,3.63,9.03,-0.17,-0.16,-0.49,-1.29,4.26,8.91,-0.09,-0.12,-0.56
-1.56,3.44,9.36,-0.21,-0.22,-0.43,-1.46,3.84,8.97,-0.21,-0.15,-0.47
-1.39,3.30,9.37,-0.18,-0.31,-0.40,-1.41,3.57,9.27,-0.21,-0.25,-0.41
-1.37,2.94,9.53,-0.10,-0.37,-0.38,-1.41,3.57,9.27,-0.21,-0.25,-0.41
-1.19,2.81,9.60,-0.05,-0.40,-0.36,-1.33,3.12,9.31,-0.10,-0.34,-0.37
-0.88,2.69,9.61,-0.01,-0.39,-0.35,-1.08,2.94,9.55,-0.04,-0.34,-0.34
-0.88,2.48,9.63,0.00,-0.35,-0.36,-0.95,2.86,9.60,-0.02,-0.31,-0.35
-0.69,2.48,9.64,0.05,-0.31,-0.40,-0.95,2.86,9.60,-0.02,-0.31,-0.35
-0.79,2.47,9.57,0.03,-0.25,-0.41,-0.75,2.85,9.57,0.03,-0.26,-0.40
-0.89,2.24,9.56,-0.02,-0.05,-0.36,-0.87,2.71,9.52,-0.01,-0.12,-0.38
-1.00,2.31,9.67,-0.09,0.05,-0.25,-0.96,2.55,9.57,-0.08,0.09,-0.30
-1.04,2.10,9.84,-0.12,-0.10,-0.12,-0.96,2.55,9.57,-0.08,0.09,-0.30
-0.89,2.04,9.77,-0.05,-0.31,-0.05,-1.02,2.34,9.77,-0.12,-0.08,-0.10
-0.73,1.85,9.72,-0.01,-0.44,0.00,-0.83,2.31,9.75,-0.04,-0.32,-0.01
-0.34,1.84,9.75,0.06,-0.49,-0.00,-0.45,2.13,9.62,0.03,-0.42,0.02
0.00,1.76,9.49,0.12,-0.47,-0.05,-0.45,2.13,9.62,0.03,-0.42,0.02
0.23,1.82,9.74,0.15,-0.41,-0.11,-0.00,2.02,9.49,0.11,-0.39,-0.05
0.52,2.06,9.85,0.14,-0.33,-0.15,0.34,2.30,9.55,0.13,-0.31,-0.11
0.74,2.41,9.96,0.04,-0.27,-0.13,0.60,2.45,9.87,0.05,-0.22,-0.13
0.70,2.01,10.14,-0.08,-0.25,-0.06,0.60,2.45,9.87,0.05,-0.22,-0.13
0.96,2.17,9.98,-0.12,-0.27,0.01,1.00,2.52,9.94,-0.11,-0.19,-0.05
1.12,1.88,9.97,-0.07,-0.28,0.03,1.03,2.40,9.98,-0.12,-0.21,0.03
1.20,1.84,9.65,0.01,-0.26,0.03,1.23,2.10,9.88,-0.02,-0.21,0.04
1.25,1.55,9.85,0.06,-0.23,0.01,1.23,2.10,9.88,-0.02,-0.21,0.04
1.29,1.71,9.70,0.06,-0.20,-0.04,1.28,2.11,9.56,0.04,-0.16,0.00
1.40,1.80,9.44,0.07,-0.18,-0.05,1.36,2.29,9.42,0.05,-0.13,-0.05
1.41,1.93,9.54,0.07,-0.16,-0.03,1.50,2.27,9.71,0.06,-0.10,-0.03
1.55,1.71,9.95,0.07,-0.14,-0.02,1.50,2.27,9.71,0.06,-0.10,-0.03
1.72,2.06,9.82,0.00,-0.14,0.04,1.65,2.12,9.68,0.04,-0.08,-0.00
1.61,1.77,9.62,-0.08,-0.15,0.11,1.76,2.28,9.86,-0.06,-0.08,0.08
1.57,1.49,9.82,-0.02,-0.13,0.15,1.63,2.00,9.73,-0.05,-0.07,0.15
1.57,1.45,9.51,0.05,-0.13,0.13,1.63,2.00,9.73,-0.05,-0.07,0.15
1.75,1.83,9.28,0.13,-0.11,0.09,1.61,1.81,9.61,0.06,-0.05,0.13
1.54,1.44,9.42,0.17,-0.10,0.05,1.67,1.95,9.39,0.13,-0.04,0.08
1.69,1.67,9.63,0.17,-0.10,0.03,1.74,2.31,9.67,0.16,-0.04,0.03
1.75,1.81,9.40,0.12,-0.09,0.03,1.74,2.31,9.67,0.16,-0.04,0.03
1.73,1.87,9.39,0.06,-0.08,0.05,1.56,2.07,9.41,0.08,-0.02,0.04
1.68,1.76,9.55,-0.00,-0.09,0.07,1.64,2.21,9.47,0.01,-0.02,0.05
1.69,1.90,9.59,-0.05,-0.10,0.13,1.76,2.18,9.52,-0.05,-0.04,0.11
1.81,2.00,9.54,-0.05,-0.12,0.18,1.76,2.18,9.52,-0.05,-0.04,0.11
1.80,1.55,9.76,-0.05,-0.16,0.24,1.92,2.22,9.60,-0.07,-0.06,0.20
1.92,1.52,9.66,-0.02,-0.16,0.27,1.96,2.07,9.65,-0.06,-0.09,0.26
1.97,1.53,9.68,0.05,-0.13,0.27,2.00,1.84,9.61,0.02,-0.07,0.28
2.06,1.50,9.67,0.13,-0.09,0.27,2.00,1.84,9.61,0.02,-0.07,0.28
2.03,1.41,9.54,0.20,-0.04,0.27,2.06,1.73,9.46,0.12,-0.00,0.29
2.07,1.87,9.69,0.21,-0.02,0.27,2.10,1.96,9.61,0.20,0.05,0.27
2.17,1.82,9.87,0.14,-0.07,0.38,2.21,2.24,9.89,0.14,0.02,0.35
2.30,1.83,10.00,-0.00,-0.17,0.57,2.21,2.24,9.89,0.14,0.02,0.35
2.36,1.53,9.85,-0.14,-0.25,0.74,2.39,2.15,9.97,-0.06,-0.11,0.61
2.60,1.21,9.71,-0.15,-0.26,0.79,2.53,1.71,9.75,-0.18,-0.17,0.78
2.68,0.67,9.73,-0.03,-0.18,0.74,2.65,1.22,9.75,-0.10,-0.12,0.77
2.64,0.52,9.79,0.13,-0.08,0.66,2.65,1.22,9.75,-0.10,-0.12,0.77
2.69,0.64,9.56,0.27,0.00,0.61,2.80,1.01,9.85,0.15,0.03,0.65
2.60,0.64,9.57,0.36,0.06,0.59,2.58,0.76,9.61,0.30,0.11,0.61
2.42,0.77,9.57,0.37,0.05,0.59,2.60,1.05,9.55,0.36,0.14,0.60
2.25,0.84,9.55,0.36,0.06,0.59,2.60,1.05,9.55,0.36,0.14,0.60
2.19,0.98,9.44,0.32,0.05,0.54,2.21,1.23,9.61,0.34,0.14,0.60
2.20,1.28,9.72,0.27,0.03,0.52,2.31,1.52,9.62,0.28,0.12,0.54
2.21,1.16,9.49,0.22,0.01,0.51,2.29,1.61,9.55,0.20,0.10,0.52
2.13,1.19,9.66,0.18,0.02,0.51,2.29,1.61,9.55,0.20,0.10,0.52
2.08,1.21,9.79,0.15,0.01,0.48,2.05,1.60,9.64,0.16,0.10,0.51
2.14,1.18,9.55,0.15,0.03,0.43,2.01,1.65,9.68,0.12,0.10,0.47
1.84,1.19,9.59,0.17,0.04,0.39,1.92,1.63,9.63,0.14,0.11,0.41
1.89,1.34,9.68,0.21,0.02,0.33,1.92,1.63,9.63,0.14,0.11,0.41
1.78,1.53,9.66,0.22,0.01,0.31,1.94,1.78,9.74,0.20,0.10,0.33
1.75,1.56,9.65,0.22,-0.02,0.30,1.84,1.93,9.65,0.21,0.07,0.31
1.61,1.66,9.68,0.19,-0.05,0.27,1.74,2.05,9.69,0.18,0.03,0.29
1.80,1.85,9.62,0.18,-0.08,0.22,1.74,2.05,9.69,0.18,0.03,0.29
1.79,1.92,9.73,0.15,-0.08,0.18,1.78,2.06,9.56,0.16,-0.01,0.22
1.89,1.96,9.77,0.13,-0.08,0.15,1.88,2.32,9.77,0.12,-0.01,0.17
1.86,1.91,9.68,0.12,-0.08,0.10,1.87,2.38,9.60,0.10,-0.01,0.11
1.83,2.01,9.64,0.15,-0.09,0.06,1.87,2.38,9.60,0.10,-0.01,0.11
1.80,2.06,9.60,0.18,-0.10,0.04,1.68,2.27,9.57,0.13,-0.02,0.07
1.84,2.16,9.33,0.19,-0.12,-0.01,1.67,2.38,9.50,0.16,-0.04,0.03
1.70,2.21,9.34,0.19,-0.13,-0.08,1.76,2.49,9.40,0.17,-0.06,-0.05
1.77,2.46,9.39,0.17,-0.15,-0.15,1.76,2.49,9.40,0.17,-0.06,-0.05
1.81,2.52,9.30,0.12,-0.15,-0.19,1.68,2.79,9.36,0.14,-0.09,-0.15
1.70,2.47,9.16,0.05,-0.15,-0.21,1.64,2.87,9.24,0.07,-0.09,-0.20
1.62,2.52,9.29,-0.00,-0.13,-0.24,1.58,2.83,9.19,-0.01,-0.08,-0.23
1.72,2.65,9.51,-0.04,-0.14,-0.27,1.58,2.83,9.19,-0.01,-0.08,-0.23
1.71,2.65,9.54,-0.08,-0.17,-0.28,1.84,3.08,9.47,-0.05,-0.10,-0.27
1.92,2.51,9.49,-0.07,-0.23,-0.27,1.75,2.89,9.55,-0.09,-0.15,-0.27
1.89,2.45,9.57,-0.04,-0.26,-0.27,1.88,2.85,9.56,-0.06,-0.20,-0.26
1.98,2.39,9.43,-0.01,-0.28,-0.28,1.88,2.85,9.56,-0.06,-0.20,-0.26
2.00,2.40,9.52,0.02,-0.27,-0.31,1.93,2.87,9.32,-0.02,-0.23,-0.28
2.00,2.48,9.57,0.03,-0.23,-0.34,1.99,2.80,9.31,0.00,-0.20,-0.32
2.03,2.54,9.39,0.03,-0.18,-0.35,2.01,2.77,9.27,0.01,-0.15,-0.34
2.01,2.56,9.29,0.01,-0.14,-0.36,2.01,2.77,9.27,0.01,-0.15,-0.34
1.87,2.50,9.33,-0.03,-0.12,-0.36,1.94,2.90,9.22,-0.02,-0.09,-0.36
1.70,2.50,9.51,-0.04,-0.15,-0.36,1.79,2.87,9.33,-0.05,-0.09,-0.36
1.70,2.61,9.40,-0.04,-0.19,-0.36,1.76,2.88,9.38,-0.06,-0.13,-0.35
1.94,2.67,9.60,-0.06,-0.30,-0.29,1.76,2.88,9.38,-0.06,-0.13,-0.35
2.05,2.49,9.54,-0.13,-0.40,-0.19,1.90,3.12,9.66,-0.08,-0.27,-0.28
2.26,2.37,9.71,-0.22,-0.48,-0.07,2.21,2.79,9.50,-0.18,-0.39,-0.13
2.64,2.19,9.65,-0.32,-0.51,0.05,2.71,2.55,9.63,-0.31,-0.44,0.03
2.95,1.81,9.51,-0.32,-0.44,0.11,2.71,2.55,9.63,-0.31,-0.44,0.03
3.10,1.33,9.31,-0.20,-0.28,0.06,3.06,2.15,9.66,-0.31,-0.35,0.10
3.15,1.24,9.27,-0.01,-0.08,0.01,3.25,1.79,9.42,-0.13,-0.12,0.04
3.01,1.38,9.32,0.14,0.06,-0.01,3.12,1.52,9.15,0.09,0.09,-0.01
2.91,1.66,9.60,0.24,0.11,-0.01,3.12,1.52,9.15,0.09,0.09,-0.01
2.73,1.68,9.52,0.27,0.09,0.01,2.93,1.95,9.74,0.24,0.17,0.00
2.61,1.99,9.45,0.24,0.02,0.06,2.76,2.21,9.78,0.25,0.11,0.04
2.59,2.10,9.69,0.17,-0.07,0.15,2.76,2.43,9.69,0.17,0.02,0.12
2.73,1.98,9.33,0.10,-0.15,0.23,2.76,2.43,9.69,0.17,0.02,0.12
2.72,1.83,9.51,0.07,-0.17,0.26,2.74,2.22,9.30,0.07,-0.09,0.25
2.84,1.80,9.38,0.05,-0.14,0.25,2.86,2.20,9.30,0.04,-0.09,0.27
2.68,1.75,9.26,0.07,-0.08,0.22,2.91,2.20,9.43,0.06,-0.02,0.23
2.75,1.83,9.23,0.13,-0.03,0.14,2.91,2.20,9.43,0.06,-0.02,0.23
2.76,1.92,9.40,0.22,-0.02,0.05,2.71,2.41,9.48,0.13,0.04,0.13
2.61,2.00,9.55,0.29,-0.04,-0.02,2.67,2.51,9.37,0.23,0.04,0.02
2.53,2.48,9.20,0.34,-0.07,-0.07,2.52,2.63,9.12,0.32,0.00,-0.05
2.58,2.69,9.08,0.34,-0.09,-0.12,2.52,2.63,9.12,0.32,0.00,-0.05
2.48,2.87,9.01,0.28,-0.09,-0.16,2.65,2.98,9.13,0.32,-0.03,-0.11
2.41,3.10,8.99,0.18,-0.06,-0.22,2.52,3.19,8.96,0.22,-0.02,-0.18
2.25,3.06,8.97,0.08,-0.02,-0.30,2.33,3.38,8.88,0.08,0.02,-0.27
2.03,3.23,8.83,-0.04,0.01,-0.36,2.33,3.38,8.88,0.08,0.02,-0.27
1.90,3.20,9.01,-0.10,-0.07,-0.38,2.07,3.58,8.97,-0.09,0.04,-0.37
1.87,3.35,9.36,-0.08,-0.25,-0.41,1.90,3.59,9.14,-0.13,-0.10,-0.41
2.11,3.29,9.35,0.04,-0.45,-0.46,2.04,3.66,9.26,-0.01,-0.36,-0.43
2.29,3.24,9.40,0.11,-0.51,-0.55,2.04,3.66,9.26,-0.01,-0.36,-0.43
2.41,3.49,9.13,0.09,-0.42,-0.66,2.28,3.96,9.07,0.10,-0.46,-0.55
2.27,3.73,9.09,-0.02,-0.28,-0.75,2.39,4.13,8.99,0.04,-0.32,-0.70
2.10,3.60,9.24,-0.11,-0.18,-0.74,2.20,3.88,9.22,-0.12,-0.19,-0.74
1.66,3.44,9.20,-0.03,-0.02,-0.76,2.20,3.88,9.22,-0.12,-0.19,-0.74
1.24,3.42,9.09,0.00,-0.04,-0.75,1.68,3.85,8.75,-0.03,0.02,-0.77
0.93,3.58,8.87,-0.30,-0.15,-0.51,1.21,4.02,8.82,-0.15,-0.04,-0.67
1.14,3.97,9.11,-0.62,-0.61,0.01,1.38,3.84,9.04,-0.56,-0.42,-0.13
2.07,3.20,9.46,-0.73,-1.10,0.48,1.38,3.84,9.04,-0.56,-0.42,-0.13
3.19,1.69,9.11,-0.48,-0.88,0.28,2.20,2.84,9.49,-0.71,-1.03,0.50
3.31,1.71,9.16,-0.02,-0.12,-0.33,3.37,2.07,8.53,-0.27,-0.45,-0.01
2.82,1.64,8.07,0.26,0.21,-0.57,3.12,2.22,8.63,0.20,0.23,-0.57
2.72,2.07,9.03,0.26,-0.17,-0.27,3.12,2.22,8.63,0.20,0.23,-0.57
3.05,2.29,9.34,0.06,-0.73,0.22,2.95,2.37,8.94,0.21,-0.23,-0.16
3.87,1.90,8.99,-0.06,-0.71,0.23,3.37,2.37,8.70,-0.04,-0.75,0.32
3.91,2.12,8.25,-0.02,-0.20,-0.07,3.92,2.04,8.67,-0.04,-0.23,-0.01
3.92,1.84,8.57,-0.09,0.16,-0.21,3.92,2.04,8.67,-0.04,-0.23,-0.01
3.76,2.26,8.97,-0.12,0.02,-0.08,3.93,2.42,8.71,-0.13,0.22,-0.22
4.15,1.71,9.46,0.13,-0.34,-0.01,3.96,2.24,8.99,-0.05,-0.11,-0.01
4.08,2.02,8.32,0.30,-0.42,-0.06,4.18,2.35,9.33,0.30,-0.37,-0.04
4.18,2.51,8.80,-0.08,-0.15,0.04,4.18,2.35,9.33,0.30,-0.37,-0.04
3.89,2.29,9.84,-0.20,0.11,-0.01,4.25,2.90,9.60,-0.18,-0.01,0.05
3.68,2.08,8.94,0.23,-0.03,-0.18,3.63,2.62,8.83,-0.01,0.13,-0.12
3.63,2.18,9.12,0.42,-0.18,-0.17,3.93,2.52,8.30,0.40,-0.12,-0.16
3.93,2.10,8.13,0.14,0.02,-0.08,3.93,2.52,8.30,0.40,-0.12,-0.16
3.70,2.20,7.86,-0.11,0.12,0.03,3.84,2.35,8.83,0.08,0.10,-0.06
3.74,2.29,9.46,0.03,0.02,-0.02,3.60,2.31,8.78,-0.11,0.16,0.02
3.87,2.65,9.74,0.22,-0.11,-0.09,3.75,2.84,9.42,0.20,-0.04,-0.08
3.71,2.92,8.72,0.02,-0.03,0.01,3.75,2.84,9.42,0.20,-0.04,-0.08
3.78,2.34,9.16,-0.13,0.01,0.11,3.99,3.09,8.93,-0.06,0.05,0.05
3.39,2.41,8.59,-0.01,-0.08,0.10,3.88,2.64,8.95,-0.11,0.04,0.11
3.23,2.53,8.52,0.11,-0.12,0.08,3.71,2.85,8.83,0.06,-0.05,0.09
3.08,2.40,9.36,0.16,-0.10,0.05,3.71,2.85,8.83,0.06,-0.05,0.09
3.43,2.47,9.88,0.22,-0.07,-0.04,3.04,2.50,9.16,0.16,-0.03,0.04
3.69,2.55,9.85,0.05,0.01,-0.01,3.38,2.61,9.54,0.16,0.02,-0.04
3.73,2.59,9.24,-0.09,0.06,0.06,3.44,2.55,9.19,-0.09,0.12,0.04
3.46,2.38,8.24,0.05,-0.09,0.10,3.44,2.55,9.19,-0.09,0.12,0.04
3.30,2.30,8.24,0.13,-0.30,0.14,3.82,2.97,8.55,0.05,-0.07,0.11
3.24,2.40,9.25,0.07,-0.23,0.09,3.76,3.07,8.78,0.10,-0.22,0.13
3.31,2.12,8.52,-0.02,-0.10,0.05,3.28,2.45,8.82,-0.05,-0.05,0.07
3.53,2.28,9.24,0.10,-0.19,0.03,3.28,2.45,8.82,-0.05,-0.05,0.07
3.99,2.55,10.12,0.13,-0.27,0.07,3.71,2.76,9.64,0.10,-0.15,0.05
3.84,2.61,9.18,0.08,-0.19,0.09,3.79,2.77,9.47,0.10,-0.17,0.10
3.44,2.30,7.90,0.04,-0.10,0.06,3.44,2.61,8.78,0.03,-0.05,0.08
3.80,2.70,8.74,0.17,-0.03,-0.07,3.44,2.61,8.78,0.03,-0.05,0.08
3.75,2.44,8.27,0.24,-0.02,-0.05,3.36,2.39,8.69,0.19,0.03,-0.08
3.53,2.31,8.18,0.04,-0.13,0.17,3.49,2.53,9.15,0.15,-0.00,0.05
3.95,2.13,9.18,-0.10,-0.11,0.24,3.74,2.34,9.50,-0.12,-0.07,0.26
4.21,2.57,9.95,-0.07,0.02,0.18,3.74,2.34,9.50,-0.12,-0.07,0.26
3.64,2.11,8.83,0.11,0.04,0.01,4.39,3.04,9.62,-0.08,0.09,0.16
3.11,2.51,9.05,0.12,0.11,-0.04,3.47,2.74,8.95,0.16,0.11,-0.03
2.98,2.49,9.09,-0.01,0.24,-0.02,2.81,2.35,8.23,-0.02,0.27,-0.03
3.12,2.58,8.85,0.06,0.21,-0.03,2.81,2.35,8.23,-0.02,0.27,-0.03
3.40,2.87,8.84,0.21,0.01,0.00,3.24,2.85,8.45,0.08,0.24,-0.03
3.69,3.08,10.77,0.05,-0.25,0.19,3.96,3.49,9.59,0.13,-0.06,0.09
3.81,2.81,10.76,0.05,-0.32,0.13,3.96,3.31,9.77,-0.01,-0.27,0.20
3.55,2.54,9.86,0.04,-0.08,0.01,3.96,3.31,9.77,-0.01,-0.27,0.20
3.06,2.16,9.01,-0.17,0.06,0.14,3.70,2.96,9.78,-0.04,0.04,0.03
2.90,1.91,8.07,-0.05,-0.15,0.19,3.36,2.84,8.73,-0.16,0.04,0.17
2.94,2.78,8.74,0.30,-0.15,0.12,3.32,3.08,7.89,0.21,-0.11,0.13
3.40,2.48,8.54,0.21,-0.07,0.22,3.32,3.08,7.89,0.21,-0.11,0.13
3.30,1.90,8.51,0.10,-0.17,0.32,3.18,2.59,9.40,0.15,-0.00,0.25
3.31,1.90,8.52,0.34,-0.28,0.21,3.73,2.99,8.65,0.18,-0.15,0.29
3.58,2.34,9.02,0.32,-0.23,0.20,3.91,3.19,8.74,0.33,-0.17,0.21
3.98,2.90,9.72,0.07,-0.15,0.28,3.91,3.19,8.74,0.33,-0.17,0.21
3.82,2.48,8.45,0.15,-0.08,0.21,3.68,2.50,9.73,0.03,-0.07,0.28
3.94,2.49,9.24,0.36,-0.00,0.32,3.76,2.78,9.59,0.30,0.12,0.20
3.51,2.15,8.62,0.19,-0.18,0.52,3.99,2.93,9.52,0.18,-0.08,0.52
3.26,1.97,8.46,0.34,-0.12,0.41,3.99,2.93,9.52,0.18,-0.08,0.52
3.22,2.41,8.37,0.30,-0.05,0.39,3.32,2.46,8.37,0.35,-0.02,0.39
3.38,2.07,8.09,0.19,-0.04,0.38,3.56,2.96,8.16,0.18,0.05,0.42
3.91,2.68,8.48,0.19,0.13,0.20,4.27,3.34,8.30,0.21,0.13,0.24
4.40,3.01,9.52,-0.00,0.23,0.17,4.27,3.34,8.30,0.21,0.13,0.24
4.63,3.07,10.33,0.20,-0.01,0.11,4.13,2.60,9.62,0.00,0.27,0.15
4.78,2.94,10.05,-0.29,-0.20,-0.15,4.89,3.88,9.75,0.16,-0.17,0.10
3.19,2.32,9.08,-0.20,-0.30,-0.68,3.30,2.93,9.04,-0.27,-0.20,-0.64
2.57,2.61,9.04,-0.80,0.95,-0.02,3.30,2.93,9.04,-0.27,-0.20,-0.64
0.98,1.05,9.29,-0.94,1.58,0.55,3.33,3.03,9.98,-0.91,1.28,0.11
-1.05,0.58,9.69,-0.32,1.66,0.69,0.54,1.68,9.13,-0.63,1.75,0.49
-2.76,0.41,10.17,0.17,1.68,0.77,-2.69,0.68,10.49,0.04,1.73,0.67
-4.15,1.09,12.16,0.22,1.60,0.88,-2.69,0.68,10.49,0.04,1.73,0.67
-4.03,0.92,9.88,-0.11,0.74,1.37,-4.44,0.47,10.84,0.13,1.57,0.90
-3.48,0.63,7.76,-0.55,0.82,1.87,-3.49,0.52,9.07,-0.40,0.87,1.58
-3.66,0.47,6.48,-0.75,0.44,1.99,-3.62,0.70,7.88,-0.72,0.64,1.96
-3.72,0.33,6.78,-0.96,0.29,1.77,-3.62,0.70,7.88,-0.72,0.64,1.96
-3.94,0.14,9.04,-1.00,0.84,1.11,-4.23,0.29,7.38,-1.05,0.52,1.61
-4.36,0.29,9.80,-0.46,0.55,0.69,-4.10,0.63,8.55,-0.79,0.82,0.80
-4.77,0.28,10.45,-0.14,0.43,0.38,-4.83,-0.21,9.03,-0.18,0.55,0.45
-5.19,0.46,9.87,-0.13,-0.57,0.16,-4.83,-0.21,9.03,-0.18,0.55,0.45
-4.63,0.10,9.26,-0.23,-1.13,0.10,-5.22,0.46,9.39,-0.17,-0.78,0.20
-4.24,-0.37,9.64,-0.10,-0.69,-0.21,-4.03,0.53,9.01,-0.25,-0.84,-0.02
-3.95,0.56,9.91,-0.15,-0.63,-0.69,-3.70,0.95,8.33,-0.11,-0.63,-0.59
-3.56,1.06,9.32,-0.38,-0.16,-0.08,-3.70,0.95,8.33,-0.11,-0.63,-0.59
-3.71,1.45,9.33,-0.46,-0.20,0.44,-3.20,1.06,8.22,-0.36,-0.09,0.10
-3.89,1.03,7.89,-1.36,0.30,1.24,-2.48,2.15,9.14,-1.37,0.41,1.21
-4.92,-0.04,7.45,-0.58,0.89,2.36,-2.48,2.15,9.14,-1.37,0.41,1.21
-4.60,-1.19,7.46,-0.18,0.42,1.48,-5.86,1.37,9.52,-0.51,0.88,2.22
-5.35,-1.07,8.04,0.39,-0.21,0.18,-5.19,0.69,8.51,0.37,0.32,0.93
-4.03,0.64,8.25,-0.00,-0.68,-0.16,-3.72,0.69,8.18,0.21,-0.64,-0.10
-4.28,-3.60,12.77,-0.19,-2.06,-0.02,-3.72,0.69,8.18,0.21,-0.64,-0.10
-2.13,1.07,8.10,-0.05,-1.58,0.04,-1.12,-2.92,7.85,0.26,-0.91,0.00
-2.40,-0.18,8.31,0.12,-2.04,0.07,-3.20,-0.33,7.72,0.07,-1.59,0.05
-2.08,0.92,9.43,0.65,0.08,-0.07,1.92,1.55,10.80,1.25,0.26,-0.23
-1.45,0.76,9.10,-0.05,0.17,-0.04,1.92,1.55,10.80,1.25,0.26,-0.23
-0.96,1.18,10.39,0.30,0.16,0.10,-1.06,0.32,9.58,-0.07,0.18,0.00
-1.88,0.10,9.82,-0.65,1.19,1.16,0.17,0.88,10.27,-0.18,0.80,0.32
-3.33,0.84,8.28,-0.44,0.64,2.20,-2.85,0.09,8.07,-0.43,1.06,2.06
-2.42,1.13,8.68,-1.19,-1.17,1.42,-2.85,0.09,8.07,-0.43,1.06,2.06
-0.27,-0.53,10.33,0.13,-1.87,0.13,-3.01,-0.54,9.38,-1.12,-1.35,1.16
0.80,-0.81,11.46,0.21,0.17,0.08,3.16,3.17,19.34,-0.17,-0.96,0.25
-0.85,-0.41,8.29,-0.08,-0.16,0.05,-0.22,1.00,10.71,-0.03,-0.02,0.04
0.14,-0.82,9.82,-0.34,-0.36,0.06,-0.22,1.00,10.71,-0.03,-0.02,0.04
0.12,-0.57,10.44,0.01,-0.20,0.02,0.56,-0.16,10.04,-0.29,-0.29,0.05
-0.16,-0.55,10.24,-0.16,-0.32,0.03,-0.84,0.26,10.85,-0.03,-0.18,0.03
-0.10,-0.52,8.30,0.02,-0.28,0.03,0.16,0.23,9.55,-0.03,-0.20,0.04
0.38,-0.91,8.25,0.03,-0.17,0.04,0.16,0.23,9.55,-0.03,-0.20,0.04
0.88,-0.49,8.59,0.17,-0.02,0.02,1.30,0.01,9.51,0.03,-0.08,0.04
1.22,0.08,9.98,0.05,-0.09,0.05,-0.46,-0.23,9.41,0.16,0.06,0.04
0.45,0.01,10.68,0.18,-0.00,0.06,0.94,0.56,9.98,0.18,0.04,0.05
-0.18,-0.51,8.61,0.10,-0.08,0.07,0.94,0.56,9.98,0.18,0.04,0.05
0.10,-0.86,8.48,0.02,-0.10,0.06,0.82,0.54,9.96,0.01,-0.03,0.07
0.25,-0.25,8.61,0.01,-0.02,0.05,-0.97,-1.09,10.24,0.05,-0.02,0.06
0.61,0.01,9.18,-0.05,-0.08,0.04,1.04,0.62,11.02,0.01,-0.14,0.04
0.46,-0.21,10.50,-0.05,-0.13,0.04,1.04,0.62,11.02,0.01,-0.14,0.04
0.22,-0.51,10.07,0.01,-0.15,0.04,-0.19,-0.37,10.02,-0.04,-0.08,0.04
-0.21,-0.98,8.86,0.04,-0.16,0.04,-0.29,-0.42,9.33,0.03,-0.08,0.05
0.33,-0.87,8.05,0.04,-0.21,0.05,0.50,0.44,10.98,-0.01,-0.14,0.05
0.66,-0.95,7.65,0.01,-0.19,0.05,0.50,0.44,10.98,-0.01,-0.14,0.05
0.88,-0.44,8.56,0.11,-0.12,0.04,-0.26,-0.74,10.06,0.02,-0.10,0.06
0.43,-0.33,10.60,0.10,-0.12,0.04,1.15,0.67,10.13,0.02,-0.08,0.05
0.12,-0.74,8.86,-0.02,-0.16,0.05,-0.37,0.03,9.77,0.08,-0.08,0.05
1.04,-0.54,8.20,0.13,-0.17,0.06,-0.37,0.03,9.77,0.08,-0.08,0.05
0.55,-0.86,8.16,0.21,-0.13,0.04,-0.52,-0.29,10.72,-0.02,-0.02,0.05
0.82,-0.34,8.64,0.04,-0.15,0.06,1.08,0.88,9.82,-0.05,-0.11,0.06
0.68,-0.07,11.98,-0.10,-0.18,0.07,0.05,-0.20,9.86,-0.01,-0.07,0.07
0.69,-0.40,10.94,0.06,-0.06,0.05,0.05,-0.20,9.86,-0.01,-0.07,0.07
0.10,-0.81,10.10,0.07,-0.05,0.05,1.37,0.01,9.82,0.05,0.04,0.06
0.27,-0.69,8.65,0.05,-0.08,0.05,0.86,0.75,10.26,0.06,0.01,0.06
0.50,-0.94,8.06,0.07,-0.11,0.06,0.70,-0.48,9.42,0.00,-0.05,0.07
0.90,-0.23,11.69,0.02,-0.09,0.06,0.70,-0.48,9.42,0.00,-0.05,0.07
0.74,0.09,12.19,0.07,-0.04,0.05,1.23,0.39,9.58,0.03,0.01,0.06
0.63,0.09,11.96,0.04,-0.08,0.05,0.98,-0.19,9.59,0.05,0.00,0.06
0.73,-0.08,11.22,0.02,-0.14,0.05,-0.46,-0.73,9.73,0.03,-0.05,0.06
0.69,-0.55,9.70,0.02,-0.16,0.05,-0.46,-0.73,9.73,0.03,-0.05,0.06
0.48,0.07,11.73,0.05,-0.16,0.05,0.22,-0.55,9.45,0.01,-0.10,0.06
0.70,0.26,11.51,0.02,-0.14,0.05,-0.40,-0.80,9.77,0.04,-0.08,0.06
0.68,0.06,10.67,0.04,-0.09,0.05,-0.13,-0.66,10.26,0.03,-0.04,0.06
0.87,-0.28,10.03,0.07,-0.06,0.05,-0.13,-0.66,10.26,0.03,-0.04,0.06
1.14,-0.42,9.93,0.12,-0.07,0.04,1.35,0.11,9.73,0.06,0.02,0.05
0.52,0.01,12.22,0.07,-0.03,0.05,-0.08,-0.31,10.95,0.08,0.05,0.05
0.65,0.23,11.91,0.03,-0.09,0.06,0.50,0.40,10.79,0.04,-0.02,0.06
0.68,-0.12,11.13,0.06,-0.05,0.05,0.50,0.40,10.79,0.04,-0.02,0.06
0.62,-0.48,9.57,0.05,-0.11,0.05,-0.06,-0.48,9.54,0.06,0.00,0.06
-0.08,-0.51,8.76,0.02,-0.14,0.05,-0.63,-0.91,9.59,0.02,-0.03,0.06
0.01,-0.68,11.48,0.10,-0.10,0.05,-0.48,-0.81,10.05,0.07,-0.03,0.06
0.65,0.00,10.51,0.04,-0.09,0.05,-0.48,-0.81,10.05,0.07,-0.03,0.06
0.63,-0.28,9.38,0.08,-0.06,0.04,-0.50,-0.64,9.70,0.04,-0.03,0.05
0.34,-0.85,8.13,0.08,-0.04,0.04,-0.68,-0.69,9.89,0.05,0.00,0.05
-0.16,-0.78,8.46,0.07,-0.04,0.04,-0.37,-0.47,10.35,0.05,0.02,0.04
0.11,-0.57,9.92,0.05,-0.08,0.04,-0.37,-0.47,10.35,0.05,0.02,0.04
-0.13,-1.00,7.98,0.01,-0.15,0.05,0.86,0.81,10.00,0.04,0.00,0.04
0.01,-0.86,9.12,0.04,-0.15,0.05,-0.51,-0.45,9.52,-0.01,-0.10,0.06
0.23,-0.34,11.19,0.01,-0.14,0.05,-0.41,-0.62,10.21,0.00,-0.09,0.07
0.64,0.14,12.29,-0.00,-0.18,0.05,-0.41,-0.62,10.21,0.00,-0.09,0.07
0.68,0.08,12.17,-0.03,-0.21,0.05,1.16,0.64,9.75,-0.02,-0.13,0.06
0.45,-0.55,10.90,0.04,-0.17,0.04,1.48,0.32,9.96,-0.04,-0.13,0.07
0.64,0.01,11.54,0.03,-0.17,0.03,1.11,0.03,9.92,0.03,-0.10,0.04
0.98,-0.34,10.61,0.00,-0.16,0.04,1.11,0.03,9.92,0.03,-0.10,0.04
0.88,-0.14,9.61,0.00,-0.16,0.04,1.63,0.03,9.77,0.03,-0.05,0.04
1.12,-1.39,8.90,0.13,-0.09,0.03,1.10,0.20,10.01,0.03,-0.04,0.04
0.84,-0.02,12.35,-0.12,-0.19,0.04,1.29,0.70,10.32,-0.03,-0.10,0.04
1.02,-0.52,11.09,0.08,-0.11,0.02,1.29,0.70,10.32,-0.03,-0.10,0.04
0.79,-0.46,9.14,-0.06,-0.20,0.03,-0.04,-1.07,10.50,0.09,-0.04,0.03
0.57,-1.26,8.05,0.10,-0.10,0.03,1.59,-0.17,9.93,-0.05,-0.11,0.04
-0.11,-0.72,8.15,0.06,-0.11,0.04,0.76,0.20,10.08,0.06,-0.02,0.04
0.99,-0.68,8.32,0.06,-0.11,0.05,0.76,0.20,10.08,0.06,-0.02,0.04
0.30,-0.55,8.06,0.03,-0.18,0.05,0.12,-0.80,10.32,0.06,-0.04,0.05
0.27,-1.10,8.77,0.15,-0.03,0.03,0.50,-0.84,10.38,-0.05,-0.11,0.06
0.54,-0.55,10.89,0.07,-0.08,0.03,1.16,-0.28,9.81,0.05,-0.02,0.04
0.68,-0.27,11.83,0.03,-0.13,0.03,1.16,-0.28,9.81,0.05,-0.02,0.04
0.06,-0.75,8.67,0.03,-0.12,0.04,0.01,-0.49,10.43,0.04,-0.07,0.04
0.33,-0.43,10.07,0.06,-0.09,0.04,-0.03,-0.89,10.37,0.03,-0.05,0.04
-0.06,0.90,12.01,0.11,-0.07,0.03,0.82,-0.31,10.71,0.16,0.10,0.04
1.23,-0.88,11.17,-0.04,-0.08,0.05,0.82,-0.31,10.71,0.16,0.10,0.04
0.82,-0.16,10.29,0.03,-0.09,0.04,0.08,-0.71,9.94,0.15,0.07,0.04
0.74,0.03,12.59,0.08,-0.07,0.04,0.04,-0.85,10.20,-0.03,-0.05,0.05
1.45,-1.35,10.68,-0.06,-0.29,0.06,0.37,-0.66,10.09,-0.23,-0.32,0.07
0.61,-1.00,9.09,0.31,0.08,0.01,0.37,-0.66,10.09,-0.23,-0.32,0.07
0.32,-0.32,8.12,0.04,-0.19,0.04,0.94,0.06,9.64,0.27,0.11,0.01
0.25,-0.65,7.73,0.03,-0.14,0.04,0.71,-0.03,9.56,-0.02,-0.08,0.03
0.15,-0.89,11.37,-0.03,-0.12,0.04,-0.35,-0.37,9.50,-0.01,-0.04,0.05
0.77,-0.31,11.28,-0.07,-0.11,0.05,-0.35,-0.37,9.50,-0.01,-0.04,0.05
1.09,-1.00,8.85,-0.09,-0.19,0.05,0.03,-0.38,9.89,-0.09,-0.07,0.05
0.87,-1.42,8.21,0.06,-0.14,0.03,-0.07,-0.76,10.26,0.05,-0.08,0.03
0.25,-1.27,8.04,0.02,-0.20,0.04,0.01,-0.76,10.47,0.00,-0.13,0.03
0.45,-0.84,8.55,0.04,-0.11,0.11,0.01,-0.76,10.47,0.00,-0.13,0.03
0.50,-0.78,8.71,0.20,0.00,0.03,1.99,0.20,9.80,0.02,-0.03,0.18
0.25,-0.98,8.29,0.15,-0.06,0.02,-0.26,-1.04,10.05,0.14,0.00,0.02
0.52,-0.66,9.53,-0.13,-0.24,0.08,0.07,-0.64,10.27,-0.16,-0.20,0.05
0.31,-0.02,11.27,0.23,0.02,0.03,0.07,-0.64,10.27,-0.16,-0.20,0.05
0.85,-0.28,11.06,0.11,-0.03,0.03,1.15,0.94,10.33,0.08,-0.02,0.04
0.23,-0.25,10.50,0.01,-0.14,0.03,1.24,0.06,10.12,0.11,0.07,0.04
0.72,-0.42,12.28,0.07,0.00,0.03,0.57,-0.63,9.68,-0.02,0.00,0.05
0.67,0.08,12.35,0.04,-0.08,0.03,0.57,-0.63,9.68,-0.02,0.00,0.05
0.81,-0.33,11.84,0.11,-0.04,0.02,1.22,0.46,10.16,-0.04,-0.05,0.03
0.13,0.25,10.58,0.07,-0.10,0.00,1.62,0.43,9.93,0.15,0.03,0.00
0.72,-0.11,11.20,-0.01,-0.17,0.01,0.75,-0.17,9.63,-0.09,-0.14,0.03
0.67,0.24,11.17,0.04,-0.13,0.01,0.75,-0.17,9.63,-0.09,-0.14,0.03
0.86,-0.28,9.89,0.05,-0.11,0.02,0.35,-0.39,10.63,0.02,-0.08,0.02
0.85,-0.53,9.04,0.07,-0.10,0.02,1.16,0.06,10.02,0.04,-0.05,0.02
0.46,-0.96,8.33,0.06,-0.13,0.02,0.89,-0.32,9.78,0.02,-0.06,0.03
1.05,-0.63,10.07,-0.01,-0.16,0.01,0.89,-0.32,9.78,0.02,-0.06,0.03
0.59,-0.55,8.65,0.06,-0.13,0.01,0.48,-0.82,10.78,0.01,-0.05,0.02
0.33,-1.51,8.24,0.05,-0.13,0.02,0.92,-0.30,10.69,-0.05,-0.10,0.02
-0.04,-0.80,8.32,0.13,-0.08,0.02,0.77,0.41,10.61,0.12,0.03,0.02
0.39,-0.54,10.10,-0.04,-0.14,0.03,0.77,0.41,10.61,0.12,0.03,0.02
0.56,-0.95,8.18,0.04,-0.11,0.03,0.00,-0.73,10.61,-0.02,-0.09,0.03
0.28,-0.47,9.19,0.08,-0.14,0.02,1.18,-0.36,10.56,0.05,-0.05,0.03
0.62,-0.99,10.97,0.02,-0.16,0.01,0.89,-0.22,10.41,-0.02,-0.07,0.02
1.06,-0.54,10.97,0.14,-0.06,-0.00,0.89,-0.22,10.41,-0.02,-0.07,0.02
0.67,0.23,11.22,-0.05,-0.17,-0.00,0.60,-0.78,9.93,0.18,0.07,0.00
0.37,-0.42,9.82,0.11,-0.08,-0.01,0.97,-0.06,10.58,0.00,-0.08,0.00
0.93,0.33,11.42,-0.12,-0.18,0.01,1.35,0.86,10.55,-0.04,-0.11,0.01
1.40,-0.66,12.12,0.10,-0.03,0.01,1.35,0.86,10.55,-0.04,-0.11,0.01
1.00,1.22,11.05,-0.06,-0.08,0.02,0.50,-0.45,9.11,0.22,0.08,0.00
1.73,-1.33,8.74,0.08,0.01,0.01,-0.60,-1.39,9.72,-0.38,-0.20,0.04
0.43,0.03,11.74,-0.07,-0.11,0.01,-0.77,0.73,10.95,0.24,0.05,-0.02
0.33,-0.61,9.11,0.14,-0.08,-0.01,-0.77,0.73,10.95,0.24,0.05,-0.02
0.80,0.44,8.91,-0.54,-0.35,0.16,0.40,0.12,9.45,0.16,-0.04,0.01
1.42,-2.71,7.93,0.29,-0.04,-0.02,-1.90,-3.30,7.59,-0.82,-0.15,-0.04
-0.81,-0.28,9.48,0.44,0.34,-0.02,0.59,0.32,9.11,0.82,0.46,0.01
0.28,-1.12,9.47,-0.21,-0.34,0.03,0.59,0.32,9.11,0.82,0.46,0.01
0.13,-1.08,7.88,0.26,-0.00,0.00,1.86,-0.08,9.26,-0.18,-0.21,0.03
-0.24,-1.51,8.70,-0.09,-0.26,0.02,-0.07,-0.20,10.11,0.05,-0.11,0.02
0.37,-1.10,8.98,0.11,-0.14,0.00,-0.25,-1.44,9.55,0.05,-0.11,0.01
0.31,-0.65,10.27,-0.04,-0.23,-0.01,-0.25,-1.44,9.55,0.05,-0.11,0.01
0.81,-1.53,11.08,-0.09,-0.26,-0.01,1.54,-0.27,10.29,-0.09,-0.17,0.00
0.63,-1.19,8.15,0.04,-0.25,-0.02,0.83,-0.37,9.53,0.10,-0.04,-0.01
0.79,-1.02,7.93,-0.03,-0.18,-0.00,-0.08,-0.95,10.33,0.04,-0.18,-0.00
0.39,-1.07,8.44,0.11,-0.11,-0.01,-0.08,-0.95,10.33,0.04,-0.18,-0.00
0.87,-0.65,9.98,0.16,-0.06,-0.01,0.43,-0.17,9.94,-0.00,-0.09,0.00
1.00,-0.27,11.57,-0.06,-0.16,-0.01,-0.29,-0.87,9.55,0.15,0.03,-0.00
0.30,-1.34,7.89,0.12,-0.12,0.00,0.62,-0.56,10.17,0.07,-0.03,-0.01
0.27,-1.08,7.86,0.19,-0.08,-0.02,0.62,-0.56,10.17,0.07,-0.03,-0.01
0.39,-1.74,8.20,0.12,-0.08,0.08,1.27,-0.12,9.49,0.15,-0.02,-0.01
0.36,-1.20,7.78,0.06,-0.06,0.09,0.52,-0.18,10.05,0.06,0.00,0.20
0.83,-0.94,8.59,0.00,-0.08,0.00,1.67,0.43,10.54,0.01,-0.00,-0.01
0.96,-0.01,12.55,0.12,-0.00,-0.01,1.67,0.43,10.54,0.01,-0.00,-0.01
0.98,-0.09,12.29,0.17,-0.04,-0.03,1.03,-0.05,11.14,-0.00,0.02,-0.01
0.95,-0.08,11.66,0.07,-0.06,-0.01,1.63,-0.05,10.17,0.03,-0.00,0.00
0.77,-0.39,11.29,0.08,-0.13,0.00,-0.29,0.31,10.15,0.03,-0.06,0.01
1.30,-0.79,11.16,0.09,-0.11,0.01,-0.29,0.31,10.15,0.03,-0.06,0.01
-0.26,-0.03,8.93,0.16,-0.11,0.01,0.05,-0.17,10.25,0.07,-0.14,0.05
0.44,-0.37,10.88,0.19,-0.03,-0.00,1.47,0.00,9.91,-0.26,-0.02,0.13
0.33,-0.50,12.29,0.05,-0.07,0.00,-0.20,-0.96,9.67,0.03,-0.03,0.02
0.48,-0.30,11.80,0.01,-0.10,-0.00,-0.20,-0.96,9.67,0.03,-0.03,0.02
0.31,-0.83,11.29,0.02,-0.10,0.01,1.32,-0.72,10.92,0.04,-0.01,0.03
0.08,-0.33,9.51,0.08,-0.05,0.02,1.54,-0.20,9.73,-0.00,-0.03,0.00
0.51,0.38,11.34,0.06,-0.03,0.01,-0.71,-1.11,10.70,0.04,0.02,0.03
0.37,-0.03,10.87,0.10,0.01,0.02,-0.71,-1.11,10.70,0.04,0.02,0.03
0.19,-0.62,9.86,0.13,0.07,0.08,-0.63,-0.48,9.78,0.11,0.08,0.04
-0.22,-0.79,8.14,0.16,0.11,0.04,0.96,0.57,9.74,0.09,0.16,0.06
0.38,-0.19,12.92,0.18,0.10,0.05,0.88,0.86,10.08,0.16,0.18,0.04
-0.09,-0.18,9.51,0.11,-0.02,0.02,0.88,0.86,10.08,0.16,0.18,0.04
-0.72,-0.92,7.95,0.06,-0.16,0.02,0.17,0.47,10.40,0.08,0.02,0.02
-0.26,-0.59,8.73,-0.02,-0.29,0.04,0.39,-0.02,9.89,-0.01,-0.17,0.03
0.13,-0.14,10.60,-0.09,-0.35,0.09,-0.93,-0.45,11.02,-0.10,-0.28,0.10
0.27,0.07,11.72,-0.12,-0.34,0.04,-0.93,-0.45,11.02,-0.10,-0.28,0.10
-0.22,-1.35,8.07,-0.04,-0.29,0.02,0.35,0.33,10.34,-0.12,-0.27,0.03
0.62,-0.56,8.45,0.00,-0.19,0.01,-0.38,-0.88,9.97,-0.04,-0.18,0.03
0.78,-0.30,10.64,0.05,-0.09,-0.01,0.90,0.12,10.24,0.00,-0.05,0.00
0.83,0.15,11.39,0.10,-0.03,-0.01,0.90,0.12,10.24,0.00,-0.05,0.00
0.26,-0.28,10.42,0.13,-0.00,0.01,0.32,0.19,10.81,0.11,0.04,0.00
0.57,0.01,10.31,0.08,-0.03,0.01,0.12,0.14,10.04,0.10,0.06,0.02
0.31,-0.52,13.21,0.13,0.03,0.01,0.97,0.26,9.89,0.05,0.03,0.02
0.71,-0.27,10.95,0.06,-0.06,0.02,0.97,0.26,9.89,0.05,0.03,0.02
-0.31,-0.53,8.40,0.07,-0.11,0.01,0.50,0.08,10.57,0.01,0.05,0.02
0.19,-0.52,7.80,0.05,-0.16,0.02,-0.45,-0.52,10.04,0.02,-0.07,0.02
0.61,-0.25,12.00,0.01,-0.20,0.00,1.18,-0.06,10.52,0.00,-0.10,0.01
0.01,-0.61,9.17,0.04,-0.21,0.01,1.18,-0.06,10.52,0.00,-0.10,0.01
0.12,-1.45,8.34,0.01,-0.19,0.02,1.40,-1.16,10.07,-0.02,-0.13,0.01
1.13,-0.02,8.00,0.00,-0.18,0.00,0.14,0.09,10.70,-0.03,-0.11,0.03
1.22,-0.54,11.44,0.01,-0.17,0.00,-0.18,-0.75,10.51,0.00,-0.10,0.01
0.17,-1.12,8.31,0.01,-0.16,0.00,-0.18,-0.75,10.51,0.00,-0.10,0.01
1.10,-0.14,7.52,0.01,-0.12,0.01,-0.61,-1.04,10.36,-0.01,-0.09,0.02
0.37,0.24,11.88,0.07,-0.03,0.01,1.85,0.11,9.70,0.04,-0.02,0.02
0.22,0.08,11.65,0.10,-0.00,0.03,1.25,0.38,10.42,0.09,0.06,0.03
0.23,-0.99,8.94,0.11,0.02,0.03,1.25,0.38,10.42,0.09,0.06,0.03
0.38,-0.02,11.92,0.14,0.06,0.03,0.67,-0.26,11.17,0.09,0.11,0.03
0.21,-0.01,11.62,0.12,0.00,0.02,0.36,-0.43,9.65,0.12,0.11,0.03
-0.07,-0.42,10.08,0.06,-0.12,0.02,-0.21,-0.31,11.22,0.05,-0.03,0.03
-0.14,-0.73,8.29,0.02,-0.19,0.03,-0.21,-0.31,11.22,0.05,-0.03,0.03
0.17,-0.57,8.24,-0.01,-0.21,0.03,0.95,0.74,9.59,-0.02,-0.13,0.03
0.68,-0.59,10.46,-0.07,-0.21,0.02,-0.88,-0.56,9.53,-0.02,-0.14,0.03
-0.14,-1.00,8.23,-0.03,-0.23,0.01,1.06,1.02,10.20,-0.02,-0.13,0.01
0.20,-0.68,7.86,-0.02,-0.23,0.01,1.06,1.02,10.20,-0.02,-0.13,0.01
0.77,-0.28,9.96,0.00,-0.18,0.01,0.89,0.04,10.53,-0.06,-0.15,0.01
0.54,-0.19,12.14,-0.01,-0.13,0.01,0.16,-0.61,9.39,-0.01,-0.11,0.02
0.59,-0.29,11.42,0.08,-0.08,0.00,0.94,0.10,9.64,0.05,-0.03,0.00
0.71,-0.47,8.87,0.09,-0.08,0.00,0.94,0.10,9.64,0.05,-0.03,0.00
0.66,-0.04,11.03,0.05,-0.10,0.01,1.06,0.05,9.73,0.05,-0.04,0.01
0.84,-0.12,12.06,-0.01,-0.14,0.03,0.17,-0.54,10.75,0.01,-0.06,0.03
0.54,-1.08,10.44,0.02,-0.14,0.03,1.22,-0.18,9.65,-0.01,-0.08,0.03
0.05,-1.14,7.67,0.11,-0.06,0.03,1.22,-0.18,9.65,-0.01,-0.08,0.03
0.41,-0.52,11.35,0.07,-0.04,0.02,-0.53,-0.87,9.91,0.08,0.02,0.03
0.00,-0.81,8.70,0.13,-0.01,0.02,1.59,-0.07,9.86,0.07,0.04,0.02
0.34,-0.70,8.55,0.05,-0.06,0.02,-0.56,-0.50,10.69,0.05,0.02,0.03
0.81,-0.32,11.04,0.07,-0.09,0.02,-0.56,-0.50,10.69,0.05,0.02,0.03
0.57,-0.02,12.13,0.00,-0.18,0.02,-0.62,-0.71,10.37,0.07,-0.04,0.03
1.00,-0.69,8.53,-0.05,-0.24,0.02,1.32,0.22,10.15,-0.05,-0.15,0.02
1.28,-0.22,11.30,0.00,-0.18,0.02,1.43,-0.01,9.56,-0.05,-0.16,0.02
0.94,-0.38,11.76,0.00,-0.20,0.01,1.43,-0.01,9.56,-0.05,-0.16,0.02
0.25,-0.78,8.40,0.03,-0.17,0.01,1.58,0.05,9.61,-0.01,-0.10,0.01
0.34,-1.03,7.83,0.07,-0.13,0.02,-0.00,-0.53,10.57,0.03,-0.04,0.02
0.76,-0.66,11.05,0.06,-0.10,0.02,1.51,-0.33,9.33,-0.04,-0.11,0.02
0.40,-1.12,8.79,0.03,-0.15,0.02,1.51,-0.33,9.33,-0.04,-0.11,0.02
0.67,-0.67,8.09,0.03,-0.10,0.03,0.08,-0.61,9.27,-0.00,-0.08,0.03
1.00,-0.70,9.76,0.17,0.01,0.02,1.64,-0.59,9.77,0.04,-0.04,0.03
0.49,-0.48,12.02,-0.04,-0.12,0.03,-0.63,-0.66,9.83,-0.01,-0.00,0.04
0.34,-0.87,7.99,0.26,0.09,0.01,-0.63,-0.66,9.83,-0.01,-0.00,0.04
0.78,-0.57,10.87,-0.13,-0.13,0.03,0.15,-0.51,10.15,0.28,0.15,0.01
0.77,-0.47,12.32,-0.01,-0.17,0.03,0.57,0.04,9.67,-0.04,-0.09,0.03
0.47,-0.70,10.76,0.06,-0.10,0.03,1.07,-0.32,10.58,0.06,-0.05,0.02
0.12,-1.10,7.82,0.10,-0.06,0.03,1.07,-0.32,10.58,0.06,-0.05,0.02
0.71,-0.22,12.41,0.06,-0.08,0.03,0.92,0.04,10.89,0.06,0.03,0.03
0.49,-1.25,11.40,-0.23,-0.16,0.07,0.20,-0.10,9.61,-0.06,-0.05,0.03
0.15,-1.22,7.97,0.09,-0.06,0.04,0.86,-0.93,10.01,-0.01,-0.08,0.05
-0.44,0.56,8.89,-0.04,-0.06,0.04,0.86,-0.93,10.01,-0.01,-0.08,0.05
0.66,-0.38,10.19,0.19,-0.00,0.03,0.96,-0.40,10.15,-0.30,-0.19,0.05
1.12,-0.73,8.64,0.07,-0.10,0.04,0.14,-0.41,11.10,-0.00,-0.07,0.05
0.31,-1.33,8.12,0.15,-0.03,0.04,1.46,-0.58,9.00,0.02,-0.03,0.04
0.54,-0.99,8.67,-0.05,-0.16,0.04,1.46,-0.58,9.00,0.02,-0.03,0.04
0.99,-0.14,10.02,0.10,-0.08,0.03,1.40,-0.03,10.32,-0.11,-0.11,0.05
1.11,-0.81,12.01,0.15,-0.05,0.03,0.21,-0.61,9.97,-0.07,-0.11,0.05
0.97,-0.52,11.98,-0.18,-0.27,0.05,0.88,-0.23,9.62,-0.15,-0.22,0.04
0.48,-1.04,7.96,-0.02,-0.14,0.03,0.88,-0.23,9.62,-0.15,-0.22,0.04
1.05,-0.26,9.63,0.13,-0.02,0.01,1.40,-0.23,9.61,-0.08,-0.07,0.04
1.13,-0.39,11.61,0.03,-0.08,0.03,-0.56,-0.43,10.63,-0.09,-0.12,0.03
0.78,-0.08,12.11,0.13,-0.04,0.02,1.17,0.22,10.11,0.18,0.05,0.01
0.76,-1.15,9.73,0.26,-0.00,0.03,1.17,0.22,10.11,0.18,0.05,0.01
0.91,-0.70,9.70,-0.10,-0.22,0.06,0.14,-0.00,9.58,0.24,0.07,0.04
0.75,-0.01,12.22,0.12,-0.07,0.05,0.30,-0.85,10.92,0.14,0.03,0.06
0.44,-0.55,9.61,0.06,-0.18,0.03,1.40,0.11,10.79,0.03,-0.11,0.03
0.11,-0.96,8.10,0.02,-0.19,0.03,1.40,0.11,10.79,0.03,-0.11,0.03
0.31,-0.07,11.68,0.14,-0.06,0.02,2.04,-0.19,9.21,-0.00,-0.08,0.03
0.98,-0.45,10.59,-0.05,-0.19,0.04,-0.51,-0.91,9.84,-0.10,-0.09,0.03
-0.37,-0.55,8.92,0.10,-0.15,0.03,-0.51,-0.91,9.84,-0.10,-0.09,0.03
-0.89,-1.75,8.58,0.18,-0.11,0.02,0.58,-0.04,10.02,-0.08,-0.15,0.05
1.15,-1.09,9.45,0.04,-0.16,0.03,0.74,0.07,10.87,-0.19,-0.08,0.03
0.40,-1.44,8.92,-0.25,-0.29,0.04,0.46,-0.41,9.72,-0.20,-0.20,0.03
0.77,-0.84,8.69,0.16,-0.11,0.02,0.46,-0.41,9.72,-0.20,-0.20,0.03
1.03,-1.65,8.30,-0.03,-0.22,0.02,1.02,-0.28,10.05,0.10,-0.06,0.03
1.34,-0.29,9.54,0.05,-0.17,0.01,1.84,-0.37,9.77,0.05,-0.09,0.01
1.36,-0.72,12.21,0.03,-0.16,0.02,0.23,-1.06,9.76,0.01,-0.12,0.02
0.99,-1.03,7.99,0.00,-0.17,0.02,0.23,-1.06,9.76,0.01,-0.12,0.02
1.60,-0.70,10.08,0.04,-0.12,0.03,0.33,-1.06,9.34,0.00,-0.11,0.03
1.38,-0.60,11.86,0.06,-0.04,0.04,1.95,-0.18,9.91,0.01,-0.05,0.04
0.77,-1.03,10.51,0.01,-0.10,0.03,0.35,-1.02,9.99,-0.04,-0.05,0.04
0.29,-1.09,7.89,0.06,-0.08,0.02,0.35,-1.02,9.99,-0.04,-0.05,0.04
0.34,-1.68,10.05,0.07,0.08,0.04,1.47,-0.27,10.15,-0.01,-0.05,0.03
0.24,-0.80,8.26,0.08,-0.09,0.03,0.38,-0.71,10.01,0.29,0.08,0.01
1.70,-0.78,10.04,0.16,0.01,0.03,2.01,-0.53,9.46,0.06,-0.00,0.03
0.90,-0.83,12.47,0.03,-0.06,0.03,2.01,-0.53,9.46,0.06,-0.00,0.03
0.31,-0.76,9.70,0.11,-0.10,0.03,1.80,-0.25,10.05,0.04,-0.01,0.03
0.51,-1.62,11.26,0.02,-0.16,0.04,1.36,0.03,9.80,-0.04,-0.11,0.04
0.87,-0.25,11.83,-0.02,-0.18,0.04,0.03,-0.62,10.69,0.00,-0.08,0.05
0.13,-0.64,8.54,0.12,-0.10,0.05,0.03,-0.62,10.69,0.00,-0.08,0.05
0.95,-1.34,8.29,0.00,-0.13,0.06,0.14,-0.31,10.71,0.07,-0.04,0.05
1.16,-0.37,10.94,0.08,-0.03,0.07,1.20,-0.47,9.58,-0.05,-0.05,0.07
0.93,-0.34,12.01,0.03,-0.08,0.07,1.07,-0.29,9.41,0.02,0.00,0.07
1.05,-0.54,11.11,0.08,-0.02,0.07,1.07,-0.29,9.41,0.02,0.00,0.07
0.61,-0.54,11.33,0.07,-0.06,0.07,1.22,-0.33,9.60,0.06,0.03,0.08
0.10,-0.73,8.53,0.05,-0.13,0.06,0.79,-0.30,11.16,0.06,-0.02,0.08
0.97,-0.81,8.83,0.03,-0.14,0.08,-0.13,-0.70,9.71,0.05,-0.07,0.08
0.70,-0.21,12.08,0.08,-0.05,0.07,-0.13,-0.70,9.71,0.05,-0.07,0.08
0.18,-1.40,7.87,0.14,-0.04,0.09,-0.34,-0.54,9.64,0.06,0.00,0.08
0.76,-0.66,10.52,0.13,-0.02,0.09,-0.30,-0.74,10.05,0.09,0.03,0.10
0.56,-0.08,12.17,-0.03,-0.16,0.10,1.00,0.56,10.17,0.00,-0.07,0.10
0.09,-0.41,8.93,0.07,-0.19,0.10,1.00,0.56,10.17,0.00,-0.07,0.10
0.47,-1.06,8.13,0.01,-0.22,0.11,1.33,0.34,9.84,-0.00,-0.14,0.10
0.81,-0.51,10.12,0.10,-0.14,0.11,-0.00,-0.47,10.55,0.02,-0.11,0.11
0.49,-1.22,8.13,-0.06,-0.18,0.12,1.09,-0.31,10.62,-0.08,-0.17,0.12
0.80,-1.21,9.00,0.03,-0.17,0.12,1.09,-0.31,10.62,-0.08,-0.17,0.12
1.02,-0.48,10.57,0.04,-0.14,0.12,-0.14,-0.73,10.24,-0.01,-0.12,0.13
1.21,-0.16,12.20,0.02,-0.12,0.13,1.40,0.07,9.76,0.02,-0.07,0.13
0.54,-0.82,8.14,0.10,-0.05,0.14,0.05,-0.59,9.82,0.10,0.01,0.14
0.82,-0.69,10.02,0.11,-0.02,0.14,0.05,-0.59,9.82,0.10,0.01,0.14
0.73,-0.43,12.14,0.05,-0.05,0.15,-0.21,-0.69,9.55,0.11,0.05,0.15
0.41,-0.74,11.64,0.08,-0.05,0.14,0.42,-0.38,9.52,0.07,0.04,0.15
-0.11,-0.53,9.99,0.10,-0.03,0.14,-0.61,-1.48,10.78,0.07,0.03,0.14
0.84,-0.69,9.24,0.10,-0.02,0.14,-0.61,-1.48,10.78,0.07,0.03,0.14
0.65,-0.64,9.82,0.11,0.05,0.14,-0.12,-0.55,9.21,0.10,0.07,0.15
0.45,-0.27,10.24,0.16,0.14,0.14,0.31,-0.28,10.87,0.12,0.15,0.14
0.10,0.47,11.76,0.15,0.16,0.12,0.72,-0.18,10.04,0.13,0.22,0.13
-0.07,0.11,12.06,0.13,0.12,0.12,0.72,-0.18,10.04,0.13,0.22,0.13
-1.03,-0.25,8.52,0.13,0.05,0.12,-0.96,0.17,9.78,0.11,0.19,0.12
0.08,0.22,11.17,0.02,-0.12,0.11,-0.33,0.20,10.65,0.01,0.00,0.12
-0.49,0.53,12.36,-0.02,-0.19,0.10,-0.84,0.01,9.50,0.00,-0.09,0.12
-0.94,-0.06,10.87,-0.03,-0.26,0.10,-0.84,0.01,9.50,0.00,-0.09,0.12
-0.79,-0.34,8.95,-0.04,-0.32,0.09,-0.19,0.04,9.95,-0.06,-0.20,0.11
-0.51,-0.76,8.00,-0.00,-0.26,0.10,0.70,0.11,10.11,-0.05,-0.22,0.11
-0.24,-0.09,11.21,0.03,-0.18,0.11,-0.95,-0.23,10.57,0.02,-0.12,0.12
-0.36,-0.58,9.88,0.02,-0.18,0.11,-0.95,-0.23,10.57,0.02,-0.12,0.12
-0.70,-0.75,7.91,0.04,-0.18,0.12,-1.02,-0.56,10.13,0.00,-0.11,0.12
-0.05,-0.62,8.03,0.02,-0.18,0.11,0.69,0.26,10.40,-0.03,-0.11,0.12
0.64,-0.24,9.97,-0.01,-0.17,0.12,-0.44,-0.22,10.69,-0.01,-0.10,0.12
-0.41,-0.37,9.32,0.04,-0.14,0.11,-0.44,-0.22,10.69,-0.01,-0.10,0.12
-0.47,-0.83,7.95,0.05,-0.10,0.12,-0.68,-0.48,10.32,0.01,-0.06,0.12
0.06,-0.72,8.66,0.04,-0.10,0.12,1.15,0.31,10.09,0.03,-0.01,0.12
0.54,-0.47,9.83,0.05,-0.08,0.11,-0.95,-0.80,9.96,0.04,-0.02,0.12
0.23,-0.09,11.39,0.04,-0.07,0.11,-0.95,-0.80,9.96,0.04,-0.02,0.12
-0.09,-0.73,8.33,0.06,-0.08,0.13,-0.85,-0.65,9.45,0.04,-0.00,0.12
0.47,-0.38,9.53,0.05,-0.09,0.13,-0.11,-0.28,9.42,0.02,-0.02,0.14
0.32,-0.26,10.95,0.03,-0.11,0.13,0.57,-0.03,11.10,0.01,-0.04,0.13
0.11,0.08,11.77,0.05,-0.11,0.12,0.57,-0.03,11.10,0.01,-0.04,0.13
-0.26,-0.56,10.25,0.08,-0.11,0.13,-0.25,-0.43,11.05,0.03,-0.05,0.14
0.17,-0.21,11.42,0.07,-0.09,0.12,0.18,-0.14,9.47,0.06,-0.04,0.13
0.03,0.08,11.42,0.11,-0.04,0.13,0.66,0.18,9.47,0.09,0.01,0.13
-0.11,-0.27,10.28,0.11,-0.05,0.15,0.66,0.18,9.47,0.09,0.01,0.13
-0.63,-0.62,8.02,0.10,-0.09,0.15,0.85,0.45,9.90,0.08,0.02,0.15
0.22,-0.22,8.81,0.04,-0.16,0.15,-0.86,-0.02,10.53,0.04,-0.06,0.15
-0.30,-0.35,9.35,-0.03,-0.23,0.16,0.47,0.49,9.88,-0.04,-0.15,0.16
-0.06,-0.69,8.13,-0.02,-0.24,0.16,0.47,0.49,9.88,-0.04,-0.15,0.16
0.74,-0.55,9.73,-0.00,-0.15,0.17,-0.88,-0.58,9.93,-0.04,-0.16,0.18
0.38,0.41,11.57,0.01,-0.08,0.17,0.92,0.34,9.71,0.00,-0.04,0.17
-0.03,-0.16,11.19,0.04,-0.08,0.18,-0.63,-0.11,10.55,0.03,0.00,0.19
0.27,-0.46,11.42,0.05,-0.10,0.19,-0.63,-0.11,10.55,0.03,0.00,0.19
-0.11,-0.35,11.22,0.02,-0.12,0.18,-1.09,-0.38,10.31,0.03,-0.02,0.20
-0.47,-0.47,9.30,0.04,-0.13,0.18,0.65,0.10,9.70,0.02,-0.04,0.19
-0.09,-0.67,8.33,0.06,-0.13,0.16,0.97,-0.03,10.17,0.03,-0.06,0.17
0.55,-0.41,10.62,0.06,-0.10,0.15,0.97,-0.03,10.17,0.03,-0.06,0.17
0.21,0.03,8.06,0.06,-0.09,0.14,1.17,0.36,10.00,0.05,-0.03,0.16
0.28,-0.62,8.88,0.07,-0.12,0.13,-1.03,-0.77,10.08,0.07,-0.03,0.14
0.50,-0.11,11.51,0.03,-0.16,0.12,0.93,0.01,10.04,0.02,-0.09,0.13
0.33,-0.04,11.57,-0.00,-0.21,0.11,0.93,0.01,10.04,0.02,-0.09,0.13
-0.11,-0.34,10.01,-0.00,-0.22,0.11,1.30,0.31,9.77,-0.02,-0.15,0.12
-0.16,-1.05,8.33,0.01,-0.19,0.11,0.90,0.70,9.98,-0.03,-0.12,0.11
0.51,0.01,12.13,-0.02,-0.16,0.10,-0.53,-0.37,9.35,-0.01,-0.10,0.11
0.08,-0.30,9.94,0.03,-0.12,0.10,-0.53,-0.37,9.35,-0.01,-0.10,0.11
-0.00,-0.88,8.01,0.08,-0.06,0.08,0.03,-0.30,9.31,0.02,-0.04,0.10
0.59,-0.37,8.80,0.11,-0.04,0.06,0.82,0.62,10.52,0.07,0.03,0.08
0.63,0.11,11.88,0.09,-0.04,0.04,0.61,0.08,10.79,0.09,0.02,0.05
-0.22,-0.92,8.00,0.11,-0.11,0.02,0.61,0.08,10.79,0.09,0.02,0.05
0.62,0.04,9.86,0.06,-0.13,0.00,0.74,0.28,10.69,0.06,-0.04,0.02
0.41,0.41,12.36,0.06,-0.11,-0.01,-0.55,-0.18,9.98,0.05,-0.07,0.01
-0.15,-0.49,9.54,0.06,-0.09,-0.01,0.94,0.77,9.76,0.03,-0.03,-0.01
-0.28,-1.37,7.90,0.05,-0.08,-0.00,0.94,0.77,9.76,0.03,-0.03,-0.01
0.22,-0.14,12.13,0.01,-0.08,0.00,1.00,0.05,9.43,0.00,-0.01,-0.01
-0.12,-0.74,9.33,-0.01,-0.12,0.03,0.98,0.51,10.35,-0.04,-0.04,0.02
-0.20,-1.23,7.91,0.02,-0.08,0.05,-0.50,-0.68,9.72,-0.02,-0.02,0.05
0.53,-0.51,9.40,0.04,-0.06,0.05,-0.50,-0.68,9.72,-0.02,-0.02,0.05
0.31,0.06,11.63,0.01,-0.11,0.05,-0.79,-0.33,9.29,0.03,-0.01,0.05
0.44,-0.54,8.76,0.04,-0.15,0.05,0.93,0.37,10.38,0.02,-0.06,0.06
0.51,-0.40,11.76,0.07,-0.13,0.04,0.86,0.43,10.39,0.06,-0.07,0.06
-0.04,-0.22,10.94,0.07,-0.11,0.05,0.86,0.43,10.39,0.06,-0.07,0.06
-0.52,-0.95,8.01,0.11,-0.09,0.05,0.77,0.39,10.21,0.06,-0.04,0.05
0.29,-0.33,8.86,0.12,-0.03,0.06,-1.06,-0.45,9.62,0.09,0.01,0.06
-0.11,-0.23,9.88,0.10,0.02,0.08,1.23,0.75,10.01,0.09,0.08,0.07
-0.55,-0.88,7.88,0.13,0.02,0.09,1.23,0.75,10.01,0.09,0.08,0.07
0.37,0.09,9.30,0.06,-0.02,0.09,0.88,0.90,9.78,0.08,0.10,0.08
0.16,0.23,12.32,0.01,-0.10,0.10,0.67,0.74,10.14,0.03,0.00,0.09
-0.24,-0.39,11.53,-0.01,-0.17,0.11,-1.18,-0.52,9.88,-0.02,-0.09,0.12
0.34,-0.18,10.40,-0.01,-0.24,0.12,-1.18,-0.52,9.88,-0.02,-0.09,0.12
-0.02,0.27,11.70,-0.04,-0.26,0.12,-1.21,-0.49,9.70,-0.05,-0.17,0.13
-0.08,-0.59,10.77,-0.02,-0.25,0.12,0.85,0.26,9.90,-0.06,-0.19,0.13
-0.29,-0.95,7.99,0.01,-0.23,0.12,0.97,0.42,10.19,-0.01,-0.15,0.12
-0.01,-0.75,8.46,0.02,-0.21,0.12,0.97,0.42,10.19,-0.01,-0.15,0.12
0.50,-0.59,10.78,0.05,-0.17,0.12,0.41,-0.30,10.98,-0.00,-0.13,0.13
-0.10,-0.78,9.26,0.05,-0.18,0.12,0.66,-0.25,9.46,0.01,-0.11,0.13
0.03,-0.98,8.29,0.05,-0.15,0.13,-0.12,-0.43,10.88,0.03,-0.08,0.14
0.76,-0.29,8.87,0.06,-0.11,0.13,-0.12,-0.43,10.88,0.03,-0.08,0.14
0.65,-0.04,11.26,0.08,-0.03,0.12,-0.17,-0.22,9.92,0.05,-0.04,0.14
0.41,-0.11,11.29,0.12,0.04,0.11,-0.78,-0.33,10.12,0.10,0.08,0.12
0.74,0.53,11.09,0.10,-0.00,0.06,1.19,0.73,9.93,0.10,0.07,0.08
0.43,0.34,12.32,0.07,-0.00,0.05,1.19,0.73,9.93,0.10,0.07,0.08
-0.36,0.24,10.34,0.15,0.03,0.01,1.18,0.85,10.01,0.06,0.06,0.04
-0.85,-0.14,8.36,0.10,-0.04,-0.02,-1.28,0.06,10.32,0.12,0.08,-0.00
-0.24,-0.26,8.58,0.05,-0.11,-0.03,-1.40,-0.08,9.59,0.02,-0.04,-0.03
-0.80,-0.74,10.53,0.05,-0.08,-0.02,-1.40,-0.08,9.59,0.02,-0.04,-0.03
-1.02,-1.15,8.06,0.04,-0.12,-0.02,-0.86,-0.30,10.37,0.05,-0.02,-0.02
0.15,-0.08,9.66,-0.04,-0.15,-0.01,0.30,0.42,9.78,-0.02,-0.08,-0.02
0.59,0.28,12.19,0.05,0.02,0.00,-0.23,-0.54,10.55,0.00,0.02,0.00
-0.82,-0.32,9.24,0.12,0.11,0.01,-0.23,-0.54,10.55,0.00,0.02,0.00
-0.43,0.50,12.05,-0.02,-0.10,0.01,0.12,0.36,9.77,0.09,0.15,0.00
-0.80,-0.34,9.37,0.00,-0.22,0.04,0.02,0.25,11.03,-0.03,-0.08,0.03
-0.47,-0.92,8.34,0.01,-0.29,0.03,-1.29,-0.51,9.54,-0.02,-0.21,0.05
0.41,-0.91,9.70,0.01,-0.27,0.02,-1.29,-0.51,9.54,-0.02,-0.21,0.05
0.18,0.32,11.53,0.05,-0.18,0.01,-0.29,-0.35,9.38,0.02,-0.19,0.03
-0.09,-0.53,8.43,0.08,-0.12,0.02,0.55,-0.00,11.09,0.04,-0.09,0.02
0.38,-0.48,9.80,0.03,-0.14,0.01,-0.47,-0.22,11.08,0.03,-0.07,0.02
0.05,0.08,11.09,-0.01,-0.17,0.00,-0.47,-0.22,11.08,0.03,-0.07,0.02
0.33,-0.17,11.70,-0.03,-0.19,0.01,-1.04,-0.44,10.41,-0.03,-0.13,0.02
-0.13,-0.61,10.02,-0.02,-0.21,0.01,0.96,0.27,9.37,-0.02,-0.13,0.02
0.36,0.24,11.36,0.05,-0.18,-0.00,-0.33,-0.23,10.34,0.01,-0.13,0.01
0.23,0.19,11.22,0.06,-0.10,-0.04,-0.33,-0.23,10.34,0.01,-0.13,0.01
-0.16,-0.16,8.95,0.13,0.06,-0.04,1.18,0.65,9.73,0.07,-0.01,-0.03
-0.09,-0.52,8.52,0.24,0.19,-0.06,-0.48,-0.33,9.96,0.15,0.20,-0.04
0.06,0.34,10.87,0.14,0.11,-0.07,0.55,1.07,9.73,0.14,0.18,-0.07
-0.08,-0.33,8.30,0.09,0.00,-0.07,0.55,1.07,9.73,0.14,0.18,-0.07
0.05,-0.07,9.16,0.11,-0.01,-0.07,0.61,0.81,10.11,0.06,0.05,-0.06
-0.08,-0.27,11.56,0.04,-0.06,-0.07,-1.33,-0.17,10.50,0.08,0.04,-0.06
-0.47,0.29,11.51,0.00,-0.17,-0.07,-1.49,-0.66,9.77,0.01,-0.08,-0.06
-0.61,-0.29,10.18,-0.09,-0.34,-0.07,-1.49,-0.66,9.77,0.01,-0.08,-0.06
-0.43,-0.83,7.79,-0.09,-0.39,-0.08,-1.28,-0.39,9.25,-0.11,-0.30,-0.06
-0.38,-0.35,10.78,-0.03,-0.30,-0.08,0.80,0.43,9.70,-0.10,-0.28,-0.07
-0.40,-0.67,8.26,0.05,-0.19,-0.07,-0.83,-0.54,9.95,0.00,-0.16,-0.06
0.38,-0.73,8.93,0.09,-0.06,-0.06,-0.83,-0.54,9.95,0.00,-0.16,-0.06
0.39,-0.10,11.90,0.15,0.09,-0.04,0.90,0.40,10.00,0.06,0.03,-0.06
-0.46,0.04,11.38,0.14,0.14,-0.02,-1.28,-0.37,9.84,0.15,0.20,-0.02
0.02,0.03,10.52,0.09,0.07,-0.01,0.61,0.53,10.16,0.09,0.16,-0.01
0.00,0.13,12.46,0.02,-0.02,-0.00,0.61,0.53,10.16,0.09,0.16,-0.01
-1.03,-0.43,9.88,0.05,-0.12,-0.02,0.69,0.55,9.96,0.00,0.03,-0.00
-0.55,-0.70,7.81,-0.01,-0.26,-0.03,-1.45,-0.46,10.74,-0.00,-0.11,-0.02
0.59,-0.20,10.22,-0.03,-0.32,-0.05,-1.09,-0.46,10.31,-0.04,-0.25,-0.04
-0.64,-0.71,8.03,-0.03,-0.38,-0.07,-1.09,-0.46,10.31,-0.04,-0.25,-0.04
0.38,-0.17,8.30,-0.04,-0.37,-0.09,-0.60,-0.40,10.37,-0.06,-0.30,-0.06
0.87,0.07,11.68,-0.02,-0.24,-0.11,1.15,0.74,9.49,-0.07,-0.26,-0.09
0.41,0.04,11.21,0.06,-0.12,-0.14,0.09,-0.26,10.53,0.02,-0.09,-0.13
-0.35,-0.59,7.70,0.08,-0.03,-0.17,0.09,-0.26,10.53,0.02,-0.09,-0.13
0.26,0.15,11.73,0.11,0.03,-0.21,0.73,0.18,9.16,0.06,0.04,-0.18
-0.37,-0.33,8.32,0.17,0.06,-0.21,0.82,0.68,10.74,0.10,0.09,-0.22
-0.08,-0.13,8.59,0.17,0.11,-0.20,-1.03,-0.09,9.80,0.14,0.17,-0.19
0.26,0.12,11.52,0.11,0.08,-0.18,-1.03,-0.09,9.80,0.14,0.17,-0.19
-0.00,-0.03,11.97,0.07,-0.02,-0.17,-0.98,-0.28,9.78,0.11,0.12,-0.18
0.43,-0.08,9.82,0.01,-0.19,-0.19,0.79,0.40,10.35,0.03,-0.04,-0.18
0.25,0.17,12.28,-0.06,-0.24,-0.19,0.92,0.61,10.20,-0.07,-0.19,-0.19
-0.10,-0.76,10.89,-0.03,-0.22,-0.18,0.92,0.61,10.20,-0.07,-0.19,-0.19
-0.77,-0.99,7.94,0.05,-0.16,-0.18,0.67,-0.08,10.33,-0.05,-0.15,-0.18
0.30,-0.73,8.37,0.08,-0.10,-0.18,-0.49,-0.30,9.69,0.00,-0.09,-0.18
-0.25,-0.55,10.22,0.09,-0.02,-0.16,0.68,0.49,10.45,0.07,0.03,-0.16
-0.89,-1.11,7.95,0.11,-0.01,-0.13,0.68,0.49,10.45,0.07,0.03,-0.16
0.05,-0.40,9.09,0.07,-0.06,-0.12,-0.00,0.36,9.80,0.07,0.05,-0.13
0.23,-0.22,11.71,-0.00,-0.13,-0.12,-0.33,-0.29,10.96,0.01,-0.05,-0.11
-0.07,0.16,11.47,0.02,-0.14,-0.13,-0.04,-0.17,9.38,0.00,-0.09,-0.12
-0.36,-0.38,9.69,0.03,-0.17,-0.14,-0.04,-0.17,9.38,0.00,-0.09,-0.12
0.46,-0.39,11.73,0.01,-0.22,-0.15,0.42,-0.21,9.85,0.00,-0.12,-0.13
0.22,0.09,11.53,-0.05,-0.27,-0.17,0.22,-0.26,11.25,-0.02,-0.19,-0.15
0.25,-0.11,10.39,-0.03,-0.29,-0.19,-0.14,-0.18,10.83,-0.06,-0.23,-0.18
-0.12,-0.51,7.87,-0.02,-0.25,-0.21,-0.14,-0.18,10.83,-0.06,-0.23,-0.18
0.68,-0.43,8.22,0.04,-0.16,-0.24,-0.37,-0.04,10.07,-0.04,-0.17,-0.21
0.31,-0.66,10.81,0.08,-0.05,-0.25,1.07,0.62,9.49,0.02,-0.06,-0.25
0.19,-0.43,8.01,0.17,0.03,-0.26,-0.19,-0.36,9.92,0.14,0.09,-0.25
0.35,-0.38,8.14,0.14,0.01,-0.27,-0.19,-0.36,9.92,0.14,0.09,-0.25
0.97,-0.22,10.84,0.08,-0.04,-0.26,1.15,0.70,10.56,0.12,0.06,-0.27
0.51,-0.13,12.19,0.02,-0.12,-0.26,-0.07,-0.42,9.89,0.06,-0.02,-0.26
0.20,-0.68,7.98,0.00,-0.17,-0.24,0.61,0.15,10.80,-0.03,-0.10,-0.24
0.97,-0.57,9.94,-0.01,-0.13,-0.21,0.61,0.15,10.80,-0.03,-0.10,-0.24
0.67,-0.53,11.66,0.01,-0.07,-0.19,-0.22,-0.75,10.68,-0.02,-0.07,-0.20
0.25,-0.40,11.11,0.06,-0.00,-0.16,0.94,-0.24,9.57,0.02,0.02,-0.17
-0.11,-0.12,10.90,0.08,-0.01,-0.15,1.08,-0.05,10.25,0.05,0.05,-0.15
0.43,-0.49,10.80,0.06,-0.06,-0.14,1.08,-0.05,10.25,0.05,0.05,-0.15
0.02,0.20,11.37,0.04,-0.09,-0.12,0.98,0.45,10.10,0.04,-0.01,-0.13
0.20,0.07,12.04,0.04,-0.11,-0.11,-0.83,-0.48,9.46,0.03,-0.06,-0.11
-0.17,-0.65,10.47,0.06,-0.10,-0.10,0.44,-0.02,10.52,0.03,-0.04,-0.10
-0.70,-0.77,8.24,0.10,-0.06,-0.09,0.44,-0.02,10.52,0.03,-0.04,-0.10
0.36,-0.01,11.96,0.14,0.04,-0.09,0.61,0.47,9.67,0.07,0.04,-0.09
-0.01,-0.02,11.93,0.12,0.04,-0.09,-0.98,-0.32,9.76,0.11,0.10,-0.08
-0.65,0.04,10.32,0.07,-0.07,-0.09,0.47,0.91,10.34,0.06,0.02,-0.09
-0.55,-0.25,9.41,0.02,-0.18,-0.10,0.47,0.91,10.34,0.06,0.02,-0.09
-0.63,-0.51,8.22,-0.01,-0.25,-0.09,-0.31,-0.04,11.02,-0.02,-0.13,-0.09
-0.15,0.01,11.43,-0.02,-0.26,-0.09,0.21,0.24,9.99,-0.05,-0.18,-0.09
0.11,0.04,12.16,-0.03,-0.25,-0.11,0.63,0.21,10.05,-0.04,-0.19,-0.10
0.08,-0.54,11.21,0.01,-0.22,-0.12,0.63,0.21,10.05,-0.04,-0.19,-0.10
-0.40,-0.57,9.36,0.07,-0.13,-0.13,0.23,-0.28,10.72,0.00,-0.14,-0.12
-0.18,-1.00,8.96,0.07,-0.10,-0.14,1.22,0.32,10.13,0.05,-0.04,-0.13
-0.11,-0.19,11.95,0.06,-0.11,-0.14,-0.68,-0.48,10.27,0.05,-0.04,-0.13
0.22,0.04,11.57,0.01,-0.13,-0.13,-0.68,-0.48,10.27,0.05,-0.04,-0.13
0.56,-0.10,11.89,-0.01,-0.15,-0.13,0.20,-0.45,11.22,-0.01,-0.09,-0.12
0.13,-0.45,10.36,0.02,-0.14,-0.14,0.81,0.00,9.60,-0.01,-0.07,-0.13
-0.16,-0.75,8.73,0.02,-0.13,-0.14,-0.82,-0.62,9.60,0.01,-0.06,-0.13
0.11,-0.59,8.52,0.04,-0.16,-0.15,-0.82,-0.62,9.60,0.01,-0.06,-0.13
0.47,0.15,10.91,0.01,-0.15,-0.16,0.28,0.17,9.22,0.01,-0.10,-0.15
0.72,-0.11,12.20,0.03,-0.10,-0.16,0.14,-0.19,10.55,0.04,-0.06,-0.15
0.53,-0.09,11.88,0.10,-0.01,-0.16,-0.31,-0.42,9.68,0.09,0.03,-0.15
0.01,-0.40,10.74,0.15,0.07,-0.15,-0.31,-0.42,9.68,0.09,0.03,-0.15
-0.10,-0.28,10.99,0.15,0.08,-0.14,0.95,0.13,10.15,0.13,0.14,-0.14
0.25,-0.68,9.55,0.12,0.02,-0.13,-0.95,-0.71,10.16,0.14,0.13,-0.13
0.38,-0.30,9.69,0.09,-0.05,-0.13,0.55,0.10,10.69,0.07,0.02,-0.13
0.26,0.04,11.02,0.05,-0.09,-0.13,0.55,0.10,10.69,0.07,0.02,-0.13
-0.01,0.03,11.91,0.01,-0.14,-0.12,0.48,0.55,9.83,0.04,-0.05,-0.13
-0.06,0.05,11.31,-0.01,-0.15,-0.11,-0.72,-0.44,9.56,-0.02,-0.10,-0.11
-0.42,-0.73,8.50,0.03,-0.13,-0.11,-0.35,-0.22,10.92,0.01,-0.06,-0.10
-0.53,-0.89,8.24,0.06,-0.11,-0.11,-0.35,-0.22,10.92,0.01,-0.06,-0.10
-0.30,-0.92,8.38,0.06,-0.12,-0.11,-1.01,-0.62,9.86,0.03,-0.05,-0.11
0.18,-0.41,9.13,0.04,-0.17,-0.12,-0.29,-0.17,10.88,0.03,-0.07,-0.11
0.21,-0.35,9.25,0.01,-0.23,-0.12,-1.05,-0.50,9.66,-0.01,-0.16,-0.11
0.12,-0.13,11.36,-0.03,-0.26,-0.13,-1.05,-0.50,9.66,-0.01,-0.16,-0.11
0.31,-0.36,11.28,-0.02,-0.23,-0.14,0.50,-0.10,9.63,-0.04,-0.20,-0.12
-0.07,-0.35,9.90,0.03,-0.14,-0.14,-0.61,-0.56,9.42,-0.01,-0.13,-0.13
0.03,-0.49,10.18,0.06,-0.06,-0.14,0.87,-0.06,10.92,0.02,-0.02,-0.14
-0.01,-0.62,9.81,0.11,-0.02,-0.14,0.87,-0.06,10.92,0.02,-0.02,-0.14
0.50,-0.06,9.41,0.13,-0.00,-0.13,1.23,0.42,10.27,0.07,0.05,-0.14
0.47,0.20,11.03,0.11,0.01,-0.12,0.28,0.24,9.99,0.09,0.06,-0.12
0.24,-0.07,11.29,0.09,0.01,-0.12,-1.06,-0.33,10.16,0.09,0.07,-0.11
0.19,0.15,11.08,0.11,0.02,-0.12,-1.06,-0.33,10.16,0.09,0.07,-0.11
0.11,-0.20,12.20,0.07,-0.03,-0.11,-0.30,-0.06,9.62,0.09,0.06,-0.11
-1.04,-0.68,8.04,0.06,-0.09,-0.11,-1.19,-0.79,10.10,0.06,0.00,-0.11
-0.52,-0.77,8.20,0.04,-0.18,-0.10,-0.63,-0.33,9.49,0.00,-0.11,-0.10
-0.43,-0.80,8.04,0.02,-0.20,-0.09,-0.63,-0.33,9.49,0.00,-0.11,-0.10
-0.36,-0.58,8.08,0.05,-0.15,-0.08,0.52,0.34,9.78,-0.02,-0.12,-0.09
0.17,-0.51,9.18,0.06,-0.08,-0.07,-0.77,-0.15,9.66,0.02,-0.05,-0.07
-0.10,-0.80,11.29,0.08,-0.04,-0.07,-0.48,-0.04,10.69,0.05,0.02,-0.07
-0.05,0.29,12.22,0.06,-0.04,-0.07,-0.48,-0.04,10.69,0.05,0.02,-0.07
-0.27,0.03,11.41,0.03,-0.13,-0.08,-0.03,-0.09,11.08,0.04,0.00,-0.07
-0.26,0.17,11.43,-0.02,-0.21,-0.08,0.61,0.50,10.20,-0.01,-0.11,-0.07
0.18,0.27,11.86,-0.02,-0.26,-0.08,-0.02,0.05,9.78,-0.04,-0.20,-0.07
-0.15,0.19,11.07,-0.02,-0.23,-0.09,-0.02,0.05,9.78,-0.04,-0.20,-0.07
-0.24,-0.68,8.74,0.06,-0.11,-0.09,0.29,0.36,10.41,-0.03,-0.14,-0.08
-0.73,-0.62,8.44,0.12,-0.00,-0.10,0.55,0.50,9.65,0.05,0.01,-0.09
-0.56,-0.90,8.72,0.14,0.03,-0.10,-0.65,-0.56,10.80,0.10,0.10,-0.10
-0.47,-0.66,9.64,0.11,-0.02,-0.10,-0.65,-0.56,10.80,0.10,0.10,-0.10
-0.90,-0.68,9.07,0.04,-0.13,-0.08,-0.80,-0.16,9.68,0.07,0.02,-0.09
0.37,-0.40,9.70,-0.02,-0.21,-0.08,-1.08,-0.52,9.78,-0.02,-0.12,-0.07
0.21,-0.86,8.87,0.01,-0.20,-0.09,0.24,-0.20,10.77,-0.03,-0.14,-0.08
0.21,-0.61,8.42,0.01,-0.22,-0.10,0.24,-0.20,10.77,-0.03,-0.14,-0.08
0.56,-0.58,9.28,0.00,-0.27,-0.12,0.40,-0.18,10.82,-0.02,-0.17,-0.10
-0.08,-0.44,8.32,-0.02,-0.28,-0.12,1.34,0.90,10.07,-0.02,-0.22,-0.12
0.67,0.07,12.09,0.01,-0.19,-0.11,0.66,0.13,9.71,-0.01,-0.16,-0.10
0.65,0.04,12.15,0.07,-0.07,-0.12,0.66,0.13,9.71,-0.01,-0.16,-0.10
0.24,0.18,11.23,0.10,0.02,-0.14,0.85,0.32,10.44,0.06,0.00,-0.11
0.43,0.08,12.22,0.11,0.02,-0.16,-0.82,-0.55,9.68,0.09,0.07,-0.15
0.32,-0.18,11.95,0.06,-0.04,-0.15,-0.08,-0.53,10.66,0.05,0.02,-0.15
-0.12,-0.76,8.71,0.02,-0.09,-0.14,-0.08,-0.53,10.66,0.05,0.02,-0.15
-0.24,-0.97,8.98,0.07,-0.05,-0.13,-0.71,-0.62,9.45,0.01,-0.03,-0.13
-0.53,-0.92,8.20,0.07,-0.05,-0.12,-0.25,-0.50,10.60,0.02,0.00,-0.12
-0.26,-0.79,8.41,0.04,-0.09,-0.12,1.12,0.56,10.05,0.00,-0.01,-0.12
-0.15,-0.76,8.19,0.04,-0.14,-0.13,1.12,0.56,10.05,0.00,-0.01,-0.12
0.06,0.22,11.47,0.06,-0.16,-0.15,1.06,0.26,10.23,0.00,-0.09,-0.13
0.39,-0.11,12.47,0.05,-0.15,-0.15,-0.74,-0.35,9.51,0.02,-0.11,-0.14
0.19,-0.17,12.03,0.06,-0.12,-0.15,-0.62,-0.60,10.53,0.04,-0.08,-0.14
-0.03,0.00,11.05,0.07,-0.06,-0.14,-0.62,-0.60,10.53,0.04,-0.08,-0.14
0.12,0.15,11.91,0.08,-0.00,-0.12,-0.66,-0.23,9.10,0.06,0.00,-0.12
0.07,-0.72,8.06,0.11,0.05,-0.09,-0.22,-0.40,10.70,0.07,0.08,-0.10
-0.35,-0.31,8.05,0.14,0.10,-0.06,-0.79,-0.01,9.50,0.10,0.15,-0.07
0.12,0.09,9.32,0.13,0.09,-0.04,-0.79,-0.01,9.50,0.10,0.15,-0.07
-0.19,-0.01,9.24,0.08,-0.03,-0.03,0.64,1.11,10.09,0.09,0.13,-0.04
-0.10,0.39,9.64,0.05,-0.09,-0.01,-1.47,-0.03,9.60,0.06,-0.00,-0.02
0.06,0.41,10.74,0.04,-0.14,-0.01,-0.51,0.04,10.71,0.02,-0.07,-0.01
-1.25,-0.49,9.52,0.03,-0.17,-0.02,-0.51,0.04,10.71,0.02,-0.07,-0.01
-0.94,-0.48,8.84,0.04,-0.15,-0.02,-0.02,0.55,10.35,-0.00,-0.09,-0.02
-0.80,-0.57,8.76,0.02,-0.16,-0.02,-0.50,-0.07,9.80,-0.01,-0.09,-0.01
-0.80,-0.76,8.10,0.00,-0.20,-0.02,-0.98,-0.23,10.57,-0.03,-0.12,-0.02
-0.07,-0.30,8.58,-0.01,-0.21,-0.04,-0.98,-0.23,10.57,-0.03,-0.12,-0.02
-0.31,-0.17,11.27,-0.02,-0.24,-0.05,-1.13,-0.32,9.84,-0.03,-0.15,-0.03
-0.92,-0.75,8.79,-0.01,-0.26,-0.06,0.30,0.42,10.74,-0.05,-0.19,-0.05
-0.15,-0.91,8.30,0.01,-0.25,-0.07,-0.35,-0.91,10.84,-0.04,-0.18,-0.05
0.22,-0.19,8.65,0.01,-0.26,-0.09,-0.35,-0.91,10.84,-0.04,-0.18,-0.05
0.27,0.24,10.48,-0.05,-0.28,-0.07,-0.73,0.03,10.41,-0.03,-0.21,-0.07
-0.03,-0.97,8.34,-0.03,-0.24,-0.04,0.75,0.61,9.53,-0.07,-0.20,-0.05
0.57,-1.01,7.86,0.02,-0.15,-0.05,-0.32,-0.98,10.06,-0.02,-0.11,-0.04
1.06,-0.55,10.34,0.08,-0.02,-0.06,-0.32,-0.98,10.06,-0.02,-0.11,-0.04
0.49,-0.53,11.61,0.10,0.02,-0.08,0.89,-0.23,10.46,0.07,0.06,-0.06
0.41,0.03,11.77,0.08,-0.05,-0.09,-0.13,-0.43,9.39,0.09,0.05,-0.07
0.19,-0.93,8.43,0.10,-0.07,-0.08,0.66,-0.36,10.88,0.06,-0.02,-0.07
0.74,-0.13,9.54,0.09,-0.03,-0.06,0.66,-0.36,10.88,0.06,-0.02,-0.07
0.47,-0.34,12.31,0.08,-0.02,-0.06,-0.44,-0.54,10.52,0.08,0.04,-0.06
-0.10,-0.12,11.31,0.05,-0.07,-0.06,1.24,0.20,10.28,0.06,0.02,-0.06
-0.06,-0.22,11.43,0.04,-0.12,-0.06,1.08,0.72,10.35,0.02,-0.05,-0.05
0.48,-0.38,9.44,0.02,-0.18,-0.06,1.08,0.72,10.35,0.02,-0.05,-0.05
0.56,-0.39,11.41,-0.00,-0.18,-0.06,0.41,-0.13,11.11,-0.02,-0.12,-0.05
0.28,-0.34,11.93,0.02,-0.15,-0.05,1.01,0.22,10.03,-0.00,-0.11,-0.05
0.19,-0.06,11.45,0.04,-0.11,-0.05,-0.63,-0.34,10.20,0.04,-0.06,-0.04
0.11,-0.68,10.94,0.06,-0.10,-0.04,-0.63,-0.34,10.20,0.04,-0.06,-0.04
0.56,-0.16,10.46,0.07,-0.09,-0.04,0.75,0.01,11.02,0.04,-0.02,-0.04
0.43,-0.23,12.02,0.05,-0.08,-0.04,-0.17,-0.06,9.59,0.04,-0.01,-0.04
-0.45,-0.93,7.71,0.06,-0.12,-0.05,1.18,0.40,9.84,0.01,-0.04,-0.05
0.79,-0.33,11.00,0.04,-0.12,-0.06,1.18,0.40,9.84,0.01,-0.04,-0.05
0.17,-0.09,11.00,0.04,-0.14,-0.07,1.13,0.37,9.96,0.02,-0.06,-0.06
-0.04,-0.58,10.27,0.06,-0.15,-0.08,-0.25,-0.54,10.96,0.03,-0.08,-0.06
0.29,-0.03,11.41,0.03,-0.12,-0.09,-0.33,-0.40,10.84,0.02,-0.07,-0.07
0.13,-0.35,11.13,0.04,-0.10,-0.09,-0.33,-0.40,10.84,0.02,-0.07,-0.07
-0.47,-0.45,8.22,0.06,-0.09,-0.08,-0.52,-0.42,10.80,0.02,-0.03,-0.08
0.13,-0.85,7.90,0.05,-0.09,-0.09,0.61,-0.12,10.01,0.01,-0.02,-0.09
0.76,-0.24,10.46,0.05,-0.09,-0.09,0.97,0.18,9.84,0.02,-0.03,-0.09
-0.43,-0.95,8.50,0.07,-0.11,-0.09,0.97,0.18,9.84,0.02,-0.03,-0.09
0.12,-0.84,8.41,0.06,-0.12,-0.08,0.99,0.42,9.98,0.03,-0.03,-0.08
0.59,-0.55,8.96,0.07,-0.12,-0.09,-0.87,-0.80,9.74,0.04,-0.06,-0.07
0.75,-0.43,12.72,0.03,-0.14,-0.08,1.05,0.43,9.95,0.01,-0.08,-0.08
-0.15,-0.30,10.34,0.03,-0.15,-0.08,1.05,0.43,9.95,0.01,-0.08,-0.08
0.86,-0.12,11.12,0.01,-0.13,-0.07,0.94,0.68,9.88,0.00,-0.08,-0.08
0.26,-0.01,11.06,0.00,-0.11,-0.07,0.88,0.40,10.36,-0.00,-0.07,-0.06
0.15,-0.61,10.75,0.01,-0.14,-0.07,-0.63,-0.74,9.69,-0.01,-0.07,-0.06
-0.20,-1.14,7.81,0.04,-0.15,-0.06,-0.63,-0.74,9.69,-0.01,-0.07,-0.06
1.03,-0.40,9.86,0.05,-0.14,-0.06,-0.60,-0.79,9.92,0.01,-0.08,-0.06
-0.40,-0.76,7.91,0.09,-0.14,-0.06,1.16,0.18,9.99,0.01,-0.09,-0.06
0.86,-0.83,9.26,0.07,-0.11,-0.06,-0.82,-0.52,9.95,0.06,-0.05,-0.05
0.67,-0.43,11.76,0.05,-0.10,-0.07,-0.82,-0.52,9.95,0.06,-0.05,-0.05
0.46,0.05,11.55,0.04,-0.09,-0.07,1.12,0.50,9.96,0.03,-0.04,-0.06
0.18,-0.79,10.53,0.06,-0.10,-0.06,-0.54,-0.93,9.71,0.02,-0.04,-0.05
0.89,-0.38,10.66,0.04,-0.10,-0.06,0.98,0.28,10.24,0.00,-0.04,-0.06
0.48,-0.30,11.67,0.01,-0.11,-0.07,0.98,0.28,10.24,0.00,-0.04,-0.06
-0.14,-0.56,9.08,0.04,-0.12,-0.08,0.91,0.27,10.38,-0.01,-0.05,-0.07
0.55,-0.94,8.79,0.03,-0.12,-0.08,-0.75,-0.92,9.87,0.00,-0.06,-0.07
0.72,-0.26,10.85,0.01,-0.11,-0.09,-0.57,-0.50,10.21,0.01,-0.06,-0.07
0.16,-0.92,8.18,0.02,-0.12,-0.09,-0.57,-0.50,10.21,0.01,-0.06,-0.07
0.94,-0.36,9.42,0.04,-0.09,-0.08,-0.48,-0.43,10.16,0.01,-0.05,-0.08
0.57,-0.15,12.40,0.05,-0.06,-0.09,1.04,0.12,9.77,0.02,-0.01,-0.08
-0.50,-0.87,8.18,0.09,-0.06,-0.08,-0.26,-1.03,10.75,0.05,0.00,-0.08
1.00,-0.65,10.25,0.08,-0.05,-0.10,-0.26,-1.03,10.75,0.05,0.00,-0.08
0.13,-1.24,7.89,0.06,-0.08,-0.10,-0.26,-0.11,9.37,0.06,0.00,-0.10
0.65,-0.27,12.26,0.04,-0.09,-0.10,0.80,0.21,9.65,0.05,-0.02,-0.10
-0.56,-0.36,8.67,0.08,-0.11,-0.08,0.43,-0.38,10.81,0.04,-0.04,-0.08
0.45,-0.18,8.39,0.10,-0.05,-0.07,0.43,-0.38,10.81,0.04,-0.04,-0.08
0.38,-0.40,12.28,0.10,0.02,-0.06,0.96,0.65,9.84,0.06,0.02,-0.07
-0.75,-0.36,8.79,0.16,0.09,-0.06,-1.03,-0.69,10.40,0.12,0.12,-0.06
0.10,0.21,12.23,0.14,0.08,-0.05,-1.25,-0.40,10.41,0.14,0.15,-0.05
-0.60,0.21,11.11,0.10,0.02,-0.02,-1.25,-0.40,10.41,0.14,0.15,-0.05
-0.45,0.14,9.80,0.12,0.01,-0.00,-1.52,-0.38,9.96,0.10,0.07,-0.01
-0.82,-0.53,7.80,0.10,-0.09,-0.02,0.69,0.98,9.72,0.08,0.04,-0.01
0.12,0.22,9.30,0.01,-0.25,-0.01,-1.56,-0.05,9.83,0.02,-0.15,-0.00
-0.96,-0.34,9.03,-0.01,-0.27,0.02,-1.56,-0.05,9.83,0.02,-0.15,-0.00
0.04,-0.21,8.54,0.05,-0.13,0.04,0.46,0.57,10.07,-0.04,-0.17,0.03
-0.15,0.03,11.89,0.05,-0.05,0.04,-1.17,-0.29,9.91,0.03,-0.02,0.05
-0.49,0.03,11.50,0.03,-0.03,0.05,0.19,0.32,9.71,0.02,0.03,0.06
-1.02,-0.46,8.98,0.03,-0.07,0.05,0.19,0.32,9.71,0.02,0.03,0.06
-0.16,0.14,11.82,-0.05,-0.18,0.03,0.18,0.63,9.79,-0.02,-0.02,0.05
-0.36,-0.44,11.16,-0.05,-0.25,0.02,-1.35,-0.51,10.06,-0.05,-0.15,0.04
-0.70,-0.82,8.01,0.03,-0.22,0.01,-1.22,-0.69,9.87,-0.01,-0.15,0.02
0.15,-0.36,9.29,0.04,-0.20,0.00,-1.22,-0.69,9.87,-0.01,-0.15,0.02
-0.13,0.30,11.49,0.02,-0.20,-0.00,-1.45,-0.74,10.18,0.02,-0.13,0.02
0.59,-0.12,9.92,0.04,-0.17,-0.01,0.53,0.15,9.16,0.02,-0.13,0.01
-0.10,0.06,11.11,0.02,-0.16,-0.01,0.84,0.43,10.22,0.01,-0.10,-0.00
-0.25,-0.42,8.43,0.04,-0.17,-0.01,0.84,0.43,10.22,0.01,-0.10,-0.00
0.49,-0.60,9.03,0.01,-0.17,-0.00,-1.10,-0.64,9.66,0.01,-0.11,0.00
0.49,0.08,12.33,-0.00,-0.16,-0.00,0.85,0.01,9.60,-0.02,-0.11,0.00
0.54,-0.33,9.47,0.05,-0.11,0.00,0.22,-0.21,10.58,0.01,-0.05,0.00
0.60,0.04,12.47,0.08,0.01,0.00,0.22,-0.21,10.58,0.01,-0.05,0.00
-0.44,-0.02,8.70,0.17,0.09,0.01,0.73,0.12,10.35,0.08,0.09,0.00
0.35,-0.25,8.60,0.15,0.03,0.02,-0.82,-0.05,9.65,0.12,0.13,0.02
0.24,0.18,11.93,0.06,-0.11,0.05,-1.03,0.01,9.60,0.07,-0.03,0.05
-0.03,-0.15,7.77,0.00,-0.22,0.09,-1.03,0.01,9.60,0.07,-0.03,0.05
0.71,0.32,10.80,0.03,-0.16,0.12,-0.95,0.00,9.45,-0.01,-0.15,0.12
0.14,0.45,11.30,0.06,-0.06,0.13,1.21,0.67,9.97,0.03,-0.05,0.14
-0.45,-0.30,9.55,0.10,-0.03,0.13,-0.29,-0.17,10.58,0.07,0.04,0.13
-0.67,-1.10,7.97,0.05,-0.10,0.13,-0.29,-0.17,10.58,0.07,0.04,0.13
0.09,-0.01,11.60,-0.01,-0.20,0.11,0.42,0.13,10.17,-0.01,-0.05,0.12
-0.76,-0.55,8.23,-0.05,-0.29,0.10,-0.92,-0.35,10.41,-0.07,-0.19,0.11
0.36,-0.71,8.22,-0.03,-0.26,0.08,1.14,0.01,10.15,-0.09,-0.21,0.08
0.52,-0.29,11.70,-0.01,-0.17,0.07,1.14,0.01,10.15,-0.09,-0.21,0.08
-0.04,-0.24,11.05,0.03,-0.08,0.08,1.13,0.13,9.95,-0.01,-0.09,0.08
-0.29,-0.38,10.30,0.11,-0.00,0.08,-0.68,-0.45,9.71,0.06,0.02,0.09
0.16,-0.00,10.71,0.11,0.04,0.08,-0.88,-0.39,10.30,0.10,0.11,0.09
0.15,0.10,12.30,0.09,0.00,0.09,-0.88,-0.39,10.30,0.10,0.11,0.09
-0.91,-0.49,8.68,0.08,-0.08,0.10,-0.98,-0.59,10.03,0.08,0.06,0.10
-0.13,-0.68,8.45,0.04,-0.14,0.09,0.64,0.55,9.91,0.03,-0.03,0.09
0.32,-0.19,10.91,0.03,-0.14,0.08,-1.09,-0.39,10.36,0.02,-0.07,0.09
-0.50,-0.81,8.02,0.04,-0.14,0.07,-1.09,-0.39,10.36,0.02,-0.07,0.09
0.31,-0.30,9.16,0.04,-0.13,0.05,0.79,0.42,10.00,0.00,-0.05,0.07
-0.02,-0.01,11.56,0.02,-0.11,0.04,-1.19,-0.33,9.82,0.01,-0.07,0.05
-0.04,0.03,11.71,0.06,-0.10,0.04,0.43,0.27,9.62,0.03,-0.03,0.05
-0.84,-0.82,7.71,0.06,-0.12,0.04,0.43,0.27,9.62,0.03,-0.03,0.05
-0.13,-0.20,11.68,0.05,-0.13,0.04,0.35,0.05,9.57,0.03,-0.05,0.04
-0.89,-0.61,7.88,0.06,-0.15,0.04,-0.17,-0.26,9.68,0.03,-0.07,0.05
0.10,-0.31,8.17,0.04,-0.14,0.05,-0.41,-0.22,10.75,0.02,-0.07,0.05
0.33,-0.18,11.85,0.03,-0.10,0.04,-0.41,-0.22,10.75,0.02,-0.07,0.05
-0.45,-0.28,10.73,0.04,-0.07,0.04,-0.52,-0.37,10.72,0.03,-0.04,0.05
0.40,-0.13,11.18,0.08,-0.04,0.04,-0.36,-0.29,9.37,0.05,0.02,0.05
-0.39,0.07,11.26,0.07,-0.05,0.05,0.84,0.39,10.51,0.05,0.03,0.05
-0.60,-0.37,9.33,0.09,-0.09,0.06,0.84,0.39,10.51,0.05,0.03,0.05
-0.36,-0.77,8.39,0.06,-0.11,0.06,-0.76,-0.11,9.39,0.06,-0.02,0.07
0.09,0.22,11.35,0.02,-0.12,0.06,0.70,0.48,10.06,0.03,-0.04,0.07
-0.52,-0.99,8.25,0.02,-0.15,0.05,-0.95,-0.19,10.20,0.00,-0.08,0.06
0.42,-0.02,9.58,0.01,-0.14,0.05,-0.95,-0.19,10.20,0.00,-0.08,0.06
-0.05,-0.01,12.43,0.01,-0.13,0.05,-1.07,-0.35,9.82,0.00,-0.07,0.06
-0.68,-0.17,10.03,0.02,-0.14,0.05,-1.04,-0.35,9.77,0.01,-0.07,0.06
-0.35,-0.67,8.11,0.05,-0.13,0.04,0.99,0.40,9.90,0.01,-0.06,0.05
0.35,-0.16,10.57,0.03,-0.14,0.03,0.99,0.40,9.90,0.01,-0.06,0.05
-0.40,-0.83,8.83,0.04,-0.16,0.04,1.00,0.33,9.93,0.01,-0.08,0.04
-0.05,-0.79,8.16,0.04,-0.15,0.03,-0.87,-0.51,10.58,0.02,-0.08,0.05
0.35,-0.07,11.87,0.02,-0.12,0.02,0.64,0.59,9.63,0.01,-0.07,0.03
-0.21,-0.58,10.71,0.05,-0.11,0.02,0.64,0.59,9.63,0.01,-0.07,0.03
-0.49,-0.74,11.90,0.05,-0.11,0.03,-0.21,-0.44,11.18,0.02,-0.03,0.03
-0.10,-0.39,11.16,0.04,-0.11,0.03,0.18,0.16,9.57,0.02,-0.04,0.03
-0.61,-0.68,7.80,0.08,-0.10,0.03,0.54,0.36,10.49,0.03,-0.03,0.03
0.60,-0.29,9.36,0.06,-0.10,0.03,0.54,0.36,10.49,0.03,-0.03,0.03
-0.09,0.09,11.51,0.06,-0.09,0.02,0.66,0.42,10.57,0.04,-0.03,0.03
-0.20,-0.10,11.75,0.07,-0.09,0.01,-1.10,-0.51,10.54,0.06,-0.03,0.03
0.20,-0.20,10.98,0.03,-0.12,0.01,-1.01,-0.45,9.92,0.04,-0.06,0.02
0.15,-0.10,12.25,0.02,-0.14,0.01,-1.01,-0.45,9.92,0.04,-0.06,0.02
-0.92,-0.47,8.00,0.06,-0.13,0.02,-0.99,-0.58,9.91,0.02,-0.07,0.02
0.30,-0.38,8.49,0.05,-0.12,0.02,0.76,0.45,9.70,0.00,-0.06,0.02
0.12,-0.34,12.26,0.05,-0.10,0.02,0.59,0.33,9.78,0.03,-0.04,0.03
0.17,-0.59,8.28,0.09,-0.09,0.02,0.59,0.33,9.78,0.03,-0.04,0.03
0.24,-0.16,11.90,0.06,-0.07,0.02,0.67,0.38,9.88,0.04,-0.02,0.02
-0.22,-0.10,11.08,0.05,-0.09,0.03,-0.78,-0.29,10.96,0.05,-0.02,0.03
-0.37,-0.57,9.06,0.05,-0.10,0.04,-0.20,-0.05,9.47,0.01,-0.03,0.04
-0.35,-1.02,7.92,0.06,-0.08,0.03,-0.20,-0.05,9.47,0.01,-0.03,0.04
-0.28,-0.46,11.27,0.04,-0.10,0.03,0.05,0.07,9.58,0.03,-0.01,0.03
-0.78,-0.89,7.71,0.06,-0.11,0.03,-0.35,0.05,9.71,0.01,-0.03,0.03
0.33,-0.68,9.12,0.04,-0.12,0.02,-0.87,-0.69,10.77,0.02,-0.05,0.03
0.25,-0.18,11.11,0.03,-0.11,0.02,-0.87,-0.69,10.77,0.02,-0.05,0.03
-0.08,0.30,11.59,0.03,-0.11,0.01,-1.32,-0.52,10.23,0.03,-0.05,0.03
-0.28,-0.67,8.42,0.04,-0.14,0.02,0.41,0.24,9.58,0.01,-0.06,0.02
0.41,-0.05,9.47,0.04,-0.14,0.03,-1.12,-0.49,9.73,0.03,-0.08,0.03
0.20,-0.22,12.20,0.04,-0.13,0.02,-1.12,-0.49,9.73,0.03,-0.08,0.03
-0.37,-0.01,11.17,0.04,-0.13,0.02,0.40,-0.02,10.60,0.03,-0.06,0.03
-0.31,-0.44,10.57,0.05,-0.14,0.02,-0.61,-0.14,9.27,0.03,-0.07,0.03
0.03,0.07,11.40,0.07,-0.12,0.03,0.67,0.15,10.44,0.02,-0.05,0.03
0.06,0.04,12.07,0.07,-0.08,0.02,0.67,0.15,10.44,0.02,-0.05,0.03
-0.73,-0.34,9.00,0.09,-0.08,0.03,0.34,-0.17,10.70,0.05,-0.02,0.03
-0.40,-0.60,8.05,0.07,-0.10,0.03,-0.06,-0.49,10.73,0.05,-0.02,0.03
0.42,-0.47,9.41,0.04,-0.12,0.02,0.46,0.00,9.65,0.02,-0.05,0.03
0.06,-0.03,9.49,0.02,-0.11,0.02,0.46,0.00,9.65,0.02,-0.05,0.03
-0.54,-0.49,8.17,0.04,-0.12,0.02,0.69,0.21,9.88,0.00,-0.05,0.03
-0.57,-1.06,7.96,0.04,-0.12,0.02,-0.79,-0.23,9.97,0.01,-0.05,0.02
0.35,-0.71,9.18,0.04,-0.12,0.02,0.67,0.56,10.31,-0.00,-0.05,0.03
0.27,-0.27,9.91,0.04,-0.11,0.02,0.67,0.56,10.31,-0.00,-0.05,0.03
0.10,0.06,11.19,0.04,-0.09,0.03,0.95,0.39,10.03,0.02,-0.04,0.03
-0.42,-0.74,8.04,0.07,-0.10,0.04,-0.79,-0.18,10.46,0.05,-0.02,0.04
0.06,-0.57,8.42,0.06,-0.10,0.04,0.57,0.39,9.86,0.03,-0.03,0.04
0.40,-0.05,11.47,0.05,-0.11,0.04,0.57,0.39,9.86,0.03,-0.03,0.04
-0.06,0.06,11.61,0.05,-0.11,0.04,0.70,0.58,9.87,0.02,-0.04,0.04
-0.54,-0.18,10.28,0.06,-0.12,0.04,-1.26,0.41,10.41,0.05,-0.05,0.05
0.20,-0.11,11.83,0.05,-0.11,0.03,-1.25,-0.36,9.27,0.05,-0.05,0.05
-0.30,0.15,11.17,0.05,-0.11,0.03,-1.25,-0.36,9.27,0.05,-0.05,0.05
-0.29,-0.12,10.83,0.05,-0.11,0.03,-0.87,-0.19,9.11,0.04,-0.04,0.04
-0.83,-0.57,7.84,0.06,-0.12,0.03,0.63,0.24,10.84,0.02,-0.04,0.04
0.10,-0.40,8.35,0.04,-0.14,0.03,-0.43,0.07,9.74,0.01,-0.06,0.04
-0.43,-0.49,10.01,0.03,-0.17,0.04,-0.43,0.07,9.74,0.01,-0.06,0.04
-0.36,-1.13,7.89,0.04,-0.16,0.03,0.18,-0.13,10.99,0.01,-0.09,0.04
0.41,-0.25,11.55,0.04,-0.13,0.03,-0.69,-0.33,9.57,0.03,-0.08,0.04
-0.18,-0.50,11.00,0.05,-0.12,0.02,0.89,0.43,9.77,0.02,-0.06,0.02
-0.32,-0.77,7.81,0.05,-0.13,0.01,0.89,0.43,9.77,0.02,-0.06,0.02
-0.32,-0.60,10.46,0.03,-0.13,0.01,0.72,0.20,9.87,0.01,-0.06,0.01
-0.34,-0.84,7.84,0.06,-0.11,0.02,0.59,-0.05,9.83,0.01,-0.05,0.02
0.52,-0.19,11.07,0.04,-0.08,0.02,0.31,-0.24,10.93,0.02,-0.02,0.02
-0.27,0.12,11.26,0.04,-0.08,0.02,0.31,-0.24,10.93,0.02,-0.02,0.02
-0.30,-0.43,10.48,0.05,-0.09,0.02,0.16,0.00,10.82,0.02,-0.02,0.03
0.31,-0.52,11.03,0.07,-0.09,0.02,-0.51,-0.06,9.32,0.03,-0.02,0.03
0.08,0.08,11.83,0.06,-0.06,0.02,-0.19,-0.49,10.67,0.05,0.00,0.02
-0.05,-0.01,11.67,0.08,-0.06,0.02,-0.19,-0.49,10.67,0.05,0.00,0.02
-0.60,-0.43,9.82,0.08,-0.09,0.02,0.67,0.78,9.75,0.05,-0.00,0.02
-0.22,-0.62,9.72,0.05,-0.14,0.02,-1.05,-0.09,9.19,0.05,-0.04,0.03
-0.68,-0.54,10.57,0.04,-0.16,0.03,0.16,-0.18,10.83,0.00,-0.09,0.03
0.13,-0.07,11.49,0.03,-0.12,0.02,0.16,-0.18,10.83,0.00,-0.09,0.03
0.36,-0.29,8.89,0.04,-0.15,0.02,1.08,0.54,9.90,0.02,-0.07,0.03
0.33,-0.07,11.54,0.04,-0.11,0.01,1.08,0.54,9.90,0.02,-0.07,0.03
-0.21,0.32,11.21,0.04,-0.10,0.01,-1.20,-0.47,10.19,0.03,-0.05,0.02
0.13,0.13,12.30,0.05,-0.09,0.02,-1.10,-0.39,9.38,0.04,-0.03,0.02
-0.27,-0.10,11.30,0.06,-0.09,0.02,-0.43,-0.43,10.57,0.04,-0.03,0.03
-0.50,-0.12,10.63,0.05,-0.10,0.02,-0.43,-0.43,10.57,0.04,-0.03,0.03
0.24,-0.73,9.07,0.04,-0.11,0.02,-1.04,-0.31,9.44,0.03,-0.04,0.03
0.17,-0.50,8.70,0.04,-0.11,0.02,0.41,-0.03,11.00,0.02,-0.03,0.03
0.41,-0.20,11.09,0.03,-0.11,0.02,0.84,0.37,10.07,0.02,-0.05,0.02
-0.06,0.07,12.02,0.05,-0.11,0.01,0.84,0.37,10.07,0.02,-0.05,0.02
-0.61,-0.13,10.59,0.05,-0.13,0.01,-0.97,-0.37,9.94,0.04,-0.05,0.02
0.60,-0.26,9.96,0.04,-0.14,0.00,0.70,0.59,10.29,0.02,-0.07,0.01
0.23,-0.12,10.39,0.04,-0.13,0.00,-0.72,-0.07,9.19,0.03,-0.07,0.01
0.10,0.02,11.32,0.04,-0.11,0.01,-0.72,-0.07,9.19,0.03,-0.07,0.01
0.14,0.17,12.30,0.04,-0.11,0.01,0.51,0.38,9.61,0.02,-0.05,0.01
-0.32,-0.38,10.39,0.05,-0.11,0.02,0.74,0.42,9.95,0.04,-0.04,0.03
0.58,-0.24,9.59,0.05,-0.11,0.02,-0.81,-0.44,9.74,0.04,-0.04,0.03
0.30,-0.15,11.26,0.04,-0.11,0.02,-0.81,-0.44,9.74,0.04,-0.04,0.03
-0.04,0.11,11.22,0.04,-0.11,0.02,0.66,0.22,10.01,0.03,-0.05,0.03
0.24,0.08,12.27,0.03,-0.12,0.03,-0.81,-0.38,10.23,0.03,-0.05,0.04
-0.08,-0.03,11.63,0.04,-0.12,0.03,0.51,0.31,10.50,0.02,-0.06,0.04
-0.11,-0.66,7.97,0.05,-0.13,0.04,0.51,0.31,10.50,0.02,-0.06,0.04
0.20,-0.74,8.72,0.06,-0.12,0.04,0.73,0.53,9.86,0.02,-0.05,0.04
0.11,-0.92,8.62,0.05,-0.12,0.04,-0.77,-0.17,9.22,0.03,-0.05,0.05
0.52,-0.07,9.26,0.04,-0.10,0.03,-0.22,-0.35,10.81,0.03,-0.04,0.04
0.46,-0.18,12.07,0.05,-0.08,0.03,-0.22,-0.35,10.81,0.03,-0.04,0.04
-0.55,-0.88,8.03,0.07,-0.09,0.02,-0.72,-0.43,10.15,0.04,-0.02,0.03
0.66,-0.45,9.40,0.06,-0.12,0.02,-0.85,-0.41,9.84,0.01,-0.05,0.03
0.41,-0.26,11.22,0.02,-0.15,0.02,0.85,0.37,10.07,-0.01,-0.08,0.03
0.06,0.06,11.58,0.00,-0.16,0.02,0.85,0.37,10.07,-0.01,-0.08,0.03
-0.03,-0.46,11.35,0.03,-0.15,0.02,0.60,0.20,10.77,-0.00,-0.10,0.03
0.45,-0.02,9.58,0.06,-0.14,0.02,-0.21,0.17,9.42,0.01,-0.08,0.02
0.20,0.17,12.47,0.04,-0.11,0.02,0.20,0.05,9.73,0.02,-0.06,0.02
-0.76,-0.64,8.74,0.06,-0.11,0.01,0.20,0.05,9.73,0.02,-0.06,0.02
0.25,-0.75,8.77,0.07,-0.09,0.01,-0.11,0.04,9.60,0.03,-0.04,0.01
0.27,-0.26,11.36,0.05,-0.08,0.00,0.67,0.71,10.34,0.03,-0.02,0.01
0.07,0.01,8.39,0.05,-0.08,0.00,-1.04,-0.57,10.00,0.05,-0.02,0.01
0.39,-0.49,10.20,0.05,-0.08,0.01,-1.04,-0.57,10.00,0.05,-0.02,0.01
0.05,0.10,12.11,0.04,-0.09,0.01,-1.22,-0.61,9.84,0.05,-0.02,0.02
-0.39,-0.60,10.73,0.05,-0.11,0.02,-1.09,-0.57,9.98,0.02,-0.03,0.03
-0.71,-0.88,8.07,0.05,-0.12,0.02,0.71,0.57,9.90,0.01,-0.05,0.02
0.21,-0.65,8.76,0.04,-0.13,0.02,0.71,0.57,9.90,0.01,-0.05,0.02
-0.48,-0.12,10.80,0.03,-0.13,0.02,0.36,0.14,10.75,0.01,-0.06,0.02
-0.10,-0.62,10.87,0.04,-0.13,0.02,-0.38,-0.05,9.43,0.02,-0.07,0.02
-0.78,-0.46,8.47,0.06,-0.13,0.02,-0.92,-0.56,10.47,0.03,-0.06,0.03
-0.39,-0.60,8.07,0.05,-0.12,0.02,-0.92,-0.56,10.47,0.03,-0.06,0.03
-0.29,-0.87,8.16,0.05,-0.11,0.03,0.39,-0.03,10.60,0.02,-0.05,0.03
0.14,0.03,11.71,0.04,-0.09,0.02,0.30,-0.03,9.84,0.02,-0.03,0.03
0.03,-0.10,11.99,0.05,-0.09,0.02,-1.07,-0.36,9.50,0.04,-0.02,0.03
-0.14,-0.06,11.52,0.05,-0.10,0.02,-1.07,-0.36,9.50,0.04,-0.02,0.03
-0.08,-0.31,11.56,0.06,-0.11,0.03,0.04,-0.04,9.67,0.04,-0.04,0.03
-0.81,-0.70,8.98,0.06,-0.12,0.03,0.57,0.53,9.70,0.04,-0.05,0.03
0.30,-0.15,11.95,0.03,-0.11,0.03,-1.18,-0.53,9.64,0.03,-0.05,0.04
-0.26,0.30,11.34,0.03,-0.11,0.03,-1.18,-0.53,9.64,0.03,-0.05,0.04
-0.05,0.09,11.89,0.04,-0.11,0.03,-0.60,-0.08,9.20,0.03,-0.05,0.05
-0.57,-0.35,9.97,0.05,-0.11,0.04,-0.17,-0.24,10.67,0.02,-0.04,0.05
-0.47,-0.62,9.06,0.05,-0.11,0.04,0.76,0.24,10.05,0.02,-0.04,0.05
0.24,-0.13,10.79,0.06,-0.11,0.04,0.76,0.24,10.05,0.02,-0.04,0.05
0.21,0.02,10.87,0.03,-0.12,0.04,0.07,-0.12,9.52,0.02,-0.05,0.05
0.20,0.01,12.07,0.03,-0.12,0.04,-0.64,-0.54,10.25,0.02,-0.06,0.05
-0.15,0.17,11.45,0.03,-0.11,0.04,0.89,0.50,10.17,0.01,-0.05,0.05
0.02,0.04,11.91,0.04,-0.11,0.04,0.89,0.50,10.17,0.01,-0.05,0.05
0.01,-0.99,8.50,0.05,-0.12,0.03,-0.23,-0.33,11.16,0.02,-0.05,0.04
0.38,-0.24,8.74,0.05,-0.13,0.03,-0.94,-0.58,10.12,0.02,-0.06,0.04
0.57,-0.03,11.12,0.04,-0.13,0.03,0.47,0.31,10.58,0.01,-0.07,0.04
0.19,-0.19,11.44,0.03,-0.13,0.03,0.47,0.31,10.58,0.01,-0.07,0.04
0.04,0.00,11.61,0.02,-0.13,0.03,-0.85,-0.55,10.43,0.02,-0.06,0.05
0.17,-0.88,8.11,0.02,-0.13,0.04,0.74,0.45,9.80,0.00,-0.06,0.04
0.20,-0.85,8.35,0.03,-0.14,0.04,-0.82,-0.28,9.55,0.02,-0.07,0.05
0.49,-0.05,10.76,0.02,-0.13,0.04,-0.82,-0.28,9.55,0.02,-0.07,0.05
0.18,-0.18,11.99,0.03,-0.11,0.03,0.05,-0.19,10.75,0.01,-0.07,0.04
-0.20,-0.20,11.07,0.05,-0.09,0.03,0.89,0.04,10.02,0.02,-0.03,0.04
-0.22,-0.40,11.00,0.06,-0.08,0.03,-0.54,-0.25,10.63,0.05,-0.01,0.04
0.17,-0.48,11.11,0.04,-0.07,0.03,-0.54,-0.25,10.63,0.05,-0.01,0.04
0.17,0.23,12.17,0.07,-0.07,0.03,1.10,0.43,10.03,0.02,-0.03,0.04
-0.14,-0.61,10.98,0.07,-0.09,0.04,-1.00,-0.47,9.63,0.02,-0.03,0.05
-0.74,-0.83,8.40,0.05,-0.11,0.05,0.64,0.11,10.47,0.01,-0.03,0.05
-0.16,-0.72,8.40,0.06,-0.10,0.05,0.64,0.11,10.47,0.01,-0.03,0.05
-0.09,0.08,11.38,0.04,-0.10,0.03,-0.43,-0.34,10.74,0.03,-0.04,0.05
-0.13,-0.35,10.57,0.05,-0.12,0.03,0.59,-0.03,9.70,0.03,-0.04,0.04
-0.43,-0.54,8.00,0.07,-0.13,0.01,-0.28,-0.28,10.75,0.03,-0.05,0.02
0.06,-0.91,8.10,0.05,-0.15,-0.02,-0.28,-0.28,10.75,0.03,-0.05,0.02
0.87,-0.28,9.51,0.12,-0.14,-0.11,1.25,0.11,10.11,0.01,-0.08,-0.04
0.00,-0.46,9.99,0.03,-0.22,-0.14,-0.75,0.06,10.06,0.07,-0.11,-0.11
-0.39,-0.70,8.45,0.01,-0.22,-0.16,0.29,-0.15,10.95,0.02,-0.14,-0.15
0.16,-0.74,8.27,0.05,-0.17,-0.18,0.29,-0.15,10.95,0.02,-0.14,-0.15
0.98,-0.35,9.07,0.04,-0.11,-0.21,-0.73,-0.47,10.43,0.02,-0.10,-0.17
0.66,0.19,11.31,0.07,-0.07,-0.25,-0.39,-0.23,10.17,0.04,-0.03,-0.22
0.30,-0.39,8.09,0.13,-0.08,-0.29,1.14,0.58,10.07,0.10,-0.00,-0.28
0.29,-0.34,8.32,0.11,-0.11,-0.30,1.14,0.58,10.07,0.10,-0.00,-0.28
1.17,0.17,9.11,0.06,-0.12,-0.31,1.28,0.80,10.49,0.06,-0.05,-0.30
1.02,0.56,11.10,0.05,-0.11,-0.32,0.82,0.61,9.98,0.01,-0.06,-0.31
0.74,0.51,11.77,0.05,-0.09,-0.32,1.41,1.14,10.11,0.05,-0.04,-0.32
0.06,-0.28,8.48,0.08,-0.07,-0.29,1.41,1.14,10.11,0.05,-0.04,-0.32
0.07,-0.22,8.24,0.10,-0.06,-0.27,0.41,0.35,10.82,0.05,-0.02,-0.29
0.12,-0.49,8.29,0.09,-0.05,-0.26,0.84,0.33,9.80,0.06,0.01,-0.26
0.25,-0.50,8.76,0.05,-0.07,-0.24,-0.64,-0.25,9.95,0.04,-0.01,-0.24
0.51,0.09,9.40,0.02,-0.10,-0.21,-0.64,-0.25,9.95,0.04,-0.01,-0.24
0.64,-0.16,11.21,0.03,-0.11,-0.18,0.06,0.45,9.93,-0.00,-0.05,-0.20
-0.56,-0.19,8.26,0.07,-0.12,-0.15,0.68,0.81,9.82,0.01,-0.07,-0.16
-0.16,-0.52,8.08,0.06,-0.12,-0.12,-0.92,0.03,10.01,0.05,-0.05,-0.12
0.59,0.20,9.78,0.07,-0.09,-0.09,-0.92,0.03,10.01,0.05,-0.05,-0.12
0.13,0.39,12.29,0.06,-0.10,-0.04,-0.87,-0.10,10.10,0.04,-0.04,-0.07
-0.38,0.10,8.52,0.04,-0.13,0.01,0.58,1.24,9.81,0.04,-0.04,-0.01
0.37,0.71,8.46,0.27,-0.01,-0.00,-1.01,-0.85,10.60,0.18,0.06,-0.01
0.77,0.28,11.72,-0.04,-0.11,0.02,-1.01,-0.85,10.60,0.18,0.06,-0.01
0.15,0.89,12.00,0.07,-0.06,0.01,0.84,-0.06,9.68,0.03,-0.03,0.03
-0.51,-0.35,9.58,0.10,-0.08,0.01,0.26,0.48,10.05,-0.09,-0.07,0.02
-0.20,-0.45,7.81,0.04,-0.12,-0.02,0.29,0.16,10.78,0.00,-0.04,-0.01
-0.02,-0.11,10.75,0.06,-0.12,-0.05,0.29,0.16,10.78,0.00,-0.04,-0.01
-0.04,-0.69,8.18,0.07,-0.15,-0.08,1.00,0.75,10.39,0.00,-0.06,-0.05
0.77,0.31,9.88,0.02,-0.17,-0.11,1.24,1.26,10.24,0.04,-0.09,-0.09
0.26,0.35,12.12,0.02,-0.17,-0.12,-0.83,-0.30,10.15,0.03,-0.11,-0.11
-0.17,-0.92,11.30,0.08,-0.15,-0.13,-0.83,-0.30,10.15,0.03,-0.11,-0.11
0.33,-0.73,10.29,0.03,-0.16,-0.12,-1.27,-1.08,9.68,0.06,-0.10,-0.12
0.24,-0.40,11.82,0.04,-0.14,-0.13,0.89,-0.28,10.59,0.02,-0.08,-0.12
0.16,-0.56,11.75,0.03,-0.14,-0.13,-0.16,-0.51,9.84,0.02,-0.08,-0.12
-0.44,-0.77,9.76,0.02,-0.14,-0.14,-0.16,-0.51,9.84,0.02,-0.08,-0.12
-0.82,-1.62,8.46,0.07,-0.10,-0.15,-0.49,-0.87,10.60,-0.01,-0.07,-0.13
0.56,-0.52,12.08,0.04,-0.09,-0.15,0.56,-0.26,9.95,0.01,-0.03,-0.15
-0.16,-0.36,11.61,0.07,-0.08,-0.15,-1.15,-0.58,9.32,0.06,-0.01,-0.15
-0.83,-0.99,9.63,0.03,-0.11,-0.13,-1.15,-0.58,9.32,0.06,-0.01,-0.15
-0.44,-0.95,8.16,0.04,-0.13,-0.09,-0.67,-0.61,9.35,0.01,-0.04,-0.12
1.08,0.53,9.99,0.05,-0.15,-0.06,0.08,0.13,9.91,0.02,-0.06,-0.07
0.07,0.35,7.74,0.01,-0.17,-0.04,1.66,1.93,9.84,-0.00,-0.11,-0.05
1.13,1.26,10.01,0.01,-0.22,-0.00,1.66,1.93,9.84,-0.00,-0.11,-0.05
0.70,1.26,12.24,0.00,-0.24,0.05,1.39,1.71,9.67,-0.03,-0.16,0.01
0.35,-0.00,7.87,-0.01,-0.28,0.08,0.44,0.70,11.02,-0.04,-0.20,0.08
1.10,-1.22,8.08,-0.03,-0.16,0.04,0.28,-0.68,9.32,-0.03,-0.11,0.06
-0.58,-2.90,8.84,-0.07,-0.08,-0.04,0.28,-0.68,9.32,-0.03,-0.11,0.06
1.02,-1.03,9.75,0.04,-0.04,-0.07,-0.31,-2.44,11.06,-0.07,0.01,-0.06
0.64,-0.49,11.01,-0.10,-0.15,-0.06,-0.87,-0.40,10.36,0.03,-0.02,-0.05
0.26,0.16,10.99,0.05,-0.09,-0.09,1.13,0.81,9.94,0.10,0.01,-0.08
2.15,-1.41,9.90,0.09,-0.11,-0.08,1.13,0.81,9.94,0.10,0.01,-0.08
0.30,-0.64,11.72,0.04,-0.07,-0.07,1.41,0.12,10.44,0.02,-0.04,-0.09
0.72,-0.13,11.67,0.08,-0.07,-0.06,0.16,-0.64,10.60,0.08,0.04,-0.07
0.20,-0.28,10.03,0.11,-0.10,-0.02,1.78,-0.05,9.92,0.03,-0.05,-0.02
-0.16,-0.77,9.22,0.05,-0.09,-0.01,1.78,-0.05,9.92,0.03,-0.05,-0.02
0.22,-0.69,8.25,0.08,-0.07,-0.02,1.24,0.14,9.79,0.05,-0.01,-0.00
0.15,-0.58,8.47,0.13,-0.02,-0.02,-0.14,-0.17,9.08,0.10,0.05,-0.02
0.28,-0.05,12.25,0.11,-0.05,-0.00,0.07,-0.28,11.39,0.10,0.03,0.00
0.27,0.29,11.11,0.11,-0.06,0.00,0.07,-0.28,11.39,0.10,0.03,0.00
0.07,0.25,10.68,0.07,-0.09,0.00,0.80,0.84,10.16,0.08,0.01,0.01
0.09,0.41,11.00,0.06,-0.11,0.02,0.44,-0.31,10.64,0.07,-0.02,0.02
0.36,-0.35,9.32,0.08,-0.10,0.05,-0.71,0.07,9.40,0.03,-0.02,0.04
0.20,0.58,11.99,-0.00,-0.11,0.08,-0.71,0.07,9.40,0.03,-0.02,0.04
0.07,-0.28,11.63,0.04,-0.07,0.06,-1.08,-0.20,9.87,-0.03,-0.09,0.10
-0.61,-0.13,10.38,0.02,-0.08,0.03,-0.47,-0.23,9.73,0.00,0.00,0.05
-0.60,-0.47,8.21,0.08,-0.01,-0.02,0.27,0.28,10.77,0.01,0.03,-0.00
-0.00,-0.61,8.33,0.04,-0.06,-0.02,0.27,0.28,10.77,0.01,0.03,-0.00
-0.22,0.00,11.38,0.04,-0.09,-0.03,-0.57,-0.09,11.04,0.03,-0.01,-0.01
-0.62,-0.14,9.71,0.05,-0.13,-0.03,0.48,0.32,9.98,0.02,-0.01,-0.03
-0.77,-0.89,8.17,0.06,-0.13,-0.03,0.64,0.54,9.28,0.00,-0.05,-0.03
0.03,-0.85,8.10,0.02,-0.15,-0.03,0.64,0.54,9.28,0.00,-0.05,-0.03
0.32,0.03,10.57,0.01,-0.15,-0.02,0.75,0.53,10.05,0.06,-0.06,-0.03
-0.29,0.24,7.71,0.14,0.08,-0.07,1.21,-0.64,9.48,0.08,-0.01,-0.04
-0.19,-1.08,8.19,0.19,0.01,-0.09,0.62,-0.08,9.46,-0.10,-0.02,-0.05
-0.14,0.29,9.98,-0.02,-0.10,-0.06,0.62,-0.08,9.46,-0.10,-0.02,-0.05
0.03,1.00,11.48,0.20,-0.01,-0.05,0.30,0.07,9.55,-0.05,-0.06,-0.05
-0.34,0.25,11.35,-0.02,-0.17,-0.01,-0.48,0.55,11.25,0.04,-0.06,-0.01
0.17,0.51,10.83,0.06,-0.15,-0.00,0.02,0.36,9.76,0.05,-0.07,0.01
-0.08,0.48,12.07,0.04,-0.13,-0.00,0.02,0.36,9.76,0.05,-0.07,0.01
-0.50,-0.15,9.41,0.03,-0.14,-0.00,0.09,0.49,9.69,0.03,-0.07,0.00
-0.63,-0.45,7.85,0.03,-0.15,-0.00,-0.00,0.07,10.90,0.01,-0.06,-0.00
0.13,-0.25,8.37,0.03,-0.15,-0.00,0.13,0.29,9.96,0.00,-0.08,0.00
0.21,-0.02,11.47,-0.00,-0.18,0.01,0.13,0.29,9.96,0.00,-0.08,0.00
-0.26,-0.37,8.38,0.01,-0.19,0.01,-0.92,-0.10,10.07,0.02,-0.11,0.02
-0.14,-0.59,8.04,0.03,-0.18,0.01,0.76,0.88,9.57,0.01,-0.10,0.01
0.61,-0.43,9.33,0.06,-0.09,-0.00,-0.60,-0.41,9.93,0.02,-0.05,0.01
0.06,0.39,11.52,0.03,-0.09,-0.01,-0.60,-0.41,9.93,0.02,-0.05,0.01
-0.28,0.24,8.76,0.05,-0.10,-0.01,-1.02,-0.38,9.55,0.03,-0.03,0.00
0.41,0.21,12.45,0.04,-0.09,-0.00,-0.85,-0.20,9.94,0.01,-0.05,0.01
-0.11,-0.42,10.42,0.02,-0.12,-0.00,0.66,0.25,9.86,-0.00,-0.05,0.00
-0.18,-0.66,8.35,0.04,-0.12,-0.01,0.66,0.25,9.86,-0.00,-0.05,0.00
0.33,0.15,11.28,0.03,-0.10,-0.02,0.14,0.11,9.58,0.00,-0.05,-0.00
-0.31,-0.02,11.03,0.02,-0.10,-0.03,0.70,0.73,10.59,-0.00,-0.04,-0.02
0.53,0.29,10.09,0.02,-0.09,-0.03,-0.92,-0.30,9.57,0.03,-0.02,-0.03
0.30,0.24,12.45,0.02,-0.10,-0.03,-0.92,-0.30,9.57,0.03,-0.02,-0.03
-0.18,-0.16,11.13,0.01,-0.13,-0.03,0.71,0.30,10.96,-0.00,-0.05,-0.03
-0.05,-0.56,8.39,0.00,-0.19,0.00,-0.43,-0.05,9.34,-0.02,-0.09,-0.01
0.13,-0.67,8.10,-0.00,-0.22,0.02,0.98,0.33,10.84,-0.02,-0.15,0.02
-0.12,-0.20,10.44,0.00,-0.18,0.02,0.98,0.33,10.84,-0.02,-0.15,0.02
-0.29,-0.77,8.62,0.05,-0.14,0.00,0.16,-0.42,11.02,-0.03,-0.12,0.03
-0.10,-0.69,7.85,0.08,-0.08,-0.02,-0.68,-0.77,10.41,0.03,-0.04,-0.00
0.54,-0.49,8.99,0.09,-0.05,-0.04,0.99,0.39,9.79,0.05,0.01,-0.03
0.73,0.04,10.52,0.05,-0.08,-0.03,0.99,0.39,9.79,0.05,0.01,-0.03
-0.19,-0.50,9.32,0.03,-0.17,-0.01,0.99,0.45,10.52,0.01,-0.03,-0.03
-0.15,-0.67,7.74,0.02,-0.21,0.00,0.01,0.11,9.53,-0.00,-0.12,0.00
0.53,-1.01,8.44,0.04,-0.17,-0.00,0.36,-0.58,10.70,0.00,-0.11,0.00
0.79,-0.28,9.76,0.03,-0.12,-0.01,0.36,-0.58,10.70,0.00,-0.11,0.00
0.42,0.02,11.31,0.05,-0.09,-0.02,1.51,0.11,9.98,0.01,-0.05,-0.01
0.44,-0.57,7.97,0.03,-0.12,-0.00,-0.64,-0.56,10.27,0.04,-0.05,-0.00
1.09,-0.29,9.90,0.01,-0.16,0.00,1.37,0.32,10.03,-0.01,-0.10,0.01
0.64,-0.30,11.74,0.00,-0.17,0.01,1.37,0.32,10.03,-0.01,-0.10,0.01
0.76,-0.40,11.80,0.01,-0.15,-0.00,1.14,-0.05,10.54,-0.02,-0.12,0.01
1.10,-0.31,12.07,0.00,-0.12,-0.01,-0.06,-0.39,10.61,0.00,-0.08,-0.00
0.51,-0.75,7.01,0.01,-0.10,-0.02,1.36,0.36,9.28,0.03,-0.03,-0.01
0.68,-0.92,9.77,0.03,-0.06,-0.00,1.36,0.36,9.28,0.03,-0.03,-0.01
1.06,-0.12,11.05,0.03,-0.16,0.01,0.99,0.20,10.34,0.04,-0.06,-0.00
0.53,0.06,11.46,0.02,-0.18,0.01,-0.00,-0.31,9.21,0.00,-0.13,0.03
0.63,-0.13,9.39,0.01,-0.20,0.03,1.84,0.79,10.49,-0.02,-0.14,0.03
1.30,0.06,12.22,0.04,-0.20,0.05,1.84,0.79,10.49,-0.02,-0.14,0.03
1.45,0.41,10.39,0.05,-0.20,0.05,1.48,0.93,9.73,0.00,-0.13,0.05
1.23,0.86,8.03,0.10,-0.16,0.06,2.22,1.08,10.54,0.05,-0.09,0.06
1.85,0.86,8.97,0.04,-0.16,0.06,0.53,0.91,9.80,0.05,-0.07,0.07
1.52,1.59,11.60,0.14,-0.06,0.03,0.53,0.91,9.80,0.05,-0.07,0.07
1.73,1.49,11.38,0.11,-0.07,0.01,0.46,0.90,9.45,0.13,0.00,0.05
1.91,0.76,10.43,0.09,-0.05,-0.05,1.07,0.98,9.42,0.14,0.04,-0.01
1.32,0.77,11.70,0.15,-0.04,-0.05,2.18,1.07,10.19,0.12,0.02,-0.05
0.31,-0.56,9.84,0.04,-0.15,-0.04,2.18,1.07,10.19,0.12,0.02,-0.05
0.03,-0.98,8.00,0.07,-0.06,-0.04,1.31,0.12,10.39,0.04,-0.05,-0.04
0.74,-1.81,9.23,0.10,-0.05,-0.03,0.30,-1.10,9.44,-0.03,-0.06,-0.03
-0.01,-1.73,10.48,0.05,-0.07,-0.02,-0.03,-1.22,9.40,0.00,-0.02,-0.02
-0.64,-1.80,8.15,0.00,-0.07,-0.02,-0.03,-1.22,9.40,0.00,-0.02,-0.02
0.01,-2.57,7.87,0.02,-0.12,0.01,-0.35,-1.71,9.66,-0.05,-0.02,-0.01
0.46,-0.92,10.05,-0.00,-0.16,0.01,-0.01,-1.10,11.16,0.10,-0.02,0.01
0.53,-1.09,11.93,0.07,-0.09,0.03,0.67,-0.98,9.38,0.04,-0.05,0.03
0.53,-2.20,8.72,0.01,-0.11,0.04,0.67,-0.98,9.38,0.04,-0.05,0.03
0.39,-1.89,10.38,0.02,-0.13,0.03,0.91,-1.64,9.64,-0.01,-0.04,0.04
0.18,-1.56,11.01,0.01,-0.14,0.02,1.28,-1.26,10.07,0.02,-0.06,0.04
0.33,-0.63,10.64,0.08,-0.10,0.00,-0.71,-1.22,10.03,0.06,-0.04,0.02
0.45,-0.97,8.68,0.01,-0.14,0.02,-0.71,-1.22,10.03,0.06,-0.04,0.02
0.65,-0.20,11.93,0.07,-0.09,-0.00,-0.22,-0.85,9.69,-0.00,-0.07,0.02
0.13,-0.57,9.88,0.05,-0.08,-0.02,1.73,0.25,9.93,-0.01,-0.04,-0.01
0.09,-0.81,7.92,0.06,-0.07,-0.04,-0.38,-0.69,10.04,0.03,-0.01,-0.03
1.07,-0.70,9.05,0.04,-0.06,-0.06,-0.38,-0.69,10.04,0.03,-0.01,-0.03
1.05,0.16,12.43,0.05,-0.01,-0.09,1.17,0.29,10.12,0.01,0.01,-0.07
-0.09,-0.99,8.34,0.08,0.01,-0.10,-1.42,-1.10,10.38,0.01,0.03,-0.08
0.84,0.22,11.14,0.05,-0.05,-0.11,1.30,0.35,9.48,0.04,0.00,-0.11
0.68,1.02,11.37,0.06,-0.11,-0.08,1.30,0.35,9.48,0.04,0.00,-0.11
0.40,0.10,9.28,0.05,-0.14,-0.05,1.53,1.19,9.74,0.04,-0.05,-0.06
0.99,0.55,8.23,0.09,-0.13,-0.06,1.84,1.62,9.85,0.07,-0.06,-0.06
1.41,0.86,9.51,0.09,-0.11,-0.05,0.14,0.86,10.58,0.09,-0.05,-0.04
0.94,0.81,8.02,0.12,-0.10,-0.04,0.14,0.86,10.58,0.09,-0.05,-0.04
1.42,1.58,11.71,0.09,-0.09,-0.07,0.85,1.15,10.81,0.10,-0.03,-0.04
0.97,0.92,11.28,0.07,-0.12,-0.11,0.30,1.26,9.91,0.09,-0.03,-0.08
0.21,-0.40,8.12,0.05,-0.16,-0.13,-0.37,-0.16,9.84,0.02,-0.08,-0.12
1.12,0.02,9.11,-0.00,-0.17,-0.14,-0.37,-0.16,9.84,0.02,-0.08,-0.12
0.05,-1.07,8.33,-0.01,-0.18,-0.12,-0.36,-0.51,9.62,-0.03,-0.12,-0.13
0.77,-1.31,9.10,0.02,-0.15,-0.09,1.50,-0.50,9.71,-0.05,-0.11,-0.11
0.77,-1.70,11.56,-0.03,-0.21,-0.06,-0.66,-1.45,10.39,-0.02,-0.13,-0.06
0.28,-1.37,11.29,0.00,-0.23,-0.02,-0.66,-1.45,10.39,-0.02,-0.13,-0.06
-0.21,-2.00,9.17,0.01,-0.25,0.01,-0.47,-1.64,10.04,-0.01,-0.17,-0.00
0.64,-2.52,11.88,-0.02,-0.19,0.02,-0.32,-2.01,9.83,-0.02,-0.15,0.03
0.21,-2.90,11.66,-0.01,-0.15,0.01,0.82,-2.10,9.58,-0.04,-0.10,0.01
-0.53,-2.51,8.91,0.03,-0.15,-0.02,0.82,-2.10,9.58,-0.04,-0.10,0.01
0.79,-1.00,7.98,0.07,-0.08,-0.03,1.03,-1.58,9.87,-0.01,-0.07,-0.02
1.71,-0.32,9.14,0.06,-0.07,-0.05,0.27,-0.36,10.40,0.04,-0.01,-0.04
1.44,-0.60,12.20,0.08,-0.06,-0.05,0.27,-0.36,10.40,0.04,-0.01,-0.04
0.98,-0.46,11.16,0.03,-0.12,-0.04,0.63,-0.22,10.83,0.06,-0.01,-0.04
1.42,-0.58,9.35,0.02,-0.12,-0.03,0.59,-0.36,10.66,0.03,-0.05,-0.02
1.40,-0.57,11.81,0.03,-0.10,-0.03,1.68,-0.36,9.62,0.01,-0.05,-0.02
0.91,-0.78,11.55,0.04,-0.12,-0.02,1.68,-0.36,9.62,0.01,-0.05,-0.02
0.50,-0.91,8.67,0.06,-0.13,-0.01,1.78,-0.23,9.45,0.02,-0.05,-0.01
1.03,-1.27,8.26,0.06,-0.12,-0.02,0.53,-0.30,10.35,0.02,-0.05,-0.01
0.78,-0.29,10.94,0.04,-0.13,-0.02,1.65,-0.00,9.55,0.01,-0.06,-0.02
0.80,-0.83,8.75,0.06,-0.12,-0.02,1.65,-0.00,9.55,0.01,-0.06,-0.02
0.97,-0.77,8.42,0.07,-0.10,-0.02,0.27,-1.06,9.62,0.04,-0.05,-0.01
1.55,-1.01,9.69,0.07,-0.07,-0.03,1.96,0.11,10.20,0.05,-0.01,-0.02
1.02,-0.33,10.99,0.04,-0.08,-0.02,0.46,-0.68,9.29,0.03,-0.03,-0.01
1.01,-0.99,8.25,0.02,-0.12,-0.00,0.46,-0.68,9.29,0.03,-0.03,-0.01
1.63,-0.43,9.96,0.05,-0.10,0.00,0.97,-0.41,9.56,0.01,-0.05,-0.00
1.48,-0.36,12.03,0.03,-0.09,0.02,1.49,-0.22,10.59,0.02,-0.03,0.01
0.95,-0.90,11.30,0.01,-0.14,0.07,1.57,-0.74,10.86,-0.02,-0.06,0.06
0.49,-1.11,8.28,0.02,-0.19,0.08,1.57,-0.74,10.86,-0.02,-0.06,0.06
0.44,-0.52,10.97,0.05,-0.16,0.07,0.97,-0.61,11.01,0.00,-0.11,0.09
0.47,-0.44,9.58,0.08,-0.10,0.03,0.97,-0.21,9.07,0.03,-0.06,0.05
0.70,-0.90,8.37,0.07,-0.07,0.00,1.51,-0.07,10.43,0.02,-0.01,0.01
1.43,-0.50,9.37,0.06,-0.07,-0.02,1.51,-0.07,10.43,0.02,-0.01,0.01
1.09,-0.31,11.35,0.08,-0.04,-0.05,1.45,-0.21,9.78,0.04,-0.00,-0.03
0.85,-0.95,8.33,0.09,-0.01,-0.06,0.27,-1.05,10.54,0.05,0.02,-0.05
0.86,-0.99,8.03,0.09,-0.02,-0.05,1.66,0.09,9.92,0.04,0.04,-0.06
1.26,-0.60,9.33,0.06,-0.03,-0.05,1.66,0.09,9.92,0.04,0.04,-0.06
1.14,-0.60,11.55,0.06,-0.04,-0.05,1.31,0.39,9.90,0.04,0.03,-0.05
0.83,-0.29,11.90,0.06,-0.05,-0.04,0.11,-0.38,9.50,0.05,0.02,-0.05
0.27,-0.74,10.45,0.08,-0.03,-0.03,0.12,-0.32,9.26,0.05,0.04,-0.03
0.73,-0.31,10.62,0.06,-0.04,-0.02,0.12,-0.32,9.26,0.05,0.04,-0.03
0.47,0.41,11.70,0.06,-0.05,0.00,0.70,-0.04,9.40,0.05,0.02,-0.01
0.41,0.69,10.35,0.09,-0.06,0.05,0.44,0.36,11.07,0.04,-0.01,0.03
0.42,0.42,8.34,0.12,-0.02,0.12,0.91,1.12,9.47,0.08,0.05,0.11
1.25,1.27,9.60,0.16,0.03,0.18,0.91,1.12,9.47,0.08,0.05,0.11
0.11,0.84,8.20,0.15,-0.02,0.17,0.27,1.32,10.71,0.14,0.09,0.19
0.84,1.29,9.43,0.15,-0.03,0.13,0.04,1.36,9.38,0.12,0.06,0.16
0.31,1.03,12.18,0.08,-0.10,0.09,1.17,1.57,10.18,0.08,-0.03,0.11
-0.06,0.55,10.65,0.01,-0.21,0.06,1.17,1.57,10.18,0.08,-0.03,0.11
0.08,-0.48,8.39,-0.05,-0.32,0.03,1.35,1.48,10.12,-0.02,-0.15,0.06
0.05,-0.23,11.46,-0.08,-0.35,0.00,-0.57,-0.57,9.68,-0.09,-0.26,0.04
-0.27,-0.45,8.87,-0.03,-0.32,0.01,-0.48,-0.25,9.30,-0.07,-0.27,0.02
-0.08,-0.87,7.50,0.01,-0.27,0.02,-0.48,-0.25,9.30,-0.07,-0.27,0.02
0.78,-0.93,8.65,0.01,-0.17,0.01,-0.09,-0.08,9.29,-0.00,-0.16,0.02
0.64,-1.45,11.46,0.02,-0.09,0.02,0.51,-0.86,10.69,-0.01,-0.05,0.01
-0.02,-1.91,8.14,0.02,-0.13,0.01,0.37,-1.42,9.51,-0.01,-0.08,0.02
-0.01,-2.34,8.60,-0.00,-0.17,-0.02,0.37,-1.42,9.51,-0.01,-0.08,0.02
0.64,-1.79,9.68,-0.02,-0.16,-0.02,-0.63,-2.43,11.01,-0.02,-0.10,-0.01
0.14,-1.70,11.42,-0.03,-0.17,-0.02,0.94,-1.47,9.78,-0.02,-0.09,-0.01
0.45,-1.19,10.62,0.01,-0.15,-0.04,-0.34,-1.83,10.25,-0.02,-0.09,-0.02
1.62,-0.54,9.97,-0.00,-0.16,-0.03,-0.34,-1.83,10.25,-0.02,-0.09,-0.02
1.03,-0.64,11.47,0.04,-0.08,-0.04,0.34,-1.16,9.77,-0.03,-0.08,-0.02
0.84,-0.47,10.94,0.05,-0.07,-0.06,1.78,0.19,9.80,-0.00,-0.03,-0.04
0.29,-0.70,9.97,0.05,-0.07,-0.05,1.06,-0.32,10.60,0.02,-0.01,-0.05
0.50,-0.99,8.57,0.06,-0.09,-0.05,1.06,-0.32,10.60,0.02,-0.01,-0.05
1.15,-0.44,12.14,0.08,-0.09,-0.04,0.51,-0.62,10.63,0.03,-0.02,-0.05
0.84,-0.65,11.61,0.05,-0.11,-0.03,1.65,-0.39,10.01,0.00,-0.05,-0.04
0.44,-0.85,9.78,0.05,-0.13,-0.02,0.21,-0.74,10.47,0.01,-0.07,-0.02
0.69,-1.23,8.06,0.04,-0.14,-0.02,0.21,-0.74,10.47,0.01,-0.07,-0.02
1.18,-0.81,8.53,0.03,-0.15,-0.01,1.77,-0.17,10.18,0.01,-0.07,-0.01
1.23,-0.77,9.69,0.03,-0.15,-0.01,0.25,-1.03,9.79,0.00,-0.09,0.00
1.09,-0.93,7.95,0.05,-0.16,0.00,2.12,-0.26,10.02,0.00,-0.11,0.00
1.75,-0.78,9.06,0.03,-0.17,0.02,2.12,-0.26,10.02,0.00,-0.11,0.00
1.52,-0.79,11.76,0.01,-0.16,0.02,1.74,-0.13,10.09,0.00,-0.09,0.02
1.25,-0.42,11.53,0.03,-0.15,0.01,0.61,-0.43,9.57,0.02,-0.09,0.02
0.56,-1.09,10.53,0.05,-0.12,-0.00,0.64,-0.58,9.33,0.03,-0.05,0.01
1.44,-0.51,10.74,0.05,-0.08,-0.02,0.64,-0.58,9.33,0.03,-0.05,0.01
1.22,-0.44,11.10,0.07,-0.08,-0.02,1.68,-0.43,9.46,0.03,-0.03,-0.01
0.74,-0.56,9.77,0.06,-0.11,0.01,1.00,-0.59,10.90,0.04,-0.03,0.00
0.80,-0.68,8.36,0.07,-0.10,0.02,1.91,0.06,9.95,0.05,-0.02,0.02
1.38,-0.47,8.05,0.09,-0.08,0.02,1.91,0.06,9.95,0.05,-0.02,0.02
1.34,0.23,11.54,0.10,-0.05,0.00,0.40,-0.07,9.90,0.07,-0.01,0.03
1.13,0.44,9.62,0.10,-0.07,-0.01,2.25,1.15,9.98,0.08,0.01,0.00
1.36,0.14,8.37,0.14,-0.05,-0.01,0.73,0.36,9.71,0.10,0.00,-0.00
1.86,0.33,9.26,0.09,-0.07,-0.02,0.73,0.36,9.71,0.10,0.00,-0.00
1.56,0.00,11.43,0.06,-0.07,-0.03,0.86,0.44,9.20,0.08,0.02,-0.01
0.64,-0.47,8.03,0.11,-0.11,-0.05,1.59,0.41,10.70,0.06,-0.02,-0.03
1.11,-0.65,8.57,0.11,-0.09,-0.06,0.61,-0.38,10.55,0.09,-0.03,-0.06
1.06,-0.92,9.46,0.06,-0.12,-0.04,0.61,-0.38,10.55,0.09,-0.03,-0.06
1.03,-0.77,10.89,0.04,-0.08,-0.02,0.15,-0.75,10.38,0.05,-0.07,-0.03
0.64,-1.13,11.81,-0.03,-0.08,0.01,1.34,-0.01,9.67,-0.03,-0.02,-0.01
0.47,-2.34,8.75,0.00,-0.09,0.03,-0.52,-2.07,9.79,-0.01,0.00,0.03
0.88,-0.84,10.26,0.12,-0.09,0.02,-0.52,-2.07,9.79,-0.01,0.00,0.03
0.33,-1.37,11.54,0.05,-0.11,0.02,-0.13,-1.17,10.69,0.10,-0.04,0.03
-0.09,-1.34,11.15,0.05,-0.07,0.02,0.72,-0.74,9.77,0.08,0.00,0.02
-0.28,-1.88,8.29,0.09,-0.06,0.01,0.35,-1.77,10.99,0.03,0.00,0.01
0.34,-0.06,11.23,0.08,-0.09,0.01,0.35,-1.77,10.99,0.03,0.00,0.01
-0.07,-0.43,9.80,0.10,-0.06,0.00,0.71,-0.34,11.18,0.03,-0.02,0.01
0.37,-0.78,8.10,0.09,-0.06,0.00,0.62,-0.12,9.54,0.06,0.01,0.01
0.82,-0.61,8.72,0.07,-0.07,0.01,1.09,0.41,10.03,0.05,0.01,0.00
0.88,-0.13,10.79,0.06,-0.07,0.00,1.09,0.41,10.03,0.05,0.01,0.00
0.59,-0.18,8.65,0.05,-0.06,0.00,1.11,0.28,9.66,0.04,-0.01,0.01
0.58,-0.73,8.73,0.06,-0.09,0.01,-0.33,-0.21,10.37,0.06,-0.00,0.01
0.82,-0.06,9.88,0.06,-0.08,0.02,1.11,0.34,9.87,0.03,-0.02,0.03
0.70,-0.28,11.38,0.02,-0.11,0.03,1.11,0.34,9.87,0.03,-0.02,0.03
0.43,0.19,11.55,0.00,-0.16,0.06,0.37,0.07,10.04,0.02,-0.05,0.04
0.39,0.43,10.42,0.03,-0.17,0.07,0.28,-0.11,10.60,0.02,-0.10,0.07
0.91,0.56,9.12,0.05,-0.14,0.08,1.53,0.97,9.95,0.02,-0.08,0.08
1.11,0.45,10.81,0.06,-0.08,0.06,1.53,0.97,9.95,0.02,-0.08,0.08
0.62,0.17,12.00,0.02,-0.09,0.05,1.31,0.83,9.96,0.03,-0.02,0.07
0.43,0.03,10.78,0.06,-0.09,0.04,-0.13,-0.01,10.29,0.04,-0.02,0.05
0.64,0.48,8.93,0.10,-0.08,0.04,0.30,0.56,9.26,0.07,-0.02,0.05
1.14,1.07,11.98,0.01,-0.11,0.06,0.30,0.56,9.26,0.07,-0.02,0.05
0.95,0.87,11.50,0.02,-0.13,0.10,1.43,0.95,9.94,0.01,-0.05,0.07
0.73,0.35,10.22,0.04,-0.18,0.10,0.48,0.82,10.43,0.01,-0.08,0.11
0.00,-0.29,8.57,0.05,-0.19,0.11,1.41,0.65,10.14,-0.00,-0.11,0.12
-0.07,-1.54,8.04,0.03,-0.15,0.12,1.41,0.65,10.14,-0.00,-0.11,0.12
-0.57,-1.53,11.27,0.01,-0.10,0.11,-0.75,-1.03,9.29,-0.01,-0.07,0.12
-0.88,-2.28,10.30,0.04,-0.10,0.11,-0.18,-1.60,10.90,-0.00,-0.03,0.12
-0.23,-1.51,8.68,0.15,-0.04,0.08,0.14,-1.59,9.27,0.09,0.02,0.09
-0.31,-1.68,8.04,0.08,-0.05,0.07,0.14,-1.59,9.27,0.09,0.02,0.09
0.17,-1.32,9.46,0.04,-0.05,0.06,0.60,-1.20,9.63,0.08,0.05,0.07
-0.42,-1.44,10.69,0.08,-0.06,0.04,0.35,-0.99,9.67,0.04,0.01,0.05
-0.27,-0.54,8.25,0.12,-0.03,0.02,-0.80,-0.22,10.08,0.10,0.05,0.03
0.63,-0.56,9.06,0.11,-0.01,0.00,-0.80,-0.22,10.08,0.10,0.05,0.03
0.25,-0.19,11.25,0.07,-0.03,-0.00,-0.69,-0.39,9.49,0.09,0.06,0.01
-0.14,0.19,11.76,0.07,-0.05,-0.01,0.65,0.54,10.20,0.06,0.03,0.00
-0.09,-0.54,8.38,0.07,-0.08,0.01,-0.83,-0.04,9.43,0.05,-0.01,0.01
0.30,0.02,9.63,0.04,-0.11,0.01,-0.83,-0.04,9.43,0.05,-0.01,0.01
-0.23,0.17,11.51,0.02,-0.13,0.00,-0.44,-0.29,10.91,0.02,-0.05,0.02
-0.20,0.15,11.26,0.03,-0.12,-0.01,0.48,0.06,9.74,0.02,-0.06,0.00
-0.33,-0.48,9.51,0.06,-0.11,-0.01,-0.76,-0.25,10.78,0.04,-0.04,-0.00
-0.31,-0.12,11.64,0.07,-0.11,-0.00,-0.76,-0.25,10.78,0.04,-0.04,-0.00
0.15,0.39,11.93,0.04,-0.12,-0.00,-1.17,-0.31,10.16,0.03,-0.06,-0.00
0.01,-0.20,10.37,0.07,-0.15,-0.01,1.01,0.86,9.88,0.05,-0.07,-0.01
-0.38,-0.01,8.19,0.11,-0.15,-0.02,0.91,0.89,10.05,0.06,-0.05,-0.02
0.29,-0.29,8.51,0.08,-0.16,-0.03,0.91,0.89,10.05,0.06,-0.05,-0.02
0.93,0.76,10.61,0.04,-0.18,-0.04,0.67,0.88,11.03,0.05,-0.09,-0.03
0.29,0.56,8.95,0.08,-0.19,-0.05,0.48,0.83,9.55,0.04,-0.13,-0.04
0.64,0.53,8.07,0.07,-0.19,-0.10,0.67,1.16,10.98,0.01,-0.14,-0.09
1.01,0.75,8.91,0.06,-0.14,-0.15,0.67,1.16,10.98,0.01,-0.14,-0.09
0.93,1.28,10.85,0.10,-0.07,-0.21,1.40,1.86,9.69,0.00,-0.09,-0.16
0.57,0.98,11.85,0.05,-0.05,-0.25,-0.47,0.63,10.27,0.04,-0.01,-0.22
0.87,0.19,9.99,0.05,-0.00,-0.27,0.85,0.63,9.69,0.07,0.07,-0.26
0.28,0.23,11.69,0.05,0.01,-0.26,0.85,0.63,9.69,0.07,0.07,-0.26
-0.51,-0.91,9.63,0.03,-0.03,-0.22,0.96,0.52,9.81,0.03,0.06,-0.26
-1.36,-4.00,8.54,-0.01,-0.07,-0.16,-0.48,-1.74,10.96,-0.02,0.02,-0.20
-0.91,-2.30,10.26,0.14,-0.13,-0.11,-1.33,-2.86,11.73,0.12,-0.04,-0.11
-0.82,-1.72,8.07,0.03,-0.20,-0.04,-1.33,-2.86,11.73,0.12,-0.04,-0.11
0.33,-0.50,8.03,-0.01,-0.22,-0.03,-0.57,-0.96,10.57,0.02,-0.11,-0.04
0.34,-0.09,10.30,-0.00,-0.17,-0.04,0.24,0.29,9.65,0.02,-0.09,-0.03
0.31,0.22,11.38,0.05,-0.15,-0.04,0.19,-0.15,10.76,0.03,-0.10,-0.03
0.27,0.04,11.18,-0.00,-0.19,-0.01,0.19,-0.15,10.76,0.03,-0.10,-0.03
0.83,-0.50,9.41,0.02,-0.17,-0.01,1.19,0.09,9.39,-0.01,-0.11,0.00
0.60,-0.04,10.87,0.03,-0.13,-0.01,-0.42,-0.35,9.66,0.01,-0.09,-0.00
0.59,-0.07,11.78,0.02,-0.13,-0.01,0.64,-0.17,10.67,0.00,-0.07,-0.01
0.47,0.22,11.88,0.03,-0.13,-0.01,0.64,-0.17,10.67,0.00,-0.07,-0.01
0.35,-0.42,10.96,0.05,-0.13,-0.01,-0.03,-0.21,10.82,0.02,-0.07,-0.00
1.06,-0.08,10.15,0.05,-0.13,-0.01,1.05,0.24,9.69,0.03,-0.06,-0.01
0.74,-0.12,11.97,0.03,-0.11,-0.01,1.13,0.48,10.26,0.01,-0.05,-0.01
0.46,0.08,11.67,0.04,-0.11,-0.01,1.13,0.48,10.26,0.01,-0.05,-0.01
0.05,-0.49,10.43,0.07,-0.11,-0.01,0.93,0.03,10.79,0.02,-0.05,-0.00
0.09,-0.51,8.17,0.07,-0.11,-0.01,0.19,0.08,9.35,0.04,-0.04,-0.00
0.36,-0.00,11.44,0.06,-0.10,-0.01,0.68,0.11,11.01,0.03,-0.03,-0.00
0.03,-0.18,10.65,0.06,-0.09,-0.01,0.68,0.11,11.01,0.03,-0.03,-0.00
-0.27,-0.50,8.64,0.07,-0.09,-0.01,1.03,0.59,9.98,0.04,-0.03,-0.01
0.23,-0.78,8.11,0.06,-0.09,-0.00,-0.33,-0.34,10.48,0.04,-0.02,-0.00
0.54,-0.10,10.29,0.05,-0.09,-0.01,0.78,0.10,9.69,0.02,-0.03,-0.00
0.29,0.32,8.40,0.04,-0.10,-0.02,0.78,0.10,9.69,0.02,-0.03,-0.00
0.32,-0.45,8.44,0.04,-0.11,-0.02,1.19,0.54,10.05,0.01,-0.03,-0.01
0.67,-0.06,9.64,0.05,-0.09,-0.03,-0.69,-0.58,10.06,0.01,-0.04,-0.01
0.22,-0.11,12.16,0.07,-0.05,-0.06,-0.83,-0.37,9.67,0.06,0.00,-0.05
0.22,0.16,11.68,0.08,-0.05,-0.08,-0.83,-0.37,9.67,0.06,0.00,-0.05
-1.28,-0.81,11.27,0.12,-0.10,-0.02,-0.19,0.03,9.38,0.07,0.00,-0.07
0.58,0.01,11.46,0.00,-0.13,0.00,0.54,0.19,11.55,-0.02,-0.05,0.00
0.06,0.04,11.85,-0.00,-0.13,0.01,0.25,-0.03,9.84,0.02,-0.06,0.02
-0.17,-0.28,10.26,0.09,-0.06,-0.01,0.25,-0.03,9.84,0.02,-0.06,0.02
-0.32,-0.31,7.78,0.09,-0.10,-0.01,-0.65,0.03,10.58,0.03,-0.01,-0.00
0.30,-0.70,8.69,0.06,-0.09,-0.01,0.83,0.43,9.99,0.05,-0.02,-0.00
-0.25,-0.17,10.15,0.06,-0.09,-0.01,-0.81,-0.23,10.57,0.05,-0.02,-0.00
-0.10,-0.46,8.07,0.08,-0.08,-0.01,-0.81,-0.23,10.57,0.05,-0.02,-0.00
-0.23,-0.67,8.07,0.08,-0.09,-0.01,-0.72,0.10,9.67,0.05,-0.02,-0.00
0.34,-0.37,9.00,0.05,-0.09,-0.01,0.83,0.63,10.29,0.03,-0.02,-0.01
0.23,0.50,10.03,0.05,-0.09,-0.01,0.10,0.14,11.05,0.03,-0.03,-0.00
-0.48,-0.47,8.62,0.06,-0.11,-0.01,0.10,0.14,11.05,0.03,-0.03,-0.00
-0.27,-0.48,8.01,0.07,-0.10,-0.00,-1.04,-0.17,10.37,0.03,-0.03,-0.00
0.17,-0.06,8.91,0.05,-0.10,-0.01,0.78,0.65,9.82,0.02,-0.04,-0.01
0.29,0.34,10.17,0.05,-0.11,-0.01,-0.78,-0.27,9.90,0.03,-0.04,-0.00
-0.29,0.65,11.59,0.04,-0.11,-0.01,-0.78,-0.27,9.90,0.03,-0.04,-0.00
-0.23,-0.54,8.15,0.04,-0.12,-0.00,-0.20,0.17,10.86,0.02,-0.05,-0.00
-0.15,-0.24,8.42,0.05,-0.12,-0.01,0.55,0.31,10.07,0.02,-0.05,-0.01
0.59,-0.08,9.63,0.05,-0.11,-0.01,-0.60,-0.21,10.46,0.03,-0.04,-0.00
-0.11,0.41,11.33,0.05,-0.09,-0.01,-0.60,-0.21,10.46,0.03,-0.04,-0.00
-0.23,0.30,11.15,0.05,-0.09,-0.01,-1.13,-0.39,9.64,0.05,-0.03,0.00
0.01,-0.11,8.70,0.06,-0.09,-0.01,0.83,0.89,10.10,0.03,-0.02,-0.01
0.30,-0.02,10.30,0.04,-0.09,-0.01,0.34,0.36,10.77,0.03,-0.03,-0.01
-0.20,0.57,11.48,0.04,-0.11,-0.01,0.34,0.36,10.77,0.03,-0.03,-0.01
-0.41,0.39,11.06,0.03,-0.13,-0.01,-0.91,-0.01,10.57,0.03,-0.05,-0.00
-0.56,0.01,9.96,0.02,-0.18,-0.01,0.71,0.64,10.05,-0.00,-0.09,-0.01
-0.60,-0.16,9.96,0.02,-0.19,-0.01,-0.95,-0.40,10.20,-0.01,-0.12,-0.00
0.12,0.27,11.22,-0.02,-0.18,-0.02,-0.95,-0.40,10.20,-0.01,-0.12,-0.00
-0.05,0.06,11.30,0.01,-0.17,-0.01,0.43,0.17,10.80,-0.01,-0.11,-0.00
-0.25,-0.02,10.16,0.05,-0.16,-0.01,0.59,-0.02,9.77,-0.02,-0.11,-0.00
-0.34,-0.59,8.55,0.03,-0.17,-0.01,-0.39,-0.39,10.57,-0.01,-0.10,-0.00
-0.09,-0.64,7.97,0.02,-0.19,-0.01,-0.39,-0.39,10.57,-0.01,-0.10,-0.00
-0.10,-0.00,11.01,-0.01,-0.21,-0.01,-0.50,-0.03,10.50,-0.02,-0.13,-0.00
-0.07,-0.45,9.65,-0.01,-0.26,-0.01,1.36,0.41,9.92,-0.06,-0.18,-0.01
0.13,-0.79,8.51,-0.03,-0.27,-0.01,1.24,-0.06,10.61,-0.06,-0.20,-0.01
0.54,-0.97,7.91,-0.01,-0.25,-0.01,1.24,-0.06,10.61,-0.06,-0.20,-0.01
1.54,-1.10,10.27,0.00,-0.19,-0.02,1.11,-0.36,11.28,-0.06,-0.19,-0.01
0.61,-1.14,7.86,0.07,-0.10,-0.01,1.05,-0.46,9.32,0.01,-0.08,-0.01
1.79,-0.88,9.48,0.05,-0.08,-0.01,1.87,-0.14,10.08,0.02,-0.03,-0.01
0.81,0.10,11.25,0.02,-0.08,-0.01,1.87,-0.14,10.08,0.02,-0.03,-0.01
0.35,-0.19,10.36,0.09,-0.08,-0.01,0.88,-0.54,9.69,-0.01,-0.04,-0.00
0.25,-1.18,8.27,0.08,-0.10,-0.01,1.55,0.04,10.57,-0.02,-0.06,-0.00
0.92,-0.60,11.47,0.00,-0.13,-0.01,0.17,-0.65,9.42,-0.01,-0.08,0.00
0.61,-0.13,10.59,0.01,-0.14,-0.02,0.17,-0.65,9.42,-0.01,-0.08,0.00
0.63,-0.81,9.22,0.09,-0.14,-0.01,0.73,-0.28,9.79,-0.03,-0.11,0.00
0.69,-1.45,8.20,0.04,-0.14,-0.00,0.27,-0.53,10.82,-0.01,-0.09,-0.01
0.87,-1.23,8.07,0.05,-0.06,-0.01,0.40,-0.63,9.57,0.01,-0.00,-0.00
0.93,-0.10,11.26,0.05,-0.10,-0.01,0.40,-0.63,9.57,0.01,-0.00,-0.00
0.44,0.00,11.15,0.13,-0.02,-0.01,1.39,-0.50,9.90,-0.03,-0.04,0.00
0.68,-0.54,10.52,0.03,-0.09,-0.01,-0.34,-0.43,10.34,-0.01,-0.03,-0.00
0.37,-0.55,9.95,0.04,-0.10,-0.01,1.40,0.16,10.32,0.02,-0.01,-0.01
0.38,-0.84,8.64,0.07,-0.07,-0.01,1.40,0.16,10.32,0.02,-0.01,-0.01
0.90,-0.27,10.80,0.10,-0.02,-0.01,1.37,-0.18,9.63,0.03,0.01,-0.01
0.63,-0.09,11.07,0.08,0.01,-0.01,-0.29,-0.51,9.95,0.08,0.06,-0.00
0.24,-0.17,10.96,0.10,0.01,-0.01,1.30,0.21,10.22,0.08,0.08,-0.01
0.00,-0.36,9.67,0.09,-0.03,0.01,1.30,0.21,10.22,0.08,0.08,-0.01
-0.29,-0.46,8.38,0.08,-0.06,0.01,0.35,-0.58,10.82,0.06,0.04,0.01
0.24,0.21,11.43,0.06,-0.11,0.03,0.58,0.04,10.03,0.02,-0.01,0.02
0.06,-0.04,11.25,0.02,-0.13,0.04,1.11,0.29,9.94,-0.00,-0.07,0.04
-0.11,-0.22,10.00,0.04,-0.12,0.04,1.11,0.29,9.94,-0.00,-0.07,0.04
-0.34,-0.83,8.51,0.06,-0.09,0.04,1.03,0.35,10.34,0.01,-0.05,0.04
0.13,-1.06,7.99,0.06,-0.06,0.03,-0.44,-0.41,9.61,0.03,-0.01,0.04
0.47,-0.63,11.33,0.07,-0.01,0.01,0.48,-0.12,10.59,0.05,0.04,0.02
-0.49,-0.14,9.92,0.10,0.00,0.01,0.48,-0.12,10.59,0.05,0.04,0.02
-0.72,-0.60,8.70,0.07,-0.07,0.02,0.67,0.46,9.96,0.05,0.05,0.01
-0.53,-1.10,7.66,0.06,-0.10,0.02,-0.87,-0.49,10.37,-0.01,-0.05,0.03
-0.03,-0.16,9.13,0.06,-0.08,-0.00,0.49,0.81,10.05,0.05,0.00,0.00
-0.11,0.05,10.50,-0.01,-0.15,-0.01,0.49,0.81,10.05,0.05,0.00,0.00
-0.44,-0.52,7.23,0.05,-0.10,-0.01,0.47,0.32,10.48,0.01,-0.08,0.00
0.07,-0.50,8.43,0.15,-0.06,-0.01,0.04,-0.27,9.78,0.04,-0.02,0.01
-0.12,-0.03,10.33,0.12,-0.08,-0.01,-0.29,0.02,9.80,0.07,-0.02,0.00
-0.68,0.72,11.81,0.05,-0.09,-0.03,-0.29,0.02,9.80,0.07,-0.02,0.00
-0.86,-0.25,10.37,0.05,-0.09,-0.06,0.03,0.41,10.18,0.02,-0.04,-0.03
0.23,0.17,9.34,0.04,-0.09,-0.08,-1.02,-0.16,10.46,0.07,-0.02,-0.07
0.04,0.03,11.61,0.08,-0.05,-0.08,0.50,0.08,9.63,0.08,0.01,-0.07
-0.26,0.23,10.87,0.16,0.05,-0.07,0.50,0.08,9.63,0.08,0.01,-0.07
-0.96,-0.44,8.56,0.16,0.04,-0.05,-1.11,0.07,9.54,0.12,0.12,-0.06
-0.98,-0.75,7.75,0.15,-0.02,-0.04,0.40,1.01,9.65,0.08,0.06,-0.05
-0.70,0.26,11.30,0.09,0.01,-0.03,-1.15,-0.07,9.46,0.10,0.04,-0.02
-1.47,0.03,10.49,0.11,0.01,-0.02,-1.15,-0.07,9.46,0.10,0.04,-0.02
-1.38,-0.45,8.31,0.16,-0.03,-0.00,-1.28,-0.10,9.89,0.05,0.07,-0.01
-1.35,-0.50,7.80,0.06,-0.15,0.04,-1.53,0.50,10.37,0.10,-0.01,0.01
-0.64,0.60,8.71,0.02,-0.23,0.03,-1.39,0.43,10.21,0.04,-0.14,0.05
-1.08,0.34,9.13,0.05,-0.20,0.00,-1.39,0.43,10.21,0.04,-0.14,0.05
-0.65,-0.23,8.01,0.03,-0.24,-0.02,-1.65,0.29,9.62,0.02,-0.16,0.01
-0.67,-0.11,7.95,0.07,-0.19,-0.06,0.79,1.09,9.91,0.03,-0.12,-0.05
-0.75,-0.34,8.24,0.12,-0.09,-0.05,-1.39,0.10,9.61,0.08,-0.03,-0.05
-0.53,0.18,7.90,0.16,-0.07,-0.04,-1.39,0.10,9.61,0.08,-0.03,-0.05
-0.36,0.74,11.15,0.08,-0.08,-0.04,-1.53,0.24,9.88,0.11,0.00,-0.03
-0.65,0.47,9.60,0.07,-0.11,-0.03,0.64,1.68,10.00,0.07,-0.01,-0.03
-0.66,-0.12,8.13,0.10,-0.09,-0.01,-1.21,0.43,9.16,0.05,-0.03,-0.01
-0.44,0.22,7.83,0.10,-0.07,-0.01,-1.21,0.43,9.16,0.05,-0.03,-0.01
-0.06,0.52,9.14,0.06,-0.06,-0.01,-0.25,1.00,9.86,0.07,0.01,-0.00
-0.84,0.37,9.69,0.06,-0.07,-0.02,0.18,1.33,9.84,0.05,0.00,-0.01
-0.73,-0.05,8.10,0.08,-0.09,-0.02,-1.35,0.14,9.97,0.06,-0.02,-0.01
-0.67,0.39,8.11,0.05,-0.10,-0.02,-1.35,0.14,9.97,0.06,-0.02,-0.01
0.00,0.77,9.88,0.02,-0.13,-0.03,-1.67,0.26,9.61,0.04,-0.04,-0.02
-0.58,1.45,11.43,0.03,-0.12,-0.04,0.34,1.58,10.50,0.01,-0.06,-0.03
-0.77,-0.12,7.89,0.04,-0.11,-0.04,-0.72,0.59,9.22,0.02,-0.06,-0.03
-0.49,0.55,8.65,0.03,-0.12,-0.03,-0.72,0.59,9.22,0.02,-0.06,-0.03
-0.31,0.97,11.06,0.04,-0.10,-0.04,-0.94,0.67,10.59,0.01,-0.04,-0.03
-0.56,1.23,11.67,0.04,-0.09,-0.03,0.06,1.29,9.96,0.00,-0.04,-0.02
-0.53,0.67,10.66,0.04,-0.11,-0.02,-1.33,0.23,10.13,0.01,-0.04,-0.02
-1.10,0.01,9.55,0.08,-0.08,-0.01,-1.33,0.23,10.13,0.01,-0.04,-0.02
-0.72,1.42,11.46,0.08,-0.07,0.02,-1.90,0.24,9.60,0.05,-0.02,-0.00
-0.57,0.86,11.18,-0.06,-0.10,0.09,-0.19,2.27,10.49,0.07,0.02,0.04
-0.67,0.18,10.09,0.06,-0.06,0.10,-0.05,1.44,10.38,0.10,0.04,0.09
-0.94,0.02,7.86,0.19,0.09,0.09,-0.05,1.44,10.38,0.10,0.04,0.09
-0.61,-0.18,8.10,0.04,0.01,0.06,-1.03,0.71,11.26,0.16,0.15,0.08
-0.89,1.21,11.63,0.04,-0.05,0.04,-0.50,1.29,10.16,0.10,0.11,0.05
-0.69,0.23,11.23,0.11,-0.06,0.03,-1.56,0.63,9.56,0.15,0.05,0.02
-1.34,0.19,8.92,0.30,0.12,0.04,-1.56,0.63,9.56,0.15,0.05,0.02
-1.37,0.13,8.16,0.09,-0.03,-0.01,-0.51,1.67,11.20,0.28,0.20,0.03
-1.47,0.89,8.61,-0.01,-0.09,0.00,-1.58,1.64,10.17,0.13,0.07,-0.01
-1.75,0.36,10.54,-0.03,-0.14,0.01,-1.79,0.96,10.51,0.02,-0.04,0.01
-0.94,1.42,8.49,0.05,-0.08,-0.01,-1.79,0.96,10.51,0.02,-0.04,0.01
-2.13,0.65,8.11,0.05,-0.12,-0.01,-1.17,1.12,9.82,0.06,-0.02,-0.00
-1.93,0.37,7.66,0.09,-0.13,-0.01,-0.87,1.86,10.34,-0.05,-0.09,-0.01
-1.53,0.69,8.27,0.02,-0.18,-0.01,-1.80,0.99,10.09,-0.05,-0.11,-0.00
-1.29,0.75,10.28,0.02,-0.21,-0.01,-1.80,0.99,10.09,-0.05,-0.11,-0.00
-1.40,0.40,8.47,0.00,-0.18,-0.01,-2.19,0.48,9.71,0.04,-0.11,-0.00
-1.70,-0.30,7.05,0.01,-0.16,-0.00,-0.51,2.03,9.96,0.00,-0.06,-0.01
-2.23,0.41,6.61,0.01,-0.14,-0.02,-1.08,-0.08,9.37,-0.23,-0.17,0.02
-1.29,1.10,8.90,-0.09,-0.21,-0.02,-1.08,-0.08,9.37,-0.23,-0.17,0.02
-1.43,1.05,11.56,0.05,-0.14,-0.02,-1.82,0.87,9.13,-0.18,-0.16,-0.02
-1.02,0.51,10.12,0.02,-0.11,-0.01,-2.33,0.36,8.95,-0.16,-0.12,0.00
-0.95,0.52,10.11,-0.02,-0.19,-0.00,-0.05,1.01,10.56,-0.04,-0.16,0.00
-0.76,0.36,9.60,0.00,-0.19,-0.01,-0.05,1.01,10.56,-0.04,-0.16,0.00
-0.81,-0.14,9.36,0.04,-0.16,-0.01,-0.06,1.14,10.41,-0.04,-0.12,-0.01
-0.30,0.64,10.37,0.05,-0.15,-0.01,-0.49,0.64,9.77,-0.00,-0.10,-0.00
-0.54,1.08,10.76,0.02,-0.13,-0.01,0.28,1.62,10.18,0.02,-0.07,-0.01
-0.53,0.86,11.21,0.02,-0.13,-0.01,0.28,1.62,10.18,0.02,-0.07,-0.01
-0.56,1.20,11.27,0.03,-0.13,-0.01,-1.45,0.32,10.35,0.01,-0.06,-0.00
-0.51,0.91,11.87,0.03,-0.12,-0.01,0.20,1.52,10.21,0.00,-0.07,-0.01
-0.55,0.88,8.35,0.03,-0.12,-0.01,-0.38,0.55,9.73,0.02,-0.06,-0.00
-0.89,-0.20,7.76,0.06,-0.12,-0.01,-0.38,0.55,9.73,0.02,-0.06,-0.00
-1.07,-0.05,7.72,0.06,-0.11,-0.01,0.34,0.17,9.18,0.02,-0.05,-0.01
-0.64,-0.11,8.15,0.06,-0.11,-0.01,-0.67,0.57,10.79,0.03,-0.04,-0.00
-0.64,0.36,8.84,0.06,-0.10,-0.01,0.14,1.00,9.90,0.03,-0.03,-0.00
-0.27,0.53,10.04,0.05,-0.10,-0.01,0.14,1.00,9.90,0.03,-0.03,-0.00
-0.81,0.14,10.26,0.06,-0.11,-0.01,-0.07,1.02,10.71,0.03,-0.03,-0.01
-0.70,-0.23,9.22,0.05,-0.12,-0.01,-0.15,0.59,10.04,0.03,-0.04,-0.00
-1.03,-0.00,7.87,0.06,-0.13,-0.01,0.26,1.32,9.99,0.03,-0.05,-0.01
-0.60,-0.05,8.16,0.06,-0.12,-0.01,0.26,1.32,9.99,0.03,-0.05,-0.01
-0.22,0.31,9.32,0.04,-0.13,-0.01,-0.18,0.98,10.77,0.02,-0.06,-0.01
-0.57,0.10,10.61,0.05,-0.12,-0.01,-0.15,0.58,9.85,0.01,-0.06,-0.00
-0.71,-0.25,9.25,0.05,-0.13,-0.01,-1.27,0.21,10.46,0.02,-0.06,-0.00
-0.71,-0.49,8.22,0.07,-0.11,-0.01,-1.27,0.21,10.46,0.02,-0.06,-0.00
-0.56,-0.01,7.95,0.06,-0.11,-0.01,-0.03,1.15,10.80,0.04,-0.04,0.00
-0.23,0.37,9.63,0.05,-0.10,-0.01,-0.49,0.55,9.59,0.04,-0.03,-0.00
-0.75,0.25,10.18,0.06,-0.11,-0.01,-0.85,0.36,10.82,0.04,-0.03,-0.00
-0.84,-0.44,8.71,0.06,-0.12,-0.01,-0.85,0.36,10.82,0.04,-0.03,-0.00
-0.86,-0.17,7.84,0.05,-0.14,-0.01,-1.82,0.09,10.00,0.03,-0.05,-0.00
-0.36,0.14,8.49,0.05,-0.13,-0.01,0.50,1.44,10.14,0.01,-0.07,-0.01
-0.25,0.86,10.52,0.04,-0.11,-0.01,0.10,0.91,10.78,0.03,-0.05,-0.01
-0.94,-0.34,7.87,0.04,-0.12,-0.01,0.10,0.91,10.78,0.03,-0.05,-0.01
-0.49,0.50,8.98,0.05,-0.12,-0.01,-0.09,0.96,10.71,0.02,-0.05,-0.01
-0.45,0.68,11.95,0.03,-0.12,-0.01,-1.33,0.34,9.35,0.02,-0.06,-0.00
-0.42,0.69,11.47,0.04,-0.11,-0.01,0.15,0.85,10.85,0.02,-0.05,-0.01
-0.67,-0.12,10.07,0.06,-0.11,-0.01,0.15,0.85,10.85,0.02,-0.05,-0.01
-0.31,0.92,11.09,0.07,-0.12,-0.01,0.01,0.72,9.81,0.02,-0.05,-0.00
-0.40,0.87,12.09,0.04,-0.11,-0.01,-1.58,0.19,10.21,0.03,-0.05,-0.00
-0.32,0.68,12.02,0.04,-0.12,-0.01,0.50,1.45,9.92,0.01,-0.06,-0.01
-0.42,0.19,10.94,0.05,-0.12,-0.01,0.50,1.45,9.92,0.01,-0.06,-0.01
-0.80,0.04,9.29,0.06,-0.12,-0.01,-0.03,0.75,10.87,0.02,-0.05,-0.00
-0.89,0.65,10.97,0.06,-0.12,-0.01,-0.03,0.68,9.82,0.03,-0.05,-0.00
-0.55,1.09,11.74,0.04,-0.11,-0.01,0.47,1.42,9.75,0.03,-0.04,-0.01
-0.48,0.73,11.67,0.04,-0.11,-0.01,0.47,1.42,9.75,0.03,-0.04,-0.01
-0.45,0.47,11.00,0.05,-0.11,-0.01,0.10,0.61,10.86,0.02,-0.05,-0.01
-0.73,0.16,10.88,0.04,-0.11,-0.00,0.20,0.71,9.63,0.03,-0.04,-0.01
-0.64,0.17,8.90,0.06,-0.11,-0.01,-1.63,-0.14,9.55,0.04,-0.05,0.00
-0.15,0.24,9.73,0.06,-0.10,-0.01,-1.63,-0.14,9.55,0.04,-0.05,0.00
-0.32,0.77,10.40,0.05,-0.10,-0.01,-1.06,0.35,10.68,0.04,-0.04,-0.00
-0.24,0.74,11.69,0.05,-0.09,-0.01,0.63,1.25,10.06,0.02,-0.04,-0.01
-0.23,0.68,11.70,0.08,-0.07,-0.01,-1.26,0.08,9.68,0.04,-0.02,-0.00
-0.38,0.71,12.09,0.08,-0.06,-0.01,-1.26,0.08,9.68,0.04,-0.02,-0.00
-0.76,0.28,8.26,0.06,-0.11,-0.01,-0.33,0.88,9.90,0.05,0.00,-0.01
-0.15,0.30,9.12,0.04,-0.13,-0.01,-1.64,0.02,9.93,0.03,-0.06,-0.00
-0.27,0.78,10.46,0.02,-0.13,-0.01,-1.22,0.27,9.21,0.00,-0.06,-0.00
-0.54,1.09,12.25,0.02,-0.13,-0.01,-1.22,0.27,9.21,0.00,-0.06,-0.00
-0.50,0.58,12.28,0.06,-0.10,-0.01,0.43,1.23,9.40,-0.04,-0.06,-0.01
-0.66,-0.05,8.05,0.07,-0.11,-0.01,-1.38,0.03,9.95,0.02,-0.06,-0.00
-0.51,0.19,8.58,0.06,-0.11,-0.01,0.52,1.46,10.15,0.01,-0.05,-0.01
-0.12,0.51,9.83,0.05,-0.10,-0.01,0.52,1.46,10.15,0.01,-0.05,-0.01
-0.51,0.99,11.52,0.03,-0.11,-0.01,-0.61,0.84,9.82,0.03,-0.04,-0.00
-0.54,1.00,12.04,0.04,-0.11,-0.01,-1.60,0.28,9.93,0.04,-0.05,-0.00
-0.75,-0.23,7.75,0.06,-0.11,-0.01,0.47,1.42,10.17,0.02,-0.05,-0.01
-0.38,0.18,8.78,0.05,-0.11,-0.01,0.47,1.42,10.17,0.02,-0.05,-0.01
-0.27,0.53,9.91,0.05,-0.11,-0.01,-0.66,0.49,10.86,0.02,-0.05,-0.01
-0.38,1.15,10.91,0.04,-0.11,-0.01,-0.24,0.87,9.82,0.02,-0.05,-0.01
-0.49,0.93,12.05,0.04,-0.10,-0.01,0.49,1.50,9.96,0.03,-0.04,-0.01
-0.87,-0.17,6.73,0.01,-0.12,-0.01,0.49,1.50,9.96,0.03,-0.04,-0.01
-1.06,0.04,6.73,0.07,-0.12,-0.02,-0.23,0.46,11.09,-0.01,-0.06,-0.01
-0.46,-0.31,10.13,0.04,-0.11,-0.01,0.89,1.51,10.44,0.05,-0.04,-0.03
-0.42,1.09,10.82,0.03,-0.11,-0.02,-1.42,0.12,10.37,0.02,-0.02,0.00
-2.04,1.46,11.60,0.14,-0.11,-0.25,-1.42,0.12,10.37,0.02,-0.02,0.00
-1.07,-0.69,7.86,-0.14,-0.19,-0.00,-1.19,0.91,10.59,0.12,-0.03,0.02
-1.25,0.56,7.68,0.16,-0.10,-0.01,0.03,0.52,9.53,0.18,0.03,-0.01
-0.20,-0.70,8.66,0.15,-0.03,-0.01,-1.30,-0.32,9.20,-0.06,-0.11,-0.00
-0.21,0.27,8.92,-0.09,-0.15,-0.00,-1.30,-0.32,9.20,-0.06,-0.11,-0.00
-0.11,0.49,12.33,-0.27,0.00,-0.13,-1.10,0.48,8.91,-0.07,-0.10,-0.00
-2.24,0.50,9.52,-1.10,0.36,-2.21,-3.71,1.55,12.64,-0.82,-0.16,-0.89
-5.98,-0.16,11.35,1.48,1.99,-0.83,0.90,1.39,12.06,1.23,2.39,-1.50
-5.92,0.59,10.11,1.17,1.53,-1.00,0.90,1.39,12.06,1.23,2.39,-1.50
-5.77,0.97,8.93,0.54,-0.10,-0.18,-4.34,1.24,10.39,1.09,1.30,-0.84
-5.70,1.42,8.62,-0.15,-1.60,-0.31,-6.80,1.08,10.50,0.08,-0.98,-0.11
-3.83,0.92,8.56,0.03,-0.94,-0.23,-3.54,1.16,7.98,-0.12,-1.18,-0.27
-3.38,-0.04,5.36,1.02,0.41,0.51,-3.54,1.16,7.98,-0.12,-1.18,-0.27
-3.71,0.64,5.24,0.14,-0.37,-0.67,-4.55,0.34,5.86,1.02,0.48,0.48
-2.79,0.92,4.37,-0.11,0.26,-1.24,-4.19,1.29,7.18,-0.23,-0.05,-1.14
-4.95,1.23,9.20,0.39,1.07,-0.64,-4.02,0.53,6.86,0.47,1.08,-0.49
-5.00,1.92,11.27,-1.45,0.25,-2.16,-4.02,0.53,6.86,0.47,1.08,-0.49
-4.59,0.92,8.44,-1.01,0.45,-0.20,-3.51,2.13,10.17,-1.55,0.20,-1.93
-4.40,0.89,8.10,-0.51,0.41,-0.25,-4.83,0.62,8.25,-0.72,0.55,-0.07
-4.51,1.13,9.38,-0.15,-0.03,0.23,-4.39,0.27,7.17,-0.23,0.18,0.08
-4.15,0.22,8.14,-0.11,-0.34,0.81,-4.39,0.27,7.17,-0.23,0.18,0.08
-4.97,0.62,7.36,0.31,-0.62,0.81,-4.51,0.25,5.48,-0.05,-0.24,0.88
-5.32,1.19,9.61,0.12,-1.19,1.77,-4.07,0.83,8.09,0.23,-0.64,1.45
-5.15,0.89,10.86,-0.03,-0.90,1.74,-6.09,0.78,9.64,-0.00,-0.91,1.87
-4.92,0.06,9.96,0.21,-0.26,1.33,-6.09,0.78,9.64,-0.00,-0.91,1.87
-6.34,-0.27,9.33,0.35,-0.21,0.76,-5.83,0.08,9.17,0.18,-0.09,1.26
-6.05,0.41,9.71,-0.03,0.02,0.13,-6.44,1.17,12.62,0.06,-0.24,0.25
-4.81,0.22,9.54,0.24,-0.11,0.53,-5.38,0.46,8.69,0.17,0.14,0.47
-5.17,-0.36,7.47,0.45,-0.53,0.03,-5.38,0.46,8.69,0.17,0.14,0.47
-4.96,0.33,7.31,0.54,-0.54,-0.71,-6.13,-0.48,7.07,0.47,-0.44,-0.12
-4.33,1.21,7.27,0.37,-0.32,-0.53,-3.91,1.71,8.80,0.45,-0.53,-0.66
-4.69,1.61,10.07,0.06,-0.08,-0.08,-4.49,1.92,10.45,0.12,-0.02,-0.13
-4.51,0.03,7.05,-0.07,-0.35,-0.01,-4.49,1.92,10.45,0.12,-0.02,-0.13
-4.17,-0.05,7.07,0.04,-0.19,-0.17,-5.02,0.41,8.71,-0.22,-0.30,-0.23
-3.88,0.42,6.67,0.22,0.34,-0.35,-3.22,0.80,7.93,0.07,0.19,-0.20
-3.99,1.13,7.90,0.19,0.21,-0.67,-4.93,0.53,8.02,0.20,0.30,-0.63
-3.89,1.67,9.32,-0.06,0.22,-0.64,-4.93,0.53,8.02,0.20,0.30,-0.63
-4.19,0.90,8.10,-0.18,0.46,-0.55,-4.52,1.37,9.20,-0.11,0.31,-0.66
-6.29,1.38,10.96,-0.04,-0.93,-0.22,-6.16,0.96,10.33,0.09,-0.07,0.01
-4.79,1.72,9.70,0.01,-0.51,-0.51,-5.30,0.71,9.91,-0.11,-0.59,-0.56
-4.96,2.56,10.64,0.06,-0.31,-0.09,-5.30,0.71,9.91,-0.11,-0.59,-0.56
-4.21,1.99,10.68,0.14,-0.30,0.89,-5.24,1.28,9.41,0.03,-0.33,0.09
-5.00,0.50,11.06,0.73,-0.22,1.21,-5.16,0.50,8.88,0.49,0.01,1.40
-4.03,1.14,7.73,-0.15,-0.20,-0.13,-6.00,1.09,10.86,0.14,-0.23,0.19
-3.33,1.61,6.31,-0.09,0.40,-1.03,-6.00,1.09,10.86,0.14,-0.23,0.19
-2.78,2.49,7.13,0.62,0.58,-0.70,-3.59,1.43,5.74,0.05,0.43,-1.12
-3.52,2.36,8.29,0.21,0.21,0.06,-2.99,2.29,8.31,0.45,0.53,-0.13
-3.48,2.10,9.03,-0.18,0.07,0.12,-3.14,1.82,7.69,-0.18,0.13,0.12
-4.42,0.81,6.97,0.18,-0.05,0.24,-3.14,1.82,7.69,-0.18,0.13,0.12
-4.78,1.70,7.77,0.07,-0.19,0.42,-5.15,0.95,7.58,0.11,-0.11,0.28
-4.90,2.27,8.35,0.22,-0.04,0.25,-5.20,2.30,10.00,0.37,-0.02,0.77
-5.16,3.45,8.80,0.54,-0.23,-1.13,-4.59,1.88,6.23,0.23,-0.17,-0.94
-5.50,3.99,11.28,0.86,-0.59,-0.59,-4.59,1.88,6.23,0.23,-0.17,-0.94
-4.78,2.59,7.92,0.39,0.05,0.26,-4.15,3.91,10.06,0.92,-0.40,-0.25
-4.45,2.12,7.22,-0.26,-0.19,0.63,-4.52,2.03,8.15,-0.06,0.10,0.51
-4.54,2.51,7.49,0.01,-0.24,0.19,-5.09,2.11,6.20,-0.14,-0.20,0.32
-4.77,3.42,9.23,0.33,0.03,0.25,-5.09,2.11,6.20,-0.14,-0.20,0.32
-4.25,3.48,8.58,-0.20,0.31,0.36,-4.16,3.08,8.32,0.25,0.18,0.28
-4.88,3.18,6.28,-0.36,0.07,0.31,-5.21,2.75,7.26,-0.37,0.29,0.40
-4.59,3.08,7.75,-0.05,0.03,0.09,-4.99,2.93,7.40,-0.16,0.09,0.11
-4.43,3.60,8.28,0.18,-0.03,-0.23,-4.99,2.93,7.40,-0.16,0.09,0.11
-4.50,3.87,9.35,0.05,-0.17,-0.22,-4.23,3.31,8.11,0.14,0.01,-0.28
-4.65,3.62,8.87,0.29,-0.37,-0.39,-5.72,2.77,7.94,0.16,-0.26,-0.25
-4.66,3.58,6.95,-0.13,-0.06,-0.07,-4.10,4.23,8.38,-0.07,-0.06,-0.24
-4.74,3.53,7.87,-0.30,0.07,0.24,-4.10,4.23,8.38,-0.07,-0.06,-0.24
-4.86,3.71,8.71,-0.14,-0.04,0.33,-4.78,3.85,8.11,-0.30,0.12,0.23
-4.60,3.23,9.15,0.13,0.05,0.19,-4.88,3.18,7.33,-0.04,0.05,0.29
-4.89,2.57,8.89,0.35,-0.05,-0.04,-4.98,2.96,7.97,0.31,0.06,0.05
-4.89,3.69,7.97,-0.08,-0.12,0.02,-4.98,2.96,7.97,0.31,0.06,0.05
-4.93,3.74,8.65,-0.58,-0.07,0.45,-4.12,3.99,8.62,-0.27,-0.05,0.09
-5.02,3.37,9.25,-0.13,-0.03,0.41,-5.71,2.49,6.95,-0.48,0.05,0.52
-4.97,2.60,8.99,0.33,-0.08,-0.25,-5.27,3.56,8.39,0.26,-0.00,-0.09
-5.09,2.56,7.62,0.09,-0.23,-0.36,-5.27,3.56,8.39,0.26,-0.00,-0.09
-4.85,2.98,8.08,-0.49,-0.01,0.14,-4.34,3.70,8.39,-0.05,-0.19,-0.35
-4.91,3.35,8.30,-0.13,0.41,0.61,-5.50,2.66,6.31,-0.58,0.39,0.60
-4.98,3.24,8.70,0.81,-0.05,-0.13,-5.05,3.56,7.29,0.62,0.12,0.01
-5.41,3.33,8.70,0.48,-0.13,-0.07,-5.05,3.56,7.29,0.62,0.12,0.01
-5.72,3.02,8.10,-0.45,0.08,0.34,-5.63,3.91,8.55,0.33,-0.04,0.01
-5.74,2.51,7.14,-0.30,-0.11,0.06,-5.33,3.86,7.67,-0.54,0.08,0.27
-5.39,4.00,7.86,0.19,-0.08,-0.29,-5.22,4.35,7.39,0.12,-0.05,-0.27
-5.36,3.98,8.20,-0.08,0.00,0.03,-5.22,4.35,7.39,0.12,-0.05,-0.27
-5.55,3.71,8.13,-0.26,0.29,0.40,-6.00,3.42,7.80,-0.12,0.06,0.08
-5.78,2.88,7.61,-0.30,0.49,0.60,-5.08,4.19,7.39,-0.31,0.51,0.58
-6.14,2.80,6.56,-0.59,0.45,0.81,-6.30,3.10,6.93,-0.54,0.56,0.73
-6.20,4.05,8.04,-0.63,0.17,0.84,-6.30,3.10,6.93,-0.54,0.56,0.73
-6.19,4.06,8.32,-0.33,-0.05,0.44,-6.57,3.83,7.55,-0.62,0.22,0.81
-6.01,3.66,8.28,-0.10,0.00,0.61,-5.60,3.83,6.82,-0.20,0.02,0.38
-6.28,2.90,7.84,-0.05,0.01,1.03,-6.89,3.10,7.17,-0.05,0.15,1.03
-6.50,2.67,7.01,-0.24,-0.28,0.53,-6.89,3.10,7.17,-0.05,0.15,1.03
-5.87,4.37,8.06,-0.27,-0.21,-0.12,-7.09,3.18,6.72,-0.32,-0.21,0.30
-4.96,4.18,8.29,0.35,0.26,0.01,-5.82,3.67,7.55,-0.02,-0.02,0.02
-4.70,3.97,8.82,0.32,0.67,-0.21,-5.96,3.28,7.54,0.39,0.67,-0.20
-4.96,3.51,8.43,-0.05,0.44,0.28,-5.96,3.28,7.54,0.39,0.67,-0.20
-5.74,2.95,7.50,-0.09,0.18,0.58,-5.71,3.03,6.89,-0.10,0.45,0.43
-5.52,4.72,8.37,-0.34,-0.08,0.43,-5.76,4.41,8.37,-0.16,0.09,0.44
-5.34,4.52,8.64,-0.57,-0.02,0.77,-5.13,4.25,7.28,-0.61,0.01,0.70
-5.47,4.41,8.59,-0.52,0.24,0.51,-5.13,4.25,7.28,-0.61,0.01,0.70
-4.74,4.19,7.69,-0.85,0.14,0.25,-6.37,3.33,6.42,-0.58,0.29,0.40
-5.09,3.87,7.66,-1.06,0.08,-0.08,-5.80,3.96,7.23,-1.02,0.16,0.11
-4.63,4.33,6.80,-0.68,0.20,-0.25,-4.05,4.21,6.47,-0.80,0.22,-0.31
-4.16,4.36,8.40,0.10,0.20,-0.29,-4.05,4.21,6.47,-0.80,0.22,-0.31
-3.94,3.23,8.13,0.45,-0.09,-0.27,-3.82,4.20,7.08,0.13,0.22,-0.32
-4.38,2.65,6.26,0.48,-0.12,-0.06,-4.64,2.95,6.81,0.41,-0.08,-0.18
-5.92,3.51,6.31,0.62,-0.51,0.06,-6.00,3.18,6.95,0.60,-0.22,-0.05
-7.65,4.82,9.64,0.95,-0.75,1.25,-6.00,3.18,6.95,0.60,-0.22,-0.05
-6.93,3.56,7.71,0.22,-0.20,-0.10,-9.19,4.14,8.36,0.83,-0.44,1.02
-6.06,3.26,6.10,-0.16,-0.12,-0.34,-6.25,4.96,8.33,-0.03,-0.10,-0.21
-5.55,3.61,5.51,0.05,0.07,-0.14,-4.89,3.78,5.99,-0.08,0.07,-0.21
-5.85,4.61,6.80,0.23,0.01,-0.07,-4.89,3.78,5.99,-0.08,0.07,-0.21
-6.83,5.75,8.50,0.14,-0.42,0.13,-6.89,3.81,7.25,0.22,0.03,0.02
-5.83,3.76,7.99,0.05,0.02,0.18,-5.40,4.87,7.78,0.09,-0.24,0.57
-4.73,3.34,6.93,-0.16,-0.16,-0.37,-4.36,4.35,6.75,-0.22,-0.07,-0.39
-4.57,3.16,6.56,-0.02,-0.35,-0.28,-4.36,4.35,6.75,-0.22,-0.07,-0.39
-5.04,2.99,6.55,0.07,-0.63,-0.32,-4.41,4.38,7.36,0.00,-0.33,-0.19
-5.46,2.94,6.93,0.06,-0.71,-0.78,-4.78,4.30,7.66,-0.01,-0.64,-0.62
-5.37,4.11,9.46,0.32,-0.77,-0.79,-5.04,4.19,8.47,0.31,-0.68,-0.76
-4.83,3.39,9.29,0.41,-0.69,-0.47,-5.04,4.19,8.47,0.31,-0.68,-0.76
-4.44,2.97,9.01,0.42,-0.45,-1.11,-6.03,2.92,8.44,0.39,-0.55,-0.57
-4.25,2.83,8.72,0.70,-0.35,-1.02,-3.75,3.26,7.37,0.56,-0.35,-1.09
-4.00,2.92,8.08,0.48,-0.30,-0.95,-4.74,2.68,6.97,0.54,-0.28,-0.97
-4.08,4.35,7.37,-0.01,-0.15,0.20,-4.74,2.68,6.97,0.54,-0.28,-0.97
-5.65,3.27,9.29,0.03,-0.32,0.08,-3.31,3.14,7.54,-0.08,-0.06,0.32
-6.11,4.53,10.25,0.50,-0.22,-0.06,-4.75,4.00,8.63,0.29,-0.18,-0.14
-5.05,4.48,9.49,-0.08,-0.37,-0.01,-4.74,3.73,8.14,0.05,-0.30,0.03
-4.19,4.10,9.00,-0.75,-0.32,-0.07,-4.74,3.73,8.14,0.05,-0.30,0.03
-3.96,1.97,5.34,-0.45,0.03,-0.04,-3.60,4.21,7.32,-0.80,-0.21,-0.10
-4.14,2.33,5.86,0.04,0.03,-0.27,-3.75,2.68,5.90,-0.16,0.14,-0.19
-4.53,3.23,7.75,0.17,-0.14,-0.30,-3.64,3.33,7.78,0.10,-0.00,-0.26
-5.79,3.98,10.74,0.43,-0.42,0.42,-3.64,3.33,7.78,0.10,-0.00,-0.26
-5.55,3.27,10.19,0.53,0.03,0.33,-4.77,4.21,10.23,0.53,-0.28,0.66
-5.02,1.43,6.94,0.55,-0.00,0.11,-5.79,1.80,7.81,0.51,0.15,0.16
-4.51,1.43,6.01,0.32,0.03,-0.31,-5.02,2.21,8.14,0.38,0.06,-0.21
-4.69,2.33,6.36,0.03,0.15,-0.38,-5.02,2.21,8.14,0.38,0.06,-0.21
-5.51,3.79,8.21,-0.16,-0.07,-0.10,-5.36,2.06,8.69,-0.04,0.20,-0.39
-5.52,4.09,8.70,-0.26,-0.21,0.37,-4.83,3.40,8.68,-0.24,-0.12,0.19
-5.00,3.26,9.54,-0.41,-0.15,0.61,-6.35,2.86,8.09,-0.30,-0.04,0.67
-3.90,2.55,8.45,-0.91,-0.23,0.48,-6.35,2.86,8.09,-0.30,-0.04,0.67
-3.75,2.12,7.90,-0.64,0.14,0.41,-3.54,2.92,6.78,-0.91,-0.13,0.50
-4.31,2.24,6.39,-0.12,0.12,0.21,-4.34,2.23,7.40,-0.16,0.18,0.19
-4.85,2.53,8.05,-0.23,-0.28,0.27,-4.34,2.23,7.40,-0.16,0.18,0.19
-4.94,2.44,8.18,-0.12,-0.41,0.24,-4.22,2.53,8.51,-0.24,-0.34,0.37
-4.62,1.99,9.82,0.14,-0.10,0.71,-5.59,1.36,8.18,0.03,-0.17,0.59
-4.74,1.81,9.84,-0.07,0.05,0.15,-4.99,2.79,9.56,-0.06,0.18,0.19
-5.47,2.10,10.55,0.03,-0.24,0.48,-4.99,2.79,9.56,-0.06,0.18,0.19
-5.21,1.73,10.54,-0.36,0.13,-0.08,-6.51,1.31,8.82,-0.01,-0.11,0.46
-5.47,1.28,10.71,-0.70,-0.04,-0.27,-5.91,2.66,10.66,-0.57,0.19,-0.12
-5.03,0.45,8.14,-0.54,-0.69,-0.67,-6.64,0.17,8.71,-0.62,-0.59,-0.60
-3.24,0.70,7.73,-0.35,-0.82,-1.10,-6.64,0.17,8.71,-0.62,-0.59,-0.60
-2.71,0.78,7.52,-0.10,-0.78,-0.46,-2.72,1.06,8.32,-0.34,-0.80,-1.01
-2.39,0.85,7.67,0.32,-0.28,0.09,-2.91,0.26,6.97,0.03,-0.49,-0.23
-2.41,1.03,8.83,0.88,-0.24,0.22,-2.29,1.36,8.73,0.74,-0.09,0.23
-2.48,2.09,10.15,0.63,-0.29,-0.29,-2.29,1.36,8.73,0.74,-0.09,0.23
-1.89,0.55,7.89,-0.59,0.49,0.44,-1.49,2.35,10.35,0.42,-0.10,-0.29
-2.95,0.72,7.94,-1.02,0.57,1.35,-1.64,0.79,8.80,-0.98,0.79,1.13
-3.57,0.58,8.20,0.00,-0.06,1.46,-3.70,0.51,9.19,-0.29,0.18,1.48
-4.04,1.16,9.53,0.64,-0.21,0.83,-3.70,0.51,9.19,-0.29,0.18,1.48
-4.08,1.29,9.71,0.28,0.10,-0.02,-6.14,0.71,10.44,0.55,-0.00,0.53
-3.26,0.83,9.69,-0.31,0.28,-0.29,-4.28,1.67,9.97,0.33,0.02,-0.20
-4.86,-0.42,8.46,-0.85,0.62,0.01,-5.28,0.64,9.19,-0.85,0.61,0.07
-4.94,-1.09,7.32,-0.60,0.64,-0.55,-5.28,0.64,9.19,-0.85,0.61,0.07
-4.23,-0.91,7.42,-0.86,-0.05,-0.50,-5.19,-0.77,8.49,-0.68,0.56,-0.67
-4.54,-1.74,7.89,-0.60,-0.44,-0.07,-4.10,-0.70,9.57,-0.78,-0.27,-0.19
-4.46,-2.45,9.94,-0.04,-0.23,-0.37,-4.14,-1.93,8.47,-0.34,-0.27,-0.31
-4.54,-2.04,10.02,0.63,0.11,-0.62,-4.14,-1.93,8.47,-0.34,-0.27,-0.31
-4.54,-1.60,9.55,0.20,-0.00,-1.01,-4.49,-2.06,8.47,0.58,0.18,-0.69
-4.13,-1.27,9.06,-0.48,-0.41,-0.35,-3.49,-1.86,8.29,-0.21,-0.25,-0.82
-4.39,-2.05,9.20,-0.41,-0.43,0.31,-4.27,-2.89,7.70,-0.48,-0.39,0.27
-4.47,-3.25,9.58,-0.01,-0.06,0.48,-4.27,-2.89,7.70,-0.48,-0.39,0.27
-4.37,-2.68,9.51,0.20,-0.13,0.52,-4.07,-1.77,8.64,0.05,0.02,0.48
-4.18,-2.41,9.68,0.05,-0.16,0.54,-4.56,-2.70,9.36,0.11,-0.08,0.55
-4.00,-2.64,9.54,0.13,-0.08,0.18,-4.00,-1.53,9.36,0.09,-0.04,0.24
-3.85,-2.93,8.84,0.18,0.08,0.01,-4.00,-1.53,9.36,0.09,-0.04,0.24
-4.00,-1.60,9.58,-0.10,-0.09,-0.27,-4.09,-2.78,9.63,0.16,0.14,-0.00
-4.44,-1.98,10.20,-0.39,-0.33,0.14,-3.12,-2.00,8.61,-0.37,-0.21,-0.27
-5.18,-2.47,10.23,0.00,-0.06,0.17,-5.09,-3.06,8.59,-0.12,-0.06,0.29
-4.07,-2.90,9.10,0.22,0.07,-0.04,-5.09,-3.06,8.59,-0.12,-0.06,0.29
-4.69,-3.50,8.07,0.51,-0.01,-0.22,-3.71,-2.27,9.32,0.23,0.12,0.05
-4.19,-2.69,9.28,0.13,-0.24,-0.26,-4.33,-2.29,8.87,0.39,-0.08,-0.38
-4.75,-1.67,9.74,-0.43,-0.64,0.31,-4.55,-2.04,9.40,-0.33,-0.50,0.27
-4.27,-2.17,9.86,-0.38,-0.39,0.30,-4.55,-2.04,9.40,-0.33,-0.50,0.27
-4.22,-2.63,8.91,0.15,-0.17,0.24,-4.17,-2.54,7.58,-0.31,-0.27,0.34
-3.32,-2.83,8.06,0.42,-0.07,0.33,-3.27,-1.56,9.91,0.31,-0.08,0.19
-4.11,-3.56,7.27,0.29,0.36,0.04,-4.87,-3.12,9.52,0.28,0.34,0.22
-4.43,-2.13,10.92,0.23,0.58,-0.42,-4.87,-3.12,9.52,0.28,0.34,0.22
-4.68,-2.28,10.80,0.04,0.21,-0.59,-5.07,-2.83,8.87,0.20,0.57,-0.48
-4.84,-2.69,10.06,-0.22,-0.22,-0.20,-4.08,-1.29,10.20,-0.12,0.03,-0.40
-5.01,-3.17,9.01,-0.18,-0.37,-0.20,-4.40,-2.16,8.09,-0.26,-0.32,-0.20
-5.01,-3.98,7.14,0.14,-0.13,-0.08,-4.40,-2.16,8.09,-0.26,-0.32,-0.20
-5.21,-1.60,8.40,-0.00,0.04,0.02,-5.07,-3.65,7.09,0.11,0.01,-0.17
-4.71,-2.65,9.61,0.03,-0.01,0.32,-4.66,-2.43,9.25,-0.12,0.05,0.33
-4.41,-3.07,9.51,0.78,0.11,-0.15,-4.26,-2.96,7.51,0.65,0.12,-0.03
-4.66,-3.30,7.84,0.61,0.07,-0.67,-4.26,-2.96,7.51,0.65,0.12,-0.03
-4.45,-2.56,7.16,-0.01,-0.27,-0.51,-4.36,-2.20,7.95,0.43,0.03,-0.77
-4.56,-2.17,10.50,-0.33,-0.61,-0.41,-5.08,-2.69,9.60,-0.27,-0.47,-0.51
-4.38,-2.73,9.62,-0.04,-0.36,-0.29,-4.89,-3.02,7.84,-0.09,-0.37,-0.31
-4.77,-3.22,7.58,0.01,-0.13,0.01,-4.89,-3.02,7.84,-0.09,-0.37,-0.31
-4.22,-2.92,6.71,-0.06,-0.05,0.21,-4.43,-2.72,7.79,-0.05,-0.05,0.10
-4.04,-2.27,8.03,-0.00,-0.04,0.11,-3.83,-1.76,9.39,-0.07,0.02,0.17
-4.55,-3.38,7.64,0.03,-0.07,0.17,-4.46,-2.97,7.97,0.01,-0.01,0.14
-4.27,-3.10,6.73,0.25,0.13,0.10,-4.46,-2.97,7.97,0.01,-0.01,0.14
-4.22,-2.63,7.43,0.71,0.50,-0.36,-4.76,-2.87,9.33,0.25,0.26,0.05
-4.71,-1.90,9.50,0.87,0.44,-0.31,-4.09,-1.59,8.40,0.81,0.60,-0.33
-3.93,-1.34,9.68,0.30,0.11,-0.11,-4.85,-2.76,9.04,0.44,0.19,-0.16
-4.67,-3.18,7.67,-0.07,-0.31,0.01,-4.85,-2.76,9.04,0.44,0.19,-0.16
-4.92,-3.28,7.36,0.39,-0.36,-0.10,-4.44,-2.22,7.78,-0.05,-0.33,0.06
-4.80,-2.96,6.87,0.42,-0.02,-0.05,-5.25,-2.79,8.87,0.53,-0.05,0.01
-5.01,-2.63,7.25,-0.09,-0.38,-0.41,-4.71,-2.00,7.93,-0.11,-0.30,-0.42
-4.63,-2.18,7.10,-0.17,-0.26,-0.18,-4.71,-2.00,7.93,-0.11,-0.30,-0.42
-4.67,-0.85,10.09,-0.12,-0.57,-0.17,-4.30,-0.53,9.26,-0.23,-0.24,-0.12
-4.26,-0.83,9.77,0.09,-0.12,-0.02,-3.80,-1.47,8.34,0.07,-0.44,-0.37
-4.48,-1.00,9.32,-0.05,-0.19,0.11,-5.21,-2.47,7.96,-0.12,-0.08,0.18
-4.16,-1.27,9.10,0.35,0.50,0.02,-5.21,-2.47,7.96,-0.12,-0.08,0.18
-5.23,-1.37,10.65,0.22,0.50,-0.19,-5.18,-2.92,8.50,0.33,0.65,-0.00
-4.73,-2.51,8.69,-0.03,-0.64,-0.39,-4.33,-0.87,9.13,0.07,-0.11,-0.34
-4.61,-1.61,10.05,0.09,-0.54,-0.36,-5.49,-3.11,8.28,-0.07,-0.64,-0.37
-4.28,-1.45,10.05,0.53,0.17,-0.05,-5.49,-3.11,8.28,-0.07,-0.64,-0.37
-4.76,-2.16,10.98,0.54,-0.07,-0.22,-4.44,-1.97,7.75,0.56,0.27,-0.08
-4.44,-2.20,10.10,-0.14,-0.32,0.08,-4.85,-2.75,9.75,0.20,-0.16,-0.12
-4.12,-2.34,9.01,-0.34,-0.43,0.11,-4.47,-2.48,8.37,-0.37,-0.34,0.11
-3.36,-1.46,8.34,-0.25,-0.43,0.58,-4.47,-2.48,8.37,-0.37,-0.34,0.11
-3.27,-1.09,9.36,-0.25,-0.42,0.58,-3.86,-1.56,8.53,-0.24,-0.35,0.59
-4.05,-1.91,10.76,-0.05,-0.08,0.65,-3.75,-2.20,9.80,-0.18,-0.16,0.70
-3.71,-2.32,7.74,0.28,0.30,0.12,-3.43,-1.54,8.34,0.37,0.42,0.16
-3.82,-2.02,6.95,-0.20,-0.04,0.49,-3.43,-1.54,8.34,0.37,0.42,0.16
-4.03,-1.63,10.47,0.36,0.20,0.43,-5.18,-2.07,9.49,-0.05,0.20,0.58
-3.55,-0.69,7.96,0.78,-0.74,0.19,-2.61,-0.47,8.56,0.53,-0.16,0.20
-3.37,0.72,8.48,1.09,-0.81,0.48,-3.52,0.46,10.72,1.17,-0.82,0.47
-3.43,1.05,9.56,-0.46,-0.10,0.55,-3.52,0.46,10.72,1.17,-0.82,0.47
-3.45,0.66,9.23,-0.26,-0.04,0.66,-4.51,-0.00,9.81,-0.57,0.07,0.55
-3.19,-0.76,9.25,0.53,-0.53,-0.16,-3.74,-0.06,8.08,0.22,-0.26,0.46
-3.32,-0.62,8.54,0.27,-0.44,-0.34,-4.20,0.38,9.93,0.31,-0.43,-0.30
-3.12,-0.78,8.32,0.23,-0.23,-0.36,-4.20,0.38,9.93,0.31,-0.43,-0.30
-3.18,-0.29,7.93,0.26,-0.28,-0.77,-3.22,-0.28,8.59,0.19,-0.18,-0.38
-2.71,0.30,7.26,0.36,-0.23,-0.72,-3.53,0.44,9.05,0.25,-0.27,-0.77
-2.23,1.97,9.78,0.37,0.11,-0.44,-1.85,2.23,9.87,0.33,0.08,-0.57
-2.54,1.56,10.49,0.13,0.18,-0.08,-1.85,2.23,9.87,0.33,0.08,-0.57
-2.97,2.06,11.32,-0.09,0.12,-0.02,-2.27,2.01,10.27,0.10,0.20,-0.17
-3.40,2.00,11.29,-0.09,0.13,0.27,-2.77,1.83,9.87,-0.18,0.21,0.26
-3.29,1.92,10.91,0.32,-0.22,0.05,-4.10,0.42,8.42,0.20,-0.07,0.08
-3.13,0.55,9.06,0.62,-0.35,-0.04,-4.10,0.42,8.42,0.20,-0.07,0.08
-3.07,0.15,9.22,0.39,-0.10,-0.02,-2.70,2.32,9.59,0.59,-0.22,0.00
-2.90,0.27,9.58,0.13,-0.08,-0.44,-3.71,1.43,10.15,0.23,-0.03,-0.23
-3.37,0.40,9.90,0.25,-0.17,-0.59,-2.93,2.42,10.02,0.21,-0.10,-0.54
-3.90,0.70,10.08,0.12,-0.27,-1.14,-2.93,2.42,10.02,0.21,-0.10,-0.54
-3.68,0.77,8.05,0.14,-0.28,-1.33,-4.97,1.72,9.55,0.05,-0.28,-1.25
-3.97,0.98,7.90,0.36,-0.43,-1.28,-3.81,2.19,9.79,0.17,-0.34,-1.15
-3.90,0.92,7.45,0.42,-0.50,-1.37,-3.26,2.69,9.07,0.43,-0.46,-1.32
-3.83,1.11,7.51,0.35,-0.42,-1.29,-3.26,2.69,9.07,0.43,-0.46,-1.32
-2.58,2.34,7.25,0.07,-0.44,-0.67,-2.51,2.60,9.28,0.28,-0.37,-1.20
-3.30,1.64,7.82,0.01,-0.16,0.05,-2.65,1.95,8.42,0.07,-0.28,-0.27
-2.98,2.16,10.62,-0.11,-0.03,0.47,-3.66,1.46,9.27,-0.13,0.06,0.41
-2.99,1.75,10.80,-0.15,0.02,0.60,-3.66,1.46,9.27,-0.13,0.06,0.41
-3.03,1.48,10.87,-0.09,-0.03,0.58,-2.71,0.86,9.03,-0.18,0.10,0.59
-2.86,1.55,10.79,-0.03,-0.05,0.50,-3.92,0.29,8.66,-0.04,0.03,0.59
-2.82,1.51,10.72,-0.08,-0.07,0.54,-2.16,1.37,9.73,-0.11,0.03,0.53
-3.03,0.05,8.68,0.33,-0.33,0.43,-2.16,1.37,9.73,-0.11,0.03,0.53
-2.73,0.38,8.40,0.59,-0.35,0.05,-3.32,1.13,9.91,0.38,-0.27,0.38
-2.21,0.94,8.09,0.49,-0.09,0.01,-2.07,2.65,9.40,0.58,-0.14,0.05
-2.27,1.07,8.25,-0.13,0.16,0.04,-2.18,1.43,9.11,-0.03,0.19,0.02
-2.95,1.16,8.09,-0.39,0.11,0.02,-2.18,1.43,9.11,-0.03,0.19,0.02
-2.88,2.61,10.24,-0.15,0.05,-0.12,-3.30,1.33,8.59,-0.44,0.21,0.01
-2.86,3.13,10.94,0.08,-0.04,0.01,-2.99,2.28,9.93,-0.02,-0.01,-0.18
-3.36,2.52,11.15,0.15,-0.05,0.03,-2.76,2.78,9.81,0.17,0.06,0.05
-2.71,2.70,10.95,-0.24,-0.09,0.25,-2.76,2.78,9.81,0.17,0.06,0.05
-3.01,1.86,10.65,-0.26,-0.11,0.34,-3.55,2.01,9.77,-0.30,-0.01,0.27
-3.48,0.03,7.91,0.22,-0.25,-0.18,-3.06,2.27,8.85,-0.10,-0.09,0.30
-3.00,0.81,7.88,0.32,-0.13,-0.21,-2.83,1.39,9.88,0.42,-0.10,-0.26
-3.47,0.98,7.38,-0.30,0.04,0.17,-2.83,1.39,9.88,0.42,-0.10,-0.26
-3.46,0.78,7.66,0.29,-0.09,-0.23,-4.53,1.05,8.02,-0.23,0.07,0.09
-2.92,1.36,7.74,0.18,-0.13,-0.25,-3.61,1.23,9.21,0.33,-0.03,-0.23
-3.43,2.61,10.42,-0.24,-0.06,0.12,-2.85,2.91,10.28,-0.28,-0.03,0.08
-3.26,1.67,10.32,0.05,-0.14,0.06,-2.85,2.91,10.28,-0.28,-0.03,0.08
-3.02,2.06,10.10,0.14,-0.14,-0.07,-3.01,1.88,9.90,0.06,-0.09,0.02
-3.30,2.62,10.12,-0.01,-0.18,-0.11,-2.49,1.92,9.39,0.05,-0.12,-0.17
-3.33,2.71,9.98,0.06,-0.12,-0.12,-3.70,1.17,8.50,0.01,-0.04,-0.08
-2.94,0.04,10.29,0.10,-0.31,-0.45,-3.70,1.17,8.50,0.01,-0.04,-0.08
-2.89,0.60,9.55,0.18,-0.36,-0.57,-2.71,1.40,9.63,0.10,-0.31,-0.56
-3.19,0.60,9.25,0.22,0.05,-0.73,-3.47,1.10,8.78,0.24,-0.23,-0.64
-2.18,0.77,8.76,0.09,0.10,-0.29,-2.25,2.17,9.82,0.22,0.18,-0.29
-2.64,0.79,9.19,-0.13,0.23,0.08,-2.25,2.17,9.82,0.22,0.18,-0.29
-3.30,-0.14,9.47,-0.01,-0.14,-0.08,-3.54,1.39,9.70,-0.17,0.24,0.26
-3.49,2.47,9.13,0.18,0.13,0.27,-2.71,1.71,9.70,0.31,-0.05,-0.08
-3.45,2.50,10.00,-0.22,-0.07,0.68,-2.76,2.11,8.81,-0.18,0.03,0.50
-4.21,2.70,10.37,-0.35,-0.17,0.63,-2.76,2.11,8.81,-0.18,0.03,0.50
-2.44,1.61,10.16,-0.38,-0.07,0.42,-4.44,0.70,8.90,-0.45,-0.14,0.50
-2.77,1.55,9.43,-0.37,0.22,0.91,-2.54,1.73,9.74,-0.39,0.15,0.59
-3.99,0.65,8.16,-0.33,0.05,1.14,-3.21,1.41,9.17,-0.38,0.21,1.14
-4.32,1.18,8.48,0.09,0.08,0.77,-3.21,1.41,9.17,-0.38,0.21,1.14
-4.03,1.35,9.14,-0.11,0.01,0.88,-4.15,1.54,9.25,0.08,0.15,0.72
-4.14,1.37,9.26,-0.19,-0.08,0.65,-4.30,1.21,8.96,-0.26,0.07,0.79
-4.30,1.46,9.13,0.11,-0.27,0.13,-4.39,1.62,8.93,0.04,-0.17,0.21
-3.93,1.62,8.52,0.36,-0.25,-0.34,-4.39,1.62,8.93,0.04,-0.17,0.21
-3.18,2.03,9.03,0.03,-0.20,-0.22,-3.90,2.11,9.16,0.30,-0.18,-0.34
-3.33,1.49,8.95,-0.26,0.04,-0.10,-3.57,2.42,9.30,-0.17,0.00,0.00
-3.72,-0.03,8.00,-0.40,-0.02,-0.45,-4.24,1.92,9.39,-0.44,-0.01,-0.41
-3.60,0.66,9.59,-0.30,0.10,0.06,-4.24,1.92,9.39,-0.44,-0.01,-0.41
-3.15,1.67,8.48,-0.02,0.14,0.64,-2.41,1.47,8.61,-0.34,0.08,0.15
-3.73,2.34,8.94,-0.18,0.00,1.02,-4.00,0.25,8.76,-0.09,0.25,0.83
-4.25,2.05,8.55,0.29,-0.30,0.57,-4.91,1.84,9.07,0.06,-0.17,0.75
-4.22,2.04,8.51,0.58,-0.77,-0.01,-4.91,1.84,9.07,0.06,-0.17,0.75
-3.47,2.07,8.85,0.12,-0.14,0.05,-3.87,1.68,9.78,0.54,-0.70,-0.01
-3.56,0.95,9.38,-0.10,-0.11,-0.08,-3.89,1.90,9.23,-0.20,-0.05,0.21
-2.91,1.28,9.52,0.25,-0.37,-0.38,-3.88,2.01,8.80,0.20,-0.28,-0.33
-2.51,2.68,9.76,-0.04,-0.38,0.42,-3.88,2.01,8.80,0.20,-0.28,-0.33
-3.11,2.03,9.99,-0.59,-0.53,0.75,-2.25,2.81,9.77,-0.18,-0.34,0.50
-2.91,1.79,8.91,-0.04,-0.31,0.12,-3.83,2.08,8.72,-0.58,-0.48,0.74
-2.02,1.14,9.44,0.64,-0.57,-0.97,-2.46,1.78,9.09,0.49,-0.41,-0.84
-1.27,1.63,9.20,-0.54,0.09,-0.29,-2.46,1.78,9.09,0.49,-0.41,-0.84
-1.53,0.39,10.32,-0.37,-0.07,0.63,-0.84,1.65,10.29,-0.51,0.11,0.07
-1.33,0.68,10.06,0.00,-0.14,-0.36,-1.98,1.24,9.39,-0.08,-0.01,0.14
-1.20,1.44,9.21,0.07,-0.33,-0.12,-1.14,2.11,9.57,0.05,-0.29,-0.28
-1.70,0.67,9.78,-0.07,-0.02,-0.13,-1.14,2.11,9.57,0.05,-0.29,-0.28
-2.02,1.38,9.22,0.01,-0.01,-0.16,-2.19,1.47,9.41,-0.09,0.07,-0.15
-1.49,1.62,8.80,-0.01,-0.17,-0.18,-1.58,1.53,9.89,-0.09,-0.09,-0.31
-2.68,0.60,8.82,0.25,0.39,-0.39,-3.12,1.37,9.93,0.22,0.28,-0.27
-2.39,0.16,11.03,-0.36,0.36,-0.03,-3.12,1.37,9.93,0.22,0.28,-0.27
-3.21,0.55,9.71,-0.82,0.12,0.51,-1.72,1.51,11.17,-0.51,0.30,0.02
-2.42,0.19,9.07,0.03,-0.05,-0.41,-2.26,-0.74,9.36,-0.55,0.13,-0.21
-2.80,0.03,8.73,0.41,-0.04,0.23,-2.35,-0.06,8.56,0.15,0.08,0.09
-2.94,0.16,10.46,0.14,-0.31,0.37,-2.35,-0.06,8.56,0.15,0.08,0.09
-1.82,0.89,9.77,0.22,-0.62,-0.01,-2.66,-0.23,9.60,0.13,-0.32,0.24
-2.35,0.43,9.13,0.03,-0.46,0.24,-1.97,1.13,10.13,0.08,-0.50,0.18
-2.22,0.53,9.31,0.09,-0.24,0.19,-1.89,0.59,9.76,0.04,-0.20,0.18
-1.61,1.22,8.53,0.16,-0.20,-0.06,-1.89,0.59,9.76,0.04,-0.20,0.18
-2.28,0.78,8.99,0.06,0.20,-0.06,-1.51,1.57,9.14,0.14,-0.04,-0.00
-2.16,0.63,11.32,-0.23,-0.03,-0.06,-2.13,0.53,10.24,-0.11,0.30,0.03
-1.32,1.73,9.51,0.14,-0.30,-0.17,-1.05,1.37,10.33,0.07,-0.22,-0.15
-1.90,-0.15,9.51,-0.01,-0.09,-0.14,-1.05,1.37,10.33,0.07,-0.22,-0.15
-2.95,-0.10,10.19,-0.10,0.17,0.16,-3.88,0.39,-4.36,0.39,0.86,-0.32
-2.50,0.29,9.07,0.17,-0.01,0.28,-1.83,1.72,9.58,0.04,0.11,0.22
-2.69,0.62,8.72,0.07,-0.03,-0.00,-2.94,0.32,9.82,0.09,0.05,0.03
-2.47,0.97,8.77,0.04,-0.15,0.05,-2.94,0.32,9.82,0.09,0.05,0.03
-2.48,0.61,10.64,0.09,-0.19,0.03,-2.83,0.86,10.16,0.04,-0.11,0.07
-2.16,0.39,10.17,0.05,-0.16,0.06,-2.15,1.20,9.92,0.03,-0.14,0.05
-2.34,0.12,9.58,0.03,0.02,0.12,-2.32,0.77,8.78,0.01,-0.01,0.07
-2.61,-0.06,9.11,0.06,0.07,0.24,-2.32,0.77,8.78,0.01,-0.01,0.07
-2.39,0.36,9.98,-0.16,-0.01,-0.05,-2.61,1.09,9.97,0.00,0.15,0.17
-2.91,0.77,9.82,-0.05,-0.08,0.25,-2.65,1.73,10.10,-0.27,0.01,0.12
-2.59,-0.03,9.09,0.19,-0.06,-0.28,-3.02,-0.21,8.36,0.09,0.05,-0.08
-2.54,0.14,9.07,-0.11,-0.03,-0.11,-3.02,-0.21,8.36,0.09,0.05,-0.08
-2.95,0.04,9.62,0.42,-0.51,0.05,-1.98,0.93,9.29,-0.20,-0.01,0.04
-2.68,1.41,8.60,0.01,-0.27,-0.33,-3.27,0.96,9.30,0.23,-0.49,-0.30
-2.34,0.75,8.83,0.01,-0.07,0.13,-2.70,0.81,9.48,-0.02,-0.02,0.11
-2.90,1.19,8.97,0.11,0.05,0.08,-2.70,0.81,9.48,-0.02,-0.02,0.11
-2.81,0.83,9.67,0.09,-0.00,0.13,-3.09,1.34,9.95,0.09,0.12,0.10
-2.73,0.45,10.58,0.02,-0.07,0.16,-2.32,0.94,9.44,0.02,0.04,0.18
-2.61,0.18,10.40,0.01,-0.17,0.12,-3.04,0.79,9.87,-0.02,-0.10,0.14
-2.59,0.24,9.72,0.04,-0.13,0.14,-3.04,0.79,9.87,-0.02,-0.10,0.14
-2.86,0.78,8.84,0.05,-0.02,0.04,-3.12,0.61,9.01,0.02,-0.04,0.13
-2.59,0.65,9.99,-0.01,-0.03,-0.04,-2.64,0.41,9.27,-0.01,0.06,0.00
-2.79,0.41,10.54,-0.02,-0.09,0.01,-3.07,1.32,10.05,-0.03,-0.03,-0.02
-2.78,0.07,9.67,0.01,0.02,0.02,-3.07,1.32,10.05,-0.03,-0.03,-0.02
-2.98,0.58,9.61,0.06,0.08,0.13,-3.11,0.94,9.34,-0.03,0.10,0.05
-2.68,0.30,9.81,-0.34,0.12,0.20,-2.60,1.34,10.17,0.10,0.13,0.05
-3.25,0.31,9.45,0.00,-0.31,0.22,-3.15,0.96,10.10,-0.04,-0.22,0.22
-2.89,0.08,9.14,0.07,-0.39,0.02,-3.15,0.96,10.10,-0.04,-0.22,0.22
-2.86,0.32,8.93,0.03,-0.27,-0.11,-2.91,0.86,9.32,0.05,-0.30,0.02
-2.88,0.09,8.87,0.09,-0.28,-0.03,-2.75,0.81,9.14,0.04,-0.23,-0.03
-2.58,0.87,10.05,0.13,-0.17,-0.00,-2.72,0.16,9.62,0.13,-0.15,-0.04
-2.27,0.59,9.68,-0.08,-0.00,0.01,-2.72,0.16,9.62,0.13,-0.15,-0.04
-2.35,0.63,9.36,0.07,-0.02,-0.06,-2.66,0.57,9.36,-0.08,0.07,-0.02
-2.53,0.30,8.89,-0.05,-0.02,0.08,-3.11,0.72,10.17,0.02,0.01,0.03
-2.82,0.27,9.03,-0.02,-0.07,0.00,-2.71,0.77,9.81,-0.04,-0.01,-0.02
-2.92,0.00,9.92,-0.05,-0.00,0.11,-2.71,0.77,9.81,-0.04,-0.01,-0.02
-2.83,0.28,10.17,0.09,-0.12,-0.11,-2.73,0.53,9.48,-0.02,0.06,0.08
-3.17,0.01,9.62,-0.11,-0.00,0.07,-3.17,0.27,9.68,-0.05,-0.03,0.08
-2.51,0.76,10.27,0.03,0.01,0.02,-3.18,0.31,9.14,-0.03,0.11,-0.03
-2.88,0.02,10.02,0.19,-0.23,0.04,-3.18,0.31,9.14,-0.03,0.11,-0.03
-3.21,-0.01,8.68,-0.04,-0.00,0.00,-3.02,0.05,9.47,0.17,-0.15,0.06
-2.78,-0.38,8.59,0.06,0.06,0.00,-2.30,1.08,9.07,-0.04,0.10,-0.01
-3.46,0.86,9.83,0.03,0.06,-0.09,-3.39,0.49,9.96,0.00,0.17,-0.15
-2.76,-0.36,10.03,0.03,-0.06,0.12,-3.39,0.49,9.96,0.00,0.17,-0.15
-2.81,-0.04,9.18,0.13,-0.43,0.11,-2.71,0.53,10.10,0.09,-0.08,0.01
-2.58,0.35,9.66,0.05,-0.30,-0.20,-4.04,-0.32,9.19,0.11,-0.32,-0.06
-2.62,0.90,9.94,-0.01,-0.37,-0.01,-2.43,0.91,9.82,0.00,-0.35,-0.05
-2.40,0.17,10.16,0.17,-0.25,-0.08,-2.43,0.91,9.82,0.00,-0.35,-0.05
-2.13,0.29,9.64,0.06,-0.28,-0.09,-2.24,0.84,9.65,0.18,-0.22,-0.07
-2.78,0.51,7.99,0.08,-0.19,-0.03,-1.75,1.07,9.80,-0.01,-0.22,-0.06
-2.39,-0.43,8.99,0.33,-0.10,-0.05,-2.95,-0.42,8.63,0.12,0.06,0.07
-2.68,0.19,9.50,0.08,0.10,-0.06,-2.95,-0.42,8.63,0.12,0.06,0.07
-2.85,-0.03,9.79,0.04,0.01,-0.05,-2.69,0.72,10.05,0.05,0.13,-0.04
-2.83,0.57,9.93,0.00,-0.05,0.04,-2.78,0.67,9.82,0.01,0.02,-0.12
-2.83,0.42,9.60,0.07,-0.07,-0.04,-2.82,0.60,9.76,0.02,0.01,0.00
-2.78,0.47,9.57,0.02,-0.16,-0.01,-2.82,0.60,9.76,0.02,0.01,0.00
-2.77,0.11,9.49,0.02,-0.15,-0.05,-2.96,0.78,9.85,-0.00,-0.09,-0.00
-2.37,0.03,9.08,0.11,-0.02,-0.08,-2.27,0.97,9.62,0.08,0.05,-0.07
-2.93,0.07,10.02,0.01,-0.15,0.00,-2.27,0.97,9.62,0.08,0.05,-0.07
-2.79,0.59,9.76,-0.02,-0.13,0.10,-3.23,0.72,10.09,0.00,-0.08,-0.08
-2.91,0.31,9.62,0.03,-0.13,-0.06,-3.07,0.74,9.37,-0.01,-0.12,0.06
-2.82,0.39,9.36,-0.00,-0.11,0.02,-2.81,0.80,9.50,-0.05,-0.04,0.02
-2.88,0.45,9.49,0.05,-0.12,-0.07,-2.81,0.80,9.50,-0.05,-0.04,0.02
-2.80,0.03,9.51,0.03,-0.11,-0.03,-2.98,0.31,9.55,0.01,-0.06,-0.03
-2.63,0.34,9.34,0.04,-0.10,-0.03,-2.89,0.91,9.80,0.04,-0.03,-0.06
-2.86,0.47,9.53,-0.06,-0.16,-0.04,-2.95,0.58,9.05,-0.04,-0.06,-0.02
-2.82,0.59,9.57,0.00,-0.20,-0.01,-2.95,0.58,9.05,-0.04,-0.06,-0.02
-2.82,0.60,9.23,-0.06,-0.16,-0.05,-3.03,-0.33,9.86,-0.00,-0.16,-0.05
-2.36,-0.24,8.90,0.04,-0.04,-0.02,-2.82,0.43,9.67,-0.02,0.00,-0.04
-2.69,-0.27,9.74,0.03,-0.12,0.05,-2.42,0.39,10.19,0.04,-0.03,0.05
-2.83,-0.33,8.89,0.06,-0.07,0.04,-2.42,0.39,10.19,0.04,-0.03,0.05
-3.19,-0.19,8.76,0.10,0.21,0.03,-3.05,0.76,9.30,0.05,0.02,0.05
-2.88,-0.28,9.52,0.12,0.21,0.04,-3.14,0.51,9.45,0.10,0.31,0.05
-3.00,0.31,8.87,0.08,0.00,0.06,-3.28,0.29,9.74,0.06,0.05,0.07
-3.49,0.53,9.44,0.02,-0.07,-0.03,-3.28,0.29,9.74,0.06,0.05,0.07
-3.86,0.61,10.22,0.12,-0.10,-0.01,-3.51,0.18,9.41,0.03,-0.06,-0.02
-3.33,0.49,9.60,0.09,-0.05,0.05,-3.68,0.65,9.52,0.13,-0.01,-0.05
-3.31,0.27,8.63,0.11,-0.13,0.06,-3.16,0.78,8.80,0.11,-0.09,0.08
-3.42,0.21,9.25,-0.01,-0.08,-0.00,-3.16,0.78,8.80,0.11,-0.09,0.08
-3.38,0.77,9.12,-0.03,-0.05,0.00,-3.29,0.38,9.75,-0.05,-0.02,0.03
-3.48,0.19,9.29,0.16,-0.04,-0.01,-3.50,0.33,9.25,0.02,-0.00,0.06
-3.24,0.33,9.29,0.09,-0.05,0.01,-3.63,0.75,9.39,0.10,-0.01,-0.00
-3.45,0.41,9.22,-0.03,-0.11,-0.00,-3.63,0.75,9.39,0.10,-0.01,-0.00
-3.43,0.43,9.27,-0.01,-0.09,-0.04,-3.50,0.25,9.21,-0.04,-0.08,-0.01
-3.58,0.39,8.97,-0.01,-0.11,-0.01,-3.66,0.79,9.10,-0.04,-0.07,-0.01
-3.48,0.22,8.46,0.03,-0.06,-0.02,-3.62,0.48,9.18,0.00,-0.05,-0.01
-3.70,0.11,9.47,0.07,-0.03,-0.05,-3.62,0.48,9.18,0.00,-0.05,-0.01
-3.54,-0.14,9.61,0.08,0.03,-0.02,-3.78,0.59,9.44,0.05,0.02,-0.04
-3.74,0.29,9.79,0.13,-0.05,-0.04,-3.57,0.55,9.78,0.03,0.03,-0.04
-3.72,0.65,9.24,0.05,-0.01,0.01,-3.78,0.77,9.39,0.05,0.02,0.01
-3.74,0.33,8.96,0.13,-0.11,-0.01,-3.78,0.77,9.39,0.05,0.02,0.01
-4.01,1.09,8.87,-0.01,-0.03,0.20,-3.73,0.65,9.75,0.11,-0.03,-0.03
-3.68,0.19,9.32,-0.01,-0.03,0.01,-3.91,0.59,9.41,0.01,0.02,0.24
-3.78,-0.67,9.31,-0.02,-0.14,0.05,-4.05,0.10,9.15,-0.03,-0.10,0.22
