AccelX1, AccelY1, AccelZ1, GyroX1, GyroY1, GyroZ1, AccelX2, AccelY2, AccelZ2, GyroX2, GyroY2, GyroZ2
-1.02,-0.20,9.90,0.16,0.32,-0.99,-1.31,0.18,9.72,0.13,0.34,-0.99
-1.02,-0.26,9.75,-0.46,-0.30,0.19,-1.31,0.18,9.72,0.13,0.34,-0.99
-1.50,-0.77,10.52,-0.61,-0.24,0.26,-1.62,-0.43,10.59,-0.63,-0.18,0.25
-1.14,-1.42,9.99,-0.46,-0.05,0.07,-1.62,-0.43,10.59,-0.63,-0.18,0.25
-0.83,-1.30,8.79,-0.02,-0.02,-0.59,-1.71,-0.87,9.90,-0.39,-0.00,-0.10
-1.58,-1.06,11.24,-0.07,0.04,-0.44,-0.70,-0.85,8.87,0.10,0.09,-0.30
-1.69,-1.69,11.39,0.01,0.01,-0.44,-1.79,-1.45,10.60,-0.01,0.06,-0.45
-1.34,-1.51,10.39,0.10,0.05,-0.23,-1.79,-1.45,10.60,-0.01,0.06,-0.45
-1.24,-1.52,9.73,0.11,-0.04,-0.26,-1.48,-1.55,10.31,0.04,0.13,-0.24
-1.10,-1.13,9.31,0.08,-0.12,-0.29,-1.53,-0.94,9.79,0.05,-0.00,-0.24
-1.17,-1.14,9.56,-0.05,-0.20,-0.33,-0.95,-0.96,9.56,-0.08,-0.11,-0.40
-1.41,-1.47,9.90,-0.13,-0.14,-0.31,-0.95,-0.96,9.56,-0.08,-0.11,-0.40
-1.05,-1.47,9.76,-0.05,-0.07,-0.30,-1.40,-1.20,9.88,-0.16,-0.10,-0.32
-1.36,-1.31,9.87,0.06,-0.04,-0.34,-1.15,-1.57,10.02,-0.01,0.05,-0.19
-1.38,-1.56,9.94,0.04,-0.24,-0.18,-1.07,-1.25,9.91,0.01,-0.16,-0.27
-1.17,-1.59,9.78,0.06,-0.19,0.02,-1.07,-1.25,9.91,0.01,-0.16,-0.27
-1.08,-1.62,9.75,0.01,-0.14,0.07,-1.08,-1.24,9.74,0.04,-0.12,0.05
-0.98,-1.57,9.42,-0.01,-0.19,0.22,-0.94,-1.44,9.39,-0.06,-0.07,0.14
-0.86,-1.81,9.66,0.04,-0.02,0.10,-0.99,-1.50,9.70,-0.02,-0.05,0.20
-0.89,-1.83,9.60,0.18,-0.00,-0.03,-0.99,-1.50,9.70,-0.02,-0.05,0.20
-1.03,-2.00,9.47,0.02,-0.05,-0.08,-0.85,-1.59,9.59,0.15,0.06,-0.04
-1.21,-2.51,10.61,-0.10,-0.08,0.04,-0.53,-1.82,9.54,-0.04,-0.08,0.05
-0.93,-1.93,9.16,0.05,-0.14,-0.10,-1.59,-1.75,10.15,-0.06,-0.03,-0.09
-1.13,-1.81,9.79,0.05,-0.04,-0.28,-1.59,-1.75,10.15,-0.06,-0.03,-0.09
-1.24,-2.01,9.86,0.10,-0.01,-0.13,-0.73,-1.77,9.60,0.01,0.02,-0.29
-1.23,-2.08,9.73,0.04,-0.07,-0.03,-1.19,-1.77,9.84,0.01,0.00,-0.13
-1.05,-2.56,9.96,0.07,0.03,-0.08,-0.99,-2.21,9.76,0.04,0.05,-0.06
-1.28,-2.09,10.05,0.01,0.01,-0.29,-0.99,-2.21,9.76,0.04,0.05,-0.06
-1.41,-2.02,10.07,0.03,-0.18,0.02,-1.07,-1.69,9.88,0.00,0.01,-0.28
-1.18,-2.00,9.77,-0.06,-0.11,0.03,-1.17,-1.78,9.98,-0.04,-0.10,0.04
-1.09,-2.05,9.49,0.01,-0.21,-0.04,-1.17,-1.88,9.66,-0.04,-0.11,0.00
-1.27,-1.88,9.47,0.06,-0.14,-0.04,-1.17,-1.88,9.66,-0.04,-0.11,0.00
-1.00,-1.79,9.01,0.08,-0.10,-0.07,-1.53,-1.50,9.71,0.05,-0.05,-0.01
-1.27,-2.42,10.34,0.11,0.02,-0.23,-1.06,-2.23,9.44,0.11,0.00,-0.11
-1.29,-1.83,9.21,0.13,-0.06,-0.18,-1.23,-2.02,9.69,0.09,0.06,-0.17
-1.49,-2.26,9.91,-0.04,-0.13,-0.14,-1.23,-2.02,9.69,0.09,0.06,-0.17
-1.09,-1.84,9.39,-0.08,-0.21,-0.01,-1.39,-1.60,10.00,-0.06,-0.13,-0.13
-1.40,-2.08,9.90,-0.05,-0.29,0.04,-1.26,-1.56,9.89,-0.12,-0.14,-0.02
-1.32,-1.94,9.76,0.02,-0.18,0.02,-1.41,-1.72,9.95,-0.02,-0.13,0.04
-1.39,-2.00,9.52,0.09,-0.21,0.10,-1.41,-1.72,9.95,-0.02,-0.13,0.04
-1.40,-2.03,9.63,0.14,-0.07,0.21,-1.24,-1.79,9.65,0.07,-0.13,0.14
-1.48,-2.28,9.67,0.17,-0.15,-0.04,-1.53,-1.81,9.73,0.14,-0.04,0.16
-1.20,-2.41,9.67,0.27,0.01,-0.19,-1.39,-2.12,9.72,0.14,-0.01,-0.14
-1.31,-1.93,9.62,0.48,0.24,-0.78,-1.39,-2.12,9.72,0.14,-0.01,-0.14
-1.63,-1.56,9.65,0.21,0.12,-0.84,-1.25,-1.75,9.65,0.46,0.22,-0.78
-1.39,-1.32,9.32,-0.15,0.06,-0.17,-1.12,-1.46,9.60,-0.06,0.19,-0.66
-1.70,-2.12,9.99,-0.23,-0.10,-0.34,-1.76,-1.74,9.89,-0.34,-0.03,-0.47
-1.54,-2.10,9.97,0.23,0.13,-0.01,-1.76,-1.74,9.89,-0.34,-0.03,-0.47
-2.05,-2.48,9.98,0.66,-0.16,0.11,-1.49,-1.76,9.92,0.25,0.16,-0.03
-1.70,-1.75,9.32,0.45,-0.11,-0.06,-2.14,-2.00,9.96,0.60,-0.11,-0.03
-1.63,-1.55,9.46,0.09,-0.27,0.22,-1.54,-1.37,9.63,0.18,-0.13,0.20
-1.47,-1.85,9.57,0.06,-0.41,0.50,-1.54,-1.37,9.63,0.18,-0.13,0.20
-1.30,-1.80,9.82,0.01,-0.39,0.19,-1.52,-1.63,9.85,0.03,-0.33,0.52
-1.15,-1.44,9.77,-0.09,-0.01,-0.18,-1.44,-1.55,9.87,0.01,-0.21,0.14
-1.00,-1.26,9.67,-0.27,0.24,-0.19,-1.03,-1.08,9.58,-0.30,0.30,-0.19
-0.63,-1.53,9.37,-0.13,0.15,-0.46,-1.03,-1.08,9.58,-0.30,0.30,-0.19
-0.75,-1.45,9.09,-0.09,0.49,-1.36,-0.97,-1.25,9.24,-0.10,0.19,-0.50
-1.10,-1.61,9.65,-0.01,0.51,-1.76,-0.90,-1.09,9.36,-0.10,0.54,-1.63
-1.62,-1.72,10.19,-0.05,0.27,-1.73,-1.27,-1.12,10.24,0.01,0.29,-1.71
-1.79,-2.23,10.31,-0.07,-0.07,-1.61,-1.27,-1.12,10.24,0.01,0.29,-1.71
-2.29,-2.92,10.77,0.27,-0.15,-1.89,-1.95,-1.80,10.43,-0.08,-0.09,-1.63
-1.67,-2.26,9.77,0.57,0.32,-1.83,-1.68,-2.34,10.11,0.45,0.04,-1.86
-1.53,-1.72,9.08,0.41,0.26,-1.13,-0.93,-1.66,9.41,0.42,0.32,-1.43
-1.26,-1.78,9.20,-0.02,0.09,-0.47,-0.93,-1.66,9.41,0.42,0.32,-1.43
-1.04,-2.22,9.55,0.15,0.23,-0.23,-1.11,-1.60,9.49,-0.06,0.14,-0.45
-1.27,-2.31,9.73,0.43,0.15,-0.31,-1.10,-2.05,9.55,0.29,0.27,-0.18
-1.43,-2.15,9.50,0.45,-0.03,-0.29,-1.18,-2.17,9.59,0.39,0.03,-0.38
-1.56,-2.08,9.98,0.12,0.16,-0.03,-1.18,-2.17,9.59,0.39,0.03,-0.38
-1.66,-2.00,9.67,0.02,-0.39,0.16,-1.20,-1.57,9.84,0.09,0.12,-0.01
-1.43,-2.44,9.62,0.15,-0.27,0.26,-1.34,-1.95,9.76,0.03,-0.45,0.26
-1.22,-2.20,9.24,0.03,0.16,-0.22,-1.81,-1.94,9.79,0.11,0.10,0.08
-1.06,-2.11,8.85,0.07,0.27,-0.17,-1.81,-1.94,9.79,0.11,0.10,0.08
-1.06,-1.87,9.10,0.04,-0.20,-0.59,-0.88,-1.87,8.87,0.09,0.26,-0.14
-1.04,-1.66,9.28,-0.02,-0.56,-0.70,-0.93,-1.82,9.30,-0.02,-0.38,-0.48
-0.91,-2.44,10.01,-0.28,-0.57,-0.92,-1.36,-1.50,10.03,-0.28,-0.54,-0.90
-0.77,-2.56,10.14,0.10,-0.13,-0.54,-1.36,-1.50,10.03,-0.28,-0.54,-0.90
-0.45,-2.30,9.69,0.46,0.05,-0.12,-0.18,-2.46,9.93,0.11,-0.05,-0.49
-0.44,-2.07,9.61,0.23,0.01,-0.06,-0.39,-1.76,9.73,0.38,0.17,-0.16
-0.61,-2.47,10.14,-0.18,-0.21,0.08,-0.42,-2.03,10.30,-0.14,-0.14,0.06
-0.44,-2.53,9.82,-0.13,-0.10,-0.14,-0.42,-2.03,10.30,-0.14,-0.14,0.06
-0.06,-2.47,9.64,0.06,-0.06,0.25,0.08,-2.13,9.96,-0.15,-0.06,-0.12
-0.24,-2.45,9.79,0.13,-0.02,-0.05,-0.33,-2.08,9.87,0.10,0.04,0.15
-0.28,-2.29,9.79,0.15,-0.05,0.12,-0.19,-2.01,10.12,0.13,0.06,0.05
-0.41,-2.15,9.38,0.00,-0.05,-0.04,-0.19,-2.01,10.12,0.13,0.06,0.05
-0.69,-2.42,9.44,-0.11,-0.13,0.25,-0.51,-2.09,9.71,-0.08,0.03,-0.03
-1.09,-2.85,9.87,-0.13,0.05,-0.15,-1.17,-2.29,9.69,-0.17,-0.05,0.07
-0.77,-2.40,9.71,0.06,-0.04,-0.07,-0.73,-2.39,10.04,0.05,0.06,-0.05
-0.59,-2.21,9.17,-0.14,-0.36,-0.19,-0.73,-2.39,10.04,0.05,0.06,-0.05
-0.64,-2.62,9.69,0.04,-0.30,0.35,-0.71,-2.05,9.40,-0.21,-0.27,-0.18
-0.52,-2.55,9.18,0.18,-0.06,-0.25,-1.40,-2.32,9.50,0.05,-0.10,-0.04
-1.06,-2.92,9.76,0.00,-0.08,-0.05,-0.95,-2.54,9.82,0.03,0.02,0.04
-0.39,-2.56,9.30,-0.03,-0.09,0.14,-0.95,-2.54,9.82,0.03,0.02,0.04
-0.51,-2.62,9.70,0.27,0.16,-0.03,-0.29,-2.40,9.27,0.00,-0.02,0.21
-0.68,-2.86,9.24,0.19,-0.11,0.19,0.29,-2.40,9.74,0.21,0.19,0.01
-0.58,-3.09,9.15,0.13,0.02,0.35,-0.72,-3.01,9.41,0.04,0.06,0.38
-0.45,-2.40,8.95,0.13,0.12,0.51,-0.72,-3.01,9.41,0.04,0.06,0.38
-0.91,-2.50,9.35,-0.50,-0.16,0.39,-0.75,-2.46,9.35,0.01,0.20,0.50
-1.22,-2.95,9.64,-0.75,-0.29,0.54,-0.13,-2.28,9.39,-0.68,-0.30,0.64
-0.92,-2.83,9.64,-0.62,0.11,0.35,-0.67,-2.61,9.18,-0.82,0.17,0.13
-1.47,-3.10,10.59,-0.07,0.07,0.40,-0.67,-2.61,9.18,-0.82,0.17,0.13
-1.35,-2.94,9.66,0.17,-0.19,0.42,-1.74,-2.99,10.59,-0.10,0.16,0.37
-1.91,-3.33,10.54,-0.12,-0.33,0.73,-1.62,-3.21,10.52,0.08,-0.15,0.58
-2.50,-3.63,10.29,-0.16,-0.26,0.92,-2.26,-3.26,10.70,-0.29,-0.16,0.81
-2.83,-3.38,9.70,-0.08,-0.08,0.74,-2.26,-3.26,10.70,-0.29,-0.16,0.81
-3.05,-3.42,8.95,-0.10,-0.47,0.78,-2.82,-3.22,9.77,-0.11,0.03,0.80
-2.55,-3.06,7.81,-0.14,-0.65,0.94,-2.55,-2.97,8.43,-0.11,-0.50,0.97
-2.60,-3.25,7.65,-0.16,-0.41,0.49,-2.89,-3.12,7.71,-0.27,-0.33,0.58
-2.75,-3.24,7.84,0.19,-0.40,0.43,-2.89,-3.12,7.71,-0.27,-0.33,0.58
-2.92,-3.12,8.23,0.07,-0.42,0.03,-2.93,-2.80,8.04,0.16,-0.33,0.36
-2.80,-3.44,8.64,0.02,-0.34,-0.01,-3.16,-3.29,8.93,-0.08,-0.39,-0.17
-2.47,-3.30,8.67,0.12,0.07,-0.06,-2.81,-3.20,9.01,0.05,-0.01,-0.07
-2.67,-3.33,9.15,0.17,0.30,-0.02,-2.81,-3.20,9.01,0.05,-0.01,-0.07
-2.65,-3.29,9.39,-0.01,0.17,0.03,-2.64,-3.11,9.43,0.13,0.36,-0.02
-2.97,-3.73,10.25,0.01,-0.03,-0.01,-2.77,-3.41,9.91,-0.06,0.06,-0.08
-3.12,-3.85,10.73,-0.29,0.26,0.11,-3.00,-3.46,10.76,-0.28,0.26,0.00
-3.25,-4.03,10.32,-0.09,-0.17,-0.15,-3.00,-3.46,10.76,-0.28,0.26,0.00
-3.06,-4.17,9.89,-0.02,0.11,-0.60,-3.60,-3.57,10.11,-0.09,-0.18,-0.22
-3.02,-3.73,9.04,0.38,-0.07,-0.79,-3.02,-3.64,9.35,0.11,0.19,-0.63
-2.73,-3.47,8.62,0.46,-0.08,-0.56,-2.51,-3.32,8.99,0.45,-0.10,-0.69
-2.21,-2.95,7.51,0.32,-0.06,-0.11,-2.51,-3.32,8.99,0.45,-0.10,-0.69
-2.23,-3.13,8.17,0.27,-0.14,-0.07,-2.37,-2.75,8.16,0.26,0.01,-0.10
-2.37,-3.35,9.03,0.16,-0.12,-0.15,-2.71,-2.71,8.89,0.23,-0.07,-0.09
-1.82,-4.25,9.40,0.10,-0.24,0.32,-1.87,-4.37,10.03,0.12,-0.08,0.13
-1.84,-2.56,8.21,-0.15,-0.43,0.36,-1.87,-4.37,10.03,0.12,-0.08,0.13
-1.85,-2.70,8.34,0.14,-0.23,0.08,-1.61,-2.73,8.25,-0.12,-0.30,0.41
-1.74,-2.76,8.59,0.34,-0.05,0.04,-1.65,-2.36,8.32,0.21,-0.14,0.05
-1.96,-2.97,9.41,0.13,-0.03,-0.32,-2.30,-2.66,9.84,0.18,0.05,-0.24
-1.89,-2.71,9.38,-0.04,-0.05,0.07,-2.30,-2.66,9.84,0.18,0.05,-0.24
-1.76,-2.53,9.06,-0.15,-0.22,-0.10,-1.90,-2.32,9.46,-0.10,-0.02,0.02
-2.01,-2.72,9.32,-0.13,-0.24,0.02,-1.83,-2.41,9.19,-0.18,-0.14,-0.12
-2.47,-3.48,10.25,0.06,-0.22,-0.16,-2.47,-2.93,10.05,-0.06,-0.17,-0.07
-2.69,-3.76,10.32,0.14,0.12,-0.04,-2.65,-3.54,10.64,0.12,0.16,-0.05
-2.80,-3.42,10.00,-0.05,0.03,-0.23,-2.65,-3.54,10.64,0.12,0.16,-0.05
-2.29,-2.91,9.23,-0.10,0.02,0.33,-2.65,-3.33,10.32,-0.13,0.05,-0.26
-2.58,-3.41,9.89,-0.46,-0.02,0.21,-2.58,-2.64,9.86,-0.27,-0.02,0.33
-2.71,-3.46,9.82,-0.30,-0.09,0.43,-2.53,-3.29,9.93,-0.36,-0.01,0.39
-2.34,-3.14,9.02,-0.24,-0.24,0.74,-2.53,-3.29,9.93,-0.36,-0.01,0.39
-2.25,-3.08,8.30,-0.16,-0.36,0.65,-2.30,-2.86,8.98,-0.24,-0.19,0.74
-2.23,-3.19,8.18,0.07,-0.43,0.58,-2.10,-2.79,8.10,-0.09,-0.36,0.61
-2.48,-3.56,8.91,0.18,-0.51,0.26,-2.49,-3.35,8.98,0.13,-0.44,0.35
-2.28,-3.32,8.93,0.20,-0.51,0.04,-2.49,-3.35,8.98,0.13,-0.44,0.35
-1.80,-3.04,8.82,0.11,-0.51,0.17,-2.12,-3.13,9.05,0.16,-0.45,0.09
-1.53,-3.01,9.00,0.01,-0.26,0.31,-1.62,-2.69,9.13,0.01,-0.26,0.25
-1.24,-2.66,8.77,0.25,-0.34,0.41,-1.21,-2.55,8.79,0.18,-0.23,0.51
-1.23,-2.50,8.96,0.19,-0.32,0.36,-1.21,-2.55,8.79,0.18,-0.23,0.51
-1.49,-2.54,10.09,0.12,-0.43,0.65,-1.01,-2.10,8.73,0.18,-0.27,0.42
-1.12,-2.45,8.61,0.06,-0.50,0.83,-1.30,-1.93,9.05,0.04,-0.38,0.84
-1.23,-2.21,8.68,0.20,-0.29,0.88,-0.69,-2.51,8.84,0.13,-0.27,0.92
-1.15,-2.13,8.84,0.09,-0.17,0.65,-0.69,-2.51,8.84,0.13,-0.27,0.92
-1.56,-2.33,9.44,0.06,-0.40,0.53,-1.05,-2.46,9.15,0.01,-0.06,0.61
-1.84,-2.08,9.08,-0.07,-0.32,0.31,-1.29,-2.05,8.93,0.08,-0.34,0.63
-2.12,-2.54,11.31,-0.17,-0.21,0.17,-2.35,-2.30,10.49,-0.19,-0.17,0.15
-2.14,-3.21,11.17,-0.16,0.03,0.28,-2.35,-2.30,10.49,-0.19,-0.17,0.15
-1.98,-2.93,10.17,0.01,-0.11,0.11,-1.50,-2.71,10.03,-0.15,0.07,0.26
-1.37,-2.53,8.73,0.08,0.17,0.04,-1.80,-2.98,10.03,0.02,0.14,0.16
-1.80,-3.08,9.63,-0.05,0.13,0.01,-2.10,-2.38,9.63,-0.05,0.22,-0.02
-1.86,-2.36,9.17,-0.07,0.00,0.10,-2.10,-2.38,9.63,-0.05,0.22,-0.02
-1.95,-3.38,10.52,-0.02,-0.00,0.03,-1.64,-2.88,9.63,-0.12,0.05,0.07
-2.15,-3.07,10.29,0.07,-0.03,-0.09,-1.62,-2.29,9.58,0.01,0.00,-0.09
-1.95,-2.82,9.28,0.07,0.00,-0.12,-2.16,-3.16,10.27,0.08,0.06,-0.09
-1.96,-2.38,8.74,0.09,-0.17,0.06,-2.16,-3.16,10.27,0.08,0.06,-0.09
-2.20,-2.45,9.47,0.01,-0.16,0.08,-2.35,-2.41,9.71,0.03,-0.12,0.08
-1.94,-3.13,9.47,0.07,-0.03,-0.11,-1.96,-2.73,9.40,-0.01,-0.07,0.01
-2.30,-3.39,10.24,0.03,-0.06,-0.12,-2.20,-2.00,9.53,0.03,0.01,-0.17
-2.01,-2.50,8.76,0.00,-0.08,-0.00,-2.20,-2.00,9.53,0.03,0.01,-0.17
-2.14,-2.73,9.37,-0.03,-0.13,0.07,-2.07,-2.42,9.49,-0.05,-0.03,0.00
-1.62,-2.09,7.97,0.02,-0.14,-0.01,-1.59,-2.85,9.33,-0.04,-0.09,0.06
-1.13,-1.40,7.47,0.07,0.05,0.13,-1.63,-1.76,8.24,-0.00,0.08,0.06
-1.82,-2.49,9.62,0.01,-0.11,0.22,-1.63,-1.76,8.24,-0.00,0.08,0.06
-1.75,-2.68,9.12,0.36,-0.05,0.50,-1.68,-2.10,9.38,-0.02,-0.06,0.23
-1.67,-1.92,7.10,0.72,-0.35,0.22,-0.99,-1.97,7.55,0.57,-0.08,0.36
-2.55,-1.84,10.77,0.45,-0.35,-0.44,-2.68,-2.44,9.08,0.43,-0.38,-0.28
-2.66,-2.83,10.94,0.18,-0.01,0.09,-2.68,-2.44,9.08,0.43,-0.38,-0.28
-2.31,-1.84,9.15,-0.15,0.35,-0.21,-2.01,-2.31,10.41,0.17,0.05,0.10
-2.50,-2.27,9.67,-0.46,-0.15,-0.49,-2.26,-2.55,10.34,-0.19,0.25,-0.34
-3.53,-3.01,9.99,0.32,0.14,-0.27,-2.06,-1.66,8.47,0.13,0.06,-0.21
-2.38,-2.01,9.59,0.11,-0.08,-0.94,-2.06,-1.66,8.47,0.13,0.06,-0.21
-2.63,-2.52,10.50,0.37,0.13,-0.44,-2.05,-1.96,9.85,0.13,-0.01,-0.77
-2.39,-2.21,10.34,0.65,-0.47,-0.68,-2.67,-2.19,10.21,0.44,-0.05,-0.52
-1.94,-1.68,10.82,0.71,-0.63,-0.56,-2.29,-1.57,10.93,0.73,-0.46,-0.44
-1.21,-1.09,10.51,0.17,-0.42,-0.53,-2.29,-1.57,10.93,0.73,-0.46,-0.44
-1.03,-1.30,10.26,-0.08,0.05,-0.19,-0.97,-0.80,10.69,0.12,-0.35,-0.47
-1.41,-1.12,10.06,0.15,0.18,-0.00,-1.13,-1.10,10.27,0.06,0.23,-0.01
-1.56,-1.03,10.01,0.18,0.11,-0.04,-1.48,-0.74,10.05,0.15,0.19,-0.02
-1.71,-0.83,9.87,0.20,-0.01,-0.04,-1.48,-0.74,10.05,0.15,0.19,-0.02
-1.74,-0.83,10.01,0.19,-0.14,-0.03,-1.85,-0.69,10.06,0.16,0.04,-0.02
-1.72,-0.65,10.05,0.16,-0.23,-0.01,-1.76,-0.53,9.96,0.14,-0.11,-0.01
-1.52,-0.50,9.92,0.13,-0.26,-0.00,-1.53,-0.36,10.09,0.11,-0.20,0.01
-1.42,-0.47,9.87,0.09,-0.27,-0.01,-1.53,-0.36,10.09,0.11,-0.20,0.01
-1.27,-0.53,10.04,0.09,-0.25,-0.03,-1.38,-0.27,10.07,0.06,-0.20,-0.00
-1.16,-0.39,9.67,0.14,-0.20,-0.04,-1.20,-0.31,10.02,0.06,-0.16,-0.02
-1.08,-0.36,9.45,0.21,-0.18,-0.07,-1.05,-0.19,9.66,0.16,-0.07,-0.04
-0.29,-0.83,7.72,-0.62,0.20,-0.56,-1.05,-0.19,9.66,0.16,-0.07,-0.04
-0.87,-0.90,9.33,-0.03,-0.63,-0.36,-0.09,-0.79,7.77,-0.45,0.12,-0.50
-0.18,-0.88,9.24,0.25,-0.86,-0.01,-0.36,-0.71,9.43,0.03,-0.73,-0.22
0.13,-0.82,10.84,0.21,-0.59,0.34,0.30,-0.53,10.69,0.22,-0.66,0.26
-0.01,-0.72,10.55,0.03,0.11,0.41,0.30,-0.53,10.69,0.22,-0.66,0.26
-0.04,-0.79,10.13,-0.03,0.18,0.19,-0.15,-0.47,10.85,-0.00,0.19,0.39
-0.24,-0.79,9.98,0.09,0.00,0.15,-0.03,-0.48,9.95,-0.05,0.21,0.15
-0.22,-0.63,9.92,0.11,0.07,0.16,-0.30,-0.40,10.06,0.08,0.11,0.15
-0.64,-0.72,10.44,0.04,0.22,0.04,-0.30,-0.40,10.06,0.08,0.11,0.15
-1.09,-0.75,10.48,0.05,0.26,-0.03,-0.92,-0.46,10.45,-0.01,0.31,0.01
-1.27,-0.59,10.07,0.07,0.15,-0.10,-1.25,-0.33,10.28,0.04,0.27,-0.05
-1.21,-0.64,9.71,0.06,-0.10,-0.18,-1.28,-0.28,9.83,0.02,-0.01,-0.18
-1.10,-0.50,9.53,0.14,-0.09,-0.07,-1.28,-0.28,9.83,0.02,-0.01,-0.18
-1.25,-0.56,9.85,0.15,-0.18,0.01,-1.11,-0.24,9.66,0.11,-0.01,-0.05
-1.10,-0.36,9.59,0.14,-0.23,0.08,-1.13,-0.14,9.83,0.13,-0.16,0.05
-1.03,-0.39,9.82,0.12,-0.22,0.22,-1.11,-0.05,10.02,0.11,-0.13,0.21
-0.99,-0.28,10.01,0.13,-0.14,0.32,-1.11,-0.05,10.02,0.11,-0.13,0.21
-0.97,-0.14,9.69,0.12,-0.12,0.36,-0.97,-0.03,10.03,0.10,-0.05,0.34
-0.89,-0.04,9.78,0.13,-0.15,0.39,-0.95,0.10,9.80,0.10,-0.07,0.38
-0.94,-0.08,9.94,0.04,-0.11,0.39,-0.92,0.30,9.96,0.05,-0.04,0.40
-0.98,-0.07,9.95,-0.04,-0.18,0.32,-0.92,0.30,9.96,0.05,-0.04,0.40
-0.90,-0.20,10.02,-0.09,-0.24,0.21,-1.01,0.20,10.08,-0.08,-0.11,0.31
-0.69,-0.29,9.95,-0.07,-0.21,0.11,-0.89,0.06,10.03,-0.11,-0.19,0.17
-0.68,-0.39,9.93,-0.00,-0.11,0.08,-0.69,-0.13,9.97,-0.06,-0.06,0.09
-0.66,-0.35,9.97,0.09,-0.07,0.09,-0.69,-0.13,9.97,-0.06,-0.06,0.09
-0.83,-0.30,9.96,0.09,0.02,0.10,-0.76,-0.11,10.01,0.06,0.03,0.10
-0.95,-0.24,9.91,0.10,0.03,0.10,-0.91,-0.02,10.01,0.07,0.09,0.11
-1.04,-0.21,9.88,0.05,-0.01,0.08,-1.07,0.02,9.92,0.04,0.07,0.09
-1.04,-0.17,9.91,0.03,-0.07,0.05,-1.07,0.02,9.92,0.04,0.07,0.09
-1.10,-0.22,9.75,0.06,-0.05,0.06,-1.06,0.02,9.85,-0.01,0.00,0.05
-1.15,-0.14,9.70,0.11,-0.08,0.08,-1.10,0.10,9.78,0.06,0.02,0.08
-1.11,-0.03,9.82,0.14,-0.20,0.09,-1.17,0.17,9.84,0.12,-0.12,0.11
-1.08,-0.05,9.97,0.08,-0.19,0.10,-1.17,0.17,9.84,0.12,-0.12,0.11
-1.06,-0.04,10.00,0.03,-0.11,0.10,-1.08,0.21,10.08,0.05,-0.12,0.11
-1.08,-0.05,9.96,-0.01,-0.05,0.10,-1.12,0.23,10.04,-0.01,-0.02,0.11
-1.17,-0.16,9.89,-0.05,-0.00,0.10,-1.19,0.16,10.01,-0.07,0.05,0.10
-1.29,-0.25,9.89,-0.06,0.01,0.11,-1.19,0.16,10.01,-0.07,0.05,0.10
-1.39,-0.33,9.94,-0.06,0.01,0.13,-1.31,0.02,10.05,-0.09,0.08,0.11
-1.45,-0.42,9.91,-0.06,-0.01,0.14,-1.45,-0.13,9.96,-0.09,0.07,0.14
-1.52,-0.46,9.86,-0.03,-0.04,0.16,-1.51,-0.25,9.92,-0.07,0.04,0.16
-1.61,-0.50,9.83,0.00,-0.07,0.19,-1.51,-0.25,9.92,-0.07,0.04,0.16
-1.62,-0.52,9.85,0.04,-0.12,0.19,-1.63,-0.27,9.91,-0.02,-0.01,0.20
-1.61,-0.48,9.85,0.06,-0.16,0.20,-1.65,-0.24,9.89,0.02,-0.07,0.21
-1.56,-0.43,9.86,0.07,-0.19,0.20,-1.57,-0.19,9.90,0.04,-0.11,0.22
-1.50,-0.36,9.85,0.07,-0.19,0.21,-1.57,-0.19,9.90,0.04,-0.11,0.22
-1.43,-0.29,9.84,0.06,-0.19,0.21,-1.52,-0.11,9.88,0.04,-0.12,0.22
-1.38,-0.27,9.85,0.05,-0.18,0.19,-1.44,-0.04,9.94,0.03,-0.12,0.21
-1.30,-0.27,9.86,0.03,-0.15,0.18,-1.37,-0.01,9.93,0.01,-0.09,0.19
-1.28,-0.30,9.84,0.02,-0.12,0.17,-1.37,-0.01,9.93,0.01,-0.09,0.19
-1.27,-0.31,9.87,0.02,-0.09,0.16,-1.28,-0.03,9.89,-0.01,-0.05,0.18
-1.31,-0.33,9.83,0.02,-0.05,0.16,-1.31,-0.06,9.86,-0.01,-0.00,0.17
-1.38,-0.33,9.82,0.04,-0.03,0.15,-1.39,-0.10,9.87,0.00,0.03,0.16
-1.44,-0.36,9.85,0.05,-0.03,0.15,-1.39,-0.10,9.87,0.00,0.03,0.16
-1.52,-0.31,9.82,0.06,-0.04,0.14,-1.50,-0.03,9.81,0.03,0.04,0.15
-1.57,-0.27,9.76,0.06,-0.06,0.14,-1.55,0.02,9.82,0.03,0.02,0.15
-1.61,-0.22,9.77,0.05,-0.08,0.12,-1.66,0.05,9.83,0.02,-0.01,0.13
-1.65,-0.20,9.76,0.04,-0.11,0.11,-1.66,0.05,9.83,0.02,-0.01,0.13
-1.62,-0.19,9.73,0.03,-0.16,0.10,-1.67,0.09,9.80,0.01,-0.05,0.12
-1.52,-0.16,9.69,0.05,-0.21,0.10,-1.61,0.08,9.75,0.01,-0.11,0.11
-1.41,-0.13,9.61,0.06,-0.22,0.10,-1.47,0.12,9.68,0.03,-0.15,0.11
-1.32,-0.09,9.56,0.08,-0.20,0.11,-1.47,0.12,9.68,0.03,-0.15,0.11
-1.23,-0.08,9.59,0.11,-0.17,0.10,-1.31,0.14,9.63,0.06,-0.13,0.12
-1.21,-0.01,9.67,0.13,-0.12,0.09,-1.25,0.21,9.70,0.10,-0.08,0.11
-1.22,0.06,9.77,0.11,-0.10,0.09,-1.25,0.30,9.84,0.09,-0.03,0.10
-1.27,0.11,9.86,0.07,-0.09,0.08,-1.25,0.30,9.84,0.09,-0.03,0.10
-1.29,0.12,9.93,0.02,-0.07,0.06,-1.32,0.38,9.93,0.03,-0.02,0.09
-1.34,0.07,9.90,-0.03,-0.07,0.05,-1.37,0.38,9.99,-0.03,-0.00,0.06
-1.38,-0.04,9.90,-0.08,-0.07,0.05,-1.41,0.27,9.98,-0.10,-0.01,0.05
-1.33,-0.01,9.65,-0.07,0.00,0.11,-1.41,0.27,9.98,-0.10,-0.01,0.05
-1.56,-0.02,9.74,0.01,0.04,0.22,-1.22,0.07,9.57,-0.08,0.09,0.13
-1.48,-0.11,9.62,-0.11,-0.18,0.09,-1.72,0.20,9.84,-0.10,0.06,0.19
-1.57,-0.33,9.80,-0.05,-0.09,0.14,-1.51,-0.07,9.70,-0.10,-0.03,0.13
-1.68,-0.43,9.94,-0.07,-0.15,0.07,-1.51,-0.07,9.70,-0.10,-0.03,0.13
-1.56,-0.59,9.90,-0.03,-0.22,0.05,-1.74,-0.20,10.02,-0.11,-0.10,0.07
-1.43,-0.57,9.81,0.06,-0.23,0.06,-1.51,-0.34,9.94,-0.02,-0.16,0.06
-1.34,-0.50,9.78,0.12,-0.21,0.07,-1.36,-0.29,9.93,0.07,-0.15,0.08
-1.26,-0.42,9.80,0.15,-0.18,0.08,-1.36,-0.29,9.93,0.07,-0.15,0.08
-1.23,-0.32,9.85,0.15,-0.15,0.09,-1.29,-0.19,9.96,0.13,-0.11,0.10
-1.23,-0.20,9.86,0.14,-0.12,0.09,-1.25,-0.05,9.94,0.11,-0.06,0.10
-1.23,-0.13,9.93,0.11,-0.08,0.08,-1.24,0.11,9.94,0.09,-0.02,0.10
-1.26,-0.11,9.96,0.08,-0.05,0.09,-1.24,0.11,9.94,0.09,-0.02,0.10
-1.30,-0.08,9.93,0.05,-0.03,0.08,-1.29,0.17,10.03,0.05,0.02,0.09
-1.42,-0.09,9.95,0.01,-0.01,0.08,-1.36,0.19,10.03,0.00,0.05,0.09
-1.49,-0.15,9.96,0.01,-0.01,0.09,-1.50,0.14,9.99,-0.01,0.06,0.10
-1.54,-0.08,9.86,0.00,-0.04,0.10,-1.50,0.14,9.99,-0.01,0.06,0.10
-1.63,-0.17,9.86,0.00,-0.08,0.11,-1.64,0.13,9.90,-0.02,0.02,0.11
-1.54,-0.33,9.44,-0.13,-0.16,0.07,-1.64,0.06,9.64,-0.08,-0.06,0.10
-1.61,-0.46,9.23,-0.24,-0.21,0.05,-1.34,-0.11,9.54,-0.22,-0.16,0.06
-1.29,-0.63,9.23,-0.30,-0.29,0.03,-1.34,-0.11,9.54,-0.22,-0.16,0.06
-0.79,-1.33,9.33,-0.31,-0.34,0.03,-1.52,-0.72,9.63,-0.35,-0.21,0.04
-1.35,-1.61,10.11,-0.27,-0.28,0.05,-1.11,-1.26,9.83,-0.34,-0.24,0.03
-1.02,-1.71,9.62,-0.15,-0.24,0.07,-0.88,-1.67,9.52,-0.20,-0.19,0.07
-0.90,-1.77,9.67,0.03,-0.19,0.11,-0.88,-1.67,9.52,-0.20,-0.19,0.07
-0.66,-1.73,9.62,0.26,-0.14,0.15,-0.41,-1.74,9.80,0.02,-0.15,0.12
-0.77,-1.47,9.81,0.43,-0.04,0.19,-0.73,-1.40,9.64,0.30,-0.01,0.18
-0.94,-1.02,9.76,0.52,-0.01,0.19,-0.87,-0.96,9.77,0.48,0.07,0.21
-1.01,-0.53,9.85,0.49,0.00,0.17,-0.87,-0.96,9.77,0.48,0.07,0.21
-0.98,-0.03,9.38,0.38,-0.09,0.11,-1.02,-0.19,9.66,0.45,0.07,0.18
-0.99,0.17,9.55,0.28,-0.11,0.07,-1.42,0.21,9.80,0.31,0.01,0.12
-1.14,0.26,9.90,0.13,-0.12,0.03,-1.34,0.43,9.72,0.13,-0.02,0.05
-1.14,0.28,9.87,-0.00,-0.12,-0.01,-1.34,0.43,9.72,0.13,-0.02,0.05
-1.05,0.33,9.57,-0.07,-0.14,-0.03,-1.02,0.54,9.88,-0.03,-0.08,-0.00
-1.08,0.12,9.84,-0.11,-0.10,-0.05,-1.06,0.39,9.93,-0.13,-0.07,-0.04
-1.07,-0.14,9.95,-0.10,-0.08,-0.06,-1.18,0.25,9.95,-0.13,-0.02,-0.06
-1.13,-0.21,9.83,-0.07,-0.05,-0.07,-1.18,0.25,9.95,-0.13,-0.02,-0.06
-1.18,-0.36,9.92,-0.03,-0.03,-0.06,-1.15,-0.02,10.01,-0.09,0.01,-0.07
-1.26,-0.42,9.94,0.01,-0.03,-0.04,-1.26,-0.11,10.01,-0.04,0.03,-0.05
-1.35,-0.42,9.94,0.05,-0.04,-0.01,-1.34,-0.15,9.99,0.01,0.03,-0.01
-1.42,-0.44,9.95,0.08,-0.06,0.01,-1.34,-0.15,9.99,0.01,0.03,-0.01
-1.46,-0.38,9.95,0.10,-0.09,0.03,-1.42,-0.17,10.03,0.06,-0.00,0.02
-1.47,-0.32,9.94,0.11,-0.12,0.04,-1.48,-0.11,10.00,0.08,-0.04,0.05
-1.42,-0.24,9.95,0.09,-0.17,0.06,-1.48,-0.00,10.05,0.07,-0.09,0.07
-1.35,-0.23,9.95,0.08,-0.20,0.07,-1.48,-0.00,10.05,0.07,-0.09,0.07
-1.27,-0.22,10.04,0.07,-0.22,0.08,-1.37,0.00,10.04,0.05,-0.13,0.08
-1.19,-0.19,10.01,0.05,-0.21,0.09,-1.26,0.05,10.02,0.03,-0.14,0.10
-1.07,-0.20,9.99,0.03,-0.19,0.09,-1.15,0.04,10.08,0.01,-0.12,0.11
-1.05,-0.22,10.05,0.02,-0.15,0.11,-1.15,0.04,10.08,0.01,-0.12,0.11
-1.02,-0.24,10.01,-0.01,-0.11,0.12,-1.06,0.06,10.12,-0.02,-0.08,0.12
-1.03,-0.34,10.07,-0.03,-0.08,0.13,-1.01,0.00,10.12,-0.05,-0.03,0.14
-1.12,-0.38,10.08,-0.02,-0.05,0.15,-1.09,-0.07,10.14,-0.05,0.01,0.16
-0.97,-0.35,9.95,0.00,-0.05,0.19,-1.09,-0.07,10.14,-0.05,0.01,0.16
-1.30,-0.50,9.95,0.03,-0.02,0.21,-1.40,-0.16,9.95,-0.03,0.05,0.20
-1.32,-0.37,9.89,0.07,-0.01,0.21,-1.18,-0.15,10.10,0.02,0.04,0.21
-1.33,-0.38,9.94,0.11,-0.00,0.23,-1.34,-0.10,9.99,0.07,0.06,0.24
-1.57,-0.28,10.05,0.12,0.01,0.23,-1.34,-0.10,9.99,0.07,0.06,0.24
-1.60,-0.11,9.79,0.13,-0.05,0.24,-1.64,0.11,9.96,0.10,0.07,0.24
-1.68,0.02,9.96,0.12,-0.11,0.24,-1.60,0.23,10.15,0.10,-0.01,0.25
-1.64,0.11,9.82,0.08,-0.15,0.26,-1.75,0.30,9.82,0.05,-0.06,0.27
-1.46,0.21,9.82,0.04,-0.21,0.25,-1.75,0.30,9.82,0.05,-0.06,0.27
-1.43,0.23,9.85,-0.02,-0.21,0.26,-1.45,0.39,9.98,-0.00,-0.11,0.26
-1.53,0.06,9.96,-0.07,-0.17,0.27,-1.44,0.37,9.81,-0.08,-0.12,0.26
-1.24,0.00,9.90,-0.10,-0.16,0.27,-1.36,0.28,9.86,-0.11,-0.08,0.27
-1.26,-0.12,9.87,-0.10,-0.13,0.28,-1.36,0.28,9.86,-0.11,-0.08,0.27
-1.19,-0.21,9.82,-0.07,-0.12,0.31,-1.31,0.20,10.04,-0.11,-0.07,0.29
-1.30,-0.33,9.91,-0.05,-0.09,0.33,-1.25,-0.05,9.91,-0.10,-0.02,0.32
-1.23,-0.29,9.84,-0.02,-0.09,0.36,-1.30,-0.06,9.96,-0.06,-0.01,0.36
-1.34,-0.31,9.80,0.01,-0.08,0.37,-1.30,-0.06,9.96,-0.06,-0.01,0.36
-1.38,-0.29,9.84,0.02,-0.08,0.38,-1.46,-0.06,9.88,-0.02,0.00,0.39
-1.44,-0.28,9.85,0.04,-0.09,0.39,-1.48,0.00,9.86,0.00,-0.01,0.39
-1.43,-0.25,9.82,0.04,-0.10,0.40,-1.43,-0.06,9.86,0.01,-0.02,0.40
-1.43,-0.20,9.86,0.03,-0.11,0.40,-1.43,-0.06,9.86,0.01,-0.02,0.40
-1.43,-0.12,9.81,0.03,-0.13,0.40,-1.52,0.14,9.87,0.01,-0.04,0.42
-1.41,-0.11,9.83,0.01,-0.14,0.39,-1.44,0.16,9.90,-0.01,-0.06,0.41
-1.39,-0.09,9.86,0.00,-0.13,0.38,-1.40,0.21,9.92,-0.02,-0.06,0.40
-1.38,-0.12,9.86,-0.02,-0.12,0.38,-1.40,0.21,9.92,-0.02,-0.06,0.40
-1.32,-0.12,9.82,-0.03,-0.12,0.38,-1.38,0.18,9.95,-0.04,-0.05,0.38
-1.31,-0.17,9.82,-0.03,-0.11,0.38,-1.36,0.07,9.88,-0.06,-0.03,0.39
-1.36,-0.18,9.82,-0.03,-0.10,0.39,-1.34,0.06,9.86,-0.06,-0.03,0.39
-1.38,-0.23,9.78,-0.03,-0.10,0.39,-1.34,0.06,9.86,-0.06,-0.03,0.39
-1.39,-0.21,9.81,-0.01,-0.11,0.38,-1.42,0.07,9.82,-0.05,-0.02,0.39
-1.41,-0.24,9.88,-0.00,-0.11,0.38,-1.41,0.06,9.93,-0.03,-0.04,0.39
-1.38,-0.20,9.80,0.00,-0.13,0.37,-1.40,0.01,9.83,-0.03,-0.04,0.38
-1.35,-0.20,9.81,0.01,-0.13,0.36,-1.40,0.01,9.83,-0.03,-0.04,0.38
-1.34,-0.20,9.85,0.01,-0.13,0.35,-1.39,0.06,9.88,-0.02,-0.05,0.37
-1.29,-0.20,9.83,0.01,-0.12,0.35,-1.37,0.08,9.93,-0.02,-0.05,0.36
-1.30,-0.18,9.82,-0.00,-0.12,0.34,-1.35,0.09,9.89,-0.02,-0.04,0.35
-1.32,-0.18,9.82,-0.00,-0.11,0.34,-1.35,0.09,9.89,-0.02,-0.04,0.35
-1.34,-0.20,9.86,0.00,-0.10,0.33,-1.31,0.08,9.89,-0.03,-0.03,0.34
-1.34,-0.18,9.81,0.01,-0.09,0.32,-1.37,0.09,9.85,-0.02,-0.02,0.33
-1.37,-0.18,9.85,0.01,-0.09,0.31,-1.37,0.09,9.90,-0.01,-0.02,0.32
-1.38,-0.18,9.86,0.01,-0.09,0.30,-1.37,0.09,9.90,-0.01,-0.02,0.32
-1.41,-0.17,9.79,0.01,-0.10,0.29,-1.44,0.07,9.89,-0.02,-0.01,0.30
-1.42,-0.17,9.83,0.01,-0.11,0.29,-1.44,0.07,9.90,-0.02,-0.03,0.29
-1.42,-0.16,9.84,0.00,-0.11,0.28,-1.44,0.09,9.90,-0.03,-0.03,0.29
-1.43,-0.20,9.80,0.00,-0.12,0.28,-1.44,0.09,9.90,-0.03,-0.03,0.29
-1.40,-0.19,9.77,0.00,-0.13,0.27,-1.45,0.08,9.89,-0.02,-0.05,0.29
-1.40,-0.20,9.79,0.01,-0.13,0.27,-1.44,0.05,9.86,-0.02,-0.05,0.28
-1.37,-0.20,9.80,0.01,-0.13,0.26,-1.42,0.07,9.86,-0.01,-0.05,0.27
-1.36,-0.22,9.81,0.02,-0.13,0.26,-1.42,0.07,9.86,-0.01,-0.05,0.27
-1.35,-0.20,9.82,0.02,-0.12,0.25,-1.38,0.07,9.86,-0.01,-0.05,0.26
-1.35,-0.17,9.71,0.03,-0.12,0.24,-1.39,0.04,9.88,-0.00,-0.05,0.26
-1.34,-0.16,9.79,0.04,-0.12,0.23,-1.36,0.09,9.86,0.01,-0.05,0.25
-1.32,-0.16,9.80,0.04,-0.11,0.23,-1.36,0.09,9.86,0.01,-0.05,0.25
-1.30,-0.14,9.84,0.03,-0.10,0.22,-1.35,0.11,9.91,0.01,-0.03,0.24
-1.36,-0.12,9.82,0.02,-0.09,0.22,-1.38,0.10,9.91,-0.00,-0.02,0.22
-1.37,-0.13,9.82,0.02,-0.09,0.21,-1.40,0.12,9.90,-0.01,-0.02,0.22
-1.39,-0.14,9.81,0.01,-0.09,0.21,-1.40,0.12,9.90,-0.01,-0.02,0.22
-1.40,-0.15,9.81,0.01,-0.10,0.21,-1.41,0.12,9.89,-0.02,-0.02,0.22
-1.40,-0.17,9.76,0.01,-0.11,0.21,-1.44,0.11,9.86,-0.02,-0.03,0.22
-1.43,-0.20,9.84,0.01,-0.12,0.20,-1.44,0.08,9.85,-0.02,-0.04,0.21
-1.42,-0.19,9.81,0.02,-0.12,0.20,-1.44,0.08,9.85,-0.02,-0.04,0.21
-1.37,-0.20,9.82,0.02,-0.13,0.20,-1.42,0.10,9.88,-0.01,-0.05,0.21
-1.38,-0.15,9.72,0.02,-0.13,0.19,-1.42,0.07,9.89,-0.01,-0.06,0.20
-1.36,-0.17,9.85,0.03,-0.13,0.19,-1.37,0.06,9.90,-0.00,-0.06,0.20
-1.35,-0.13,9.84,0.05,-0.12,0.18,-1.37,0.06,9.90,-0.00,-0.06,0.20
-1.33,-0.15,9.87,0.05,-0.11,0.18,-1.37,0.14,9.89,0.02,-0.04,0.19
-1.33,-0.13,9.84,0.05,-0.10,0.17,-1.36,0.12,9.89,0.02,-0.04,0.18
-1.33,-0.10,9.83,0.03,-0.09,0.16,-1.38,0.14,9.92,0.01,-0.02,0.17
-1.34,-0.11,9.84,0.03,-0.09,0.16,-1.38,0.14,9.92,0.01,-0.02,0.17
-1.39,-0.12,9.84,0.02,-0.09,0.15,-1.38,0.15,9.92,-0.00,-0.02,0.17
-1.40,-0.14,9.84,0.01,-0.10,0.15,-1.43,0.11,9.89,-0.01,-0.03,0.16
-1.41,-0.14,9.79,0.01,-0.11,0.15,-1.43,0.12,9.90,-0.02,-0.04,0.15
-1.40,-0.18,9.78,0.01,-0.12,0.14,-1.43,0.12,9.90,-0.02,-0.04,0.15
-1.41,-0.16,9.77,0.04,-0.12,0.13,-1.45,0.06,9.80,-0.02,-0.05,0.15
-1.39,-0.16,9.79,0.03,-0.13,0.14,-1.40,0.10,9.88,0.01,-0.05,0.15
-1.38,-0.19,9.84,0.03,-0.13,0.14,-1.43,0.07,9.86,0.01,-0.06,0.14
-1.36,-0.19,9.83,0.04,-0.13,0.13,-1.43,0.07,9.86,0.01,-0.06,0.14
-1.33,-0.14,9.74,0.04,-0.13,0.13,-1.37,0.09,9.91,0.01,-0.06,0.14
-1.31,-0.17,9.84,0.04,-0.13,0.13,-1.34,0.11,9.88,0.01,-0.06,0.14
-1.29,-0.21,9.91,0.03,-0.12,0.13,-1.35,0.12,9.90,0.01,-0.05,0.14
-1.27,-0.20,9.87,0.04,-0.11,0.13,-1.35,0.12,9.90,0.01,-0.05,0.14
-1.29,-0.17,9.87,0.04,-0.10,0.13,-1.33,0.10,9.91,0.01,-0.03,0.14
-1.32,-0.18,9.86,0.04,-0.08,0.13,-1.34,0.06,9.96,0.01,-0.02,0.14
-1.34,-0.17,9.85,0.04,-0.08,0.13,-1.37,0.10,9.92,0.01,-0.01,0.14
-1.36,-0.16,9.86,0.04,-0.09,0.13,-1.37,0.10,9.92,0.01,-0.01,0.14
-1.37,-0.15,9.79,0.04,-0.10,0.13,-1.41,0.11,9.90,0.01,-0.02,0.14
-1.41,-0.11,9.78,0.06,-0.09,0.12,-1.45,0.08,9.80,0.01,-0.02,0.13
-1.44,-0.13,9.86,0.04,-0.10,0.12,-1.43,0.17,9.90,0.02,-0.03,0.13
-1.45,-0.08,9.74,0.03,-0.12,0.11,-1.43,0.17,9.90,0.02,-0.03,0.13
-1.43,-0.12,9.55,0.05,-0.16,0.08,-1.43,0.07,9.53,0.00,-0.05,0.11
-1.33,-0.11,9.50,0.07,-0.21,0.06,-1.38,0.14,9.57,0.03,-0.12,0.08
-1.19,-0.04,9.51,0.08,-0.23,0.04,-1.28,0.24,9.62,0.05,-0.16,0.06
-1.12,-0.08,9.61,0.07,-0.21,0.01,-1.28,0.24,9.62,0.05,-0.16,0.06
-1.00,0.00,9.55,0.07,-0.19,-0.00,-1.15,0.24,9.68,0.04,-0.14,0.03
-1.00,-0.05,9.65,0.05,-0.14,-0.01,-1.05,0.22,9.72,0.03,-0.10,-0.00
-0.94,-0.08,9.81,0.05,-0.10,-0.02,-0.97,0.19,9.88,0.02,-0.04,-0.01
-0.99,-0.09,9.84,0.04,-0.05,-0.01,-0.97,0.19,9.88,0.02,-0.04,-0.01
-1.09,-0.11,9.82,0.03,-0.01,-0.01,-1.05,0.19,9.90,0.01,0.02,-0.00
-1.19,-0.11,9.80,0.03,0.01,0.00,-1.14,0.15,9.91,0.00,0.06,0.00
-1.31,-0.15,9.76,0.03,-0.00,0.00,-1.30,0.11,9.87,0.00,0.06,0.01
-1.38,-0.16,9.86,0.03,-0.03,0.00,-1.30,0.11,9.87,0.00,0.06,0.01
-1.48,-0.17,9.85,0.04,-0.05,0.01,-1.45,0.11,9.91,0.00,0.04,0.01
-1.52,-0.18,9.83,0.04,-0.07,0.02,-1.53,0.09,9.94,0.01,0.00,0.02
-1.53,-0.18,9.88,0.05,-0.10,0.02,-1.56,0.08,9.90,0.02,-0.03,0.03
-1.51,-0.16,9.86,0.04,-0.15,0.03,-1.56,0.08,9.90,0.02,-0.03,0.03
-1.46,-0.19,9.89,0.04,-0.18,0.04,-1.53,0.05,9.94,0.01,-0.08,0.04
-1.35,-0.22,9.91,0.04,-0.19,0.04,-1.46,0.06,9.95,0.01,-0.11,0.05
-1.32,-0.21,9.91,0.04,-0.19,0.05,-1.33,0.04,9.97,0.01,-0.12,0.05
-1.24,-0.23,9.90,0.04,-0.17,0.05,-1.33,0.04,9.97,0.01,-0.12,0.05
-1.20,-0.22,9.94,0.04,-0.15,0.06,-1.24,0.03,10.02,0.01,-0.10,0.06
-1.18,-0.25,10.00,0.03,-0.11,0.07,-1.19,0.06,10.03,0.01,-0.07,0.08
-1.17,-0.24,9.94,0.03,-0.09,0.09,-1.20,0.01,10.03,-0.00,-0.02,0.09
-1.22,-0.26,9.95,0.02,-0.08,0.09,-1.20,0.01,10.03,-0.00,-0.02,0.09
-1.20,-0.25,9.95,0.01,-0.09,0.11,-1.27,0.00,10.15,0.00,-0.01,0.10
-1.27,-0.28,9.94,0.01,-0.10,0.13,-1.31,-0.03,9.97,-0.03,-0.01,0.13
-1.33,-0.32,9.99,0.03,-0.10,0.16,-1.33,-0.03,10.03,-0.01,-0.02,0.16
-1.31,-0.30,9.96,0.03,-0.10,0.18,-1.33,-0.03,10.03,-0.01,-0.02,0.16
-1.34,-0.29,9.96,0.04,-0.09,0.20,-1.31,-0.05,9.98,0.00,-0.03,0.19
-1.38,-0.28,9.95,0.06,-0.10,0.23,-1.36,-0.03,9.95,0.02,-0.01,0.22
-1.39,-0.27,9.97,0.07,-0.09,0.25,-1.42,0.03,10.04,0.04,-0.02,0.25
-1.35,-0.17,9.92,0.10,-0.12,0.26,-1.42,0.03,10.04,0.04,-0.02,0.25
-1.44,-0.07,9.93,0.10,-0.11,0.28,-1.58,0.09,9.85,0.06,-0.02,0.28
-1.36,0.08,9.85,0.10,-0.12,0.29,-1.35,0.21,10.09,0.08,-0.03,0.29
-1.50,0.02,9.97,0.07,-0.10,0.28,-1.45,0.29,9.85,0.04,-0.02,0.29
-1.42,0.18,9.73,0.04,-0.12,0.28,-1.45,0.29,9.85,0.04,-0.02,0.29
-1.40,0.17,9.79,0.01,-0.12,0.27,-1.40,0.40,9.90,0.00,-0.04,0.28
-1.52,0.13,9.86,-0.02,-0.09,0.27,-1.53,0.36,9.91,-0.03,-0.02,0.28
-1.27,0.10,9.87,-0.04,-0.11,0.27,-1.29,0.34,10.11,-0.06,-0.04,0.26
-1.42,-0.08,9.91,-0.06,-0.08,0.26,-1.29,0.34,10.11,-0.06,-0.04,0.26
-1.43,-0.05,9.82,-0.05,-0.08,0.29,-1.47,0.32,9.91,-0.08,-0.02,0.27
-1.48,-0.13,9.91,-0.04,-0.08,0.28,-1.40,0.10,9.87,-0.08,-0.00,0.28
-1.71,-0.24,10.01,-0.02,-0.08,0.31,-1.68,0.08,9.79,-0.06,0.00,0.31
-1.31,-0.14,9.75,-0.00,-0.13,0.32,-1.68,0.08,9.79,-0.06,0.00,0.31
-1.51,-0.19,9.83,0.02,-0.13,0.33,-1.67,0.03,9.71,-0.04,-0.02,0.33
-1.42,-0.13,9.86,0.03,-0.16,0.33,-1.46,0.09,9.88,0.00,-0.08,0.33
-1.43,-0.12,9.80,0.03,-0.16,0.34,-1.46,0.16,9.97,0.01,-0.08,0.35
-1.30,-0.06,9.85,0.03,-0.17,0.34,-1.46,0.16,9.97,0.01,-0.08,0.35
-1.28,-0.09,9.80,0.02,-0.15,0.34,-1.48,0.20,9.81,0.00,-0.08,0.36
-1.25,-0.12,9.88,0.00,-0.13,0.33,-1.34,0.17,9.91,-0.01,-0.06,0.34
-1.31,-0.10,9.83,0.01,-0.10,0.32,-1.30,0.23,9.88,-0.01,-0.03,0.33
-1.31,-0.06,9.88,0.01,-0.09,0.32,-1.30,0.23,9.88,-0.01,-0.03,0.33
-1.28,-0.04,9.85,0.00,-0.08,0.32,-1.26,0.18,9.86,-0.02,-0.03,0.32
-1.31,-0.04,9.84,0.00,-0.07,0.33,-1.29,0.16,9.96,-0.02,0.00,0.33
-1.34,-0.08,9.85,-0.01,-0.06,0.33,-1.38,0.22,9.85,-0.04,0.01,0.33
-1.41,-0.05,9.82,-0.01,-0.07,0.34,-1.38,0.22,9.85,-0.04,0.01,0.33
-1.47,-0.07,9.86,-0.01,-0.08,0.34,-1.46,0.17,9.82,-0.04,0.01,0.34
-1.43,-0.08,9.75,-0.01,-0.10,0.34,-1.45,0.19,9.88,-0.05,-0.01,0.34
-1.47,-0.14,9.76,-0.01,-0.12,0.33,-1.51,0.11,9.81,-0.04,-0.03,0.35
-1.45,-0.09,9.83,-0.00,-0.13,0.34,-1.51,0.11,9.81,-0.04,-0.03,0.35
-1.47,-0.12,9.78,-0.00,-0.14,0.35,-1.48,0.11,9.83,-0.04,-0.04,0.34
-1.41,-0.12,9.78,-0.00,-0.15,0.36,-1.45,0.11,9.86,-0.02,-0.07,0.36
-1.40,-0.15,9.81,0.00,-0.14,0.35,-1.45,0.14,9.89,-0.03,-0.06,0.36
-1.37,-0.12,9.80,0.00,-0.14,0.35,-1.45,0.14,9.89,-0.03,-0.06,0.36
-1.35,-0.14,9.85,0.00,-0.13,0.35,-1.41,0.13,9.89,-0.03,-0.05,0.36
-1.34,-0.15,9.80,0.01,-0.12,0.35,-1.38,0.10,9.88,-0.02,-0.04,0.36
-1.37,-0.12,9.78,0.01,-0.11,0.35,-1.39,0.14,9.87,-0.02,-0.03,0.36
-1.36,-0.11,9.85,0.01,-0.10,0.35,-1.39,0.14,9.87,-0.02,-0.03,0.36
-1.38,-0.11,9.86,0.01,-0.10,0.34,-1.39,0.14,9.88,-0.02,-0.02,0.36
-1.38,-0.10,9.81,0.01,-0.11,0.34,-1.40,0.15,9.88,-0.02,-0.03,0.35
-1.39,-0.08,9.84,0.01,-0.10,0.34,-1.42,0.17,9.87,-0.02,-0.02,0.35
-1.37,-0.09,9.79,0.00,-0.10,0.33,-1.42,0.17,9.87,-0.02,-0.02,0.35
-1.39,-0.11,9.88,-0.00,-0.10,0.33,-1.40,0.17,9.91,-0.02,-0.03,0.34
-1.41,-0.13,9.89,-0.01,-0.11,0.32,-1.41,0.19,9.88,-0.03,-0.03,0.33
-1.40,-0.13,9.85,-0.01,-0.11,0.31,-1.43,0.14,9.84,-0.04,-0.03,0.32
-1.38,-0.12,9.80,-0.01,-0.12,0.31,-1.43,0.14,9.84,-0.04,-0.03,0.32
-1.36,-0.12,9.83,-0.01,-0.12,0.31,-1.40,0.12,9.88,-0.04,-0.04,0.32
-1.37,-0.14,9.80,-0.00,-0.13,0.30,-1.38,0.12,9.90,-0.04,-0.05,0.31
-1.34,-0.17,9.85,0.01,-0.13,0.30,-1.38,0.07,9.89,-0.03,-0.05,0.31
-1.37,-0.18,9.84,0.01,-0.12,0.30,-1.38,0.07,9.89,-0.03,-0.05,0.31
-1.33,-0.16,9.81,0.02,-0.12,0.30,-1.38,0.10,9.89,-0.01,-0.05,0.30
-1.33,-0.16,9.87,0.02,-0.12,0.30,-1.36,0.09,9.89,-0.01,-0.05,0.30
-1.33,-0.14,9.81,0.02,-0.11,0.29,-1.36,0.10,9.87,-0.01,-0.04,0.30
-1.33,-0.12,9.81,0.03,-0.12,0.28,-1.36,0.10,9.87,-0.01,-0.04,0.30
-1.29,-0.11,9.80,0.03,-0.11,0.27,-1.33,0.15,9.86,-0.00,-0.04,0.29
-1.31,-0.10,9.81,0.03,-0.11,0.27,-1.34,0.15,9.90,0.00,-0.03,0.28
-1.32,-0.10,9.86,0.02,-0.10,0.26,-1.35,0.16,9.89,-0.01,-0.03,0.27
-1.32,-0.11,9.84,0.01,-0.11,0.26,-1.35,0.16,9.89,-0.01,-0.03,0.27
-1.33,-0.11,9.82,0.01,-0.10,0.25,-1.35,0.17,9.88,-0.02,-0.03,0.26
-1.32,-0.11,9.85,0.00,-0.10,0.25,-1.36,0.15,9.92,-0.02,-0.03,0.26
-1.35,-0.14,9.86,-0.00,-0.11,0.25,-1.37,0.14,9.89,-0.03,-0.03,0.25
-1.35,-0.14,9.85,-0.00,-0.11,0.24,-1.37,0.14,9.89,-0.03,-0.03,0.25
-1.35,-0.16,9.81,0.00,-0.11,0.24,-1.38,0.12,9.90,-0.03,-0.04,0.25
-1.35,-0.17,9.82,0.02,-0.12,0.24,-1.39,0.11,9.88,-0.02,-0.04,0.25
-1.34,-0.17,9.80,0.02,-0.12,0.24,-1.39,0.08,9.88,-0.01,-0.05,0.25
-1.34,-0.17,9.83,0.03,-0.12,0.23,-1.39,0.08,9.88,-0.01,-0.05,0.25
-1.32,-0.17,9.84,0.03,-0.13,0.23,-1.35,0.13,9.88,0.00,-0.05,0.24
-1.32,-0.12,9.79,0.03,-0.12,0.23,-1.36,0.09,9.89,0.00,-0.05,0.24
-1.30,-0.12,9.81,0.03,-0.12,0.23,-1.33,0.15,9.90,0.00,-0.04,0.24
-1.30,-0.13,9.85,0.02,-0.11,0.22,-1.33,0.15,9.90,0.00,-0.04,0.24
-1.31,-0.13,9.85,0.02,-0.11,0.22,-1.34,0.15,9.88,-0.00,-0.03,0.23
-1.32,-0.13,9.83,0.01,-0.10,0.22,-1.34,0.14,9.89,-0.01,-0.03,0.23
-1.32,-0.11,9.84,0.01,-0.11,0.22,-1.35,0.11,9.89,-0.02,-0.03,0.23
-1.34,-0.13,9.87,0.01,-0.10,0.22,-1.35,0.11,9.89,-0.02,-0.03,0.23
-1.34,-0.14,9.80,0.01,-0.11,0.22,-1.36,0.13,9.88,-0.02,-0.03,0.23
-1.35,-0.17,9.84,0.01,-0.11,0.22,-1.38,0.08,9.90,-0.02,-0.03,0.23
-1.35,-0.15,9.84,0.02,-0.11,0.22,-1.38,0.10,9.87,-0.01,-0.04,0.23
-1.35,-0.17,9.86,0.02,-0.12,0.22,-1.38,0.10,9.87,-0.01,-0.04,0.23
-1.35,-0.16,9.84,0.02,-0.12,0.22,-1.37,0.09,9.89,-0.01,-0.04,0.23
-1.36,-0.19,9.87,0.02,-0.12,0.22,-1.37,0.10,9.91,-0.01,-0.04,0.23
-1.34,-0.17,9.85,0.02,-0.12,0.23,-1.34,0.09,9.93,-0.01,-0.05,0.23
-1.33,-0.19,9.92,0.02,-0.12,0.23,-1.34,0.09,9.93,-0.01,-0.05,0.23
-1.33,-0.17,9.80,0.02,-0.12,0.23,-1.39,0.09,9.88,-0.01,-0.04,0.24
-1.30,-0.16,9.79,0.03,-0.12,0.24,-1.35,0.10,9.86,-0.00,-0.05,0.24
-1.38,-0.09,9.84,0.05,-0.11,0.23,-1.35,0.10,9.84,0.01,-0.03,0.24
-1.29,-0.08,10.45,-0.09,-0.14,0.29,-1.35,0.10,9.84,0.01,-0.03,0.24
-1.25,-0.16,9.90,-0.12,-0.17,0.41,-1.81,0.57,10.21,-0.14,-0.06,0.31
-1.46,0.08,9.65,-0.13,-0.15,0.51,-1.29,-0.21,10.36,-0.18,-0.08,0.45
-1.15,-0.72,10.05,-0.16,-0.15,0.55,-1.49,0.28,10.07,-0.19,-0.07,0.56
-1.27,-0.61,9.99,-0.17,-0.12,0.57,-1.49,0.28,10.07,-0.19,-0.07,0.56
-1.18,-0.99,10.04,-0.13,-0.11,0.59,-1.24,-0.67,10.24,-0.20,-0.03,0.57
-1.36,-1.21,10.13,-0.07,-0.09,0.62,-1.53,-0.13,9.61,-0.14,-0.01,0.61
-1.43,-0.70,9.93,-0.03,-0.10,0.64,-1.75,-0.24,9.87,-0.07,0.00,0.65
-1.57,-0.64,10.30,0.00,-0.11,0.63,-1.75,-0.24,9.87,-0.07,0.00,0.65
-1.47,-0.62,10.02,-0.00,-0.12,0.65,-1.63,-0.59,9.88,-0.04,-0.02,0.64
-1.49,-0.76,9.31,0.04,-0.14,0.67,-1.72,-0.04,10.01,0.00,-0.04,0.67
-1.71,-0.60,10.07,0.01,-0.14,0.66,-1.67,-0.30,9.84,-0.02,-0.05,0.68
-1.58,-0.60,10.29,-0.02,-0.11,0.67,-1.67,-0.30,9.84,-0.02,-0.05,0.68
-1.70,-0.23,9.91,-0.00,-0.12,0.65,-1.80,0.05,9.65,-0.03,-0.04,0.67
-1.53,-0.51,9.77,-0.04,-0.08,0.61,-1.91,-0.05,9.88,-0.05,0.01,0.65
-1.79,-0.17,9.48,-0.06,-0.07,0.59,-1.88,-0.36,9.93,-0.09,0.02,0.61
-1.90,-0.08,9.55,-0.07,-0.08,0.58,-1.88,-0.36,9.93,-0.09,0.02,0.61
-1.83,-0.45,9.61,-0.08,-0.11,0.58,-2.23,0.21,9.85,-0.10,-0.00,0.59
-1.77,-0.75,9.71,-0.08,-0.14,0.57,-1.91,-0.30,9.85,-0.12,-0.03,0.58
-1.87,-0.70,9.56,-0.07,-0.17,0.59,-1.69,-0.61,10.07,-0.11,-0.07,0.59
-1.94,-0.49,10.26,-0.07,-0.18,0.58,-1.69,-0.61,10.07,-0.11,-0.07,0.59
-1.70,-0.62,9.80,-0.06,-0.19,0.57,-1.92,-0.24,9.83,-0.08,-0.10,0.59
-1.75,-0.50,9.33,-0.04,-0.23,0.53,-1.89,-0.41,9.88,-0.08,-0.13,0.57
-1.49,-1.08,9.94,-0.05,-0.22,0.54,-1.43,-0.87,10.12,-0.10,-0.13,0.54
-1.59,-0.65,9.88,-0.03,-0.17,0.53,-1.43,-0.87,10.12,-0.10,-0.13,0.54
-1.46,-0.78,9.88,-0.05,-0.13,0.53,-1.55,-0.33,10.03,-0.06,-0.08,0.54
-1.44,-1.14,10.04,-0.03,-0.08,0.54,-1.48,-0.27,10.04,-0.05,-0.04,0.54
-1.65,-0.79,10.06,-0.04,-0.06,0.57,-1.55,-0.54,9.77,-0.06,0.02,0.57
-1.66,-0.62,9.51,-0.03,-0.05,0.59,-1.55,-0.54,9.77,-0.06,0.02,0.57
-1.80,-0.29,9.52,0.21,-0.13,0.60,-1.92,-0.22,9.41,0.01,0.05,0.60
-1.72,-0.06,9.26,0.17,-0.12,0.54,-1.75,0.03,9.43,0.18,-0.05,0.59
-1.69,0.40,9.88,0.16,-0.11,0.48,-1.75,0.25,9.40,0.13,-0.03,0.51
-1.63,0.43,9.48,0.13,-0.07,0.43,-1.75,0.25,9.40,0.13,-0.03,0.51
-1.77,0.65,9.38,0.09,0.07,0.34,-1.83,0.11,9.20,0.10,0.02,0.43
-1.97,0.49,9.17,0.03,0.20,0.24,-2.03,0.23,9.25,0.04,0.22,0.29
-2.27,0.49,9.42,-0.02,0.14,0.19,-2.27,0.41,9.46,-0.04,0.25,0.19
-2.41,0.72,9.97,-0.05,-0.10,0.18,-2.27,0.41,9.46,-0.04,0.25,0.19
-2.35,0.43,9.86,-0.06,-0.38,0.18,-2.89,0.07,9.36,-0.08,-0.07,0.19
-2.03,0.52,10.70,-0.09,-0.50,0.16,-2.77,-0.02,9.68,-0.10,-0.37,0.19
-1.67,-0.47,8.95,-0.11,-0.50,0.14,-1.89,0.40,9.83,-0.13,-0.43,0.16
-1.24,-0.66,9.50,-0.13,-0.45,0.12,-1.89,0.40,9.83,-0.13,-0.43,0.16
-1.03,-0.05,9.92,-0.11,-0.36,0.11,-0.92,0.67,10.17,-0.15,-0.37,0.13
-0.91,-0.32,10.34,-0.07,-0.21,0.10,-0.56,0.43,10.02,-0.12,-0.24,0.11
-0.82,-0.31,9.91,-0.02,-0.07,0.12,-0.77,-0.02,10.10,-0.06,-0.04,0.12
-1.01,-0.41,10.09,0.04,0.08,0.14,-0.77,-0.02,10.10,-0.06,-0.04,0.12
-1.25,-0.37,10.02,0.13,0.15,0.17,-0.96,-0.23,10.28,0.02,0.15,0.15
-1.55,-0.21,10.10,0.24,0.15,0.20,-1.30,-0.31,9.94,0.15,0.21,0.20
-1.66,-0.01,10.03,0.27,0.03,0.22,-1.54,0.11,9.96,0.24,0.15,0.23
-1.60,0.48,9.86,0.27,-0.09,0.24,-1.54,0.11,9.96,0.24,0.15,0.23
-1.59,0.34,9.86,0.17,-0.21,0.23,-1.69,0.63,10.17,0.23,-0.02,0.26
-1.53,1.01,9.76,0.06,-0.27,0.21,-1.65,0.89,9.83,0.12,-0.16,0.24
-1.25,0.05,9.47,-0.05,-0.28,0.18,-1.68,0.51,9.83,-0.05,-0.21,0.21
-1.07,-0.02,9.64,-0.15,-0.22,0.14,-1.68,0.51,9.83,-0.05,-0.21,0.21
-1.05,-0.38,8.90,-0.21,-0.16,0.11,-1.64,0.24,9.78,-0.19,-0.14,0.14
-1.12,-0.22,9.64,-0.21,-0.12,0.08,-1.32,0.03,10.18,-0.24,-0.08,0.10
-1.13,-0.13,10.30,-0.15,-0.09,0.08,-1.44,-0.31,9.54,-0.20,-0.04,0.08
-1.18,-0.20,9.74,-0.05,-0.05,0.09,-1.44,-0.31,9.54,-0.20,-0.04,0.08
-1.16,0.12,10.60,0.09,0.01,0.11,-0.65,0.39,9.83,-0.05,0.02,0.10
-1.37,0.06,9.73,0.22,0.04,0.12,-0.82,0.30,9.57,0.13,0.10,0.13
-1.48,-0.46,8.51,0.24,-0.04,0.15,-1.01,0.45,9.67,0.21,0.07,0.15
-1.43,0.23,9.99,0.39,-0.16,0.15,-1.01,0.45,9.67,0.21,0.07,0.15
-1.48,1.48,12.25,1.16,0.43,-0.86,-2.19,0.59,10.83,0.36,-0.10,0.15
-2.05,3.58,11.90,2.01,-0.41,-0.18,-2.00,1.68,11.45,1.65,0.25,-0.65
-1.50,4.13,10.28,1.35,-0.48,0.18,-1.32,4.37,10.25,1.40,-0.41,0.21
-1.01,4.11,8.69,0.71,0.06,0.12,-1.32,4.37,10.25,1.40,-0.41,0.21
-0.63,3.59,6.90,-0.15,0.13,0.18,-1.26,4.02,8.33,0.54,0.15,0.14
-0.48,3.85,7.11,-0.60,0.13,0.20,-0.25,4.04,7.08,-0.48,0.17,0.14
-0.44,4.12,8.61,-0.09,0.06,0.75,-0.38,4.44,8.05,-0.31,0.20,0.54
-0.85,4.73,9.10,0.70,0.12,1.30,-0.38,4.44,8.05,-0.31,0.20,0.54
-1.29,4.99,8.98,0.65,0.09,1.55,-1.03,5.41,9.04,0.69,0.26,1.40
-1.28,5.40,9.25,-0.13,0.28,1.58,-1.43,5.56,9.46,0.32,0.26,1.64
-1.03,5.00,9.17,-0.77,1.03,1.09,-1.29,5.55,9.33,-0.66,0.84,1.16
-1.28,4.48,8.74,-0.55,1.04,1.21,-1.29,5.55,9.33,-0.66,0.84,1.16
-1.19,2.14,4.96,0.06,0.17,0.59,-1.49,4.54,8.06,-0.56,1.06,1.12
-0.67,6.18,10.82,0.43,0.15,-0.11,-0.99,4.07,7.23,0.34,-0.07,0.54
-0.92,3.31,6.56,-0.36,-0.05,-0.38,-1.12,5.07,8.39,-0.21,0.05,-0.30
-0.35,5.91,11.09,-0.22,-0.10,0.49,-1.12,5.07,8.39,-0.21,0.05,-0.30
-0.80,4.01,7.65,0.23,0.28,-0.16,-0.76,6.23,11.15,-0.16,0.09,0.45
-1.33,5.93,7.42,0.43,-0.45,0.57,-0.78,2.06,4.89,0.28,0.17,-0.47
-0.71,5.36,10.65,0.33,0.08,-0.01,-1.65,6.30,11.65,0.06,-0.06,0.63
-1.42,3.49,6.90,-0.17,-0.45,-0.64,-1.65,6.30,11.65,0.06,-0.06,0.63
-0.61,5.16,7.35,0.27,-0.45,-0.52,-1.71,2.99,5.83,-0.22,-0.50,-0.72
-1.07,5.40,10.72,-0.30,0.68,0.30,-0.33,7.42,12.41,-0.29,0.28,0.07
-1.31,1.79,5.11,0.29,-0.14,0.12,-1.42,2.45,5.59,-0.12,0.21,0.11
-0.64,5.62,10.18,-0.12,-0.16,0.54,-1.42,2.45,5.59,-0.12,0.21,0.11
-1.30,3.93,7.87,-0.16,-0.56,-0.49,-1.72,5.62,9.90,-0.15,0.04,0.31
-1.28,4.97,9.30,-0.24,-0.43,-0.23,-1.14,5.15,8.93,-0.13,-0.49,-0.64
-1.34,4.38,8.53,0.33,-0.35,-0.06,-1.39,4.29,8.04,0.20,-0.27,-0.10
-1.24,4.24,8.07,0.35,-0.13,-0.12,-1.39,4.29,8.04,0.20,-0.27,-0.10
-1.24,4.43,8.15,-0.06,-0.01,-0.16,-1.50,4.55,8.07,0.29,-0.03,-0.17
-0.99,4.42,9.11,0.29,0.21,-0.45,-1.28,4.56,8.26,-0.08,0.09,-0.19
-1.40,4.59,8.36,0.37,0.12,0.02,-1.03,4.83,8.63,0.42,0.25,-0.18
-1.20,4.25,8.38,0.24,-0.07,-0.17,-1.03,4.83,8.63,0.42,0.25,-0.18
-1.22,5.04,8.96,-0.16,-0.04,-0.27,-1.44,4.57,8.36,0.19,-0.01,-0.22
-1.51,4.98,9.48,-0.25,-0.17,-0.04,-1.35,5.10,9.13,-0.37,0.00,-0.23
-1.58,4.66,9.04,0.19,-0.30,0.18,-1.60,4.62,8.65,0.15,-0.26,0.20
-1.62,4.48,8.78,0.11,-0.10,0.11,-1.60,4.62,8.65,0.15,-0.26,0.20
-1.58,4.12,8.62,0.07,0.09,0.10,-1.72,4.71,8.77,0.08,-0.01,0.12
-1.75,4.82,8.63,-0.05,0.17,-0.05,-1.81,4.99,8.89,0.06,0.30,-0.05
-1.56,4.77,8.75,-0.35,0.04,-0.24,-1.83,4.87,8.62,-0.33,0.06,-0.18
-1.91,3.97,8.51,-0.08,-0.11,0.17,-1.83,4.87,8.62,-0.33,0.06,-0.18
-1.87,4.42,8.53,0.32,-0.08,-0.06,-2.04,4.06,7.99,-0.05,-0.05,0.17
-1.86,4.44,8.72,0.07,-0.08,-0.04,-1.97,4.98,8.77,0.16,-0.01,-0.01
-1.73,4.47,9.02,0.21,-0.05,-0.11,-1.95,4.49,8.46,0.08,0.00,-0.02
-2.21,5.10,9.77,0.14,-0.09,0.01,-1.95,4.49,8.46,0.08,0.00,-0.02
-2.30,4.95,9.74,0.15,-0.18,-0.23,-2.40,5.44,9.75,0.10,-0.11,0.02
-2.56,4.66,9.76,0.39,0.17,0.06,-2.32,5.16,9.68,0.19,0.03,-0.17
-2.17,4.95,9.15,0.36,0.26,0.18,-2.48,4.94,9.11,0.42,0.35,0.24
-2.59,4.28,7.23,-0.35,-0.03,-0.27,-2.48,4.94,9.11,0.42,0.35,0.24
-2.15,3.00,6.62,-0.75,-0.70,-0.40,-2.51,4.22,7.32,-0.49,-0.07,-0.24
-2.51,3.96,7.42,0.31,-0.33,0.33,-2.25,4.03,7.14,0.29,-0.25,0.37
-1.74,4.40,8.00,0.68,-0.31,0.06,-2.25,4.03,7.14,0.29,-0.25,0.37
-1.57,5.34,8.72,0.30,-0.04,-0.09,-1.97,4.63,8.01,0.64,-0.16,0.04
-1.53,5.13,9.35,-0.19,0.04,0.12,-1.55,5.70,9.22,-0.05,0.10,-0.03
-1.75,6.18,10.70,0.08,0.51,0.27,-1.19,6.14,10.39,0.04,0.47,0.14
-2.15,4.97,8.65,-0.10,0.32,1.13,-1.19,6.14,10.39,0.04,0.47,0.14
-1.40,2.94,5.40,-0.29,-0.39,-0.40,-2.68,5.02,8.12,-0.20,0.37,1.05
-1.77,5.71,10.39,-0.08,0.09,0.43,-1.09,6.41,10.53,-0.19,0.14,-0.41
-2.13,5.36,10.54,0.51,0.05,0.59,-1.99,5.46,9.68,0.27,0.10,0.51
-1.97,4.75,8.78,0.93,0.44,0.72,-1.99,5.46,9.68,0.27,0.10,0.51
-1.93,5.00,8.52,0.10,0.42,0.66,-2.17,5.02,8.68,0.86,0.60,0.71
-2.22,4.78,8.77,-0.41,0.11,-0.16,-2.71,5.33,8.82,-0.27,0.43,0.18
-1.91,4.60,8.67,-0.30,0.06,-0.36,-1.81,4.86,8.67,-0.32,0.03,-0.48
-1.90,3.63,7.80,-0.22,0.17,0.30,-1.81,4.86,8.67,-0.32,0.03,-0.48
-1.66,3.69,7.83,0.23,0.22,0.23,-1.97,3.87,7.39,-0.16,0.27,0.26
-1.88,4.12,7.27,0.38,0.37,0.25,-1.75,4.02,7.62,0.38,0.37,0.15
-1.78,3.96,6.54,-0.56,0.28,0.35,-1.78,3.98,6.80,-0.35,0.37,0.36
-1.59,3.82,6.92,-1.24,-0.21,0.07,-1.78,3.98,6.80,-0.35,0.37,0.36
-1.67,4.08,7.76,-1.14,-0.36,0.25,-1.77,4.07,6.84,-1.26,-0.17,0.01
-2.45,4.81,9.61,-0.38,-0.63,0.54,-1.80,4.40,8.24,-0.81,-0.35,0.52
-2.42,5.25,10.46,-0.41,-1.05,-0.08,-3.23,5.77,10.13,-0.38,-1.00,0.15
-2.49,5.59,10.93,-0.05,-0.62,-0.50,-3.23,5.77,10.13,-0.38,-1.00,0.15
-1.67,5.99,10.88,0.64,0.75,-0.24,-2.24,5.70,10.43,0.03,-0.44,-0.42
-1.89,5.58,9.93,0.61,0.86,0.40,-1.59,6.23,10.84,0.65,0.99,0.17
-1.94,4.12,8.42,0.72,0.09,-0.19,-2.30,4.65,8.41,0.61,0.48,-0.04
-1.88,3.86,7.59,0.88,-0.50,-0.95,-2.30,4.65,8.41,0.61,0.48,-0.04
-1.83,3.72,6.92,0.75,-0.33,-0.78,-1.85,4.13,7.38,0.86,-0.47,-0.92
-1.78,3.67,7.23,0.41,-0.40,-0.78,-1.85,3.79,6.83,0.54,-0.21,-0.72
-1.88,3.49,7.57,0.80,-0.48,-0.65,-1.83,3.63,6.94,0.57,-0.44,-0.70
-2.26,4.26,8.12,0.93,-0.32,-0.07,-1.83,3.63,6.94,0.57,-0.44,-0.70
-2.63,4.78,8.57,0.36,-0.52,-0.08,-2.26,4.53,8.18,0.87,-0.25,-0.01
-2.63,5.07,9.16,-0.39,-0.74,-0.47,-2.94,5.22,9.09,0.02,-0.53,-0.25
-2.47,5.29,10.01,-0.40,-0.27,-0.34,-2.16,5.50,9.63,-0.49,-0.38,-0.57
-2.70,4.98,9.46,-0.13,0.17,0.39,-2.16,5.50,9.63,-0.49,-0.38,-0.57
-2.97,4.97,9.02,-0.02,0.24,0.28,-2.86,5.20,9.20,-0.14,0.26,0.41
-3.31,4.97,8.75,-0.49,0.09,0.03,-3.17,5.55,9.30,-0.26,0.32,0.32
-3.07,3.08,6.30,-0.86,-0.09,-0.25,-3.48,4.36,7.37,-0.86,-0.01,-0.16
-2.17,3.18,6.55,0.27,-0.31,0.14,-3.48,4.36,7.37,-0.86,-0.01,-0.16
-2.48,6.30,10.24,0.63,0.24,0.27,-2.20,3.79,6.88,0.36,-0.19,0.17
-2.96,6.10,10.52,0.20,0.04,0.67,-2.79,6.21,10.17,0.27,0.17,0.62
-3.51,4.57,8.20,0.09,-0.06,0.10,-3.90,5.36,9.10,0.13,0.06,0.38
-3.56,3.57,7.09,-0.21,-0.32,-0.61,-3.90,5.36,9.10,0.13,0.06,0.38
-2.44,4.06,8.26,0.02,-0.13,-0.64,-3.73,3.89,6.93,-0.23,-0.32,-0.68
-2.60,4.95,9.01,0.50,0.16,0.34,-1.89,4.75,8.59,0.25,0.09,-0.39
-2.86,4.63,8.59,0.13,-0.34,0.44,-3.27,5.00,8.64,0.21,-0.14,0.73
-2.61,4.73,8.84,-0.17,-0.43,-0.32,-3.27,5.00,8.64,0.21,-0.14,0.73
-2.42,4.77,9.11,-0.06,-0.04,0.24,-2.61,4.96,8.77,-0.19,-0.32,-0.32
-2.29,4.35,8.51,0.22,0.26,0.42,-2.37,4.79,8.75,0.09,0.20,0.38
-1.98,3.75,7.38,-0.11,-0.12,0.01,-2.50,4.25,7.64,0.04,0.13,0.22
-1.90,3.94,7.59,-0.47,-0.53,-0.30,-2.50,4.25,7.64,0.04,0.13,0.22
-1.99,3.79,7.99,-0.07,-0.49,0.05,-1.93,4.04,7.33,-0.49,-0.48,-0.30
-2.00,4.32,8.82,0.25,-0.40,0.48,-1.86,4.20,8.18,0.12,-0.36,0.39
-1.88,4.54,8.57,-0.08,-0.27,0.41,-2.09,4.84,8.81,0.04,-0.22,0.47
-1.47,5.07,10.41,-0.56,-0.40,0.10,-2.09,4.84,8.81,0.04,-0.22,0.47
-2.43,4.82,11.05,-0.36,-0.34,-0.02,-1.85,5.11,9.38,-0.63,-0.33,0.05
-0.73,3.50,9.50,-0.50,0.14,0.39,-1.66,3.99,8.34,-0.55,-0.11,0.23
-1.47,2.83,9.21,-0.14,0.14,0.24,-0.90,2.83,9.50,-0.18,0.24,0.22
-0.88,2.29,9.93,-0.30,0.05,0.32,-0.90,2.83,9.50,-0.18,0.24,0.22
-1.05,1.77,9.72,-0.01,-0.17,0.27,-1.02,2.52,9.76,-0.29,0.11,0.29
-0.73,2.31,9.46,-0.11,-0.20,0.14,-1.16,2.08,9.55,-0.04,-0.17,0.28
-0.86,1.85,9.36,-0.13,0.20,0.22,-1.37,3.10,10.83,-0.20,0.08,0.18
-0.94,1.34,9.82,-0.02,-0.30,0.04,-1.37,3.10,10.83,-0.20,0.08,0.18
-1.08,1.73,9.15,-0.36,-0.11,-0.05,-1.37,1.90,9.78,-0.05,-0.28,-0.17
-0.80,1.79,10.52,-0.69,-0.21,-0.31,-0.95,1.54,9.60,-0.62,-0.13,-0.06
-1.20,1.52,10.36,0.09,-0.07,-0.02,-0.75,1.72,10.64,-0.34,-0.18,-0.18
-0.84,1.12,9.75,-0.04,-0.08,0.12,-0.75,1.72,10.64,-0.34,-0.18,-0.18
-1.02,0.66,9.84,-0.03,-0.16,-0.23,-1.16,1.43,9.85,-0.07,-0.02,0.07
-0.94,0.50,9.87,-0.02,-0.22,-0.20,-1.00,0.80,9.91,-0.05,-0.14,-0.23
-0.74,0.53,9.90,-0.02,-0.18,-0.18,-0.83,0.77,9.94,-0.03,-0.14,-0.18
-0.68,0.37,9.89,-0.08,-0.17,-0.32,-0.83,0.77,9.94,-0.03,-0.14,-0.18
-0.57,-0.23,10.13,-0.01,-0.16,-0.34,-0.77,0.65,9.95,-0.11,-0.12,-0.34
-0.74,0.19,9.90,0.12,-0.07,-0.16,-0.60,0.15,10.00,0.09,-0.06,-0.26
-0.71,0.28,9.87,0.03,-0.09,-0.19,-0.83,0.55,9.95,0.04,-0.01,-0.14
-0.84,0.01,9.91,0.08,-0.21,-0.42,-0.83,0.55,9.95,0.04,-0.01,-0.14
-0.50,0.09,9.96,0.08,-0.35,-0.32,-0.84,0.28,9.89,0.06,-0.18,-0.41
-0.26,0.18,9.96,0.04,-0.11,-0.02,-0.20,0.42,10.08,0.05,-0.23,-0.27
-0.37,0.23,9.89,0.10,-0.09,-0.03,-0.46,0.47,10.00,0.07,-0.03,-0.00
-0.54,0.20,9.85,-0.00,-0.14,-0.06,-0.46,0.47,10.00,0.07,-0.03,-0.00
-0.39,0.35,9.84,0.07,-0.09,-0.08,-0.54,0.39,9.96,-0.04,-0.10,-0.05
-0.51,-0.07,9.98,0.07,0.03,-0.06,-0.32,0.50,10.06,-0.03,0.04,-0.06
-0.55,0.16,9.94,0.02,-0.06,-0.07,-0.74,0.52,9.95,0.00,0.02,-0.02
-0.63,0.01,9.92,0.09,-0.05,-0.12,-0.74,0.52,9.95,0.00,0.02,-0.02
-0.59,0.13,9.90,0.08,-0.12,-0.06,-0.65,0.35,9.97,0.05,0.01,-0.08
-0.56,-0.05,9.98,0.08,-0.05,-0.14,-0.67,0.36,9.96,0.01,-0.06,-0.08
-0.65,0.38,9.86,0.08,0.05,-0.10,-0.68,0.41,10.00,0.06,0.06,-0.08
-1.21,0.07,9.82,0.11,0.19,-0.29,-0.68,0.41,10.00,0.06,0.06,-0.08
-1.30,0.05,9.86,0.09,0.02,-0.35,-1.32,0.25,9.80,0.09,0.20,-0.27
-1.48,0.10,9.79,0.10,-0.15,-0.11,-1.34,0.24,9.85,0.00,0.05,-0.18
-1.16,0.11,9.85,0.06,-0.32,-0.25,-1.28,0.22,9.82,0.01,-0.22,-0.23
-0.98,0.18,9.88,0.08,-0.33,-0.38,-1.28,0.22,9.82,0.01,-0.22,-0.23
-0.65,-0.12,9.98,0.11,-0.27,-0.07,-0.90,0.28,9.92,0.04,-0.29,-0.34
-0.35,0.17,9.96,0.05,-0.11,-0.05,-0.52,0.53,10.08,0.12,-0.14,0.00
-0.71,0.01,9.91,0.04,-0.15,-0.06,-0.81,0.32,9.90,-0.01,-0.04,-0.09
-0.38,-0.03,9.98,0.07,-0.16,-0.07,-0.81,0.32,9.90,-0.01,-0.04,-0.09
-0.33,0.08,10.01,0.10,-0.15,-0.16,-0.56,0.26,10.00,0.07,-0.09,-0.08
-0.40,0.11,9.94,-0.00,-0.04,-0.02,-0.55,0.57,10.01,0.04,-0.05,-0.08
-0.54,-0.08,9.92,0.01,-0.00,-0.13,-0.73,0.26,9.94,-0.05,0.07,-0.08
-0.61,0.12,9.91,0.09,-0.22,-0.45,-0.73,0.26,9.94,-0.05,0.07,-0.08
-0.74,0.15,9.86,0.08,-0.02,-0.37,-0.53,0.29,10.03,0.07,-0.15,-0.47
-0.77,0.11,9.91,0.08,0.05,-0.22,-0.65,0.49,10.04,-0.04,0.07,-0.27
-1.11,0.06,9.88,0.19,0.10,0.09,-0.83,0.19,9.97,0.17,0.17,-0.12
-1.55,0.64,10.01,0.39,0.15,0.10,-0.83,0.19,9.97,0.17,0.17,-0.12
-0.84,0.91,9.74,0.27,-0.42,-0.40,-1.56,0.98,9.60,0.38,0.07,0.05
-1.23,0.70,9.58,-0.15,-0.36,-0.04,-1.13,1.09,9.53,0.11,-0.42,-0.29
-0.80,0.00,10.06,-0.17,0.21,0.11,-0.69,0.65,10.13,-0.31,0.16,0.12
-1.41,0.36,9.72,0.01,0.12,0.29,-0.69,0.65,10.13,-0.31,0.16,0.12
-1.19,0.46,9.86,-0.03,-0.16,-0.32,-1.63,0.71,9.69,-0.04,0.14,0.25
-0.89,0.54,10.12,0.20,0.25,-0.25,-1.05,0.37,10.02,-0.07,0.00,-0.44
-1.60,1.91,10.83,0.34,0.86,0.08,-0.96,2.38,10.05,0.29,0.83,-0.13
-2.08,3.52,10.31,1.47,1.13,0.69,-0.96,2.38,10.05,0.29,0.83,-0.13
-2.10,3.77,8.52,2.07,0.40,0.59,-1.92,4.06,9.28,1.54,1.23,0.78
-2.17,3.31,5.94,1.50,-0.53,-0.13,-2.61,4.36,7.81,1.93,0.31,0.20
-2.51,2.94,4.65,0.21,-1.15,-1.81,-3.33,2.84,5.23,0.42,-1.08,-1.38
-3.20,2.69,6.05,-0.00,-0.65,-2.43,-3.33,2.84,5.23,0.42,-1.08,-1.38
-4.28,3.60,8.57,1.98,-1.06,0.63,-2.47,2.14,5.38,0.06,-0.63,-1.67
-2.47,4.47,9.45,1.73,-0.37,0.57,-3.43,5.00,9.38,2.25,-0.87,1.02
-2.50,5.27,9.50,-0.04,-0.47,-0.53,-4.07,5.43,9.33,0.28,-0.28,-0.03
-2.31,5.58,10.65,-0.57,-0.77,-0.53,-4.07,5.43,9.33,0.28,-0.28,-0.03
-2.75,5.78,10.49,-0.13,0.05,1.22,-1.97,5.80,10.37,-0.53,-0.65,-0.47
-2.38,4.55,9.06,-0.31,-0.04,0.53,-2.93,5.84,9.86,-0.14,0.49,1.41
-2.85,3.65,7.63,-1.21,-0.21,1.21,-2.82,4.68,8.10,-1.02,0.01,1.10
-2.48,3.80,7.71,-0.95,-0.36,0.76,-2.82,4.68,8.10,-1.02,0.01,1.10
-1.86,4.04,8.98,-0.51,0.49,1.44,-2.28,3.99,7.90,-0.94,-0.15,0.83
-1.96,4.39,8.93,0.24,0.70,0.69,-2.03,4.62,8.75,-0.13,0.86,1.15
-2.06,4.29,8.05,0.58,-0.05,0.28,-2.12,4.25,8.02,0.48,0.21,0.21
-1.60,4.44,8.58,0.63,0.15,0.25,-2.12,4.25,8.02,0.48,0.21,0.21
-1.90,4.63,8.70,0.22,0.01,0.10,-1.61,4.86,8.62,0.58,0.22,0.25
-1.59,4.53,7.83,-0.35,-0.22,-0.30,-1.81,5.02,8.73,-0.15,-0.12,-0.09
-0.96,4.11,7.34,-0.71,-0.07,0.12,-0.73,4.31,7.53,-0.64,0.02,-0.11
-0.76,3.70,7.51,-0.62,-0.31,0.05,-0.73,4.31,7.53,-0.64,0.02,-0.11
-0.17,4.63,9.17,-0.14,0.00,0.06,-0.52,4.05,7.38,-0.60,-0.29,0.08
0.55,5.37,10.49,-0.03,0.47,0.96,0.54,5.12,9.28,-0.01,0.10,0.55
0.38,5.88,10.03,-0.37,0.31,0.95,0.26,6.32,10.81,-0.21,0.57,0.96
0.55,2.97,6.90,-1.16,-0.96,-0.03,0.26,6.32,10.81,-0.21,0.57,0.96
0.73,0.42,11.68,-1.47,-0.03,0.42,0.39,3.03,6.10,-1.02,-0.79,-0.10
-0.37,-1.46,9.50,0.23,0.08,0.05,0.18,-0.04,12.61,-1.24,-0.22,0.13
0.44,1.14,9.48,-0.03,-0.11,-0.02,0.33,1.70,10.91,0.19,-0.26,0.00
-0.60,-0.30,9.96,-0.01,0.02,-0.01,0.33,1.70,10.91,0.19,-0.26,0.00
0.39,0.21,9.83,0.07,-0.17,-0.01,-0.71,0.06,9.80,0.03,-0.03,0.00
-0.28,0.28,9.96,0.08,-0.15,-0.02,-0.11,0.12,10.05,-0.03,0.06,-0.01
-0.17,-0.08,9.96,0.04,-0.07,-0.02,0.10,0.21,10.02,0.01,-0.03,-0.01
0.05,0.10,9.91,0.05,-0.11,-0.02,0.10,0.21,10.02,0.01,-0.03,-0.01
-0.08,0.20,9.93,0.07,-0.13,-0.02,0.01,0.30,10.01,0.02,-0.03,-0.01
-0.12,-0.05,9.94,0.05,-0.10,-0.02,-0.01,0.44,10.02,0.03,-0.05,-0.01
-0.05,0.09,9.95,0.05,-0.11,-0.02,-0.05,0.46,10.02,0.03,-0.05,-0.01
-0.06,0.15,9.96,0.06,-0.11,-0.02,-0.05,0.46,10.02,0.03,-0.05,-0.01
-0.07,-0.00,9.93,0.05,-0.11,-0.02,-0.07,0.44,10.02,0.03,-0.05,-0.01
-0.05,0.11,9.93,0.05,-0.11,-0.02,-0.09,0.38,10.01,0.03,-0.05,-0.01
-0.07,0.10,9.93,0.06,-0.11,-0.01,-0.09,0.31,10.01,0.03,-0.05,-0.01
-0.07,0.03,9.94,0.05,-0.11,-0.02,-0.09,0.31,10.01,0.03,-0.05,-0.01
-0.06,0.09,9.92,0.05,-0.11,-0.02,-0.08,0.32,10.01,0.03,-0.05,-0.01
-0.07,0.11,9.94,0.06,-0.11,-0.02,-0.07,0.31,10.01,0.03,-0.05,-0.01
-0.06,0.04,9.93,0.05,-0.11,-0.02,-0.08,0.33,10.01,0.03,-0.05,-0.01
-0.06,0.10,9.94,0.05,-0.11,-0.02,-0.08,0.33,10.01,0.03,-0.05,-0.01
-0.06,0.09,9.93,0.05,-0.11,-0.02,-0.07,0.35,10.01,0.03,-0.05,-0.01
-0.07,0.05,9.94,0.05,-0.11,-0.02,-0.07,0.37,10.00,0.03,-0.05,-0.01
-0.06,0.08,9.94,0.05,-0.11,-0.02,-0.07,0.38,10.01,0.03,-0.05,-0.01
-0.06,0.08,9.96,0.05,-0.11,-0.02,-0.07,0.38,10.01,0.03,-0.05,-0.01
-0.07,0.05,9.93,0.05,-0.11,-0.02,-0.08,0.36,9.99,0.03,-0.05,-0.01
-0.06,0.08,9.93,0.05,-0.11,-0.02,-0.07,0.35,10.01,0.03,-0.05,-0.01
-0.06,0.08,9.94,0.06,-0.11,-0.02,-0.07,0.34,10.00,0.03,-0.05,-0.01
-0.06,0.06,9.94,0.05,-0.11,-0.02,-0.07,0.34,10.00,0.03,-0.05,-0.01
-0.06,0.08,9.94,0.05,-0.11,-0.02,-0.07,0.33,10.01,0.03,-0.05,-0.01
-0.06,0.07,9.93,0.05,-0.11,-0.02,-0.07,0.34,10.01,0.03,-0.05,-0.01
-0.05,0.06,9.93,0.05,-0.11,-0.02,-0.08,0.35,10.00,0.03,-0.05,-0.01
-0.06,0.08,9.93,0.05,-0.11,-0.02,-0.08,0.35,10.00,0.03,-0.05,-0.01
-0.06,0.07,9.96,0.05,-0.11,-0.02,-0.06,0.35,10.00,0.03,-0.05,-0.01
-0.06,0.07,9.94,0.05,-0.11,-0.02,-0.06,0.35,10.00,0.03,-0.05,-0.01
-0.06,0.07,9.94,0.05,-0.11,-0.02,-0.07,0.37,10.01,0.03,-0.04,-0.01
-0.05,0.07,9.92,0.06,-0.11,-0.02,-0.07,0.37,10.01,0.03,-0.04,-0.01
-0.05,0.06,9.94,0.06,-0.11,-0.02,-0.06,0.35,10.02,0.03,-0.05,-0.01
-0.05,0.07,9.95,0.06,-0.11,-0.02,-0.08,0.35,10.00,0.03,-0.05,-0.01
-0.05,0.08,9.94,0.06,-0.11,-0.02,-0.07,0.35,10.00,0.03,-0.04,-0.01
-0.05,0.08,9.93,0.06,-0.11,-0.02,-0.07,0.35,10.00,0.03,-0.04,-0.01
-0.05,0.08,9.86,0.06,-0.11,-0.02,-0.07,0.34,10.01,0.03,-0.05,-0.01
-0.05,0.06,9.97,0.06,-0.11,-0.02,-0.07,0.34,9.96,0.03,-0.05,-0.01
-0.04,0.05,9.99,0.05,-0.11,-0.02,-0.08,0.34,10.04,0.03,-0.05,-0.01
-0.06,0.08,9.95,0.05,-0.11,-0.02,-0.08,0.34,10.04,0.03,-0.05,-0.01
-0.07,0.05,9.96,0.06,-0.11,-0.02,-0.06,0.36,9.99,0.03,-0.05,-0.01
-0.05,0.06,9.90,0.05,-0.11,-0.02,-0.06,0.40,9.99,0.03,-0.05,-0.01
-0.05,0.11,9.92,0.06,-0.11,-0.02,-0.07,0.35,9.98,0.03,-0.05,-0.01
-0.06,0.05,9.92,0.05,-0.11,-0.02,-0.07,0.35,9.98,0.03,-0.05,-0.01
-0.05,0.06,9.93,0.05,-0.11,-0.02,-0.07,0.34,10.03,0.03,-0.05,-0.01
-0.05,0.10,9.94,0.05,-0.11,-0.02,-0.07,0.32,10.00,0.03,-0.05,-0.01
-0.06,0.05,9.94,0.05,-0.11,-0.02,-0.06,0.33,10.01,0.03,-0.05,-0.01
-0.05,0.06,9.93,0.05,-0.11,-0.02,-0.06,0.33,10.01,0.03,-0.05,-0.01
-0.05,0.09,9.94,0.06,-0.11,-0.02,-0.07,0.32,10.01,0.03,-0.04,-0.01
-0.05,0.06,9.95,0.06,-0.11,-0.02,-0.06,0.35,10.01,0.03,-0.05,-0.01
-0.04,0.06,9.93,0.06,-0.11,-0.02,-0.05,0.32,10.00,0.03,-0.05,-0.01
-0.03,0.08,9.92,0.06,-0.11,-0.01,-0.05,0.32,10.00,0.03,-0.05,-0.01
-0.04,0.08,9.92,0.06,-0.11,-0.02,-0.04,0.35,10.02,0.03,-0.05,-0.01
-0.04,0.06,9.94,0.05,-0.11,-0.02,-0.06,0.36,10.01,0.03,-0.04,-0.01
-0.06,0.07,9.94,0.05,-0.11,-0.02,-0.08,0.36,10.01,0.03,-0.05,-0.01
-0.06,0.08,9.93,0.06,-0.11,-0.02,-0.08,0.36,10.01,0.03,-0.05,-0.01
-0.05,0.06,9.93,0.05,-0.11,-0.02,-0.07,0.35,10.01,0.03,-0.05,-0.01
-0.05,0.07,9.93,0.06,-0.11,-0.02,-0.06,0.34,10.01,0.03,-0.05,-0.01
-0.05,0.07,9.94,0.06,-0.11,-0.02,-0.06,0.35,10.00,0.03,-0.05,-0.01
-0.05,0.06,9.93,0.05,-0.11,-0.02,-0.06,0.35,10.00,0.03,-0.05,-0.01
-0.06,0.07,9.94,0.06,-0.11,-0.02,-0.07,0.34,10.00,0.03,-0.05,-0.01
-0.05,0.07,9.94,0.05,-0.11,-0.02,-0.07,0.33,10.01,0.03,-0.05,-0.01
-0.05,0.06,9.94,0.05,-0.11,-0.02,-0.06,0.34,10.00,0.03,-0.05,-0.01
-0.06,0.08,9.93,0.06,-0.11,-0.02,-0.06,0.34,10.00,0.03,-0.05,-0.01
-0.06,0.07,9.93,0.06,-0.11,-0.02,-0.07,0.34,10.02,0.03,-0.05,-0.01
-0.05,0.06,9.93,0.05,-0.11,-0.02,-0.07,0.36,10.01,0.03,-0.05,-0.01
-0.05,0.07,9.93,0.05,-0.11,-0.02,-0.06,0.35,10.00,0.03,-0.05,-0.01
-0.06,0.07,9.93,0.06,-0.11,-0.02,-0.06,0.35,10.00,0.03,-0.05,-0.01
-0.05,0.07,9.93,0.05,-0.11,-0.02,-0.07,0.34,10.02,0.03,-0.05,-0.01
-0.05,0.07,9.94,0.05,-0.11,-0.02,-0.06,0.35,10.01,0.03,-0.05,-0.01
-0.05,0.07,9.93,0.05,-0.11,-0.02,-0.07,0.35,10.01,0.03,-0.05,-0.01
-0.06,0.07,9.94,0.05,-0.11,-0.02,-0.07,0.35,10.01,0.03,-0.05,-0.01
-0.06,0.07,9.93,0.06,-0.11,-0.02,-0.07,0.34,10.01,0.03,-0.05,-0.01
-0.05,0.07,9.95,0.05,-0.11,-0.02,-0.07,0.35,10.01,0.03,-0.05,-0.01
-0.06,0.07,9.95,0.06,-0.11,-0.02,-0.05,0.33,10.00,0.03,-0.05,-0.01
-0.05,0.07,9.94,0.06,-0.11,-0.02,-0.05,0.33,10.00,0.03,-0.05,-0.01
-0.05,0.08,9.93,0.06,-0.11,-0.02,-0.06,0.34,10.00,0.03,-0.05,-0.01
-0.06,0.06,9.94,0.05,-0.11,-0.02,-0.06,0.34,10.01,0.03,-0.05,-0.01
-0.05,0.07,9.93,0.05,-0.11,-0.02,-0.06,0.34,10.01,0.03,-0.05,-0.01
-0.02,0.08,9.89,0.06,-0.11,-0.02,-0.06,0.34,10.01,0.03,-0.05,-0.01
-0.06,0.07,9.90,0.05,-0.11,-0.02,-0.10,0.32,9.85,0.02,-0.04,-0.01
-0.01,0.03,10.31,0.05,-0.11,-0.02,-0.07,0.34,9.98,0.03,-0.05,-0.01
-0.06,0.06,9.51,0.05,-0.11,-0.02,-0.03,0.26,10.34,0.02,-0.05,-0.01
-0.05,0.10,9.89,0.06,-0.11,-0.02,-0.03,0.26,10.34,0.02,-0.05,-0.01
-0.07,0.10,9.80,0.05,-0.11,-0.02,-0.03,0.37,9.99,0.03,-0.05,-0.01
-0.07,0.06,9.99,0.06,-0.11,-0.02,-0.06,0.34,9.94,0.02,-0.05,-0.01
-0.06,0.08,9.90,0.05,-0.11,-0.02,-0.06,0.33,10.00,0.03,-0.05,-0.01
-0.06,0.06,9.96,0.05,-0.11,-0.02,-0.06,0.33,10.00,0.03,-0.05,-0.01
-0.05,0.07,9.93,0.06,-0.11,-0.02,-0.07,0.34,10.01,0.03,-0.05,-0.01
-0.05,0.07,9.94,0.05,-0.11,-0.02,-0.07,0.34,10.00,0.03,-0.05,-0.01
-0.06,0.07,9.93,0.05,-0.11,-0.02,-0.07,0.33,10.01,0.03,-0.05,-0.01
-0.06,0.07,9.94,0.05,-0.11,-0.02,-0.07,0.33,10.01,0.03,-0.05,-0.01
-0.05,0.07,9.93,0.05,-0.11,-0.02,-0.06,0.34,10.00,0.03,-0.05,-0.01
-0.06,0.06,9.93,0.05,-0.11,-0.02,-0.06,0.35,10.00,0.03,-0.05,-0.01
-0.05,0.07,9.93,0.05,-0.11,-0.02,-0.07,0.34,10.01,0.03,-0.05,-0.01
-0.05,0.06,9.93,0.06,-0.11,-0.02,-0.07,0.34,10.01,0.03,-0.05,-0.01
-0.05,0.06,9.94,0.06,-0.11,-0.02,-0.07,0.34,10.01,0.03,-0.05,-0.01
-0.06,0.06,9.92,0.05,-0.11,-0.02,-0.06,0.34,10.01,0.03,-0.05,-0.01
-0.05,0.06,9.93,0.05,-0.11,-0.02,-0.07,0.34,10.01,0.03,-0.05,-0.01
-0.06,0.07,9.95,0.05,-0.11,-0.02,-0.07,0.34,10.01,0.03,-0.05,-0.01
-0.06,0.07,9.94,0.06,-0.11,-0.02,-0.08,0.34,10.00,0.03,-0.05,-0.01
-0.06,0.07,9.94,0.05,-0.11,-0.02,-0.07,0.34,10.01,0.03,-0.05,-0.01
-0.05,0.08,9.93,0.06,-0.11,-0.01,-0.06,0.34,10.01,0.03,-0.05,-0.01
-0.05,0.07,9.93,0.05,-0.11,-0.02,-0.06,0.34,10.01,0.03,-0.05,-0.01
-0.05,0.06,9.93,0.06,-0.11,-0.02,-0.07,0.34,10.00,0.03,-0.05,-0.01
-0.05,0.07,9.93,0.05,-0.11,-0.02,-0.07,0.34,10.00,0.03,-0.05,-0.01
-0.06,0.07,9.93,0.05,-0.11,-0.02,-0.06,0.34,10.01,0.03,-0.05,-0.01
-0.06,0.06,9.93,0.06,-0.11,-0.02,-0.06,0.34,10.01,0.03,-0.05,-0.01
-0.05,0.06,9.94,0.05,-0.11,-0.02,-0.07,0.35,10.00,0.03,-0.05,-0.01
-0.06,0.06,9.93,0.05,-0.11,-0.02,-0.07,0.34,10.01,0.03,-0.05,-0.01
-0.06,0.06,9.94,0.05,-0.11,-0.02,-0.07,0.34,10.01,0.03,-0.05,-0.01
-0.05,0.06,9.93,0.05,-0.11,-0.02,-0.07,0.35,10.01,0.03,-0.05,-0.01
-0.05,0.07,9.94,0.06,-0.11,-0.01,-0.06,0.35,10.01,0.03,-0.05,-0.01
-0.05,0.07,9.93,0.05,-0.11,-0.02,-0.06,0.35,10.01,0.03,-0.05,-0.01
-0.06,0.07,9.93,0.05,-0.11,-0.02,-0.06,0.35,10.01,0.03,-0.05,-0.01
-0.06,0.06,9.94,0.06,-0.11,-0.02,-0.07,0.34,10.00,0.03,-0.05,-0.01
-0.06,0.07,9.92,0.05,-0.11,-0.02,-0.07,0.35,10.01,0.03,-0.05,-0.01
-0.06,0.07,9.94,0.06,-0.11,-0.02,-0.06,0.34,10.01,0.03,-0.05,-0.01
-0.05,0.06,9.94,0.06,-0.11,-0.02,-0.06,0.34,10.01,0.03,-0.05,-0.01
-0.06,0.07,9.93,0.06,-0.11,-0.02,-0.07,0.34,10.01,0.03,-0.05,-0.01
-0.06,0.07,9.94,0.05,-0.11,-0.02,-0.06,0.33,10.00,0.03,-0.05,-0.01
-0.05,0.07,9.95,0.05,-0.11,-0.02,-0.07,0.34,10.00,0.03,-0.05,-0.01
-0.05,0.06,9.93,0.06,-0.11,-0.02,-0.07,0.34,10.00,0.03,-0.05,-0.01
-0.06,0.06,9.92,0.05,-0.11,-0.02,-0.07,0.34,10.00,0.03,-0.05,-0.01
-0.05,0.07,9.94,0.05,-0.11,-0.02,-0.06,0.33,10.00,0.03,-0.05,-0.01
-0.05,0.07,9.93,0.06,-0.11,-0.02,-0.06,0.33,10.01,0.03,-0.05,-0.01
-0.05,0.07,9.93,0.06,-0.11,-0.02,-0.06,0.33,10.01,0.03,-0.05,-0.01
-0.06,0.06,9.94,0.05,-0.11,-0.02,-0.07,0.34,10.00,0.03,-0.05,-0.01
-0.06,0.07,9.94,0.05,-0.11,-0.02,-0.07,0.34,10.02,0.03,-0.05,-0.01
-0.06,0.07,9.93,0.05,-0.11,-0.02,-0.06,0.35,10.01,0.03,-0.05,-0.01
-0.06,0.07,9.93,0.05,-0.11,-0.02,-0.06,0.35,10.01,0.03,-0.05,-0.01
-0.06,0.07,9.93,0.05,-0.11,-0.02,-0.07,0.34,10.01,0.03,-0.05,-0.01
-0.05,0.08,9.92,0.06,-0.11,-0.02,-0.06,0.34,10.01,0.03,-0.05,-0.01
-0.06,0.07,9.94,0.05,-0.11,-0.02,-0.07,0.34,10.00,0.03,-0.05,-0.01
-0.06,0.08,9.93,0.05,-0.11,-0.02,-0.07,0.34,10.00,0.03,-0.05,-0.01
-0.06,0.07,9.93,0.05,-0.11,-0.02,-0.06,0.34,10.00,0.03,-0.05,-0.01
-0.05,0.06,9.94,0.05,-0.11,-0.02,-0.06,0.34,10.00,0.03,-0.05,-0.01
-0.06,0.07,9.93,0.05,-0.11,-0.02,-0.07,0.34,10.01,0.03,-0.05,-0.01
-0.05,0.06,9.94,0.06,-0.11,-0.02,-0.07,0.34,10.01,0.03,-0.05,-0.01
-0.06,0.06,9.93,0.06,-0.11,-0.02,-0.07,0.34,10.01,0.03,-0.05,-0.01
-0.05,0.07,9.94,0.05,-0.11,-0.02,-0.06,0.34,10.01,0.03,-0.05,-0.01
-0.06,0.06,9.91,0.05,-0.11,-0.02,-0.06,0.33,10.00,0.03,-0.05,-0.01
-0.06,0.07,9.93,0.05,-0.11,-0.02,-0.06,0.33,10.00,0.03,-0.05,-0.01
-0.06,0.07,9.93,0.05,-0.11,-0.01,-0.06,0.35,10.00,0.03,-0.05,-0.01
-0.05,0.07,9.94,0.05,-0.11,-0.02,-0.07,0.35,10.01,0.03,-0.05,-0.01
0.01,0.06,9.95,0.05,-0.10,-0.02,-0.07,0.34,9.99,0.03,-0.05,-0.01
0.00,0.05,9.94,0.05,-0.09,-0.02,-0.07,0.34,9.99,0.03,-0.05,-0.01
-0.06,0.08,9.96,0.05,-0.09,-0.02,-0.04,0.34,9.98,0.02,-0.03,-0.01
-0.07,0.05,9.91,0.06,-0.12,-0.02,-0.14,0.28,10.01,0.02,-0.03,-0.01
-0.03,0.11,9.96,0.04,-0.08,-0.01,-0.09,0.34,10.02,0.02,-0.03,-0.01
-0.17,0.01,9.94,0.08,-0.12,-0.02,-0.09,0.34,10.02,0.02,-0.03,-0.01
-0.10,0.09,9.95,0.06,-0.11,-0.02,-0.14,0.37,10.03,0.05,-0.06,-0.01
-0.12,0.05,9.93,0.05,-0.12,-0.01,-0.14,0.28,10.01,0.01,-0.04,-0.01
-0.13,0.06,9.94,0.05,-0.12,-0.02,-0.13,0.33,10.00,0.02,-0.05,-0.01
-0.09,0.07,9.94,0.06,-0.13,-0.02,-0.13,0.33,10.00,0.02,-0.05,-0.01
-0.09,0.05,9.94,0.05,-0.11,-0.02,-0.11,0.34,10.01,0.04,-0.06,-0.01
-0.08,0.06,9.93,0.05,-0.11,-0.01,-0.11,0.33,10.01,0.03,-0.05,-0.01
0.06,0.09,9.92,0.03,-0.07,-0.02,-0.03,0.38,10.02,0.03,-0.04,-0.01
0.42,0.24,9.84,0.05,-0.11,-0.01,-0.03,0.38,10.02,0.03,-0.04,-0.01
-0.27,-0.11,9.95,0.08,-0.15,-0.02,0.33,0.55,10.09,-0.01,0.01,-0.01
-0.24,0.11,9.95,0.05,-0.09,-0.02,0.14,0.38,10.04,0.05,-0.09,-0.01
-0.15,0.07,9.95,0.05,-0.10,-0.02,-0.01,0.29,10.02,0.03,-0.05,-0.01
-0.19,-0.08,9.95,0.05,-0.11,-0.01,-0.01,0.29,10.02,0.03,-0.05,-0.01
-0.12,0.13,9.96,0.06,-0.11,-0.02,-0.15,0.25,10.01,0.04,-0.06,-0.01
-0.07,0.07,9.92,0.06,-0.11,-0.02,-0.10,0.31,10.04,0.03,-0.05,-0.01
-0.04,0.03,9.93,0.06,-0.11,-0.02,-0.08,0.33,10.01,0.03,-0.05,-0.01
-0.06,0.09,9.92,0.06,-0.11,-0.02,-0.08,0.33,10.01,0.03,-0.05,-0.01
-0.08,0.08,9.94,0.06,-0.11,-0.02,-0.07,0.35,10.00,0.03,-0.04,-0.01
-0.04,0.05,9.92,0.06,-0.11,-0.02,-0.10,0.37,10.01,0.03,-0.05,-0.01
-0.07,0.08,9.95,0.05,-0.11,-0.02,-0.07,0.35,10.00,0.03,-0.04,-0.01
-0.06,0.07,9.93,0.05,-0.11,-0.02,-0.07,0.35,10.00,0.03,-0.04,-0.01
-0.10,0.02,9.94,0.05,-0.11,-0.02,-0.08,0.33,10.00,0.02,-0.04,-0.01
-0.11,0.05,9.94,0.06,-0.11,-0.02,-0.07,0.33,10.03,0.02,-0.04,-0.01
-0.07,0.06,9.93,0.05,-0.11,-0.02,-0.09,0.32,10.01,0.03,-0.05,-0.01
-0.03,0.07,9.92,0.06,-0.11,-0.02,-0.09,0.32,10.01,0.03,-0.05,-0.01
-0.08,0.06,9.93,0.06,-0.11,-0.02,-0.03,0.37,10.03,0.03,-0.04,-0.01
-0.11,0.06,9.94,0.06,-0.11,-0.01,-0.07,0.33,10.00,0.03,-0.05,-0.01
-0.07,0.06,9.93,0.06,-0.11,-0.02,-0.09,0.33,10.01,0.03,-0.05,-0.01
-0.09,0.07,9.94,0.05,-0.11,-0.02,-0.09,0.33,10.01,0.03,-0.05,-0.01
-0.09,0.14,9.88,0.05,-0.11,-0.01,-0.11,0.32,9.97,0.02,-0.05,-0.01
-0.08,0.02,9.93,0.05,-0.11,-0.02,-0.11,0.36,10.01,0.03,-0.05,-0.01
-0.07,0.06,9.93,0.05,-0.11,-0.02,-0.08,0.35,10.02,0.03,-0.05,-0.01
-0.07,0.08,9.93,0.05,-0.11,-0.02,-0.08,0.35,10.02,0.03,-0.05,-0.01
-0.07,0.05,9.94,0.06,-0.11,-0.02,-0.09,0.36,10.01,0.03,-0.05,-0.01
-0.07,0.06,9.93,0.05,-0.11,-0.02,-0.08,0.34,10.01,0.03,-0.05,-0.01
-0.07,0.08,9.93,0.05,-0.11,-0.02,-0.09,0.35,10.01,0.03,-0.05,-0.01
-0.08,0.06,9.90,0.06,-0.11,-0.02,-0.09,0.35,10.01,0.03,-0.05,-0.01
-0.13,0.01,9.96,0.06,-0.11,-0.02,-0.12,0.36,10.02,0.03,-0.05,-0.01
-0.10,0.07,9.93,0.06,-0.11,-0.02,-0.07,0.32,10.01,0.03,-0.05,-0.01
-0.09,0.05,9.94,0.05,-0.11,-0.02,-0.06,0.31,10.00,0.03,-0.04,-0.01
-0.04,0.06,9.93,0.05,-0.11,-0.02,-0.06,0.31,10.00,0.03,-0.04,-0.01
-0.12,0.06,9.95,0.06,-0.12,-0.02,-0.07,0.32,10.01,0.03,-0.04,-0.01
-0.12,0.05,9.95,0.05,-0.09,-0.02,-0.05,0.32,10.00,0.03,-0.06,-0.01
-0.06,0.05,9.93,0.05,-0.10,-0.02,-0.04,0.36,10.01,0.03,-0.05,-0.01
-0.05,0.08,9.92,0.05,-0.11,-0.02,-0.04,0.36,10.01,0.03,-0.05,-0.01
-0.04,0.05,9.93,0.06,-0.12,-0.02,-0.06,0.35,10.02,0.02,-0.05,-0.01
-0.03,0.09,9.92,0.06,-0.12,-0.02,-0.11,0.36,10.02,0.03,-0.05,-0.01
0.01,0.09,9.92,0.06,-0.12,-0.02,-0.08,0.32,10.01,0.03,-0.06,-0.01
-0.05,0.04,9.92,0.05,-0.10,-0.02,-0.08,0.32,10.01,0.03,-0.06,-0.01
-0.12,0.03,9.94,0.05,-0.11,-0.02,-0.08,0.31,9.99,0.02,-0.04,-0.01
-0.06,0.06,9.93,0.06,-0.11,-0.01,-0.01,0.37,10.04,0.03,-0.05,-0.01
-0.03,0.05,9.93,0.05,-0.09,-0.02,-0.04,0.36,10.02,0.02,-0.04,-0.01
-0.11,0.06,9.94,0.05,-0.11,-0.02,-0.04,0.36,10.02,0.02,-0.04,-0.01
-0.05,0.07,9.94,0.06,-0.11,-0.02,-0.13,0.32,9.99,0.03,-0.05,-0.01
0.04,0.14,9.90,0.05,-0.10,-0.02,-0.10,0.34,10.00,0.03,-0.05,-0.01
0.19,0.13,9.85,0.06,-0.12,-0.02,-0.04,0.40,10.10,0.07,-0.12,-0.00
-0.07,0.05,9.94,0.04,-0.09,-0.02,-0.04,0.40,10.10,0.07,-0.12,-0.00
-0.06,0.09,9.95,0.05,-0.10,-0.02,-0.07,0.26,9.97,0.01,-0.03,-0.01
-0.06,0.04,9.93,0.04,-0.09,-0.02,-0.09,0.35,10.00,0.04,-0.07,-0.00
-0.02,0.07,9.93,0.05,-0.10,-0.01,-0.09,0.35,10.01,0.03,-0.04,-0.01
-0.09,0.05,9.92,0.07,-0.12,-0.02,-0.09,0.35,10.01,0.03,-0.04,-0.01
-0.11,0.07,9.94,0.06,-0.12,-0.02,-0.08,0.33,10.01,0.04,-0.06,-0.01
-0.07,0.07,9.94,0.06,-0.11,-0.02,-0.05,0.32,10.02,0.03,-0.04,-0.01
-0.08,0.05,9.94,0.05,-0.11,-0.02,-0.06,0.34,10.01,0.03,-0.05,-0.01
-0.08,0.06,9.94,0.05,-0.11,-0.02,-0.06,0.34,10.01,0.03,-0.05,-0.01
-0.07,0.07,9.93,0.05,-0.11,-0.02,-0.09,0.33,10.01,0.03,-0.05,-0.01
-0.06,0.05,9.93,0.05,-0.11,-0.02,-0.08,0.34,10.01,0.03,-0.05,-0.01
-0.07,0.06,9.92,0.05,-0.11,-0.02,-0.09,0.34,10.01,0.03,-0.05,-0.01
-0.01,0.18,9.93,0.05,-0.12,-0.01,-0.09,0.34,10.01,0.03,-0.05,-0.01
0.06,0.05,9.94,0.04,-0.10,-0.01,0.02,0.42,10.02,0.02,-0.05,-0.01
-0.13,0.05,9.96,0.04,-0.07,-0.02,-0.14,0.34,9.97,0.01,-0.02,-0.01
-0.13,0.14,9.93,0.06,-0.12,-0.01,-0.10,0.31,10.01,0.04,-0.06,-0.01
0.01,0.01,9.96,0.05,-0.09,-0.02,-0.10,0.31,10.01,0.04,-0.06,-0.01
-0.04,0.03,9.93,0.05,-0.11,-0.02,-0.14,0.32,10.00,0.02,-0.03,-0.01
-0.04,0.11,9.92,0.06,-0.11,-0.02,-0.10,0.29,10.02,0.03,-0.05,-0.01
-0.28,0.24,10.04,0.11,-0.19,-0.01,-0.17,0.10,9.89,0.03,-0.04,-0.01
-0.14,0.09,9.88,0.04,-0.08,-0.02,-0.17,0.10,9.89,0.03,-0.04,-0.01
-0.27,0.03,9.95,0.03,-0.06,-0.01,-0.16,0.22,10.05,-0.00,-0.02,-0.01
0.13,0.17,9.89,0.04,-0.09,-0.02,-0.15,0.20,9.99,0.07,-0.13,0.00
0.09,0.00,9.91,0.06,-0.12,-0.02,-0.09,0.31,10.00,0.04,-0.07,-0.01
-0.03,0.13,9.94,0.06,-0.12,-0.02,-0.09,0.31,10.00,0.04,-0.07,-0.01
-0.08,-0.16,9.98,0.08,-0.10,-0.02,-0.00,0.38,9.99,0.03,-0.05,-0.01
-0.05,0.01,9.90,0.06,-0.11,-0.02,0.01,0.37,10.02,0.00,-0.04,-0.01
-0.09,0.18,9.92,0.06,-0.11,-0.02,-0.11,0.41,9.99,0.02,-0.04,-0.01
-0.02,0.05,9.93,0.06,-0.13,-0.01,-0.11,0.41,9.99,0.02,-0.04,-0.01
-0.02,-0.03,9.92,0.05,-0.11,-0.02,-0.00,0.34,10.00,0.03,-0.06,-0.01
-0.11,0.15,9.95,0.06,-0.11,-0.02,-0.05,0.25,9.99,0.03,-0.05,-0.01
-0.11,0.02,9.94,0.05,-0.11,-0.02,-0.09,0.26,10.00,0.02,-0.04,-0.01
-0.09,0.04,9.93,0.05,-0.11,-0.02,-0.09,0.26,10.00,0.02,-0.04,-0.01
-0.07,0.02,9.91,0.05,-0.09,-0.02,-0.09,0.29,10.01,0.03,-0.05,-0.01
-0.01,0.02,9.93,0.03,-0.06,-0.02,-0.03,0.33,10.00,0.05,-0.09,-0.00
-0.24,-0.10,9.94,0.05,-0.11,-0.01,-0.20,0.31,9.99,-0.00,0.00,-0.01
-0.09,0.03,9.94,0.05,-0.10,-0.02,-0.20,0.31,9.99,-0.00,0.00,-0.01
-0.05,0.06,9.93,0.06,-0.11,-0.02,-0.14,0.32,9.99,0.03,-0.05,-0.01
-0.02,0.07,9.93,0.06,-0.11,-0.02,-0.12,0.34,10.02,0.03,-0.04,-0.01
-0.06,0.07,9.93,0.06,-0.11,-0.02,-0.12,0.32,10.01,0.03,-0.05,-0.01
-0.08,0.06,9.92,0.05,-0.11,-0.02,-0.12,0.32,10.01,0.03,-0.05,-0.01
-0.08,0.06,9.94,0.05,-0.11,-0.02,-0.07,0.33,10.01,0.03,-0.05,-0.01
-0.07,0.07,9.95,0.05,-0.11,-0.02,-0.07,0.33,10.01,0.03,-0.05,-0.01
-0.07,0.07,9.92,0.05,-0.11,-0.02,-0.08,0.33,10.01,0.03,-0.05,-0.01
-0.07,0.06,9.93,0.05,-0.11,-0.02,-0.08,0.33,10.01,0.03,-0.05,-0.01
-0.21,0.02,9.98,0.06,-0.12,-0.02,-0.08,0.34,10.00,0.03,-0.05,-0.01
0.02,0.10,9.95,0.04,-0.08,-0.02,0.07,0.41,10.03,0.06,-0.10,-0.00
-0.01,0.08,9.93,0.06,-0.11,-0.02,-0.08,0.30,10.01,0.03,-0.05,-0.01
-0.04,0.02,9.91,0.05,-0.11,-0.02,-0.08,0.30,10.01,0.03,-0.05,-0.01
-0.20,0.03,10.00,0.05,-0.13,-0.02,-0.04,0.26,10.00,0.03,-0.05,-0.01
-0.03,0.03,9.87,0.06,-0.11,-0.01,0.10,0.28,9.97,0.04,-0.09,-0.00
0.22,0.20,9.76,0.05,-0.10,-0.02,0.02,0.52,10.06,0.06,-0.08,0.00
-0.06,0.07,9.95,0.04,-0.09,-0.02,0.02,0.52,10.06,0.06,-0.08,0.00
-0.14,0.03,9.95,0.05,-0.11,-0.02,-0.04,0.41,10.03,0.02,-0.04,-0.01
-0.04,0.09,9.94,0.04,-0.10,-0.01,-0.01,0.29,10.01,0.03,-0.07,-0.01
-0.06,-0.05,9.98,0.05,-0.12,-0.02,-0.14,0.37,9.99,0.02,-0.04,-0.01
-0.00,0.13,9.94,0.08,-0.15,-0.01,-0.14,0.37,9.99,0.02,-0.04,-0.01
-0.07,0.02,9.92,0.06,-0.11,-0.02,0.01,0.47,10.05,0.05,-0.08,-0.00
-0.10,-0.00,9.94,0.06,-0.11,-0.01,-0.10,0.41,10.01,0.02,-0.04,-0.01
-0.02,0.22,9.93,0.03,-0.06,-0.01,0.03,0.46,10.04,0.03,-0.03,-0.00
-0.13,-0.15,9.95,0.05,-0.11,-0.02,0.03,0.46,10.04,0.03,-0.03,-0.00
-0.02,0.16,9.94,0.06,-0.11,-0.02,-0.11,0.22,10.03,0.03,-0.06,-0.01
-0.12,0.10,9.96,0.07,-0.13,-0.02,-0.10,0.25,9.98,0.02,-0.03,-0.01
-0.09,-0.00,9.94,0.05,-0.11,-0.02,-0.09,0.32,10.02,0.03,-0.05,-0.01
-0.08,0.10,9.95,0.06,-0.11,-0.02,-0.09,0.32,10.02,0.03,-0.05,-0.01
-0.06,0.06,9.94,0.05,-0.11,-0.02,-0.08,0.36,10.01,0.03,-0.05,-0.01
-0.08,0.02,9.90,0.06,-0.12,-0.02,-0.08,0.38,10.00,0.03,-0.05,-0.01
0.06,0.10,9.90,0.06,-0.11,-0.01,-0.04,0.35,9.98,0.03,-0.06,-0.01
-0.05,0.06,9.92,0.06,-0.11,-0.01,-0.04,0.35,9.98,0.03,-0.06,-0.01
-0.08,0.07,9.93,0.06,-0.12,-0.02,-0.06,0.34,10.00,0.03,-0.04,-0.01
-0.06,0.08,9.95,0.05,-0.11,-0.02,-0.05,0.34,10.01,0.03,-0.05,-0.01
-0.08,0.05,9.94,0.05,-0.09,-0.02,-0.06,0.31,10.00,0.02,-0.03,-0.01
-0.08,0.03,9.94,0.05,-0.11,-0.01,-0.06,0.31,10.00,0.02,-0.03,-0.01
-0.06,0.09,9.93,0.07,-0.13,-0.02,-0.08,0.29,10.02,0.03,-0.05,-0.01
-0.08,0.05,9.95,0.06,-0.11,-0.02,0.02,0.36,10.00,0.03,-0.05,-0.01
-0.00,0.08,9.93,0.04,-0.08,-0.01,0.07,0.37,9.99,0.03,-0.04,-0.01
-0.20,0.11,9.96,0.05,-0.10,-0.02,0.07,0.37,9.99,0.03,-0.04,-0.01
-0.13,-0.01,9.97,0.06,-0.12,-0.02,-0.15,0.34,10.00,0.03,-0.05,-0.01
-0.23,-0.00,9.98,0.04,-0.09,-0.02,0.22,0.32,10.07,0.05,-0.08,-0.01
-0.14,0.01,9.94,0.05,-0.11,-0.02,0.04,0.33,10.04,0.03,-0.05,-0.01
-0.02,0.06,9.92,0.06,-0.11,-0.02,0.04,0.33,10.04,0.03,-0.05,-0.01
-0.02,0.09,9.92,0.06,-0.11,-0.02,-0.09,0.33,10.02,0.03,-0.05,-0.01
-0.06,0.03,9.94,0.06,-0.11,-0.02,-0.10,0.34,10.09,-0.00,-0.02,-0.00
0.04,0.07,9.92,0.05,-0.10,-0.01,-0.04,0.48,10.04,0.04,-0.07,-0.01
-0.02,0.14,9.92,0.06,-0.12,-0.02,-0.04,0.48,10.04,0.04,-0.07,-0.01
-0.06,-0.02,9.93,0.06,-0.11,-0.02,-0.02,0.42,10.00,0.03,-0.05,-0.01
-0.09,0.09,9.94,0.06,-0.11,-0.02,-0.07,0.34,10.01,0.03,-0.05,-0.01
-0.09,0.06,9.94,0.06,-0.11,-0.02,-0.10,0.30,10.00,0.03,-0.05,-0.01
-0.13,-0.03,9.94,0.06,-0.12,-0.02,-0.10,0.30,10.00,0.03,-0.05,-0.01
-0.05,0.06,9.95,0.04,-0.08,-0.02,-0.16,0.27,9.96,0.04,-0.06,-0.01
-0.05,0.07,9.94,0.05,-0.10,-0.02,-0.15,0.26,9.98,0.02,-0.04,-0.01
-0.05,0.03,9.93,0.06,-0.12,-0.02,-0.09,0.32,9.99,0.03,-0.05,-0.01
-0.01,0.11,9.92,0.05,-0.10,-0.02,-0.09,0.32,9.99,0.03,-0.05,-0.01
-0.14,0.04,9.98,0.06,-0.13,-0.02,-0.04,0.35,10.02,0.02,-0.03,-0.01
-0.08,0.03,9.95,0.05,-0.10,-0.02,0.06,0.42,10.04,0.04,-0.08,-0.00
-0.06,0.13,9.94,0.06,-0.12,-0.01,-0.12,0.34,10.00,0.03,-0.05,-0.01
-0.04,0.06,9.95,0.06,-0.12,-0.01,-0.12,0.34,10.00,0.03,-0.05,-0.01
0.02,0.13,9.93,0.05,-0.08,-0.02,-0.05,0.34,10.01,0.03,-0.05,-0.01
-0.10,0.05,9.96,0.04,-0.08,-0.01,-0.12,0.33,9.99,0.02,-0.03,-0.01
-0.04,0.08,9.94,0.02,-0.06,-0.02,0.02,0.40,10.07,-0.00,-0.00,-0.01
-0.07,-0.00,9.95,0.03,-0.08,-0.02,0.02,0.40,10.07,-0.00,-0.00,-0.01
-0.36,-0.09,9.99,0.09,-0.17,-0.02,-0.10,0.29,10.01,0.01,-0.02,-0.01
-0.24,0.02,9.95,0.04,-0.08,-0.02,0.20,0.49,10.09,0.08,-0.12,-0.00
-0.10,0.03,9.94,0.05,-0.10,-0.02,-0.00,0.29,10.00,0.02,-0.04,-0.01
-0.03,0.04,9.92,0.06,-0.11,-0.02,-0.00,0.29,10.00,0.02,-0.04,-0.01
0.10,0.18,9.89,0.08,-0.16,-0.02,-0.08,0.30,10.03,0.03,-0.04,-0.01
-0.14,-0.00,9.92,0.04,-0.09,-0.02,0.00,0.42,10.04,0.00,0.00,-0.01
-0.13,0.06,9.93,0.07,-0.13,-0.02,-0.14,0.36,10.01,0.04,-0.07,-0.01
-0.14,0.09,9.98,0.04,-0.08,-0.02,-0.14,0.36,10.01,0.04,-0.07,-0.01
0.01,0.07,9.93,0.04,-0.08,-0.02,-0.20,0.31,10.03,0.01,-0.03,-0.01
0.09,0.10,9.89,0.05,-0.12,-0.01,-0.19,0.36,9.99,0.03,-0.04,-0.01
0.02,0.13,9.97,0.05,-0.10,-0.02,-0.11,0.37,9.96,0.03,-0.05,-0.01
-0.31,-0.05,10.01,0.05,-0.10,-0.01,-0.11,0.37,9.96,0.03,-0.05,-0.01
-0.17,0.03,9.95,0.04,-0.09,-0.02,-0.20,0.27,9.95,0.04,-0.07,-0.01
-0.10,0.03,9.94,0.05,-0.11,-0.02,-0.07,0.34,10.01,0.03,-0.06,-0.01
-0.05,0.05,9.93,0.05,-0.11,-0.02,-0.06,0.34,10.00,0.03,-0.05,-0.01
-0.09,0.07,9.93,0.06,-0.11,-0.02,-0.06,0.34,10.00,0.03,-0.05,-0.01
0.28,0.13,9.81,0.02,-0.07,-0.02,-0.13,0.37,9.89,0.03,-0.06,-0.00
-0.02,-0.00,9.96,0.06,-0.12,-0.02,-0.25,0.21,9.91,0.00,-0.01,-0.01
-0.09,0.02,9.93,0.05,-0.11,-0.02,-0.17,0.38,10.00,0.02,-0.04,-0.01
-0.33,0.08,10.09,0.06,0.00,-0.03,-0.17,0.38,10.00,0.02,-0.04,-0.01
0.09,0.18,9.91,0.08,-0.16,-0.01,-0.60,0.38,9.87,0.04,0.04,-0.02
-0.09,0.09,9.96,0.06,-0.12,-0.02,-0.07,0.31,9.97,0.01,-0.04,-0.01
-0.10,0.04,9.94,0.06,-0.11,-0.02,-0.13,0.24,9.99,0.02,-0.05,-0.01
-0.09,0.02,9.95,0.05,-0.11,-0.02,-0.13,0.24,9.99,0.02,-0.05,-0.01
0.09,0.17,9.94,0.08,-0.14,-0.01,-0.11,0.28,10.01,0.03,-0.04,-0.01
-0.11,-0.01,9.93,0.05,-0.12,-0.01,-0.13,0.30,9.95,0.01,-0.02,-0.01
-0.14,0.08,9.94,0.05,-0.10,-0.02,-0.05,0.38,10.03,0.03,-0.05,-0.01
-0.16,0.30,9.98,0.06,-0.17,-0.01,-0.05,0.38,10.03,0.03,-0.05,-0.01
0.03,0.10,10.04,0.06,-0.16,-0.01,0.43,0.33,10.09,-0.01,-0.04,0.00
0.09,0.27,9.89,0.05,-0.10,-0.02,-0.40,0.25,9.93,0.05,-0.06,-0.01
-0.06,0.06,9.90,0.05,-0.10,-0.01,-0.09,0.32,10.06,0.05,-0.07,-0.01
0.27,0.28,9.89,0.05,-0.09,-0.01,-0.09,0.32,10.06,0.05,-0.07,-0.01
-0.09,0.08,9.91,0.10,-0.17,-0.02,0.24,0.25,10.05,-0.03,0.02,-0.01
-0.14,0.01,9.97,0.06,-0.10,-0.02,0.02,0.35,10.02,0.04,-0.06,-0.01
-0.10,0.06,9.95,0.06,-0.11,-0.02,-0.14,0.35,10.04,0.03,-0.05,-0.01
-0.09,0.06,9.93,0.04,-0.10,-0.01,-0.14,0.35,10.04,0.03,-0.05,-0.01
-0.07,-0.03,9.88,0.05,-0.10,-0.02,-0.12,0.33,10.00,0.02,-0.04,-0.01
-0.04,0.12,9.93,0.05,-0.11,-0.02,-0.15,0.28,10.02,0.03,-0.05,-0.01
0.05,0.09,9.91,0.07,-0.12,-0.02,-0.12,0.29,10.05,0.05,-0.07,-0.01
0.04,-0.02,9.82,0.06,-0.12,-0.02,-0.12,0.29,10.05,0.05,-0.07,-0.01
-0.13,0.18,9.94,0.05,-0.10,-0.01,-0.03,0.21,10.01,0.04,-0.04,-0.01
-0.14,-0.04,9.96,0.04,-0.11,-0.02,-0.05,0.34,10.00,0.01,-0.05,-0.00
-0.09,-0.00,9.95,0.04,-0.07,-0.01,0.04,0.35,9.93,0.01,-0.03,-0.01
0.04,0.23,9.91,0.06,-0.11,-0.02,0.04,0.35,9.93,0.01,-0.03,-0.01
-0.05,-0.02,9.92,0.06,-0.11,-0.02,0.02,0.49,10.04,0.03,-0.05,-0.01
-0.08,0.03,9.94,0.05,-0.11,-0.02,-0.06,0.42,10.02,0.03,-0.05,-0.01
-0.10,0.13,9.94,0.06,-0.11,-0.02,-0.11,0.35,10.01,0.03,-0.05,-0.01
-0.10,-0.02,9.93,0.05,-0.11,-0.02,-0.11,0.35,10.01,0.03,-0.05,-0.01
-0.08,0.03,9.93,0.05,-0.11,-0.02,-0.11,0.33,10.01,0.03,-0.05,-0.01
-0.26,0.07,9.96,0.05,-0.10,-0.02,-0.14,0.30,10.00,0.02,-0.02,-0.01
-0.07,0.01,9.93,0.05,-0.10,-0.01,-0.14,0.30,10.00,0.02,-0.02,-0.01
-0.11,0.13,9.94,0.05,-0.11,-0.02,-0.07,0.32,10.03,0.02,-0.03,-0.00
-0.03,0.06,9.96,0.05,-0.09,-0.01,-0.19,0.31,9.99,0.03,-0.07,-0.01
0.00,0.03,9.90,0.07,-0.13,-0.02,-0.12,0.30,10.05,0.05,-0.08,-0.01
-0.06,0.05,9.93,0.05,-0.11,-0.02,-0.12,0.30,10.05,0.05,-0.08,-0.01
-0.10,0.07,9.92,0.05,-0.11,-0.02,-0.05,0.31,10.00,0.03,-0.05,-0.01
-0.07,0.07,10.01,0.05,-0.10,-0.02,-0.05,0.35,10.00,0.03,-0.05,-0.01
-0.10,-0.00,9.93,0.05,-0.09,-0.01,-0.09,0.34,10.02,0.02,-0.03,-0.01
-0.08,0.13,9.95,0.07,-0.13,-0.02,-0.09,0.34,10.02,0.02,-0.03,-0.01
-0.14,-0.01,9.95,0.06,-0.11,-0.02,-0.05,0.41,10.02,0.03,-0.06,-0.01
-0.17,0.02,9.94,0.08,-0.14,-0.02,-0.10,0.30,9.99,0.04,-0.06,-0.01
0.01,0.11,9.94,0.05,-0.10,-0.02,0.11,0.44,10.03,0.05,-0.08,-0.00
-0.03,0.07,9.95,-0.03,-0.01,-0.02,0.11,0.44,10.03,0.05,-0.08,-0.00
-0.22,-0.16,9.89,0.12,-0.20,-0.01,-0.14,0.34,10.03,-0.06,0.06,-0.02
-0.24,-0.01,9.94,0.03,-0.07,-0.02,0.18,0.52,10.09,0.07,-0.11,-0.01
0.06,0.19,9.83,0.03,-0.09,-0.02,-0.00,0.33,9.99,0.02,-0.04,-0.01
-0.20,-0.15,9.92,0.06,-0.10,-0.01,-0.00,0.33,9.99,0.02,-0.04,-0.01
-0.18,0.00,9.97,0.07,-0.13,-0.02,-0.30,0.14,9.94,0.05,-0.05,-0.00
-0.14,-0.01,9.94,0.05,-0.10,-0.02,-0.01,0.38,10.07,0.05,-0.08,-0.01
-0.14,0.00,9.93,0.06,-0.11,-0.02,-0.04,0.34,10.00,0.03,-0.04,-0.01
-0.26,-0.15,9.99,0.08,-0.13,-0.01,-0.04,0.34,10.00,0.03,-0.04,-0.01
0.10,0.26,9.89,-0.02,-0.01,-0.02,-0.23,0.32,10.08,0.09,-0.11,-0.00
-0.23,-0.27,10.08,0.11,-0.19,-0.01,-0.33,0.24,9.98,-0.06,0.06,-0.01
-0.21,0.08,10.00,0.04,-0.09,-0.02,0.00,0.52,10.09,0.01,-0.02,-0.01
-0.19,-0.02,10.01,0.05,-0.10,-0.02,0.00,0.52,10.09,0.01,-0.02,-0.01
-0.21,-0.08,9.93,0.07,-0.13,-0.02,-0.22,0.40,9.99,0.03,-0.06,-0.01
-0.27,0.00,9.99,0.03,-0.06,-0.02,-0.04,0.46,10.05,0.05,-0.07,-0.01
-0.14,0.10,9.96,0.06,-0.11,-0.02,-0.01,0.29,10.01,0.03,-0.05,-0.01
-0.06,-0.09,9.93,0.05,-0.11,-0.02,-0.01,0.29,10.01,0.03,-0.05,-0.01
0.05,0.13,9.91,0.05,-0.11,-0.01,-0.11,0.22,10.01,0.03,-0.05,-0.01
-0.12,0.00,9.91,0.11,-0.19,-0.02,-0.24,0.14,9.96,-0.02,0.02,-0.01
-0.21,-0.04,9.98,0.13,-0.17,-0.01,-0.30,0.08,9.89,0.03,-0.02,-0.01
0.23,0.22,9.88,0.00,-0.05,-0.02,-0.30,0.08,9.89,0.03,-0.02,-0.01
-0.29,-0.06,9.99,-0.00,0.00,-0.02,0.07,0.49,10.12,-0.06,0.06,-0.02
0.08,0.07,9.94,0.14,-0.23,-0.02,-0.57,0.15,9.83,0.06,-0.12,-0.00
-0.01,0.04,9.91,0.09,-0.15,-0.01,-0.24,0.28,9.97,0.03,-0.06,-0.01
-0.10,0.08,9.93,0.04,-0.09,-0.02,-0.24,0.28,9.97,0.03,-0.06,-0.01
-0.20,-0.04,9.94,0.06,-0.10,-0.02,-0.09,0.29,9.93,0.02,-0.04,-0.01
-0.21,-0.06,9.95,0.04,-0.08,-0.02,0.11,0.59,10.12,0.05,-0.08,-0.01
-0.10,0.12,9.95,0.05,-0.11,-0.02,-0.06,0.37,10.02,0.03,-0.04,-0.01
-0.07,0.02,9.93,0.06,-0.11,-0.02,-0.06,0.37,10.02,0.03,-0.04,-0.01
-0.06,0.03,9.92,0.05,-0.11,-0.02,-0.08,0.31,10.02,0.03,-0.05,-0.01
0.15,-0.12,10.06,0.07,-0.08,-0.03,-0.12,0.26,10.00,0.03,-0.04,-0.01
0.02,0.07,9.87,0.04,-0.07,-0.02,0.12,0.28,10.06,0.01,-0.04,-0.01
0.22,0.29,9.87,0.11,-0.20,-0.01,0.12,0.28,10.06,0.01,-0.04,-0.01
-0.07,0.05,9.92,-0.04,0.02,-0.02,0.18,0.52,10.06,0.06,-0.11,-0.00
0.18,0.17,9.89,0.06,-0.12,-0.02,-0.47,0.03,9.88,0.04,-0.05,-0.01
-0.09,-0.02,9.93,0.06,-0.11,-0.02,-0.24,0.32,10.02,0.03,-0.05,-0.01
-0.16,0.11,9.95,0.05,-0.11,-0.02,-0.24,0.32,10.02,0.03,-0.05,-0.01
-0.15,0.07,9.95,0.05,-0.11,-0.02,-0.08,0.32,10.00,0.03,-0.05,-0.01
-0.12,-0.03,9.94,0.05,-0.10,-0.02,-0.04,0.40,10.02,0.03,-0.05,-0.01
-0.07,0.10,9.94,0.05,-0.11,-0.02,-0.06,0.39,10.01,0.03,-0.05,-0.01
-0.07,0.05,9.93,0.05,-0.11,-0.02,-0.06,0.39,10.01,0.03,-0.05,-0.01
-0.06,0.03,9.93,0.05,-0.11,-0.02,-0.09,0.35,10.01,0.03,-0.05,-0.01
0.08,0.12,9.96,-0.04,0.03,-0.02,-0.10,0.32,10.01,0.03,-0.05,-0.01
0.13,0.11,9.95,0.17,-0.27,-0.01,-0.30,0.01,9.91,0.11,-0.17,0.00
-0.28,-0.03,9.98,0.05,-0.10,-0.02,-0.30,0.01,9.91,0.11,-0.17,0.00
-0.00,0.17,9.93,0.05,-0.10,-0.02,-0.03,0.33,10.06,0.03,-0.05,-0.01
-0.35,-0.20,10.01,0.06,-0.11,-0.02,-0.11,0.35,9.99,0.01,-0.03,-0.01
0.14,0.16,9.87,0.06,-0.13,-0.01,0.24,0.68,10.07,0.08,-0.16,-0.01
0.12,0.24,9.94,0.02,-0.02,-0.02,0.24,0.68,10.07,0.08,-0.16,-0.01
0.05,0.02,9.93,0.04,-0.09,-0.02,-0.10,0.41,10.00,-0.02,0.04,-0.01
-0.09,0.02,9.94,0.04,-0.08,-0.02,-0.12,0.37,10.02,0.02,-0.03,-0.01
0.08,0.24,9.89,0.05,-0.10,-0.01,0.05,0.51,10.07,0.05,-0.08,-0.01
-0.07,0.01,9.92,0.06,-0.12,-0.02,0.05,0.51,10.07,0.05,-0.08,-0.01
-0.08,0.02,9.93,0.05,-0.11,-0.02,-0.01,0.30,10.00,0.03,-0.06,-0.01
-0.11,0.14,9.95,0.06,-0.11,-0.02,-0.02,0.25,10.01,0.03,-0.05,-0.01
-0.09,-0.01,9.93,0.05,-0.11,-0.02,-0.07,0.25,10.00,0.02,-0.04,-0.01
-0.06,0.05,9.93,0.05,-0.11,-0.02,-0.07,0.25,10.00,0.02,-0.04,-0.01
-0.06,0.11,9.93,0.06,-0.11,-0.02,-0.08,0.29,10.01,0.02,-0.04,-0.01
-0.06,0.01,9.93,0.05,-0.11,-0.02,-0.08,0.36,10.01,0.03,-0.04,-0.01
-0.06,0.06,9.93,0.05,-0.11,-0.02,-0.07,0.37,10.02,0.03,-0.05,-0.01
-0.06,0.10,9.94,0.06,-0.11,-0.02,-0.07,0.37,10.02,0.03,-0.05,-0.01
-0.07,0.03,9.94,0.05,-0.11,-0.02,-0.07,0.37,10.02,0.03,-0.05,-0.01
-0.06,0.07,9.94,0.05,-0.11,-0.02,-0.08,0.34,10.02,0.03,-0.05,-0.01
-0.06,0.08,9.94,0.06,-0.11,-0.02,-0.08,0.32,10.02,0.03,-0.05,-0.01
-0.07,0.04,9.93,0.05,-0.11,-0.02,-0.08,0.32,10.02,0.03,-0.05,-0.01
-0.07,0.06,9.92,0.05,-0.11,-0.02,-0.08,0.31,10.01,0.03,-0.05,-0.01
-0.07,0.08,9.94,0.06,-0.11,-0.02,-0.07,0.32,10.03,0.03,-0.05,-0.01
-0.08,0.05,9.92,0.05,-0.11,-0.02,-0.09,0.33,10.00,0.03,-0.04,-0.01
0.05,0.10,9.89,0.07,-0.12,-0.02,-0.09,0.33,10.00,0.03,-0.04,-0.01
-0.08,0.09,9.94,0.05,-0.10,-0.02,0.03,0.41,10.02,0.04,-0.05,-0.01
-0.10,0.13,9.90,0.06,-0.11,-0.02,-0.02,0.32,9.99,0.03,-0.05,-0.01
-0.07,0.01,9.94,0.05,-0.11,-0.02,-0.05,0.29,10.00,0.02,-0.04,-0.01
-0.07,0.07,9.93,0.05,-0.10,-0.02,-0.05,0.29,10.00,0.02,-0.04,-0.01
-0.07,0.08,9.96,0.06,-0.11,-0.02,-0.12,0.32,9.98,0.03,-0.04,-0.01
0.09,0.07,9.91,0.05,-0.09,-0.02,-0.10,0.36,10.01,0.04,-0.06,-0.01
-0.02,0.11,9.92,0.05,-0.10,-0.02,-0.14,0.40,10.01,0.02,-0.04,-0.01
-0.11,0.04,9.97,0.05,-0.11,-0.02,-0.14,0.40,10.01,0.02,-0.04,-0.01
-0.13,-0.03,9.96,0.05,-0.10,-0.02,-0.10,0.33,9.94,0.03,-0.05,-0.01
-0.07,0.11,9.94,0.06,-0.11,-0.02,-0.08,0.35,9.99,0.03,-0.05,-0.01
-0.06,0.10,9.93,0.05,-0.11,-0.02,-0.06,0.30,10.00,0.03,-0.05,-0.01
-0.08,0.01,9.93,0.05,-0.10,-0.02,-0.06,0.30,10.00,0.03,-0.05,-0.01
-0.04,0.09,9.92,0.06,-0.11,-0.02,-0.13,0.28,9.99,0.02,-0.04,-0.01
-0.05,0.05,9.94,0.06,-0.11,-0.02,-0.11,0.32,10.02,0.03,-0.05,-0.01
-0.05,0.04,9.93,0.05,-0.11,-0.02,-0.08,0.33,10.01,0.03,-0.05,-0.01
-0.13,0.17,9.92,0.05,-0.09,-0.02,-0.08,0.33,10.01,0.03,-0.05,-0.01
-0.02,0.10,9.91,0.06,-0.12,-0.02,-0.18,0.40,10.00,0.01,-0.03,-0.01
-0.08,0.03,9.97,0.05,-0.11,-0.02,-0.09,0.36,10.00,0.03,-0.05,-0.01
-0.08,0.07,9.93,0.05,-0.11,-0.02,-0.10,0.34,10.01,0.03,-0.04,-0.01
-0.08,0.05,9.94,0.05,-0.11,-0.02,-0.10,0.34,10.01,0.03,-0.04,-0.01
-0.08,0.04,9.94,0.05,-0.11,-0.02,-0.09,0.33,10.01,0.03,-0.05,-0.01
-0.06,0.06,9.93,0.05,-0.11,-0.02,-0.06,0.33,10.02,0.03,-0.05,-0.01
-0.06,0.06,9.92,0.05,-0.11,-0.02,-0.08,0.32,10.02,0.03,-0.05,-0.01
-0.10,0.06,9.92,0.05,-0.11,-0.02,-0.08,0.32,10.02,0.03,-0.05,-0.01
-0.12,0.00,9.98,0.04,-0.08,-0.02,-0.27,0.19,9.81,0.03,-0.05,-0.01
-0.03,0.15,9.98,0.04,-0.09,-0.01,-0.12,0.36,10.04,0.03,-0.04,-0.01
0.04,0.03,9.90,0.05,-0.11,-0.02,-0.08,0.28,9.99,0.03,-0.06,-0.01
-0.01,0.09,9.93,0.06,-0.11,-0.02,-0.08,0.28,9.99,0.03,-0.06,-0.01
-0.06,0.06,9.93,0.06,-0.11,-0.02,-0.03,0.36,10.02,0.03,-0.04,-0.01
-0.07,0.03,9.92,0.05,-0.11,-0.02,-0.06,0.36,10.01,0.03,-0.04,-0.01
-0.06,0.08,9.94,0.05,-0.11,-0.02,-0.09,0.35,10.01,0.03,-0.05,-0.01
-0.08,0.06,9.93,0.05,-0.11,-0.02,-0.09,0.35,10.01,0.03,-0.05,-0.01
-0.07,0.04,9.93,0.05,-0.11,-0.01,-0.09,0.35,10.02,0.03,-0.05,-0.01
-0.07,0.04,9.93,0.05,-0.11,-0.02,-0.08,0.33,10.01,0.03,-0.05,-0.01
0.06,0.10,10.01,-0.02,-0.00,-0.02,0.16,0.47,10.07,-0.01,0.00,-0.01
-0.10,-0.12,10.01,0.20,-0.32,-0.01,0.16,0.47,10.07,-0.01,0.00,-0.01
-0.46,-0.13,9.98,0.02,-0.07,-0.02,0.05,0.45,10.13,0.18,-0.25,0.00
-0.06,0.15,9.95,0.05,-0.09,-0.02,-0.07,0.18,10.01,0.05,-0.10,-0.00
0.07,-0.07,9.91,0.05,-0.11,-0.02,-0.01,0.27,10.00,0.03,-0.05,-0.01
-0.07,0.08,9.96,0.05,-0.11,-0.01,-0.01,0.27,10.00,0.03,-0.05,-0.01
0.01,0.34,9.93,0.06,-0.12,-0.02,-0.02,0.28,9.98,0.04,-0.06,-0.01
-0.25,-0.29,9.93,-0.01,-0.05,-0.02,-0.03,0.52,10.12,-0.06,0.07,-0.02
-0.29,-0.12,9.93,0.11,-0.17,-0.01,-0.21,0.24,9.95,0.04,-0.07,-0.00
0.34,0.30,9.83,0.07,-0.13,-0.02,-0.21,0.24,9.95,0.04,-0.07,-0.00
-0.06,-0.06,9.93,0.08,-0.15,-0.02,0.25,0.53,10.06,0.01,-0.01,-0.01
-0.14,0.09,9.96,0.06,-0.11,-0.02,-0.02,0.37,9.99,0.02,-0.03,-0.01
-0.01,0.05,9.94,0.05,-0.09,-0.02,-0.08,0.26,9.97,0.02,-0.04,-0.01
-0.21,-0.09,9.89,-0.05,0.05,-0.02,-0.08,0.26,9.97,0.02,-0.04,-0.01
0.35,0.48,9.89,0.17,-0.28,-0.02,-0.42,-0.04,9.85,-0.06,0.09,-0.02
-0.41,-0.13,10.02,0.06,-0.12,-0.01,0.20,0.50,10.08,-0.02,0.03,-0.01
-0.22,0.07,9.97,0.04,-0.09,-0.02,-0.06,0.43,10.03,0.01,-0.02,-0.01
-0.10,0.07,9.94,0.05,-0.10,-0.02,-0.06,0.43,10.03,0.01,-0.02,-0.01
-0.04,-0.01,9.92,0.05,-0.10,-0.02,-0.16,0.36,10.00,0.02,-0.04,-0.01
-0.03,0.13,9.94,0.06,-0.11,-0.02,-0.14,0.30,10.01,0.03,-0.05,-0.01
-0.07,0.03,9.92,0.06,-0.11,-0.02,-0.11,0.26,10.01,0.03,-0.05,-0.01
-0.10,-0.04,9.90,0.07,-0.13,-0.02,-0.11,0.26,10.01,0.03,-0.05,-0.01
0.02,0.17,9.92,0.05,-0.10,-0.02,-0.07,0.26,9.98,0.05,-0.07,-0.01
-0.01,0.10,9.92,0.05,-0.11,-0.01,-0.13,0.30,10.01,0.03,-0.04,-0.01
-0.14,-0.02,9.94,0.06,-0.12,-0.02,-0.16,0.28,10.03,0.02,-0.04,-0.01
-0.06,0.18,9.94,0.05,-0.09,-0.01,-0.16,0.28,10.03,0.02,-0.04,-0.01
-0.10,0.11,9.95,0.06,-0.11,-0.02,-0.11,0.36,10.05,0.01,-0.03,-0.01
-0.03,-0.04,9.92,0.06,-0.12,-0.02,-0.06,0.38,10.00,0.03,-0.05,-0.01
-0.21,0.13,9.96,0.05,-0.11,-0.01,-0.16,0.40,9.99,0.01,-0.02,-0.01
-0.15,0.02,9.95,0.05,-0.10,-0.02,-0.16,0.40,9.99,0.01,-0.02,-0.01
-0.04,0.01,9.92,0.05,-0.11,-0.02,-0.16,0.33,9.98,0.03,-0.04,-0.01
-0.12,0.14,9.94,0.06,-0.12,-0.02,-0.06,0.27,10.01,0.02,-0.04,-0.01
-0.11,0.05,9.94,0.06,-0.11,-0.02,-0.12,0.23,9.99,0.02,-0.04,-0.01
-0.09,0.03,9.95,0.05,-0.10,-0.02,-0.12,0.23,9.99,0.02,-0.04,-0.01
-0.36,0.03,10.36,0.06,-0.10,-0.02,-0.12,0.28,10.01,0.02,-0.04,-0.01
-0.28,0.03,9.95,0.05,-0.10,-0.02,0.11,0.37,10.19,0.04,-0.05,-0.00
-0.11,0.02,9.92,0.05,-0.10,-0.02,-0.01,0.33,10.05,0.03,-0.05,-0.01
-0.06,0.09,9.93,0.05,-0.10,-0.02,-0.01,0.33,10.05,0.03,-0.05,-0.01
-0.07,0.06,9.96,0.06,-0.11,-0.02,-0.09,0.34,10.02,0.02,-0.04,-0.01
0.18,0.11,9.89,0.06,-0.11,-0.01,-0.19,0.31,9.95,0.04,-0.07,-0.01
-0.18,0.12,9.91,0.05,-0.09,-0.01,-0.27,0.31,10.06,0.01,-0.01,0.00
-0.23,0.06,9.97,0.06,-0.12,-0.02,-0.27,0.31,10.06,0.01,-0.01,0.00
-0.15,-0.01,9.95,0.04,-0.09,-0.02,-0.19,0.34,9.99,0.04,-0.08,-0.01
-0.07,0.05,9.92,0.05,-0.10,-0.02,-0.10,0.36,10.03,0.03,-0.06,-0.01
-0.04,0.09,9.92,0.06,-0.11,-0.02,-0.07,0.34,10.02,0.03,-0.05,-0.01
-0.06,0.03,9.93,0.05,-0.11,-0.02,-0.07,0.34,10.02,0.03,-0.05,-0.01
-0.06,0.06,9.92,0.05,-0.11,-0.01,-0.09,0.33,10.02,0.03,-0.05,-0.01
-0.07,0.07,9.94,0.05,-0.11,-0.02,-0.09,0.31,10.02,0.03,-0.04,-0.01
-0.07,0.04,9.93,0.05,-0.11,-0.02,-0.10,0.31,10.02,0.03,-0.05,-0.01
-0.08,0.06,9.94,0.05,-0.11,-0.02,-0.10,0.31,10.02,0.03,-0.05,-0.01
0.04,0.08,9.90,0.04,-0.10,-0.01,-0.09,0.32,10.01,0.03,-0.05,-0.01
0.06,0.10,9.91,0.05,-0.10,-0.01,-0.39,0.14,9.84,0.04,-0.03,-0.01
-0.07,-0.03,9.92,0.05,-0.10,-0.02,-0.12,0.36,10.05,0.03,-0.05,-0.01
-0.17,0.03,9.97,0.05,-0.10,-0.02,-0.12,0.36,10.05,0.03,-0.05,-0.01
-0.16,0.10,10.03,0.07,-0.12,-0.02,-0.19,0.29,9.98,0.04,-0.06,-0.01
0.32,0.27,9.89,0.09,-0.15,-0.02,0.08,0.52,10.12,0.01,-0.02,-0.01
-0.75,0.05,10.02,0.09,-0.15,-0.01,-0.50,-0.18,9.60,-0.04,0.06,-0.02
-0.11,0.19,10.03,0.16,-0.32,-0.01,-0.50,-0.18,9.60,-0.04,0.06,-0.02
0.16,-0.05,10.02,0.10,-0.59,0.01,-0.08,0.53,10.23,0.13,-0.26,0.01
0.90,0.12,9.94,0.10,-0.59,-0.00,0.56,0.48,10.11,0.11,-0.53,0.02
1.13,0.29,9.71,0.03,-0.51,0.10,1.09,0.66,9.78,0.03,-0.46,0.09
1.54,-0.24,10.18,-0.07,-0.69,0.04,1.09,0.66,9.78,0.03,-0.46,0.09
2.41,0.12,9.56,0.02,-0.89,0.01,1.48,0.06,10.04,-0.04,-0.65,0.05
3.46,-0.24,9.01,-0.04,-0.37,-0.01,2.99,0.42,9.37,-0.00,-0.74,0.03
3.25,0.55,8.80,0.14,0.14,-0.03,3.27,-0.07,9.43,0.08,0.12,-0.03
1.95,-0.18,10.38,0.14,0.14,-0.04,3.27,-0.07,9.43,0.08,0.12,-0.03
2.60,0.26,9.88,0.51,-0.60,-0.10,1.84,-0.22,10.44,0.13,0.05,-0.04
2.90,0.76,9.03,0.72,0.12,0.14,3.30,0.46,9.46,0.61,-0.42,-0.02
2.76,1.01,9.93,0.25,0.20,0.46,2.72,1.35,9.91,0.44,0.30,0.44
3.23,1.19,10.79,0.04,-0.27,0.03,2.72,1.35,9.91,0.44,0.30,0.44
3.07,1.49,9.90,-0.26,0.06,0.03,3.18,1.53,10.93,-0.01,-0.22,-0.03
2.67,0.95,9.29,-0.13,0.11,0.64,3.30,1.62,9.74,-0.31,0.21,0.41
2.31,0.94,8.84,0.13,-0.02,0.26,2.47,1.19,8.91,0.06,0.17,0.33
2.42,0.76,8.71,0.24,-0.36,0.27,2.47,1.19,8.91,0.06,0.17,0.33
2.39,1.01,9.19,0.30,-0.16,0.16,2.39,1.05,8.72,0.24,-0.27,0.27
2.53,1.13,8.51,0.04,-0.16,0.25,2.48,1.29,9.08,0.16,-0.16,0.26
1.54,0.01,6.62,-0.27,-0.40,0.47,1.66,0.45,6.43,-0.30,-0.10,0.37
3.88,1.06,13.11,0.14,0.79,-0.94,1.66,0.45,6.43,-0.30,-0.10,0.37
1.37,0.20,7.58,0.23,-1.73,0.61,3.27,1.61,12.77,0.14,0.76,-1.04
4.42,0.25,11.02,0.06,1.92,-0.20,4.25,0.60,8.92,0.19,-1.04,1.22
-0.07,0.45,7.41,0.16,-1.88,0.62,0.55,0.52,8.11,0.35,-0.19,-0.22
2.74,1.02,9.12,-0.27,2.18,-1.14,0.55,0.52,8.11,0.35,-0.19,-0.22
4.99,1.62,11.16,0.47,-0.33,-0.77,1.16,0.97,7.90,-0.31,1.79,-1.07
4.15,1.72,11.03,0.05,0.15,-0.69,2.00,1.60,9.31,0.07,-0.16,-0.79
4.26,0.66,9.29,0.33,-1.87,0.95,1.54,0.52,7.58,0.14,-1.26,0.54
-0.50,1.32,8.90,-0.08,0.69,0.03,1.54,0.52,7.58,0.14,-1.26,0.54
8.01,0.88,9.18,0.32,-0.96,0.79,0.57,0.93,7.50,-0.09,0.07,0.35
-2.94,0.81,7.62,-0.36,-0.39,0.14,3.54,1.90,12.14,-0.32,3.03,-1.31
4.07,1.35,9.00,0.10,0.74,-0.86,6.68,1.99,11.56,0.61,-0.95,-0.44
2.58,0.90,8.62,0.25,-0.18,0.23,6.68,1.99,11.56,0.61,-0.95,-0.44
3.08,1.31,9.62,0.23,0.48,-0.45,2.56,1.19,8.74,0.30,-0.13,0.22
2.47,1.21,9.36,0.01,-0.24,-0.36,2.70,1.61,9.60,0.00,0.34,-0.47
2.92,1.23,9.49,0.10,-0.30,-0.23,3.09,1.43,9.31,0.04,-0.32,-0.27
2.78,1.41,9.73,0.06,-0.40,0.20,3.09,1.43,9.31,0.04,-0.32,-0.27
2.72,1.11,9.15,0.09,-0.16,0.39,3.15,1.54,9.82,0.03,-0.33,0.30
2.13,0.93,9.11,-0.13,0.06,-0.25,2.02,2.84,15.04,0.06,-0.03,0.17
3.01,1.21,9.12,-0.14,0.03,0.06,2.73,1.62,9.04,-0.16,-0.05,0.02
2.06,0.87,9.84,-0.20,0.55,0.16,2.73,1.62,9.04,-0.16,-0.05,0.02
1.75,0.35,10.18,-0.26,-0.14,0.04,2.00,1.26,10.03,-0.23,0.54,0.15
2.00,0.44,9.58,-0.16,-0.13,0.11,2.03,0.46,9.92,-0.26,-0.24,-0.01
1.82,-0.11,9.95,0.03,-0.26,0.00,1.86,0.29,9.91,-0.03,-0.14,-0.02
2.81,0.36,9.28,0.06,-0.20,-0.03,1.86,0.29,9.91,-0.03,-0.14,-0.02
2.22,0.18,9.64,0.07,0.37,-0.03,2.82,0.47,9.20,0.04,-0.01,-0.01
1.27,0.22,10.08,0.02,0.07,-0.01,1.68,0.59,10.06,0.05,0.44,-0.04
1.70,0.28,9.67,0.08,-0.08,-0.02,1.70,0.33,9.80,0.05,-0.02,-0.02
1.60,0.11,9.76,0.07,0.04,-0.02,1.70,0.33,9.80,0.05,-0.02,-0.02
1.43,0.19,9.87,0.06,0.00,-0.02,1.56,0.37,9.91,0.04,0.10,-0.02
1.46,0.16,9.74,0.05,0.06,-0.03,1.42,0.38,9.91,0.04,0.06,-0.02
1.07,0.13,9.83,0.10,0.24,-0.04,1.23,0.39,9.89,0.05,0.26,-0.04
0.60,0.28,9.99,0.06,0.09,-0.03,1.23,0.39,9.89,0.05,0.26,-0.04
0.76,0.24,9.98,0.02,-0.01,-0.01,0.61,0.51,10.03,0.02,0.13,-0.03
0.59,0.01,9.89,0.04,0.11,-0.03,0.66,0.52,9.96,0.03,0.08,-0.02
-0.12,0.20,10.10,0.05,-0.07,-0.02,-0.09,0.54,10.12,0.01,0.09,-0.02
0.38,0.38,9.89,0.05,-0.05,-0.02,-0.09,0.54,10.12,0.01,0.09,-0.02
0.16,0.06,9.89,0.05,-0.06,-0.02,0.33,0.66,10.01,0.02,0.02,-0.01
0.22,0.08,9.88,0.01,-0.02,-0.02,0.17,0.32,10.00,-0.03,-0.01,-0.01
0.15,0.18,9.97,0.07,-0.13,-0.01,-0.03,0.33,9.99,0.02,-0.02,-0.01
0.14,0.07,9.93,0.05,-0.09,-0.02,-0.03,0.33,9.99,0.02,-0.02,-0.01
0.19,0.10,9.93,0.05,-0.10,-0.02,0.13,0.41,10.02,0.03,-0.04,-0.01
-0.18,0.40,10.38,0.07,-0.14,-0.03,0.12,0.35,10.03,0.02,-0.04,-0.01
0.21,0.19,9.92,0.02,0.00,-0.02,0.63,0.43,10.03,0.02,-0.02,-0.01
0.41,0.14,9.80,0.07,-0.15,-0.01,0.63,0.43,10.03,0.02,-0.02,-0.01
0.17,0.16,9.92,0.06,-0.13,-0.02,0.38,0.41,10.01,0.03,-0.06,-0.01
0.02,0.07,10.00,0.03,-0.05,-0.02,0.27,0.41,10.03,0.03,-0.05,-0.01
0.26,0.17,9.88,0.06,-0.12,-0.02,0.24,0.50,10.01,0.06,-0.08,-0.01
0.23,0.11,9.89,0.06,-0.10,-0.02,0.24,0.50,10.01,0.06,-0.08,-0.01
0.03,0.13,9.96,0.04,-0.08,-0.01,0.22,0.36,9.99,0.03,-0.02,-0.01
0.01,0.21,9.97,0.06,-0.13,-0.01,-0.09,0.24,9.92,0.04,-0.04,0.01
0.01,0.02,9.94,0.04,-0.07,-0.02,0.27,0.37,10.02,0.02,-0.04,-0.01
0.17,0.24,9.95,0.05,-0.09,-0.02,0.27,0.37,10.02,0.02,-0.04,-0.01
0.08,0.15,9.95,0.05,-0.10,-0.02,0.11,0.45,10.04,0.02,-0.02,-0.01
0.03,0.17,9.95,0.05,-0.11,-0.02,0.03,0.45,10.00,0.03,-0.05,-0.01
0.05,0.09,9.93,0.05,-0.12,-0.02,0.03,0.45,10.00,0.03,-0.05,-0.01
0.25,0.10,9.93,0.06,-0.11,-0.04,0.11,0.45,10.03,0.03,-0.06,-0.01
0.16,0.20,9.92,0.06,-0.14,-0.01,0.02,0.27,10.03,0.03,-0.05,-0.01
0.15,0.04,9.92,0.05,-0.12,-0.02,0.16,0.36,10.02,0.03,-0.06,-0.01
0.12,0.17,9.94,0.05,-0.11,-0.02,0.16,0.36,10.02,0.03,-0.06,-0.01
0.12,0.13,9.94,0.06,-0.11,-0.02,0.11,0.39,10.02,0.02,-0.05,-0.01
0.16,0.05,9.92,0.05,-0.10,-0.01,0.17,0.52,10.03,0.02,-0.05,-0.01
0.13,0.20,9.94,0.05,-0.12,-0.02,0.08,0.49,10.02,0.03,-0.04,-0.01
0.15,0.14,9.92,0.05,-0.10,-0.02,0.08,0.49,10.02,0.03,-0.04,-0.01
0.06,0.07,9.95,0.04,-0.08,-0.01,0.17,0.43,10.00,0.02,-0.04,-0.01
0.21,0.15,9.92,0.06,-0.12,-0.02,0.06,0.37,10.02,0.03,-0.05,-0.01
0.13,0.11,9.92,0.06,-0.12,-0.02,0.04,0.33,9.98,0.02,-0.04,-0.01
0.17,0.12,9.91,0.05,-0.09,-0.02,0.04,0.33,9.98,0.02,-0.04,-0.01
0.10,0.21,9.94,0.06,-0.12,-0.02,0.11,0.37,10.01,0.02,-0.02,-0.01
0.05,0.11,9.93,0.06,-0.10,-0.02,0.20,0.40,10.03,0.03,-0.06,-0.01
0.11,0.19,9.94,0.05,-0.11,-0.02,0.21,0.46,10.08,0.04,-0.06,-0.02
-0.00,0.01,9.93,0.05,-0.08,-0.02,0.21,0.46,10.08,0.04,-0.06,-0.02
0.13,0.24,9.90,0.05,-0.12,-0.01,-0.01,0.30,10.03,0.03,-0.04,-0.01
0.01,0.17,10.01,0.06,-0.10,-0.02,0.20,0.26,9.96,0.04,-0.06,-0.01
0.11,-0.01,9.91,0.05,-0.10,-0.02,0.13,0.46,10.05,0.02,-0.03,-0.01
0.14,0.25,9.97,0.06,-0.13,-0.02,0.13,0.46,10.05,0.02,-0.03,-0.01
0.09,0.08,9.91,0.05,-0.11,-0.01,0.23,0.52,10.04,0.03,-0.06,-0.01
0.06,0.08,9.95,0.05,-0.14,-0.02,0.11,0.44,10.02,0.03,-0.07,-0.01
-0.14,0.27,10.00,0.01,-0.16,0.01,0.26,0.53,9.99,0.04,-0.15,-0.00
0.16,0.31,10.02,0.00,-0.40,-0.04,0.26,0.53,9.99,0.04,-0.15,-0.00
0.87,-0.03,9.85,0.02,-0.70,-0.02,0.12,0.57,10.24,-0.04,-0.37,-0.01
1.41,0.16,9.77,0.04,-0.58,-0.01,1.15,0.34,9.75,-0.02,-0.53,-0.02
1.86,-0.06,9.65,0.02,-0.53,-0.00,1.68,0.16,9.87,-0.01,-0.48,0.02
2.24,-0.11,9.60,0.03,-0.40,-0.01,1.68,0.16,9.87,-0.01,-0.48,0.02
2.43,-0.06,9.54,0.05,-0.19,-0.02,2.27,0.17,9.70,0.00,-0.32,0.01
2.18,-0.11,9.81,0.04,-0.22,-0.04,2.29,0.12,9.76,0.02,-0.07,-0.01
2.58,-0.11,9.52,0.05,-0.31,-0.01,2.53,0.23,9.72,0.01,-0.25,-0.00
2.74,-0.09,9.48,0.05,-0.18,-0.01,2.53,0.23,9.72,0.01,-0.25,-0.00
2.56,-0.15,9.63,0.05,-0.11,-0.02,2.77,0.20,9.65,0.03,-0.10,-0.00
2.71,-0.08,9.54,0.05,-0.20,-0.01,2.63,0.19,9.76,0.03,-0.09,-0.00
2.78,-0.12,9.52,0.05,-0.18,-0.01,2.83,0.15,9.63,0.03,-0.12,-0.00
2.87,-0.05,9.61,0.06,-0.37,-0.02,2.83,0.15,9.63,0.03,-0.12,-0.00
3.33,-0.07,9.09,0.06,-0.25,-0.02,2.97,0.28,9.61,0.03,-0.32,0.00
3.14,-0.13,9.35,0.05,0.04,-0.02,3.43,0.26,9.37,0.03,-0.03,-0.01
2.87,-0.11,9.58,0.05,-0.03,-0.02,2.95,0.18,9.68,0.02,0.08,-0.01
2.98,-0.11,9.39,0.05,-0.05,-0.02,2.95,0.18,9.68,0.02,0.08,-0.01
3.71,-0.31,9.90,0.06,0.09,-0.04,2.98,0.19,9.58,0.03,0.02,-0.01
2.69,-0.06,9.57,0.04,0.02,-0.04,2.82,0.33,9.86,0.03,0.05,-0.03
2.54,-0.11,9.66,0.06,-0.17,-0.01,2.42,0.20,9.83,0.03,-0.05,-0.00
2.89,-0.11,9.37,0.05,-0.14,-0.01,2.42,0.20,9.83,0.03,-0.05,-0.00
2.64,-0.10,9.57,0.06,0.00,-0.02,2.97,0.17,9.52,0.03,-0.06,-0.00
2.54,-0.08,9.65,0.05,-0.15,-0.01,2.56,0.23,9.80,0.03,0.00,-0.01
2.78,-0.10,9.45,0.05,-0.14,-0.02,2.82,0.20,9.61,0.02,-0.10,-0.00
2.69,-0.05,9.56,0.06,-0.04,-0.01,2.82,0.20,9.61,0.02,-0.10,-0.00
2.62,-0.13,9.54,0.06,-0.02,-0.02,2.70,0.23,9.65,0.03,0.03,-0.01
2.61,-0.12,9.50,0.07,0.08,-0.02,2.65,0.26,9.66,0.03,0.06,-0.02
2.38,-0.03,9.52,0.09,0.27,-0.03,2.46,0.22,9.67,0.05,0.27,-0.03
1.70,-0.09,9.78,0.10,0.43,-0.04,2.46,0.22,9.67,0.05,0.27,-0.03
1.17,0.06,9.79,0.10,0.58,-0.04,1.72,0.27,9.86,0.07,0.49,-0.04
0.15,0.11,10.23,0.06,0.45,-0.04,0.81,0.29,10.07,0.06,0.66,-0.05
0.10,0.04,9.98,0.08,-0.18,-0.01,-0.39,0.29,10.07,0.02,0.03,-0.00
0.33,0.06,9.92,0.05,-0.05,-0.02,-0.39,0.29,10.07,0.02,0.03,-0.00
0.15,0.03,9.97,0.06,-0.13,-0.01,0.26,0.34,10.02,0.02,0.03,-0.01
0.21,0.05,9.93,0.05,-0.09,-0.01,0.36,0.32,9.99,0.02,-0.05,-0.01
0.19,0.05,9.95,0.06,-0.10,-0.01,0.22,0.31,10.01,0.03,-0.02,-0.01
0.13,0.05,9.96,0.07,-0.11,-0.02,0.22,0.31,10.01,0.03,-0.02,-0.01
0.18,0.08,9.93,0.06,-0.10,-0.02,0.14,0.33,10.01,0.04,-0.05,-0.01
0.19,0.09,9.94,0.06,-0.11,-0.02,0.18,0.35,10.01,0.03,-0.04,-0.01
0.11,0.09,9.94,0.06,-0.12,-0.03,0.25,0.38,10.02,0.02,-0.05,-0.01
0.17,0.12,9.92,0.05,-0.07,-0.01,0.25,0.38,10.02,0.02,-0.05,-0.01
0.19,0.04,9.91,0.06,-0.12,-0.01,0.14,0.38,10.05,0.02,-0.02,-0.01
0.08,0.07,9.97,0.06,-0.12,-0.02,0.25,0.40,10.00,0.03,-0.05,-0.01
0.26,0.11,9.91,0.06,-0.11,-0.02,0.21,0.40,10.02,0.03,-0.06,-0.01
0.19,0.10,9.94,0.05,-0.10,-0.02,0.21,0.40,10.02,0.03,-0.06,-0.01
0.28,0.04,9.90,0.05,-0.11,-0.02,0.17,0.36,10.02,0.02,-0.04,-0.01
0.26,0.08,9.93,0.06,-0.11,-0.02,0.14,0.31,10.02,0.03,-0.05,-0.01
0.19,0.07,9.96,0.05,-0.10,-0.02,0.12,0.33,10.02,0.02,-0.03,-0.01
0.17,0.14,9.91,0.06,-0.11,-0.01,0.12,0.33,10.02,0.02,-0.03,-0.01
0.21,0.04,9.92,0.06,-0.11,-0.02,0.23,0.36,10.06,0.03,-0.04,-0.01
0.16,0.10,9.93,0.06,-0.10,-0.02,0.22,0.35,10.01,0.03,-0.04,-0.01
0.18,0.09,9.93,0.05,-0.10,-0.02,0.19,0.35,10.02,0.03,-0.04,-0.01
0.15,0.05,9.93,0.06,-0.10,-0.02,0.19,0.35,10.02,0.03,-0.04,-0.01
0.28,0.08,10.13,0.08,-0.07,-0.04,0.16,0.31,10.01,0.03,-0.04,-0.01
-0.03,0.10,9.94,0.06,-0.08,-0.01,0.08,0.40,10.03,0.04,0.04,-0.02
0.12,0.07,9.94,0.05,-0.12,-0.01,0.14,0.44,10.01,0.02,-0.07,-0.01
0.11,0.10,9.94,0.06,-0.11,-0.02,0.14,0.44,10.01,0.02,-0.07,-0.01
0.11,0.10,9.93,0.05,-0.10,-0.01,0.11,0.39,10.01,0.03,-0.05,-0.01
0.07,0.09,9.93,0.05,-0.11,-0.02,0.09,0.36,10.01,0.03,-0.05,-0.01
0.13,0.08,9.93,0.05,-0.11,-0.02,0.13,0.37,10.01,0.03,-0.05,-0.01
0.16,0.14,9.96,0.06,-0.10,-0.02,0.13,0.37,10.01,0.03,-0.05,-0.01
0.08,0.07,10.13,0.05,-0.16,-0.02,0.10,0.38,10.01,0.03,-0.02,-0.01
0.11,0.08,9.94,0.05,-0.11,-0.02,0.14,0.42,10.01,0.02,-0.05,-0.01
0.12,0.13,9.92,0.05,-0.12,-0.01,0.08,0.33,10.00,0.02,-0.05,-0.01
0.09,0.15,9.95,0.05,-0.11,-0.02,0.08,0.33,10.00,0.02,-0.05,-0.01
-0.17,0.09,9.98,0.05,-0.09,-0.01,0.12,0.45,10.00,0.02,-0.04,-0.01
0.02,0.01,9.95,0.05,-0.07,-0.01,0.19,0.37,10.01,0.05,-0.07,-0.00
0.35,0.00,9.87,0.03,-0.07,-0.02,0.58,0.52,10.11,0.08,-0.12,-0.00
0.20,0.01,9.92,0.06,-0.13,-0.01,0.58,0.52,10.11,0.08,-0.12,-0.00
0.07,0.08,9.94,0.06,-0.12,-0.02,0.27,0.30,9.99,0.04,-0.07,-0.00
0.08,0.08,9.93,0.06,-0.11,-0.02,0.16,0.34,10.01,0.03,-0.04,-0.01
0.08,0.07,9.94,0.05,-0.11,-0.02,0.09,0.33,10.02,0.03,-0.04,-0.01
0.11,0.08,9.93,0.05,-0.11,-0.02,0.09,0.33,10.02,0.03,-0.04,-0.01
0.11,0.08,9.94,0.05,-0.11,-0.02,0.09,0.34,10.01,0.03,-0.05,-0.01
0.12,0.07,9.93,0.05,-0.11,-0.02,0.11,0.36,10.02,0.03,-0.05,-0.01
0.12,0.08,9.93,0.05,-0.11,-0.02,0.11,0.36,10.02,0.03,-0.05,-0.01
0.12,0.08,9.94,0.05,-0.11,-0.02,0.11,0.36,10.02,0.03,-0.05,-0.01
0.11,0.07,9.94,0.05,-0.11,-0.02,0.11,0.36,10.02,0.03,-0.05,-0.01
0.12,0.07,9.93,0.05,-0.11,-0.02,0.11,0.35,10.02,0.03,-0.05,-0.01
0.12,0.07,9.94,0.05,-0.11,-0.02,0.10,0.35,10.02,0.03,-0.05,-0.01
0.12,0.07,9.94,0.05,-0.11,-0.02,0.10,0.35,10.02,0.03,-0.05,-0.01
0.12,0.08,9.94,0.05,-0.11,-0.02,0.10,0.35,10.01,0.03,-0.05,-0.01
0.12,0.07,9.93,0.05,-0.11,-0.02,0.11,0.35,10.02,0.03,-0.05,-0.01
0.11,0.07,9.92,0.05,-0.11,-0.02,0.11,0.35,10.02,0.03,-0.05,-0.01
0.12,0.08,9.94,0.05,-0.11,-0.02,0.11,0.35,10.02,0.03,-0.05,-0.01
0.12,0.08,9.93,0.05,-0.11,-0.02,0.11,0.34,10.01,0.03,-0.05,-0.01
0.11,0.07,9.93,0.05,-0.11,-0.02,0.10,0.35,10.02,0.03,-0.05,-0.01
0.12,0.08,9.93,0.05,-0.11,-0.02,0.11,0.35,10.01,0.03,-0.05,-0.01
0.11,0.08,9.94,0.05,-0.11,-0.02,0.11,0.35,10.01,0.03,-0.05,-0.01
0.11,0.08,9.93,0.05,-0.11,-0.02,0.11,0.34,10.01,0.03,-0.05,-0.01
0.11,0.07,9.94,0.05,-0.11,-0.02,0.11,0.35,10.01,0.03,-0.05,-0.01
0.12,0.08,9.94,0.05,-0.11,-0.02,0.10,0.35,10.02,0.03,-0.05,-0.01
0.11,0.07,9.94,0.05,-0.11,-0.02,0.10,0.35,10.02,0.03,-0.05,-0.01
0.11,0.08,9.93,0.05,-0.11,-0.02,0.11,0.35,10.01,0.03,-0.05,-0.01
0.12,0.08,9.93,0.05,-0.11,-0.02,0.10,0.35,10.02,0.03,-0.05,-0.01
0.11,0.07,9.93,0.05,-0.11,-0.02,0.11,0.35,10.02,0.03,-0.05,-0.01
0.12,0.07,9.94,0.05,-0.11,-0.02,0.11,0.35,10.02,0.03,-0.05,-0.01
0.11,0.08,9.94,0.05,-0.11,-0.02,0.11,0.35,10.02,0.03,-0.05,-0.01
0.12,0.07,9.92,0.05,-0.11,-0.02,0.10,0.36,10.01,0.03,-0.05,-0.01
0.11,0.07,9.94,0.05,-0.11,-0.02,0.11,0.35,10.02,0.03,-0.05,-0.01
0.12,0.07,9.93,0.05,-0.11,-0.02,0.11,0.35,10.02,0.03,-0.05,-0.01
0.11,0.08,9.94,0.05,-0.11,-0.02,0.10,0.34,10.00,0.03,-0.05,-0.01
0.11,0.07,9.93,0.05,-0.11,-0.02,0.11,0.35,10.01,0.03,-0.05,-0.01
0.11,0.07,9.93,0.05,-0.11,-0.02,0.11,0.35,10.02,0.03,-0.05,-0.01
0.11,0.10,9.93,0.05,-0.11,-0.02,0.11,0.35,10.02,0.03,-0.05,-0.01
0.12,0.07,9.92,0.05,-0.11,-0.02,0.12,0.37,10.02,0.03,-0.05,-0.01
0.12,0.08,9.92,0.05,-0.11,-0.02,0.11,0.36,10.02,0.03,-0.05,-0.01
0.12,0.08,9.94,0.05,-0.11,-0.02,0.10,0.35,10.03,0.03,-0.05,-0.01
0.11,0.06,9.93,0.05,-0.11,-0.02,0.10,0.35,10.03,0.03,-0.05,-0.01
0.11,0.06,9.92,0.05,-0.11,-0.02,0.11,0.33,10.01,0.03,-0.05,-0.01
0.09,0.15,9.93,0.07,-0.11,-0.02,0.11,0.36,9.99,0.03,-0.05,-0.01
0.10,0.00,9.91,0.05,-0.10,-0.01,0.11,0.28,10.01,0.03,-0.04,-0.01
0.20,0.08,9.92,0.05,-0.10,-0.02,0.11,0.28,10.01,0.03,-0.04,-0.01
0.15,0.10,9.94,0.05,-0.11,-0.02,0.10,0.31,10.01,0.02,-0.04,-0.01
0.11,0.00,9.97,0.05,-0.09,-0.02,0.11,0.39,10.03,0.03,-0.04,-0.01
0.14,0.08,9.94,0.05,-0.10,-0.02,0.19,0.43,10.05,0.03,-0.05,-0.01
0.11,0.05,9.97,0.05,-0.11,-0.02,0.19,0.43,10.05,0.03,-0.05,-0.01
0.14,0.08,9.93,0.06,-0.11,-0.02,0.16,0.39,10.01,0.03,-0.05,-0.01
0.11,0.08,9.94,0.05,-0.11,-0.02,0.10,0.34,10.00,0.03,-0.05,-0.01
0.13,0.08,9.92,0.05,-0.11,-0.02,0.10,0.33,10.01,0.03,-0.05,-0.01
0.13,0.08,9.94,0.05,-0.11,-0.02,0.10,0.33,10.01,0.03,-0.05,-0.01
0.12,0.08,9.93,0.05,-0.11,-0.02,0.11,0.35,10.01,0.03,-0.05,-0.01
0.12,0.08,9.94,0.05,-0.11,-0.02,0.12,0.35,10.02,0.03,-0.05,-0.01
0.11,0.07,9.94,0.05,-0.11,-0.02,0.11,0.35,10.02,0.03,-0.05,-0.01
0.12,0.08,9.95,0.05,-0.11,-0.02,0.11,0.35,10.02,0.03,-0.05,-0.01
0.11,0.07,9.94,0.05,-0.11,-0.02,0.11,0.35,10.01,0.03,-0.05,-0.01
0.12,0.08,9.94,0.05,-0.11,-0.02,0.11,0.35,10.02,0.03,-0.04,-0.01
0.12,0.08,9.95,0.05,-0.11,-0.02,0.10,0.35,10.03,0.03,-0.05,-0.01
0.12,0.08,9.93,0.05,-0.11,-0.02,0.10,0.35,10.03,0.03,-0.05,-0.01
0.12,0.07,9.94,0.05,-0.11,-0.02,0.10,0.35,10.02,0.03,-0.05,-0.01
0.13,0.08,9.92,0.05,-0.11,-0.02,0.12,0.35,10.02,0.03,-0.05,-0.01
0.09,0.06,9.95,0.05,-0.11,-0.02,0.10,0.35,10.02,0.03,-0.04,-0.01
0.11,0.08,9.95,0.05,-0.11,-0.02,0.10,0.35,10.02,0.03,-0.04,-0.01
0.12,0.08,9.94,0.05,-0.11,-0.02,0.10,0.37,10.02,0.03,-0.05,-0.01
0.11,0.06,9.94,0.05,-0.11,-0.01,0.11,0.37,10.02,0.03,-0.05,-0.01
0.12,0.09,9.95,0.05,-0.11,-0.02,0.11,0.36,10.02,0.03,-0.05,-0.01
0.11,0.08,9.92,0.05,-0.11,-0.02,0.11,0.36,10.02,0.03,-0.05,-0.01
0.11,0.07,9.93,0.05,-0.11,-0.02,0.11,0.36,10.01,0.03,-0.05,-0.01
0.18,0.07,9.92,0.05,-0.10,-0.02,0.11,0.35,10.02,0.03,-0.04,-0.01
0.18,0.08,9.91,0.05,-0.11,-0.02,0.07,0.40,10.04,0.04,-0.06,-0.01
0.18,0.11,9.93,0.06,-0.11,-0.01,0.07,0.40,10.04,0.04,-0.06,-0.01
0.11,0.04,9.93,0.05,-0.11,-0.01,0.15,0.40,10.02,0.03,-0.04,-0.01
0.17,0.07,9.90,0.05,-0.10,-0.02,0.14,0.39,10.02,0.03,-0.05,-0.01
0.15,0.11,9.91,0.06,-0.11,-0.02,0.07,0.36,10.03,0.03,-0.05,-0.01
0.10,0.07,9.92,0.06,-0.11,-0.02,0.07,0.36,10.03,0.03,-0.05,-0.01
0.11,0.08,9.94,0.05,-0.11,-0.02,0.13,0.34,10.02,0.03,-0.05,-0.01
0.02,0.06,9.90,0.05,-0.11,-0.02,0.11,0.34,10.02,0.03,-0.05,-0.01
0.12,0.11,9.96,0.05,-0.10,-0.02,0.08,0.34,9.98,0.02,-0.04,-0.01
0.11,0.08,9.91,0.06,-0.11,-0.02,0.08,0.34,9.98,0.02,-0.04,-0.01
0.13,0.06,9.91,0.06,-0.11,-0.02,0.12,0.37,10.04,0.03,-0.05,-0.01
0.15,0.15,9.88,0.06,-0.11,-0.02,0.13,0.38,10.07,0.03,-0.05,-0.01
0.08,0.09,9.96,0.05,-0.10,-0.02,0.15,0.31,10.04,0.03,-0.04,-0.01
0.14,0.06,9.93,0.05,-0.10,-0.02,0.15,0.31,10.04,0.03,-0.04,-0.01
0.17,0.11,9.93,0.06,-0.12,-0.02,0.10,0.34,9.99,0.02,-0.04,-0.01
0.20,0.06,9.94,0.06,-0.11,-0.01,0.11,0.34,9.99,0.01,-0.03,-0.01
0.06,0.09,9.94,0.06,-0.12,-0.02,-0.05,0.35,10.01,0.03,-0.05,-0.01
0.13,0.10,9.94,0.06,-0.11,-0.02,-0.05,0.35,10.01,0.03,-0.05,-0.01
0.11,0.07,9.93,0.05,-0.11,-0.02,0.15,0.37,10.05,0.03,-0.05,-0.01
0.10,0.05,9.93,0.05,-0.10,-0.02,0.06,0.31,9.99,0.02,-0.04,-0.01
0.15,0.07,9.93,0.05,-0.10,-0.01,0.15,0.34,10.00,0.02,-0.04,-0.01
0.20,0.09,9.88,0.06,-0.11,-0.01,0.15,0.34,10.00,0.02,-0.04,-0.01
-0.06,-0.08,9.97,0.04,-0.10,-0.01,0.24,0.39,10.04,0.02,-0.04,-0.01
0.31,0.21,9.95,0.04,-0.10,-0.02,0.08,0.30,10.03,0.05,-0.07,-0.01
0.12,-0.09,9.85,0.06,-0.14,-0.02,-0.02,0.26,10.09,0.03,-0.05,-0.01
0.20,0.28,9.71,0.06,-0.12,-0.02,-0.02,0.26,10.09,0.03,-0.05,-0.01
-0.11,0.17,10.03,0.13,-0.12,-0.01,0.42,0.27,9.75,0.01,-0.05,-0.01
0.12,0.05,9.89,0.05,-0.10,-0.01,0.20,0.50,10.02,0.02,-0.03,-0.01
0.23,0.24,9.83,0.08,-0.13,-0.02,0.06,0.27,9.98,0.03,-0.06,-0.00
-0.13,-0.13,9.99,0.05,-0.11,-0.01,0.06,0.27,9.98,0.03,-0.06,-0.00
0.24,0.16,9.88,0.05,-0.09,-0.01,-0.10,0.17,9.99,0.03,-0.06,-0.01
0.18,0.06,9.93,0.06,-0.11,-0.02,-0.06,0.24,9.96,0.02,-0.04,-0.01
0.10,-0.02,9.98,0.05,-0.10,-0.01,0.17,0.36,10.05,0.03,-0.05,-0.01
0.18,0.14,9.95,0.05,-0.10,-0.02,0.17,0.36,10.05,0.03,-0.05,-0.01
0.12,0.05,9.91,0.06,-0.12,-0.02,0.16,0.39,10.03,0.02,-0.03,-0.01
0.09,0.06,9.94,0.06,-0.12,-0.02,0.14,0.48,10.02,0.03,-0.04,-0.01
-0.12,-0.05,10.38,0.05,-0.13,-0.02,0.11,0.37,10.15,0.03,-0.06,-0.01
-0.10,-0.12,9.92,0.06,-0.12,-0.01,0.11,0.37,10.15,0.03,-0.06,-0.01
0.15,0.03,9.96,0.05,-0.10,-0.02,0.18,0.39,10.07,0.04,-0.07,-0.01
-0.01,0.10,9.96,0.05,-0.10,-0.01,0.14,0.18,10.02,0.01,-0.02,-0.01
0.20,0.00,9.96,0.07,-0.13,-0.02,0.08,0.25,9.99,0.03,-0.06,-0.01
0.19,0.06,9.91,0.05,-0.11,-0.02,0.08,0.25,9.99,0.03,-0.06,-0.01
0.18,0.12,9.88,0.06,-0.12,-0.02,0.14,0.27,9.96,0.02,-0.04,-0.01
0.14,-0.08,9.88,0.06,-0.13,-0.02,0.10,0.36,10.03,0.03,-0.04,-0.01
0.14,0.05,9.93,0.05,-0.11,-0.02,0.12,0.45,10.09,0.03,-0.04,-0.01
0.13,0.12,9.94,0.06,-0.11,-0.02,0.12,0.45,10.09,0.03,-0.04,-0.01
0.12,0.01,9.94,0.05,-0.11,-0.02,0.13,0.38,10.00,0.03,-0.05,-0.01
0.14,0.11,9.94,0.05,-0.11,-0.02,0.13,0.34,9.99,0.03,-0.05,-0.01
0.15,0.08,9.91,0.05,-0.11,-0.02,0.13,0.31,10.05,0.03,-0.04,-0.01
0.12,0.04,9.95,0.05,-0.11,-0.02,0.13,0.31,10.05,0.03,-0.04,-0.01
0.17,0.08,9.92,0.05,-0.11,-0.02,0.19,0.41,10.04,0.03,-0.05,-0.01
0.17,0.11,9.99,0.06,-0.12,-0.02,0.18,0.38,9.95,0.03,-0.04,-0.01
0.10,0.02,9.96,0.05,-0.11,-0.02,0.16,0.39,10.05,0.03,-0.05,-0.01
0.15,0.12,9.98,0.05,-0.10,-0.02,0.16,0.39,10.05,0.03,-0.05,-0.01
0.16,0.10,9.95,0.06,-0.12,-0.01,0.13,0.39,10.03,0.02,-0.04,-0.01
0.16,-0.02,9.89,0.06,-0.11,-0.02,0.12,0.40,9.99,0.02,-0.03,-0.01
0.07,0.18,10.03,0.05,-0.10,-0.02,0.15,0.38,9.99,0.03,-0.05,-0.01
0.01,-0.07,10.10,0.05,-0.10,-0.01,0.15,0.38,9.99,0.03,-0.05,-0.01
0.13,0.08,9.89,0.07,-0.12,-0.01,-0.03,0.39,10.11,0.03,-0.05,-0.01
0.09,0.01,10.21,0.04,-0.10,-0.02,0.15,0.31,10.19,0.03,-0.04,-0.01
0.15,0.17,9.91,0.06,-0.12,-0.02,0.11,0.26,10.06,0.03,-0.05,-0.01
0.23,-0.01,9.78,0.07,-0.14,-0.02,0.11,0.26,10.06,0.03,-0.05,-0.01
0.18,0.13,10.00,0.05,-0.13,-0.02,0.10,0.21,10.12,0.03,-0.05,-0.01
0.15,-0.01,9.78,0.05,-0.11,-0.02,0.17,0.35,9.95,0.02,-0.04,-0.01
-0.01,0.11,9.99,0.05,-0.09,-0.01,0.62,0.62,10.28,0.06,-0.11,-0.00
0.15,0.06,9.95,0.06,-0.11,-0.02,0.62,0.62,10.28,0.06,-0.11,-0.00
0.20,0.11,9.91,0.05,-0.10,-0.02,0.18,0.33,10.01,0.03,-0.05,-0.01
0.15,0.13,9.96,0.05,-0.10,-0.02,0.16,0.31,10.02,0.03,-0.05,-0.01
0.12,0.12,9.91,0.06,-0.11,-0.02,0.15,0.36,10.02,0.03,-0.05,-0.01
0.09,-0.05,9.93,0.05,-0.11,-0.01,0.15,0.36,10.02,0.03,-0.05,-0.01
0.19,0.20,9.93,0.06,-0.12,-0.02,0.12,0.28,10.02,0.03,-0.05,-0.01
0.18,0.03,9.91,0.05,-0.10,-0.02,0.18,0.37,10.03,0.02,-0.04,-0.01
0.14,0.06,9.94,0.05,-0.11,-0.02,0.18,0.36,9.99,0.03,-0.05,-0.01
0.20,0.15,9.90,0.06,-0.11,-0.02,0.18,0.36,9.99,0.03,-0.05,-0.01
0.13,0.06,9.93,0.06,-0.11,-0.02,0.16,0.36,10.04,0.02,-0.04,-0.01
0.15,0.07,9.93,0.05,-0.11,-0.02,0.18,0.37,10.02,0.03,-0.05,-0.01
0.17,0.09,9.94,0.05,-0.11,-0.02,0.15,0.35,10.01,0.03,-0.05,-0.01
0.14,0.05,9.93,0.05,-0.11,-0.02,0.15,0.35,10.01,0.03,-0.05,-0.01
0.15,0.08,9.91,0.05,-0.11,-0.02,0.15,0.34,10.02,0.03,-0.05,-0.01
0.16,0.10,9.93,0.05,-0.11,-0.02,0.14,0.34,10.04,0.03,-0.05,-0.01
0.16,0.06,9.93,0.05,-0.11,-0.02,0.15,0.33,10.02,0.03,-0.05,-0.01
0.17,0.08,9.94,0.05,-0.11,-0.02,0.15,0.33,10.02,0.03,-0.05,-0.01
0.11,-0.01,9.99,0.08,-0.15,-0.02,0.14,0.33,10.02,0.03,-0.05,-0.01
0.10,0.08,9.95,0.05,-0.12,-0.02,0.12,0.37,9.97,0.03,-0.05,-0.00
0.19,0.07,9.79,0.06,-0.12,-0.01,0.12,0.37,9.97,0.03,-0.05,-0.00
0.10,0.01,9.92,0.05,-0.10,-0.02,0.15,0.35,10.05,0.03,-0.04,-0.00
0.30,0.04,9.97,0.04,-0.12,-0.01,0.20,0.20,9.97,0.03,-0.04,-0.01
0.12,0.01,9.85,0.04,-0.10,-0.02,0.18,0.26,10.06,-0.00,-0.06,-0.01
0.21,0.00,10.06,-0.02,-0.16,-0.02,0.18,0.26,10.06,-0.00,-0.06,-0.01
2.80,3.38,8.29,0.22,-0.18,-0.14,0.17,0.29,9.92,-0.04,-0.12,-0.01
-0.04,0.07,10.18,0.08,-0.16,-0.03,0.31,1.36,11.40,0.05,0.08,0.02
0.37,0.45,10.26,0.05,-0.11,-0.02,0.33,0.35,10.27,0.03,-0.07,-0.00
0.09,0.00,9.89,0.05,-0.10,-0.02,0.33,0.35,10.27,0.03,-0.07,-0.00
0.20,0.06,9.73,0.05,-0.10,-0.02,0.08,0.26,10.04,0.03,-0.05,-0.01
0.22,0.20,9.94,0.06,-0.11,-0.02,0.10,0.23,10.05,0.03,-0.05,-0.01
0.09,-0.11,10.05,0.05,-0.10,-0.01,0.30,0.29,10.01,0.02,-0.03,-0.01
0.17,0.10,9.93,0.05,-0.09,-0.02,0.30,0.29,10.01,0.02,-0.03,-0.01
0.21,0.27,9.85,0.05,-0.09,-0.02,0.11,0.30,10.00,0.02,-0.03,-0.01
0.32,-0.04,9.92,-0.06,-0.00,-0.01,0.01,0.22,9.80,0.01,-0.02,-0.01
-0.00,-0.23,10.14,-0.05,-0.08,-0.01,-0.01,0.14,10.32,-0.02,-0.01,-0.00
0.21,0.31,4.37,0.04,-0.11,-0.02,-0.01,0.14,10.32,-0.02,-0.01,-0.00
-0.09,-0.30,10.18,0.09,-0.04,0.00,-2.70,-0.98,11.68,0.53,-0.10,-0.18
0.49,0.14,9.83,0.08,-0.13,-0.01,-0.41,0.56,10.13,0.13,-0.15,0.01
0.12,0.07,9.93,0.06,-0.12,-0.02,0.03,0.25,9.99,0.03,-0.05,-0.01
-0.03,-0.12,9.99,-0.04,0.03,0.01,0.03,0.25,9.99,0.03,-0.05,-0.01
0.17,0.05,9.96,0.02,-0.06,-0.01,-0.24,0.03,9.94,-0.02,0.03,0.01
-0.12,-0.12,9.92,0.05,-0.06,-0.01,-0.05,0.24,9.96,0.02,0.00,-0.00
0.04,-0.02,9.88,0.05,-0.08,-0.00,-0.05,0.20,9.97,0.02,-0.00,-0.00
-0.05,0.00,9.94,0.04,-0.01,-0.01,-0.05,0.20,9.97,0.02,-0.00,-0.00
-0.25,-0.11,10.07,0.00,0.02,-0.02,-0.15,0.22,10.10,0.01,0.06,-0.01
-0.56,-0.09,10.28,-0.05,0.35,-0.03,0.03,0.19,9.95,-0.02,0.15,-0.02
-0.92,0.13,9.37,0.10,0.03,0.01,-1.03,-0.12,9.92,0.04,0.20,-0.02
-0.65,-0.02,9.91,0.10,-0.18,0.01,-1.03,-0.12,9.92,0.04,0.20,-0.02
-0.82,-0.24,10.06,0.03,-0.10,-0.03,-0.80,0.36,10.24,0.07,-0.09,0.02
-0.83,-0.18,9.92,0.05,-0.11,-0.02,-0.88,-0.10,10.33,-0.05,-0.12,-0.01
-0.93,-0.14,9.96,0.07,-0.19,-0.02,-0.93,-0.03,9.85,0.02,-0.03,-0.01
-0.42,0.05,9.60,-0.01,-0.05,-0.02,-0.93,-0.03,9.85,0.02,-0.03,-0.01
-0.19,-0.28,9.82,0.06,-0.11,-0.01,-0.82,0.15,9.62,-0.01,0.04,-0.02
-0.50,-0.14,9.75,0.17,-0.65,-0.01,-0.80,0.33,8.98,0.16,0.03,-0.00
-0.58,0.11,10.41,-0.06,0.09,-0.02,-0.64,-0.07,9.59,0.01,0.07,-0.02
-0.48,-0.08,10.15,-0.06,0.32,-0.06,-0.64,-0.07,9.59,0.01,0.07,-0.02
-0.62,-0.29,10.51,-0.01,-0.02,-0.01,-0.25,-0.06,9.92,-0.01,0.30,-0.06
-0.66,-0.15,10.18,-0.14,0.13,-0.04,-0.66,-0.04,10.25,-0.12,0.06,-0.07
-1.01,-0.72,9.89,-0.13,0.13,-0.05,-0.84,-0.23,9.54,-0.18,0.22,-0.07
-1.45,-1.28,8.71,0.22,-0.01,0.03,-0.84,-0.23,9.54,-0.18,0.22,-0.07
-1.10,0.84,8.22,0.08,-1.66,-0.02,-1.78,-1.02,7.59,0.45,-0.08,0.08
-0.02,-0.09,9.74,-0.10,0.20,0.03,1.12,1.08,9.93,0.28,-1.10,-0.06
0.70,0.56,9.72,0.10,-0.15,-0.01,0.02,0.36,10.03,0.06,-0.15,0.00
-0.26,-0.34,10.24,-0.01,-0.03,-0.00,0.02,0.36,10.03,0.06,-0.15,0.00
-0.02,-0.02,9.87,0.06,-0.10,0.00,-2.09,0.37,9.85,-0.00,0.00,-0.04
-0.05,0.07,9.96,0.07,-0.13,-0.01,-0.17,0.18,10.01,0.03,-0.05,0.00
-0.17,-0.09,9.95,0.05,-0.11,-0.02,-0.17,0.19,10.07,0.04,-0.06,-0.01
-0.01,0.02,9.83,0.04,-0.07,-0.02,-0.17,0.19,10.07,0.04,-0.06,-0.01
0.26,0.19,9.97,0.06,-0.12,-0.02,-0.14,0.26,9.88,0.02,-0.01,-0.01
-0.32,-0.34,10.16,0.07,-0.16,-0.01,0.25,0.76,9.65,0.01,0.01,-0.01
-0.03,0.25,10.05,0.07,-0.12,-0.01,0.03,0.49,9.99,0.04,-0.07,-0.00
0.05,0.20,9.89,0.19,-0.35,-0.00,0.03,0.49,9.99,0.04,-0.07,-0.00
0.33,-0.02,9.83,0.04,-0.24,0.00,0.02,0.54,9.89,0.13,-0.26,0.01
0.65,0.32,9.81,-0.01,-0.14,0.02,0.35,0.32,10.15,0.00,-0.19,0.01
0.53,0.09,9.90,0.04,-0.08,0.01,0.36,0.33,10.06,0.02,-0.01,0.01
0.08,-0.00,9.80,0.00,-0.02,-0.02,0.36,0.33,10.06,0.02,-0.01,0.01
0.29,0.08,10.34,0.07,0.11,-0.02,0.04,0.05,9.63,0.06,-0.02,-0.02
0.28,0.28,9.83,0.07,-0.09,-0.02,0.15,0.34,10.05,0.03,-0.02,-0.02
0.13,0.08,9.92,0.04,-0.08,-0.02,0.22,0.39,10.06,0.01,-0.02,-0.01
-0.03,0.04,10.32,-0.06,0.08,-0.03,0.22,0.39,10.06,0.01,-0.02,-0.01
-0.24,-0.05,10.08,-0.09,0.34,-0.05,-0.16,0.36,9.83,-0.09,0.12,-0.03
-0.42,-0.18,10.19,-0.03,0.24,-0.03,-0.21,0.16,10.07,-0.05,0.20,-0.03
-0.88,-0.07,10.20,-0.18,0.11,-0.03,-0.67,0.04,10.62,-0.10,0.14,-0.01
-1.57,-1.14,10.01,-0.13,-0.23,0.01,-0.67,0.04,10.62,-0.10,0.14,-0.01
-1.34,0.14,9.06,0.86,-0.38,-0.25,-1.23,-0.49,9.22,-0.10,-0.19,0.02
0.90,1.03,13.39,0.05,-1.04,0.06,0.21,0.87,8.85,1.13,-0.37,-0.38
-0.04,0.83,9.88,-0.00,-0.04,0.03,0.59,1.04,9.82,0.00,0.00,0.02
0.33,0.80,9.92,0.07,-0.16,-0.01,0.59,1.04,9.82,0.00,0.00,0.02
0.23,0.43,9.91,-0.00,-0.09,0.04,0.33,1.23,10.08,0.02,-0.09,0.00
-0.01,0.68,9.99,0.12,-0.23,-0.07,-0.25,0.79,10.08,0.02,-0.11,-0.01
0.41,0.48,9.39,-0.00,-0.13,0.06,0.57,1.04,10.57,-0.12,0.02,0.06
0.10,0.29,9.80,-0.03,-0.06,0.04,0.57,1.04,10.57,-0.12,0.02,0.06
-0.56,0.69,10.74,-0.05,-0.24,0.04,-0.06,0.77,9.95,-0.03,-0.01,0.03
0.06,0.24,10.03,-0.01,-0.01,0.02,0.31,0.74,10.11,-0.04,0.05,0.01
0.11,0.28,9.94,0.00,-0.04,0.01,0.18,0.56,10.05,-0.01,-0.00,0.01
-0.03,0.22,9.89,-0.03,-0.03,0.04,0.18,0.56,10.05,-0.01,-0.00,0.01
0.02,0.31,9.86,0.15,-0.24,-0.11,-0.25,0.46,9.93,-0.05,-0.01,0.03
-0.03,0.20,9.89,0.04,-0.11,-0.02,0.51,0.41,10.57,0.02,-0.09,-0.01
0.06,0.25,9.90,0.05,-0.07,-0.02,0.17,0.49,9.95,0.03,-0.03,-0.01
0.33,-0.08,10.07,0.06,-0.10,-0.02,0.17,0.49,9.95,0.03,-0.03,-0.01
0.35,0.28,10.03,0.12,-0.13,-0.06,-0.27,0.72,10.01,0.05,-0.06,-0.03
0.34,0.42,9.89,0.03,-0.08,-0.02,0.06,1.29,10.46,0.20,-0.21,-0.05
0.33,0.50,9.91,0.07,-0.14,-0.02,0.15,0.69,10.02,0.05,-0.09,-0.00
0.10,0.32,9.96,0.05,-0.10,-0.02,0.15,0.69,10.02,0.05,-0.09,-0.00
0.17,0.43,9.88,0.05,-0.10,-0.02,0.16,0.62,10.00,0.03,-0.05,-0.01
0.22,0.36,9.96,0.05,-0.09,-0.02,0.24,0.67,9.98,0.03,-0.05,-0.01
0.24,0.35,9.92,0.05,-0.10,-0.02,0.21,0.67,9.98,0.03,-0.05,-0.01
0.28,0.42,9.89,0.05,-0.11,-0.02,0.21,0.67,9.98,0.03,-0.05,-0.01
0.32,0.47,9.85,0.06,-0.13,-0.02,0.27,0.69,9.95,0.03,-0.05,-0.01
0.27,0.36,9.94,0.06,-0.11,-0.02,0.26,0.71,9.95,0.02,-0.04,-0.01
0.28,0.41,9.89,0.05,-0.11,-0.01,0.27,0.77,10.03,0.03,-0.05,-0.00
0.24,0.43,9.89,0.05,-0.11,-0.01,0.27,0.77,10.03,0.03,-0.05,-0.00
0.27,0.33,9.96,0.05,-0.10,-0.02,0.20,0.70,9.97,0.03,-0.05,-0.01
0.31,0.54,9.89,0.06,-0.12,-0.03,0.24,0.68,9.98,0.05,-0.06,-0.02
0.30,0.49,9.91,0.06,-0.11,-0.02,0.30,0.80,10.01,0.04,-0.05,-0.03
0.26,0.39,9.92,0.07,-0.10,-0.05,0.30,0.80,10.01,0.04,-0.05,-0.03
0.20,0.70,9.81,0.11,-0.13,-0.09,0.20,0.56,9.99,0.05,-0.04,-0.05
0.26,0.44,9.95,0.05,-0.11,-0.01,0.24,0.75,9.97,0.03,-0.05,-0.01
0.25,0.46,9.90,0.03,-0.09,-0.03,0.25,0.78,9.99,0.03,-0.03,-0.04
0.14,0.43,9.98,0.04,-0.09,-0.03,0.25,0.78,9.99,0.03,-0.03,-0.04
0.31,0.34,9.96,0.06,-0.11,-0.03,0.18,0.73,10.00,0.02,-0.04,-0.01
0.21,0.48,9.89,0.04,-0.10,-0.01,0.28,0.84,9.98,0.01,-0.02,-0.11
0.89,0.88,9.05,0.16,-0.27,0.22,0.29,1.14,9.80,0.00,-0.05,0.04
0.32,0.48,9.81,0.06,-0.12,-0.02,0.29,1.14,9.80,0.00,-0.05,0.04
0.25,0.25,9.99,0.04,-0.10,0.02,0.19,0.69,10.01,0.02,-0.05,-0.01
0.35,0.47,9.68,0.06,-0.14,0.01,0.21,0.70,9.99,0.06,-0.08,0.03
