AccelX1, AccelY1, AccelZ1, GyroX1, GyroY1, GyroZ1, AccelX2, AccelY2, AccelZ2, GyroX2, GyroY2, GyroZ2
-1.464407,-1.554138,7.858030,-0.450819,0.122173,0.252898,-1.496711,-1.268196,7.9489565,-0.449597,0.163712,0.226020
-1.875973,-2.088934,9.860823,0.317650,-0.146608,0.153938,-1.496711,-1.268196,7.9489565,-0.449597,0.163712,0.226020
-1.483550,-1.721636,10.406385,0.183260,-0.199142,0.043982,-1.952543,-1.610370,11.1409817,0.173486,-0.149051,0.045204
-1.022932,-2.202593,11.107484,0.109956,0.270002,0.540005,-1.952543,-1.610370,11.1409817,0.173486,-0.149051,0.045204
-1.513460,-2.286342,9.792627,0.329867,0.432493,0.382402,-0.892523,-1.373480,10.9543419,0.177151,0.370184,0.579100
-1.634298,-2.060220,9.059227,0.491136,0.152716,0.108734,-1.539781,-1.237089,9.1274223,0.477697,0.370184,0.012217
-0.888934,-1.208375,9.012567,0.480140,-0.626748,-0.052534,-1.576870,-0.926022,9.4683990,0.333532,-0.348193,-0.062308
-2.538785,-2.352145,10.241282,0.069639,-0.533896,0.117286,-1.576870,-0.926022,9.4683990,0.333532,-0.348193,-0.062308
-1.745564,-1.747957,9.638290,-0.430049,-0.354302,0.256563,-2.928815,-1.769492,11.4281216,-0.205251,-0.415388,0.069639
-0.818345,-1.251446,8.403594,0.023213,-0.427606,0.375071,-1.960918,-0.887737,9.0233335,-0.267559,-0.366519,0.059865
-1.154537,-0.632902,8.944371,0.496023,-0.342085,0.012217,-1.634298,-0.918844,9.0891371,0.419054,-0.259007,0.080634
-0.711865,-0.123230,10.158729,0.824668,-0.437380,-0.426384,-1.634298,-0.918844,9.0891371,0.419054,-0.259007,0.080634
-1.180858,-0.819542,10.719846,0.571770,0.197920,-0.469144,-0.222532,-0.065803,10.4973125,0.893085,-0.261450,-0.395841
-0.856631,0.302692,9.842876,-0.124617,0.304211,-0.514349,-1.105484,-0.496511,11.5393877,0.101404,0.382402,-0.537561
-0.277567,0.557528,8.784052,-0.362854,0.244346,0.375071,-0.025125,0.238086,8.9599247,-0.277333,0.318872,0.201586
-0.601795,0.187837,8.891729,-0.722043,-0.295659,0.307876,-0.025125,0.238086,8.9599247,-0.277333,0.318872,0.201586
-0.972682,-0.461815,10.991430,0.019548,-0.664621,-0.302989,-0.321835,0.283549,8.3748789,-0.691499,-0.324980,0.274889
-2.006382,-1.904687,12.362517,0.245568,-0.101404,0.053756,-1.386641,-0.780060,12.0059872,0.375071,-0.267559,0.100182
-0.516850,-0.518046,9.243474,0.155160,0.197920,-0.008552,-0.346959,0.466600,9.5222378,0.160047,0.182038,-0.116064
-0.518046,0.007178,7.936993,0.116064,0.339641,0.758695,-0.346959,0.466600,9.5222378,0.160047,0.182038,-0.116064
-0.376870,0.269193,8.695518,0.259007,-0.270002,0.195477,-0.819542,-0.157926,7.8113694,0.091630,0.334754,0.701273
-1.014557,0.218943,11.071590,0.211359,-0.238237,-0.197920,-0.447458,0.634098,9.3966141,0.259007,-0.304211,-0.108734
-0.681954,-0.053839,11.721242,-0.151495,-0.234572,-0.653626,-1.497907,0.617348,11.1529474,-0.124617,-0.196699,-0.585209
-0.801596,-0.020339,9.954143,0.151495,-0.048869,0.068417,-1.497907,0.617348,11.1529474,-0.124617,-0.196699,-0.585209
-0.339781,0.135194,7.963314,-0.232129,-0.026878,0.288328,-0.575474,-0.122034,9.5377913,0.111177,0.024435,0.183260
-0.538385,-0.113659,9.361919,-0.046426,-0.404393,-0.141721,-0.723829,0.029910,8.6105719,-0.174707,-0.217468,0.078191
-1.593620,-0.953540,11.654243,0.108734,-0.182038,0.151495,-1.150948,-0.552742,11.1003046,0.059865,-0.178373,0.072082
-1.519442,-0.725025,9.956535,0.092852,-0.028100,0.301767,-1.150948,-0.552742,11.1003046,0.059865,-0.178373,0.072082
-0.963111,-0.933201,8.778070,-0.529009,0.204029,0.605978,-0.842274,0.090927,10.4303141,-0.113621,0.144164,0.254120
-0.504886,-0.338584,7.744370,0.036652,-0.118508,0.436158,-1.004986,0.114855,8.0578299,-0.474031,0.256563,0.598648
-0.710668,-0.981057,9.722038,0.366519,-0.063530,-0.112399,-0.951147,0.147159,9.7471628,0.399506,-0.101404,0.021991
-2.085345,-1.306481,11.377872,0.195477,0.040317,-0.252898,-0.951147,0.147159,9.7471628,0.399506,-0.101404,0.021991
-1.228714,-0.842274,10.494920,-0.101404,-0.169821,0.278555,-1.780260,0.238086,12.3780727,0.080634,-0.031765,-0.469144
-0.748953,-0.294317,8.225328,-0.265115,-0.045204,0.397062,-1.107877,-0.027517,9.9146614,-0.208916,0.053756,0.571770
-0.601795,-0.318245,7.756335,0.008552,-0.195477,0.063530,-0.486939,0.455833,8.0769730,-0.100182,-0.025656,0.200364
-1.274178,-0.762114,10.195816,0.164934,-0.224798,-0.070860,-0.486939,0.455833,8.0769730,-0.100182,-0.025656,0.200364
-2.489732,-1.182054,11.629118,-0.043982,-0.295659,-0.002443,-1.115055,-0.905683,11.3132648,0.219911,-0.166155,0.045204
-0.932004,0.004786,8.981460,-0.134390,-0.312763,0.179594,-1.258625,-0.400798,10.3944216,0.035430,-0.514349,0.190590
-0.693919,0.016750,8.208578,-0.412945,0.205251,0.587652,-1.026521,-0.625723,8.7972126,-0.454484,0.208916,0.579100
0.306281,0.195015,8.974281,0.321315,-0.254120,0.026878,-1.026521,-0.625723,8.7972126,-0.454484,0.208916,0.579100
-0.674776,-0.989432,10.704293,0.557109,-0.107512,-0.073304,0.471386,0.504886,8.5148592,0.353080,-0.177151,-0.008552
-0.388834,-0.654437,10.969895,-0.146608,-0.263894,-0.664621,-1.121037,0.295514,11.7391872,0.218690,-0.186925,-0.228464
-0.861416,-1.038485,9.498309,0.169821,-0.105069,0.443488,-0.102891,0.124427,10.1264257,0.210138,-0.122173,0.372628
-0.137587,0.385244,8.149954,-0.426384,0.153938,-0.079412,-0.102891,0.124427,10.1264257,0.210138,-0.122173,0.372628
-0.155533,0.457029,8.932407,0.208916,-0.131947,-0.324980,-0.004786,-0.381655,8.7038927,-0.403171,0.151495,-0.122173
-0.912862,0.005982,11.631511,0.353080,0.000000,-0.338419,-0.888934,-0.479761,9.8010015,0.372628,-0.058643,-0.496023
-1.695315,-0.833899,11.801400,-0.129503,-0.201586,0.069639,-1.301696,-0.150748,11.7655096,0.047647,-0.158825,0.091630
-1.301696,-1.050449,9.771091,-0.422719,-0.439823,0.447153,-1.301696,-0.150748,11.7655096,0.047647,-0.158825,0.091630
-0.093320,-0.802792,8.254042,-0.239459,-0.234572,-0.130725,-1.562513,-0.801596,9.3690977,-0.403171,-0.320093,0.408058
-0.210568,-0.892523,9.162118,0.601091,0.098960,-0.561996,0.825524,0.035892,7.9070826,0.131947,-0.067195,-0.271224
-0.753739,-1.009771,10.823934,0.745256,0.474031,-0.777021,-0.946361,-0.586242,11.6674032,0.715934,0.445932,-0.733038
-1.268196,-0.665205,10.941183,0.569326,0.419054,-0.934624,-0.946361,-0.586242,11.6674032,0.715934,0.445932,-0.733038
-1.326820,-0.491725,8.343773,-0.064752,0.640187,-0.376293,-0.090927,0.227318,11.1625175,0.456927,0.482584,-0.630413
-0.802792,0.830309,8.043473,-0.094073,-0.361632,-0.603535,-1.069592,0.967897,8.0997047,-0.246790,0.004887,-0.488692
-1.569692,0.709472,10.353744,-0.142942,-0.673173,-0.678060,-1.155733,1.093520,8.4047890,-0.161268,-0.635300,-0.745256
-1.889133,-0.909273,10.563116,-0.166155,-0.290772,0.182038,-1.726422,-0.981057,10.8119698,-0.171042,-0.267559,0.164934
-0.736989,0.019143,8.593822,-0.001222,0.164934,0.125838,-1.726422,-0.981057,10.8119698,-0.171042,-0.267559,0.164934
0.259621,0.544367,9.617950,0.485027,-0.106291,0.057421,-0.583849,-0.080160,7.4153576,0.072082,0.241903,0.101404
-0.697508,-1.465604,12.023933,0.371406,-0.237016,-0.151495,-0.937986,-1.062413,11.3383894,0.563218,-0.163712,0.072082
-0.869791,-1.798206,11.708081,-0.289550,-0.338419,-0.274889,-0.638884,-1.148555,12.5431757,-0.344528,-0.227242,-0.470366
0.238086,-0.541974,7.802995,-0.300546,0.217468,-0.072082,-0.638884,-1.148555,12.5431757,-0.344528,-0.227242,-0.470366
-0.382852,0.004786,7.290931,0.241903,0.156382,-0.305433,0.300299,0.643669,7.7551384,-0.246790,0.272446,-0.157603
-0.731007,-0.290728,10.470992,0.444710,-0.141721,-0.238237,-0.080160,0.789632,9.6430750,0.359189,0.056200,-0.246790
-1.735993,-0.522832,12.362517,0.009774,-0.173486,-0.075747,-0.972682,0.009571,12.0801649,0.174707,-0.167377,-0.140499
-1.079163,0.587438,9.544970,-0.301767,0.080634,-0.279776,-0.972682,0.009571,12.0801649,0.174707,-0.167377,-0.140499
-0.747757,0.013161,8.117651,0.114843,0.010996,0.411723,-0.786042,0.647258,9.0699940,-0.224798,0.072082,-0.175929
-0.355334,0.671187,9.250652,0.200364,-0.199142,-0.057421,-0.669990,-0.082552,7.7132635,0.248011,-0.057421,0.179594
-0.507278,-1.355534,11.369496,0.151495,-0.161268,0.008552,-1.368695,-1.066003,11.4640141,0.180816,-0.158825,0.098960
-0.200997,-1.552942,12.068201,-0.348193,-0.261450,-0.535118,-1.368695,-1.066003,11.4640141,0.180816,-0.158825,0.098960
-0.123230,0.062213,7.549356,-0.037874,0.035430,-0.129503,-0.013161,-0.732204,11.5764761,-0.362854,-0.298102,-0.572992
-0.674776,-0.814756,7.316056,0.160047,0.057421,-0.498466,-0.458226,0.501296,7.1844497,-0.019548,0.134390,-0.215025
-0.638884,0.118445,9.562916,0.142942,-0.012217,-0.436158,-0.118445,1.501496,9.1178503,0.102625,0.058643,-0.516792
-1.688136,-1.745564,11.594422,0.210138,-0.459371,-0.059865,-0.118445,1.501496,9.1178503,0.102625,0.058643,-0.516792
-1.718047,-2.286342,10.954342,-0.433714,-0.109956,0.045204,-2.279164,-0.719043,12.6747808,0.072082,-0.356745,-0.127060
-1.232304,0.074178,7.981260,-0.075747,-0.020769,0.546114,-1.308874,0.366102,8.9718885,-0.245568,0.040317,0.127060
-0.510868,0.106481,8.636893,0.157603,-0.035430,0.276111,-0.975075,-0.458226,7.7898340,0.125838,-0.012217,0.400728
-0.648455,-0.789632,11.312069,0.113621,-0.101404,0.122173,-0.975075,-0.458226,7.7898340,0.125838,-0.012217,0.400728
0.089731,-1.357927,12.798013,-0.300546,-0.158825,-0.160047,-0.153141,-0.955933,12.2045918,0.163712,-0.058643,0.139277
-0.155533,-0.930808,10.052249,-0.046426,-0.200364,0.334754,0.138784,-1.031307,12.0825577,-0.230907,-0.135612,0.149051
-0.233300,-0.830309,7.629515,0.241903,0.144164,-0.267559,-0.266800,0.198604,7.1222363,0.252898,0.210138,-0.207694
-0.880559,-0.078963,8.137990,0.228464,-0.124617,-0.050091,-0.266800,0.198604,7.1222363,0.252898,0.210138,-0.207694
-1.161715,-1.500300,10.924433,0.260229,-0.306654,0.228464,-0.930808,0.930808,8.2612209,0.186925,-0.108734,-0.072082
-1.483550,-1.259821,11.508282,-0.360410,-0.150273,0.212581,-1.917847,-0.738186,11.6339035,0.069639,-0.202807,0.234572
-0.928415,0.128016,8.829515,-0.113621,-0.059865,0.384845,-1.282553,-0.222532,9.2793665,-0.112399,0.040317,0.321315
-0.271585,-0.177069,7.814959,0.091630,-0.051313,0.434936,-1.282553,-0.222532,9.2793665,-0.112399,0.040317,0.321315
-0.429512,-0.369691,9.330812,0.226020,-0.229685,0.399506,-0.100499,0.684347,7.1342006,0.155160,-0.021991,0.406836
-0.454636,-1.027717,12.661621,0.075747,-0.084299,0.112399,-1.188036,-1.336391,11.3778715,0.219911,-0.118508,0.384845
-0.191426,-1.149751,12.185451,-0.353080,-0.171042,0.409280,0.898505,-1.976472,13.0025988,-0.464258,-0.095295,0.125838
0.224925,-0.035892,7.797013,-0.047647,0.096517,-0.179594,0.898505,-1.976472,13.0025988,-0.464258,-0.095295,0.125838
-0.606581,-0.044267,7.308877,0.171042,-0.173486,-0.320093,-0.171087,-0.539581,7.5984087,0.000000,0.054978,-0.333532
-1.110270,-0.293121,11.145767,0.162490,-0.197920,-0.051313,-0.771685,-0.224925,10.4470634,0.156382,-0.074526,-0.226020
-1.995614,-0.789632,12.709477,-0.083078,-0.350637,0.124617,-1.622334,-0.010768,12.5276232,0.030543,-0.235794,0.091630
-1.563710,-0.714258,10.205389,-0.098960,-0.007330,0.135612,-1.622334,-0.010768,12.5276232,0.030543,-0.235794,0.091630
-1.069592,-0.978664,7.574481,-0.001222,-0.298102,0.388510,-1.189233,-0.185444,9.9876413,-0.100182,0.036652,0.216246
-0.728615,-0.385244,9.002995,0.216246,-0.133169,0.592539,-0.960718,0.154337,7.2921276,0.096517,-0.268781,0.420275
-0.696311,-1.923829,11.312069,0.162490,-0.068417,0.151495,-1.338784,-0.863809,10.8131647,0.172264,0.029322,0.185703
-0.735793,-2.529213,13.527822,-0.243124,-0.149051,-0.020769,-1.338784,-0.863809,10.8131647,0.172264,0.029322,0.185703
-0.275175,-0.886541,8.955138,-0.419054,-0.015882,0.387289,-0.532403,-2.292324,12.3732862,-0.190590,-0.085521,0.234572
-0.434297,-0.163908,6.929615,-0.166155,-0.014661,0.328645,-0.757328,-0.189033,7.8412800,-0.272446,0.024435,0.100182
-0.762114,-0.172283,9.025726,0.309098,-0.040317,0.345750,-0.401994,1.015753,7.6043906,0.156382,0.040317,0.393397
-2.271985,-1.704886,11.503495,0.915076,0.450819,0.304211,-0.401994,1.015753,7.6043906,0.156382,0.040317,0.393397
-1.143769,-0.784846,11.251052,-0.023213,0.050091,0.799012,-2.853441,-0.563510,13.3076830,0.698830,0.536340,0.252898
-1.546960,-1.389034,9.268599,-0.305433,-0.139277,0.961502,-1.694118,-1.255036,10.6014004,-0.046426,-0.025656,0.880868
-0.236889,0.258425,6.367301,-0.134390,-0.037874,0.394619,-0.415155,0.939183,6.2739811,-0.227242,0.046426,0.464258
-0.379262,0.583849,9.903893,0.163712,-0.471588,0.461814,-0.415155,0.939183,6.2739811,-0.227242,0.046426,0.464258
-0.337388,-1.854438,11.862418,-0.068417,-0.074526,-0.109956,-0.795614,-0.319442,10.5882397,0.163712,-0.444710,0.530231
0.205783,-1.387837,11.520246,-0.348193,-0.094073,0.139277,-0.015553,-2.270789,13.2741833,-0.274889,-0.062308,0.012217
0.080160,-0.291924,8.031509,-0.188146,0.118508,-0.433714,0.029910,-0.851845,9.9194460,-0.200364,0.096517,-0.410501
-0.845863,-0.154337,7.422535,-0.008552,0.101404,-0.164934,0.029910,-0.851845,9.9194460,-0.200364,0.096517,-0.410501
-1.008575,-0.467797,11.063216,0.460592,-0.035430,0.064752,-0.653241,0.132802,8.6967134,0.069639,0.129503,-0.108734
-2.299503,-1.271785,11.657833,-0.050091,-0.251676,0.018326,-0.880559,-0.729811,12.1627169,0.412945,-0.119730,0.063530
-1.473979,-0.287139,10.603794,-0.200364,0.157603,-0.238237,-1.275375,-1.189233,11.1278219,-0.155160,0.105069,-0.320093
-1.025324,-0.813560,7.986046,0.030543,-0.162490,-0.004887,-1.275375,-1.189233,11.1278219,-0.155160,0.105069,-0.320093
-0.113659,0.668794,7.952547,0.189368,0.054978,0.092852,-1.064806,-0.531207,7.7204423,0.096517,-0.166155,-0.014661
-0.576670,-1.371087,11.118250,0.257785,-0.045204,0.178373,-0.288335,0.071785,9.7818584,0.178373,0.174707,0.210138
-0.299103,-1.146162,12.387643,-0.062308,-0.149051,-0.317650,-0.535992,-1.109073,12.3003044,0.001222,-0.130725,-0.228464
-0.253639,-1.338784,9.116654,-0.048869,0.085521,-0.039095,-0.535992,-1.109073,12.3003044,0.001222,-0.130725,-0.228464
-0.532403,-1.095913,7.366304,-0.107512,0.259007,-0.381180,-0.452244,-1.405783,9.7782698,-0.133169,0.177151,-0.079412
-0.983450,0.550349,8.920444,0.265115,0.068417,-0.249233,-1.025324,0.086142,7.9154577,0.079412,0.280998,-0.384845
-1.217947,-1.238286,11.509477,0.398284,-0.193033,-0.106291,-0.812363,-1.380659,11.1864462,0.442266,-0.167377,-0.153938
-1.746760,-1.697708,11.040484,-0.421497,-0.056200,0.234572,-0.812363,-1.380659,11.1864462,0.442266,-0.167377,-0.153938
-1.889133,-0.569492,9.412168,-0.114843,-0.116064,-0.384845,-2.458625,-2.106880,10.9375916,-0.377515,0.014661,0.156382
-0.617348,0.559921,7.238289,0.039095,0.069639,-0.106291,-1.477568,-1.106680,8.9192457,-0.083078,-0.002443,-0.164934
-0.373280,0.933201,8.601001,0.311541,-0.136834,-0.386067,-0.324227,0.989432,7.9920278,0.229685,-0.024435,-0.381180
-0.770489,-1.369891,10.431511,0.343306,-0.439823,-0.268781,-0.324227,0.989432,7.9920278,0.229685,-0.024435,-0.381180
-0.666401,-0.838684,11.240285,-0.128282,-0.394619,-0.571770,-1.372284,-1.075574,11.2426767,0.270002,-0.406836,-0.335976
-0.320638,-1.714458,10.194621,-0.091630,0.046426,-0.685391,-0.690329,-1.270589,10.4626169,-0.108734,-0.263894,-0.450819
-0.262014,0.547956,8.087741,-0.262672,0.342085,-0.612087,0.276371,-0.215354,8.7505522,-0.185703,0.398284,-0.696386
-0.594616,1.210768,8.756536,-0.017104,0.021991,-0.421497,0.276371,-0.215354,8.7505522,-0.185703,0.398284,-0.696386
-1.526621,-1.264607,10.528419,0.339641,-0.294437,-0.039095,-0.848256,0.666401,8.6285181,0.094073,-0.052534,-0.404393
-1.475175,-0.477368,12.468999,0.046426,-0.315206,0.135612,-1.773082,-0.223729,11.5310125,0.333532,-0.343306,-0.046426
-1.489532,-1.795813,10.895718,0.051313,-0.101404,-0.142942,-1.338784,-0.717847,11.4137640,0.057421,-0.138056,-0.094073
-0.368495,0.439083,7.627122,0.161268,0.098960,-0.026878,-1.338784,-0.717847,11.4137640,0.057421,-0.138056,-0.094073
-0.206979,-0.232104,8.059027,0.188146,0.246790,0.079412,0.090927,-0.238086,7.6522470,0.174707,0.151495,0.034208
-0.246461,-1.280160,10.144371,0.370184,-0.357967,-0.113621,-0.253639,-0.614955,10.6803646,0.224798,0.064752,-0.084299
-0.893719,-1.189233,12.279965,0.326202,-0.050091,-0.465479,-0.488136,-2.437090,12.7489586,0.302989,-0.331089,-0.623083
-0.715454,0.271585,8.319845,-0.388510,0.017104,-0.315206,-0.488136,-2.437090,12.7489586,0.302989,-0.331089,-0.623083
-1.454836,-0.260818,8.227720,-0.223577,-0.151495,-0.024435,-1.396212,-0.630509,8.6536436,-0.400728,-0.043982,-0.409280
-1.677369,-2.382055,10.765308,0.250455,-0.248011,-0.112399,-1.165305,1.051646,7.7611203,0.048869,-0.080634,-0.008552
-1.345963,-1.648655,12.966705,-0.182038,-0.397062,0.223577,-0.613759,-0.681954,12.7776728,-0.081856,-0.434936,0.063530
-1.977668,-1.727618,10.207782,-0.240681,-0.034208,0.233351,-0.613759,-0.681954,12.7776728,-0.081856,-0.434936,0.063530
-0.522832,-0.386441,7.323234,-0.100182,0.108734,0.062308,-2.285146,-1.266999,9.3296156,-0.174707,0.041539,0.228464
-0.833899,-0.216550,8.701500,0.140499,-0.079412,0.122173,-0.193819,0.492921,7.1796646,0.018326,0.113621,0.024435
-0.983450,-0.994218,11.724831,0.287107,-0.255342,0.147829,-1.214357,-1.710868,11.2905331,0.202807,-0.201586,0.177151
-0.941576,-2.116452,11.746367,0.000000,0.007330,0.028100,-1.214357,-1.710868,11.2905331,0.202807,-0.201586,0.177151
-0.648455,0.224925,7.617551,-0.271224,0.177151,-0.704938,-0.965504,-1.618744,11.5226374,-0.182038,0.164934,-0.106291
-1.442872,0.457029,8.364112,0.040317,-0.035430,0.131947,-0.005982,0.795614,6.8051882,-0.142942,0.112399,-0.426384
-1.277767,-0.226122,10.092926,0.168599,-0.285885,-0.036652,-1.422533,-0.147159,8.7589264,0.098960,-0.167377,-0.029322
-1.176072,-2.742175,12.515659,0.103847,-0.632856,0.139277,-1.422533,-0.147159,8.7589264,0.098960,-0.167377,-0.029322
-1.153341,-1.884348,9.656236,0.079412,-0.301767,-0.113621,-1.743171,-2.707479,13.1246319,0.087965,-0.543670,0.069639
-0.418744,-0.582652,8.483753,-0.184481,0.108734,-0.335976,-0.776471,-1.328017,9.9206429,-0.076969,-0.078191,-0.596204
-0.547956,-0.442672,8.048260,-0.152716,0.211359,-0.362854,-0.325424,-0.087338,9.0077810,-0.178373,0.322537,-0.441045
-0.898505,-1.467997,10.377672,0.343306,-0.103847,-0.302989,-0.325424,-0.087338,9.0077810,-0.178373,0.322537,-0.441045
-0.169890,-0.642473,10.691132,0.100182,0.139277,-0.273668,-1.039681,-1.986043,12.1603251,0.306654,-0.081856,-0.245568
-0.594616,-0.788435,9.006585,0.054978,0.092852,-0.753808,-0.476172,-1.789831,10.5894365,-0.212581,0.251676,-0.581544
-0.967897,0.195015,7.987242,-0.168599,-0.006109,-0.386067,-0.266800,-0.733400,8.8594255,-0.232129,0.079412,-0.540005
-1.752743,-1.063610,9.854840,0.276111,-0.395841,-0.037874,-0.266800,-0.733400,8.8594255,-0.232129,0.079412,-0.540005
-1.812563,-2.947958,11.321640,0.305433,-0.416610,0.305433,-1.013360,-1.075574,9.6969137,0.376293,-0.408058,0.021991
-0.707079,-1.969293,10.643275,-0.015882,0.101404,-0.393397,-1.257428,-2.571088,12.3577337,0.171042,-0.211359,0.034208
-0.344566,-0.845863,8.768499,-0.053756,-0.070860,-0.006109,0.189033,-0.728615,8.9216394,-0.075747,0.050091,0.048869
0.141177,-0.869791,8.390432,0.153938,-0.207694,0.370184,0.189033,-0.728615,8.9216394,-0.075747,0.050091,0.048869
-0.576670,-2.367698,10.599008,-0.061087,0.100182,-0.147829,-0.922433,-1.981257,10.0845509,0.098960,-0.091630,0.450819
-0.610170,-1.129412,9.728021,-0.287107,0.254120,-0.210138,-0.141177,-1.737189,10.6971130,-0.168599,0.272446,-0.190590
-0.787239,-0.996611,9.945767,-0.272446,-0.179594,-0.050091,-0.281157,-1.079163,9.5880404,-0.329867,-0.028100,-0.117286
-1.002593,-3.102295,10.413565,0.162490,-0.498466,0.318872,-0.281157,-1.079163,9.5880404,-0.329867,-0.028100,-0.117286
-0.752543,-1.369891,8.811569,0.000000,-0.129503,0.174707,-1.566102,-1.988436,10.3788681,0.186925,-0.430049,-0.052534
-0.763310,-1.051646,8.657232,0.100182,-0.076969,-0.001222,-0.775275,-1.182054,9.2111712,0.003665,-0.007330,0.144164
-0.196211,-0.592224,9.062817,0.197920,0.009774,-0.342085,-0.565903,-0.562313,8.7086782,0.255342,-0.036652,-0.146608
-0.451047,-1.274178,10.543974,0.035430,-0.048869,-0.687834,-0.565903,-0.562313,8.7086782,0.255342,-0.036652,-0.146608
-0.396012,-0.879362,9.186046,-0.025656,0.324980,0.009774,0.594616,-0.631705,9.1441717,0.006109,0.054978,-0.371406
-1.034896,-0.979861,9.701700,-0.079412,-0.252898,-0.139277,-1.110270,-0.435494,8.3306122,-0.024435,0.125838,-0.178373
-1.277767,-2.417947,9.987641,-0.080634,-0.268781,0.302989,-0.401994,0.056231,8.3844500,-0.035430,-0.224798,0.107512
-0.571885,-1.897508,10.474581,0.094073,0.002443,0.333532,-0.401994,0.056231,8.3844500,-0.035430,-0.224798,0.107512
-0.490529,-1.137787,9.115458,-0.244346,-0.023213,-0.404393,-1.018146,-2.090131,11.9880419,-0.035430,0.124617,0.417832
-0.669990,-0.774078,8.823533,0.206472,0.012217,-0.184481,-0.764507,-1.024128,9.1980104,-0.139277,0.041539,-0.294437
0.058624,-1.676172,11.076376,0.157603,-0.091630,0.158825,0.319442,-2.072184,11.5046911,0.235794,-0.101404,-0.070860
-0.653241,-0.997807,9.265010,-0.020769,0.167377,-0.208916,0.319442,-2.072184,11.5046911,0.235794,-0.101404,-0.070860
-0.726222,-1.326820,9.641879,-0.113621,-0.084299,-0.321315,-0.811167,-0.893719,9.6921282,-0.031765,0.183260,-0.261450
-1.397408,-3.595216,11.432907,0.201586,-0.465479,0.140499,-0.263210,-0.543171,9.4779711,-0.030543,-0.135612,0.063530
-0.833899,-2.657229,10.242477,-0.004887,-0.010996,0.307876,-0.198604,-1.130609,11.0249300,0.094073,-0.081856,0.316428
-0.455833,-1.690529,8.070992,-0.249233,0.101404,-0.259007,-0.198604,-1.130609,11.0249300,0.094073,-0.081856,0.316428
-0.619741,-2.224129,10.620543,0.131947,-0.138056,-0.229685,-0.839881,-1.298106,7.7288170,-0.183260,0.123395,-0.284663
-0.503689,-2.717050,10.599008,0.054978,0.168599,-0.024435,0.014357,-1.983650,11.2749805,0.189368,-0.061087,-0.048869
-0.953540,-1.392623,8.557931,-0.174707,0.043982,-0.349415,-1.180858,-1.040878,9.0185490,-0.129503,0.167377,-0.382402
-0.532403,-1.278964,8.550752,-0.025656,-0.381180,0.172264,-1.180858,-1.040878,9.0185490,-0.129503,0.167377,-0.382402
-0.987039,-1.808974,10.100105,0.233351,-0.538783,0.415388,-1.093520,-1.969293,10.6014004,-0.090408,-0.346971,0.361632
-0.760918,-1.605584,10.444672,0.078191,-0.149051,-0.062308,-1.731207,-2.226521,10.9507532,0.183260,-0.248011,0.351858
-0.174676,-1.607977,9.122637,0.056200,0.098960,0.127060,-0.133998,-1.333999,8.9467649,0.062308,0.109956,0.067195
-0.180658,-2.519642,10.071390,0.151495,-0.315206,-0.006109,-0.133998,-1.333999,8.9467649,0.062308,0.109956,0.067195
-0.326620,-2.368894,9.801002,0.050091,0.244346,0.146608,0.153141,-1.399801,9.5389872,0.125838,-0.207694,-0.012217
-0.398405,-0.760918,8.435897,-0.151495,0.053756,-0.172264,-1.098306,-1.231107,9.1728859,-0.028100,0.240681,0.140499
-0.941576,-2.706282,10.573883,-0.113621,-0.494801,-0.102625,-0.530010,-1.380659,9.4887381,-0.230907,-0.309098,-0.318872
-0.538385,-2.892923,9.684950,0.226020,-0.283441,0.543670,-0.530010,-1.380659,9.4887381,-0.230907,-0.309098,-0.318872
-0.671187,-1.880759,9.014960,-0.216246,-0.067195,0.040317,-1.222732,-2.580659,10.7784700,0.150273,-0.152716,0.505796
-1.021735,-1.219143,8.962317,-0.020769,0.054978,0.113621,-0.955933,-1.819742,9.5365944,-0.205251,0.045204,0.191812
-0.541974,-1.858027,10.838290,0.355524,-0.282220,-0.218690,-1.337588,-2.689533,10.2879410,0.239459,-0.213803,-0.059865
-0.100499,-1.974079,9.099904,-0.021991,0.246790,-0.107512,-1.337588,-2.689533,10.2879410,0.239459,-0.213803,-0.059865
-0.637687,-1.022932,9.414560,-0.212581,-0.018326,-0.078191,-0.477368,-1.651048,10.2137632,-0.101404,0.260229,-0.151495
-0.410369,-1.389034,9.851251,-0.058643,-0.230907,-0.172264,-1.153341,-1.194019,9.1920280,-0.136834,-0.035430,-0.058643
-0.770489,-1.990828,11.042877,0.208916,-0.530231,0.414167,-0.306281,-1.694118,11.0392876,0.105069,-0.443488,0.401949
-0.904487,-2.395216,10.616954,0.239459,-0.287107,0.199142,-0.306281,-1.694118,11.0392876,0.105069,-0.443488,0.401949
0.013161,-1.306481,9.352347,0.393397,0.037874,0.048869,-0.928415,-1.952543,10.3657084,0.259007,-0.186925,0.169821
-0.623330,-2.626123,10.185050,0.283441,-0.338419,-0.048869,0.112463,-0.900898,9.1776705,0.338419,-0.008552,-0.117286
0.133998,-2.014757,8.974281,0.054978,-0.109956,0.179594,-0.284746,-1.586441,9.9708920,0.127060,-0.133169,0.389732
-0.204586,-0.220140,8.811569,-0.166155,0.083078,-0.087965,-0.284746,-1.586441,9.9708920,0.127060,-0.133169,0.389732
-0.660419,-1.828116,9.755538,-0.467923,-0.138056,0.153938,-0.196211,-1.280160,10.0331059,-0.206472,0.073304,-0.058643
-0.640080,-3.024528,11.003395,-0.182038,-0.048869,0.465479,0.072981,-0.494118,9.5916300,-0.354302,-0.020769,0.409280
-0.875773,-2.813959,11.669796,-0.226020,-0.157603,-0.012217,-0.508475,-1.623530,12.0035944,-0.098960,-0.073304,0.124617
-0.512064,-1.164108,8.921639,-0.101404,0.045204,0.307876,-0.508475,-1.623530,12.0035944,-0.098960,-0.073304,0.124617
-0.690329,-1.903490,8.941978,0.204029,-0.025656,-0.158825,-0.510868,-1.038485,8.9826565,-0.086743,0.162490,0.304211
-0.419940,-1.276571,10.140782,0.240681,-0.019548,0.323759,-0.129212,-1.700100,10.4709921,0.326202,-0.084299,-0.140499
-0.686740,-0.862613,9.114262,0.091630,0.023213,-0.069639,-0.449851,-1.444068,10.3262262,0.124617,0.117286,-0.125838
-0.709472,-1.051646,8.930015,-0.065973,-0.383623,0.130725,-0.449851,-1.444068,10.3262262,0.124617,0.117286,-0.125838
-0.943969,-2.154737,10.733006,0.097738,-0.338419,0.678060,0.071785,-0.656830,9.5856476,-0.069639,-0.379958,0.179594
-0.725025,-2.037488,11.419746,0.056200,-0.372628,0.087965,-1.462015,-2.995814,12.3003044,0.318872,-0.333532,0.408058
-0.650848,-0.860220,8.111669,-0.070860,-0.204029,0.557109,-0.122034,-0.223729,9.0771732,-0.108734,-0.169821,0.475253
-0.842274,-1.099502,8.075776,0.168599,-0.257785,0.342085,-0.122034,-0.223729,9.0771732,-0.108734,-0.169821,0.475253
-0.881755,-2.342573,10.670793,0.168599,-0.404393,0.183260,-0.443869,0.010768,8.4777708,0.200364,-0.171042,0.323759
-0.149551,-1.823331,8.927621,-0.109956,-0.094073,1.087340,0.725025,0.055035,8.8331041,0.278555,-0.189368,0.926072
-0.654437,-0.285942,8.524430,-0.026878,-0.250455,0.353080,-0.940379,-1.127020,9.5377913,-0.063530,-0.161268,0.489914
-0.216550,-0.557528,9.008978,-0.189368,-0.316428,0.615752,-0.940379,-1.127020,9.5377913,-0.063530,-0.161268,0.489914
-1.386641,-2.227718,12.854244,0.003665,-0.478918,1.295034,-0.269193,-1.020539,10.3166542,-0.272446,-0.208916,0.863763
-1.875973,-2.019542,13.165311,-0.045204,-0.411723,1.270600,-1.313660,-2.120041,14.3114729,-0.024435,-0.302989,1.155757
-1.448854,-1.523032,10.900504,-0.222355,-0.232129,1.036027,-1.129412,-1.465604,10.2951202,-0.398284,-0.320093,0.824668
-0.936790,-2.123630,9.725628,0.502131,-0.234572,0.952950,-1.129412,-1.465604,10.2951202,-0.398284,-0.320093,0.824668
-0.452244,-3.656233,13.797015,0.520457,-0.359189,0.703717,-0.842274,-2.110470,11.0189486,0.569326,-0.180816,0.965167
-0.500100,-1.383052,8.688339,-0.010996,-0.072082,0.812451,-0.673580,-1.744368,10.6971130,0.107512,-0.206472,0.796568
-0.379262,-0.418744,8.481360,0.169821,0.373850,0.481362,-0.843470,-0.370888,7.7240319,0.117286,0.394619,0.579100
-0.080160,-0.623330,9.247063,-0.089186,0.642630,0.343306,-0.843470,-0.370888,7.7240319,0.117286,0.394619,0.579100
-0.315853,-1.359123,11.254642,0.116064,0.373850,0.245568,-0.299103,-0.491725,9.8476620,-0.094073,0.652404,0.339641
-1.344766,-2.001596,10.228121,0.006109,-0.155160,0.265115,-0.875773,-1.241875,10.5846500,0.157603,0.163712,0.098960
-0.482154,-2.099702,10.756933,0.109956,0.179594,-0.107512,-0.513260,-1.452443,10.4219398,0.084299,0.252898,-0.021991
-0.159123,-0.866202,7.980063,-0.036652,-0.204029,-0.323759,-0.513260,-1.452443,10.4219398,0.084299,0.252898,-0.021991
0.312263,-0.735793,7.959724,-0.301767,0.123395,-0.344528,0.045464,-0.667598,8.2384882,-0.162490,-0.161268,-0.345750
-0.680758,-1.776671,8.595018,0.001222,0.019548,-0.579100,-0.540778,-1.082752,7.8831544,-0.067195,0.178373,-0.381180
-0.345763,-1.354338,11.182857,0.185703,0.064752,-1.525941,-0.939183,-1.554138,10.0989084,0.189368,0.051313,-1.271821
-0.217747,-3.220740,10.476974,0.464258,0.116064,-1.255939,-0.939183,-1.554138,10.0989084,0.189368,0.051313,-1.271821
-0.430708,-2.161915,9.535398,0.166155,-0.004887,-0.799012,0.397209,-0.770489,10.5786686,0.400728,0.160047,-1.110553
-0.559921,-1.426122,8.117651,0.232129,0.114843,-0.894307,-0.611366,-1.994418,9.9481602,0.166155,0.017104,-1.006706
-0.551546,-0.915255,10.206585,0.546114,0.145386,-0.857655,-0.534796,-1.162912,9.2662058,0.438601,0.167377,-0.871094
-0.427119,-2.550749,11.253445,0.544892,-0.070860,-0.576657,-0.534796,-1.162912,9.2662058,0.438601,0.167377,-0.871094
-0.336192,-1.663012,10.559526,0.279776,0.287107,-0.724486,-0.736989,-1.855634,10.6887379,0.515570,-0.050091,-0.538783
-0.540778,-1.776671,9.134601,0.040317,0.210138,-0.522901,-0.904487,-1.893919,10.6456680,0.180816,0.450819,-0.345750
-0.149551,-0.251246,9.008978,0.048869,-0.108734,-0.769690,0.062213,0.175872,8.4933243,0.042761,-0.072082,-0.755029
-0.364905,-0.297906,10.670793,0.320093,-0.213803,-0.863763,0.062213,0.175872,8.4933243,0.042761,-0.072082,-0.755029
-0.576670,-1.087538,9.622736,0.289550,-0.376293,-0.387289,-0.476172,0.291924,10.6073828,0.295659,-0.257785,-0.928515
-1.046860,0.027517,8.998210,0.076969,0.014661,-0.565661,-0.983450,-0.518046,9.5138626,0.124617,-0.127060,-0.532674
-1.513460,-0.802792,8.873783,0.395841,-0.047647,-1.149648,-1.762314,-0.380459,8.7589264,0.300546,-0.064752,-1.092227
-2.036292,-0.599402,11.109875,0.061087,0.144164,-0.933402,-1.762314,-0.380459,8.7589264,0.300546,-0.064752,-1.092227
-2.614159,-1.984846,11.030912,0.058643,0.047647,-0.156382,-2.408376,-0.792024,10.6025972,-0.012217,0.151495,-0.858877
-2.331806,-1.322034,10.524830,-0.120951,-0.083078,0.138056,-2.434697,-1.044467,11.0273228,-0.149051,0.068417,-0.145386
-1.558924,0.215354,8.581859,-0.342085,-0.546114,-0.010996,-2.566302,-0.557528,9.0771732,-0.343306,-0.367741,0.118508
-1.021735,-0.265603,8.377273,0.453262,-0.447153,-0.342085,-2.566302,-0.557528,9.0771732,-0.343306,-0.367741,0.118508
-1.381855,-0.715454,11.203196,0.756251,0.328645,-0.568105,-1.317249,-0.003589,8.1834536,0.527788,-0.340863,-0.375071
-1.183251,-0.644866,10.660026,0.356745,0.164934,-1.065349,-2.476572,-0.206979,10.5750799,0.728151,0.334754,-0.967611
-1.076770,0.349352,9.199206,-0.638965,0.260229,0.280998,-1.038485,-0.321835,10.0809622,-0.529009,0.356745,0.106291
-1.412962,-0.763310,9.098708,-0.736704,-0.353080,0.594983,-1.038485,-0.321835,10.0809622,-0.529009,0.356745,0.106291
-1.317249,-0.544367,10.425529,0.090408,-0.420275,0.255342,-1.520639,0.008375,8.6153584,-0.601091,-0.456927,0.477697
-1.615155,-1.295714,9.931410,0.791681,-0.007330,-0.249233,-1.962115,-0.999003,9.5162563,0.480140,-0.161268,-0.001222
-1.664208,-1.111466,10.208978,0.057421,0.412945,0.469144,-0.899701,-1.204786,11.1972132,0.250455,0.367741,0.217468
-1.558924,-0.798006,9.495917,0.034208,-0.241903,0.513127,-0.899701,-1.204786,11.1972132,0.250455,0.367741,0.217468
-1.016950,-1.277767,7.837690,0.064752,-0.296880,0.124617,-1.684547,-0.660419,8.9635134,0.080634,-0.289550,0.399506
-1.168894,0.052642,8.360522,0.360410,0.075747,-0.855211,-1.887937,-1.228714,8.2636137,0.140499,-0.039095,-0.263894
-1.604388,-0.242872,10.481760,0.304211,0.378736,-0.779464,-1.244268,0.306281,10.3465652,0.442266,0.379958,-0.794125
-1.940579,-0.794417,10.214960,-0.267559,0.342085,-0.356745,-1.244268,0.306281,10.3465652,0.442266,0.379958,-0.794125
-1.673779,-1.162912,10.485349,0.035430,0.470366,-0.304211,-1.686940,-0.579063,10.6839533,-0.381180,0.287107,-0.398284
-2.779264,-0.145962,8.279166,-0.003665,0.357967,-1.139874,-2.049453,-0.631705,8.9742813,-0.023213,0.423940,-0.645074
-2.565106,0.228515,9.463614,-0.406836,-0.122173,-0.525344,-2.349752,-0.701097,9.3248301,-0.499688,-0.160047,-0.591318
-3.688536,-1.634298,10.402797,-0.261450,-0.510683,-0.188146,-2.349752,-0.701097,9.3248301,-0.499688,-0.160047,-0.591318
-2.760121,-4.240082,11.075180,-0.399506,-0.226020,0.332311,-3.239882,-2.085345,11.3527470,-0.323759,-0.529009,-0.111177
-2.516053,-2.499303,9.726824,-0.032987,-0.373850,0.163712,-2.787638,-2.567499,10.6002054,-0.206472,-0.006109,0.144164
-1.974079,-1.938186,8.263614,-0.259007,-0.653626,-0.075747,-1.730011,-1.572084,8.1547394,-0.213803,-0.627970,-0.059865
-1.946561,-1.725225,9.108279,-0.261450,-0.262672,-0.092852,-1.730011,-1.572084,8.1547394,-0.213803,-0.627970,-0.059865
-1.690529,-3.068795,9.980463,0.230907,-0.008552,-0.577879,-1.952543,-1.858027,8.8749790,-0.120951,-0.109956,-0.172264
-2.148755,-3.439683,10.959128,0.447153,-0.279776,-0.403171,-2.193022,-2.739782,11.3970146,0.274889,0.028100,-0.560774
-1.549353,-2.986243,10.431511,0.532674,-0.354302,-0.156382,-1.113859,-3.001796,10.6313114,0.491136,-0.356745,-0.199142
-1.497907,-1.963311,6.754939,-0.010996,0.050091,0.145386,-1.113859,-3.001796,10.6313114,0.491136,-0.356745,-0.199142
-2.033899,-1.607977,9.169296,-0.326202,-0.025656,0.478918,-1.369891,-1.241875,7.6630144,-0.076969,0.140499,0.183260
-2.149951,-2.980261,9.294920,-0.128282,-0.364076,0.724486,-2.379662,-2.291128,8.7708912,-0.267559,-0.119730,0.526566
-1.713261,-3.292524,10.563116,-0.073304,-0.663400,0.794125,-1.639084,-2.242075,10.0163555,-0.145386,-0.516792,0.825890
-1.328017,-3.506682,8.792427,0.259007,-0.496023,0.375071,-1.639084,-2.242075,10.0163555,-0.145386,-0.516792,0.825890
-1.007378,-2.663211,7.956135,0.085521,-0.224798,-0.040317,-1.049253,-2.915654,9.2745810,0.256563,-0.350637,0.338419
-0.512064,-2.476572,8.347363,-0.128282,-0.063530,-0.480140,-1.141376,-3.059224,8.3617191,0.000000,-0.079412,-0.125838
-0.692722,-3.470789,9.848859,-0.017104,0.359189,-0.970054,-0.911665,-3.444468,9.5485582,-0.163712,0.241903,-0.912633
-0.254836,-3.192025,10.622936,0.018326,0.344528,-1.005484,-0.911665,-3.444468,9.5485582,-0.163712,0.241903,-0.912633
-0.424726,-3.562913,9.528220,-0.334754,0.168599,-0.796568,-0.435494,-3.416951,10.8789692,-0.019548,0.333532,-0.979828
-1.161715,-3.387041,9.883554,-0.670730,-0.171042,-0.436158,-0.205783,-2.416751,9.9661064,-0.577879,0.006109,-0.729373
-1.329213,-2.836691,10.360922,-0.397062,-0.300546,-0.291994,-1.653440,-3.541378,10.9639139,-0.447153,-0.232129,-0.280998
-1.141376,-3.777071,9.932607,0.255342,-0.053756,-0.911411,-1.653440,-3.541378,10.9639139,-0.447153,-0.232129,-0.280998
-0.412762,-2.286342,8.301898,0.679282,-0.117286,-0.849103,-0.886541,-3.002992,9.1058865,0.327424,-0.008552,-0.919963
-0.270389,-3.710072,9.803394,0.475253,-0.288328,-0.024435,-0.070588,-2.987439,9.1250296,0.631635,-0.226020,-0.477697
-0.540778,-3.745964,9.053245,0.256563,-0.653626,0.054978,-0.472582,-3.184847,9.6861467,0.284663,-0.547335,0.053756
-0.403191,-2.396412,9.330812,-0.069639,-0.504575,0.649961,-0.472582,-3.184847,9.6861467,0.284663,-0.547335,0.053756
-0.766900,-3.175276,8.964710,-0.219911,-0.128282,1.229061,0.299103,-2.249253,9.2039919,-0.123395,-0.295659,0.755029
-1.341177,-2.592623,9.785448,-0.061087,-0.452040,1.077566,-0.776471,-2.815156,9.8452682,-0.036652,-0.127060,1.203405
-1.027717,-3.528217,9.850055,-0.039095,-0.470366,1.073901,-1.165305,-2.780460,10.5116701,-0.056200,-0.478918,1.077566
-0.288335,-3.534199,11.337194,0.342085,-0.109956,0.971276,0.336192,-3.123830,11.3479624,0.359189,-0.023213,1.011593
-0.689133,-3.661019,10.867003,0.894307,-0.419054,2.189341,0.336192,-3.123830,11.3479624,0.359189,-0.023213,1.011593
-1.427319,-2.839084,10.122837,0.988380,-0.426384,1.943773,-0.955933,-2.915654,10.8394871,0.913854,-0.271224,2.178345
-1.021735,-2.181058,7.625926,0.356745,-0.006109,1.407434,-1.482354,-2.401197,9.1860456,0.695165,-0.124617,1.467298
-1.385444,-2.690729,7.941778,-0.211359,0.109956,1.045801,-1.021735,-1.700100,8.5172520,-0.139277,0.158825,1.106888
-1.184447,-1.277767,7.657032,-0.300546,0.288328,1.075123,-1.021735,-1.700100,8.5172520,-0.139277,0.158825,1.106888
-1.439283,-1.603191,5.906683,0.006109,-0.026878,1.194852,-1.156930,-1.222732,6.1782680,-0.248011,0.343306,1.069014
-0.580260,-2.364109,5.609972,0.138056,-0.643852,1.097114,-2.066202,-2.069792,6.0287166,0.249233,-0.321315,1.382999
-0.717847,-1.735993,5.621937,0.158825,-0.306654,1.450194,0.045464,-1.847259,7.0097742,0.101404,-0.322537,1.209513
-0.605384,-2.700300,8.965906,0.059865,-0.251676,1.121549,0.045464,-1.847259,7.0097742,0.101404,-0.322537,1.209513
-0.562313,-2.481357,10.971092,-0.095295,-0.133169,0.438601,-0.833899,-1.820938,9.6239328,-0.081856,-0.167377,0.839329
-0.568295,-2.171487,12.567104,0.048869,-0.356745,0.355524,-0.775275,-2.318645,11.3551397,-0.075747,-0.173486,0.321315
-0.344566,-3.524628,12.653246,0.047647,-0.458149,0.215025,-1.119841,-2.766103,13.7467670,0.111177,-0.453262,0.234572
-0.253639,-1.789831,13.602001,0.123395,-0.042761,-0.014661,-1.119841,-2.766103,13.7467670,0.111177,-0.453262,0.234572
0.217747,-3.576073,8.472985,-0.483805,-0.177151,0.025656,-0.959522,-2.078166,12.5264254,0.182038,0.070860,0.021991
-0.488136,-1.402194,9.781858,0.229685,-0.058643,-0.020769,-0.425922,-1.343570,10.9375916,0.048869,0.034208,0.084299
0.574277,-1.337588,10.331012,-0.591318,-0.410501,0.025656,0.169890,0.046660,11.1338034,-0.378736,-0.399506,-0.002443
0.149551,-1.599602,9.251848,-0.634078,-0.008552,-0.009774,0.169890,0.046660,11.1338034,-0.378736,-0.399506,-0.002443
0.057428,-2.596212,9.014960,-0.084299,-0.089186,0.002443,-0.302692,-2.501696,9.6370935,-0.461814,-0.008552,-0.058643
-0.023928,-1.904687,9.781858,0.002443,-0.096517,-0.002443,0.159123,-1.835295,9.6382904,0.024435,-0.048869,0.004887
0.174676,-2.306681,9.601201,-0.039095,-0.090408,-0.004887,0.145962,-1.245464,10.4123669,-0.048869,-0.052534,-0.010996
0.187837,-1.971686,10.438688,0.117286,-0.112399,-0.001222,0.145962,-1.245464,10.4123669,-0.048869,-0.052534,-0.010996
0.301496,-2.202593,9.464810,0.552222,-0.123395,-0.002443,-0.074178,-1.938186,9.1908321,0.218690,-0.063530,-0.003665
0.090927,-1.554138,10.287941,0.559553,-0.182038,-0.001222,0.077767,-1.205983,10.1312122,0.598648,-0.089186,0.010996
1.000200,0.162712,9.259027,0.157603,-0.096517,0.042761,0.970290,-1.016950,11.6243334,0.306654,-0.150273,0.014661
0.204586,-1.271785,10.398011,0.076969,-0.116064,-0.003665,0.970290,-1.016950,11.6243334,0.306654,-0.150273,0.014661
0.214158,-0.264407,9.810574,0.019548,-0.084299,-0.012217,0.758525,0.003589,9.9242315,0.086743,-0.068417,-0.003665
0.074178,-0.969093,9.351151,0.017104,-0.094073,0.007330,0.699901,-0.467797,10.0486584,0.041539,-0.047647,-0.003665
0.512064,-1.252643,9.693325,0.041539,-0.094073,-0.001222,0.605384,-0.226122,10.1383896,0.012217,-0.047647,-0.002443
0.129212,-0.589831,10.582258,0.013439,-0.080634,-0.006109,0.605384,-0.226122,10.1383896,0.012217,-0.047647,-0.002443
0.233300,-1.319642,10.235299,0.029322,-0.091630,0.008552,0.576670,-0.309871,9.4911308,0.040317,-0.054978,0.000000
0.364905,-0.428315,10.175479,0.039095,-0.105069,-0.007330,0.171087,-1.392623,10.8646107,0.020769,-0.050091,0.001222
0.169890,-0.620938,8.638090,0.050091,-0.112399,0.003665,0.379262,-1.226322,11.1122684,0.041539,-0.070860,-0.007330
0.354138,-1.070788,8.919246,0.028100,-0.080634,0.001222,0.379262,-1.226322,11.1122684,0.041539,-0.070860,-0.007330
0.458226,-1.040878,10.198210,0.039095,-0.089186,0.002443,-0.199801,-0.954736,10.0271235,0.021991,-0.030543,-0.007330
0.429512,-1.441676,9.597611,0.037874,-0.094073,0.009774,-0.051446,-0.880559,10.0343018,0.023213,-0.043982,-0.002443
0.338584,-1.625923,10.650455,0.017104,-0.095295,0.001222,-0.057428,-1.560120,10.8406839,0.023213,-0.047647,-0.004887
0.252443,-0.772882,10.392030,-0.014661,-0.112399,0.004887,-0.057428,-1.560120,10.8406839,0.023213,-0.047647,-0.004887
0.218943,-0.528814,9.723235,0.041539,-0.058643,0.000000,0.569492,-0.768096,9.9589281,0.012217,-0.064752,0.006109
0.332602,-1.324427,9.195617,0.025656,-0.061087,-0.004887,0.708275,-1.470389,11.2546415,0.031765,-0.069639,-0.003665
0.172283,-0.781257,9.687343,0.031765,-0.111177,0.003665,0.364905,-1.025324,10.1431761,0.017104,-0.035430,-0.003665
0.602991,-1.555335,9.414560,0.046426,-0.098960,-0.001222,0.364905,-1.025324,10.1431761,0.017104,-0.035430,-0.003665
0.159123,-1.118644,10.759327,0.017104,-0.059865,-0.002443,0.009571,-0.766900,10.0582304,0.013439,-0.040317,-0.003665
0.498904,-0.575474,10.389636,0.025656,-0.087965,0.002443,0.020339,-1.436890,10.6887379,0.035430,-0.057421,0.002443
0.260818,-0.765703,9.030513,0.031765,-0.091630,0.002443,0.582652,-0.399601,10.1623182,0.040317,-0.050091,0.003665
0.306281,-0.586242,9.759127,0.024435,-0.092852,0.006109,0.582652,-0.399601,10.1623182,0.040317,-0.050091,0.003665
0.217747,-0.733400,9.302097,0.017104,-0.090408,-0.001222,0.485743,-0.411566,9.6993065,0.028100,-0.050091,-0.008552
0.520439,-1.749153,9.677772,0.041539,-0.113621,0.002443,0.708275,-0.500100,9.7052889,0.015882,-0.039095,-0.004887
0.411566,-1.225125,10.541580,0.028100,-0.086743,0.013439,0.823131,-0.016750,9.3762751,0.039095,-0.050091,-0.003665
0.479761,-0.502493,10.405190,0.013439,-0.086743,-0.009774,0.823131,-0.016750,9.3762751,0.039095,-0.050091,-0.003665
-0.040678,-1.348356,10.395618,-0.019548,-0.079412,0.023213,0.009571,-1.676172,10.9160576,0.026878,-0.036652,0.004887
0.368495,-0.319442,10.155140,-0.014661,-0.074526,0.002443,0.888934,0.056231,10.2592278,0.106291,-0.090408,-0.003665
0.223729,-1.008575,8.928819,0.018326,-0.092852,-0.008552,0.132802,-0.781257,9.7986088,-0.001222,-0.036652,0.001222
0.295514,-1.265803,9.927821,0.045204,-0.100182,0.007330,0.132802,-0.781257,9.7986088,-0.001222,-0.036652,0.001222
0.247657,-0.768096,10.201799,0.026878,-0.096517,0.000000,0.912862,-0.349352,10.0271235,0.031765,-0.050091,-0.007330
0.227318,-1.063610,10.171889,0.023213,-0.095295,0.001222,0.869791,-0.017946,9.7722883,0.009774,-0.046426,0.000000
0.418744,-0.350549,10.049855,0.021991,-0.090408,0.008552,0.582652,-0.477368,9.2291174,0.024435,-0.047647,-0.009774
0.282353,-0.642473,9.415757,0.018326,-0.091630,-0.002443,0.582652,-0.477368,9.2291174,0.024435,-0.047647,-0.009774
0.422333,-1.749153,9.619147,0.034208,-0.128282,0.004887,0.088534,-1.847259,11.0261269,0.039095,-0.053756,-0.001222
0.416351,-1.284946,10.493724,0.021991,-0.097738,0.015882,0.597009,-0.904487,10.2029963,0.008552,-0.052534,0.006109
0.392423,-1.636691,10.258030,0.034208,-0.081856,-0.002443,0.539581,-0.569492,9.1848497,0.012217,-0.068417,0.010996
0.348156,-0.375673,10.287941,0.019548,-0.089186,0.008552,0.539581,-0.569492,9.1848497,0.012217,-0.068417,0.010996
0.138784,-0.848256,9.237493,0.008552,-0.086743,0.003665,0.906880,-0.240479,9.8895359,0.000000,-0.054978,-0.001222
0.530010,-1.440479,9.793823,0.052534,-0.091630,0.002443,0.159123,-0.640080,9.5677013,0.029322,-0.043982,-0.001222
-0.001196,-0.459422,10.814363,0.054978,-0.086743,0.001222,-0.075374,-0.860220,9.6406822,0.025656,-0.021991,-0.010996
0.267996,-1.471586,10.212566,0.001222,-0.072082,0.002443,-0.075374,-0.860220,9.6406822,0.025656,-0.021991,-0.010996
0.382852,-0.312263,10.131212,0.018326,-0.081856,-0.001222,0.467797,0.100499,9.1094751,0.028100,-0.043982,-0.013439
0.314656,-0.982254,9.333204,0.014661,-0.095295,0.008552,0.338584,-0.495314,9.8691969,0.041539,-0.047647,-0.004887
0.502493,-1.274178,9.554541,0.079412,-0.090408,0.000000,0.855434,-0.233300,9.8105736,0.062308,-0.043982,0.006109
0.315853,-0.856631,10.774880,0.014661,-0.097738,0.000000,0.855434,-0.233300,9.8105736,0.062308,-0.043982,0.006109
0.457029,-1.526621,10.006784,0.058643,-0.073304,-0.002443,0.165105,-0.988236,10.7126684,0.048869,-0.039095,0.001222
0.148355,-0.314656,10.281959,0.035430,-0.068417,-0.007330,0.220140,-1.366302,10.4626169,-0.012217,-0.029322,-0.004887
0.210568,-0.686740,8.812767,-0.018326,-0.106291,0.004887,0.413958,-0.196211,10.3094769,-0.012217,-0.004887,-0.010996
-0.039482,-1.001396,9.054441,0.001222,-0.100182,-0.007330,0.413958,-0.196211,10.3094769,-0.012217,-0.004887,-0.010996
0.247657,-1.501496,9.911071,0.031765,-0.051313,0.002443,0.527617,-0.957129,10.3872433,0.047647,-0.091630,-0.004887
0.491725,-1.923829,9.142976,-0.180816,-0.070860,0.008552,0.600598,0.011964,10.5020990,0.003665,0.019548,-0.012217
0.195015,-2.169094,8.872587,0.191812,-0.153938,0.012217,0.479761,-0.467797,9.5784683,0.105069,-0.068417,0.001222
0.285942,-1.484747,9.144172,-0.029322,-0.063530,-0.001222,0.479761,-0.467797,9.5784683,0.105069,-0.068417,0.001222
0.142373,-0.876970,10.777272,-0.046426,-0.045204,-0.003665,0.065803,-2.597409,11.1373930,-0.023213,-0.056200,-0.009774
0.457029,-0.959522,11.100305,0.050091,-0.095295,0.007330,0.014357,-0.911665,10.4626169,-0.023213,-0.018326,-0.001222
0.340977,-0.577867,9.784252,0.003665,-0.094073,-0.009774,0.853041,-0.178265,10.2017994,0.025656,-0.045204,0.000000
0.354138,-0.620938,10.336993,0.035430,-0.084299,0.002443,0.853041,-0.178265,10.2017994,0.025656,-0.045204,0.000000
0.320638,0.078963,10.189835,-0.398284,0.067195,-0.025656,0.192622,-0.996611,10.0390882,0.009774,-0.052534,-0.013439
0.137587,-2.187040,8.993423,-0.569326,-0.065973,-0.012217,0.960718,-0.887737,9.9625168,-0.570548,-0.070860,-0.025656
0.195015,-2.919244,9.075976,0.301767,-0.103847,0.012217,0.142373,-2.422733,7.9561353,-0.019548,-0.046426,-0.014661
-0.574277,-1.076770,12.044273,1.241278,-0.234572,-0.012217,0.142373,-2.422733,7.9561353,-0.019548,-0.046426,-0.014661
-0.076570,-1.118644,10.729417,-0.094073,-0.200364,0.013439,0.232104,0.527617,10.1168537,1.003041,-0.200364,0.021991
0.156730,-0.147159,10.339387,0.147829,0.113621,-0.152716,0.606581,-0.490529,9.6215401,-0.008552,0.061087,-0.010996
0.690329,-2.754139,10.260423,-0.448375,-0.332311,-0.995710,-0.620938,0.023928,10.0701942,-0.280998,-0.387289,-1.067793
0.422333,-1.167697,10.201799,0.393397,-0.278555,-0.017104,-0.620938,0.023928,10.0701942,-0.280998,-0.387289,-1.067793
0.388834,-1.111466,10.418349,-0.025656,-0.123395,-0.002443,1.724029,1.360320,9.4887381,0.342085,-0.101404,-0.035430
0.180658,-1.137787,10.650455,-0.028100,-0.054978,0.009774,0.656830,0.215354,10.2795668,0.130725,-0.078191,-0.012217
0.466600,-0.442672,9.631111,-0.054978,-0.054978,-0.004887,0.778864,0.114855,9.6000051,-0.017104,-0.062308,-0.007330
0.461815,-1.183251,9.000603,0.059865,-0.107512,-0.003665,0.778864,0.114855,9.6000051,-0.017104,-0.062308,-0.007330
0.271585,-0.559921,10.063016,0.004887,-0.064752,0.006109,0.581456,-0.569492,10.4422779,0.051313,-0.041539,0.003665
0.506082,-0.684347,10.926825,-0.004887,-0.058643,0.007330,0.526421,-0.161516,9.4576321,0.018326,-0.030543,-0.003665
0.299103,-0.226122,10.779666,0.123395,-0.118508,-0.008552,0.664008,-0.174676,9.8632145,0.087965,-0.045204,-0.002443
0.111266,-1.445265,8.828320,-0.085521,-0.041539,0.009774,0.664008,-0.174676,9.8632145,0.087965,-0.045204,-0.002443
0.301496,-0.850649,9.272187,0.054978,-0.097738,0.004887,-0.118445,-0.483350,9.4887381,-0.068417,-0.007330,-0.006109
0.333799,-0.826720,10.326226,0.037874,-0.105069,0.003665,0.000000,-1.159323,10.8538437,-0.015882,-0.034208,0.003665
0.421137,-0.532403,10.346565,-0.087965,-0.050091,-0.002443,0.362513,-1.060021,10.9627171,-0.026878,-0.037874,-0.002443
0.675972,0.000000,10.200603,-0.274889,-0.180816,0.002443,0.362513,-1.060021,10.9627171,-0.026878,-0.037874,-0.002443
0.039482,-2.276771,8.583055,-0.707382,-0.009774,-0.288328,0.421137,-0.208176,10.4626169,-0.382402,-0.083078,-0.003665
0.662812,-3.862016,10.648062,-1.638341,0.136834,-0.619417,-0.105284,-2.402394,11.4795666,-1.242500,0.030543,-0.560774
0.459422,-3.180061,10.524830,-1.047023,0.142942,-0.575435,0.489332,-3.162115,10.0761757,-1.174083,0.135612,-0.689056
0.202194,-3.274578,9.300902,-0.109956,0.257785,-0.409280,0.489332,-3.162115,10.0761757,-1.174083,0.135612,-0.689056
0.393619,-3.375077,9.324830,0.171042,0.155160,-0.398284,0.637687,-2.731407,9.2147598,0.037874,0.278555,-0.415388
0.549153,-3.291328,8.355738,0.249233,-0.017104,-0.533896,0.208176,-3.107080,9.6490574,0.205251,0.131947,-0.454484
0.488136,-2.304288,8.620144,0.205251,-0.009774,-0.569326,0.479761,-2.417947,9.0269232,0.241903,-0.030543,-0.603535
0.368495,-2.900101,8.270791,0.222355,0.091630,-0.596204,0.479761,-2.417947,9.0269232,0.241903,-0.030543,-0.603535
0.307478,-3.231507,7.817351,0.668287,0.136834,-0.786794,0.143569,-2.654837,7.8747797,0.322537,0.084299,-0.667065
0.524028,-3.761517,8.794819,0.741590,-0.021991,-0.858877,0.118445,-1.974079,7.8759761,0.801455,0.096517,-0.822225
0.484547,-2.806781,9.251848,0.702495,-0.140499,-0.819781,0.595813,-1.730011,9.2925272,0.900415,-0.085521,-0.844216
0.396012,-3.248257,10.792826,-0.061087,0.073304,-0.183260,0.595813,-1.730011,9.2925272,0.900415,-0.085521,-0.844216
0.757328,-3.131009,11.267801,-0.105069,0.252898,0.059865,0.775275,-3.129812,10.6372929,-0.035430,0.131947,-0.130725
0.264407,-3.878766,10.049855,-0.544892,-0.013439,0.068417,0.056231,-3.602395,11.4053888,-0.294437,0.200364,0.054978
0.167498,-2.370091,8.656036,-0.601091,-0.263894,0.010996,0.427119,-3.016153,9.9266253,-0.608422,-0.201586,-0.026878
0.250050,-2.968297,8.225328,-0.294437,-0.404393,0.134390,0.427119,-3.016153,9.9266253,-0.608422,-0.201586,-0.026878
0.660419,-3.059224,8.437093,-0.102625,-0.243124,0.123395,0.669990,-2.129612,7.8759761,-0.215025,-0.334754,0.140499
0.246461,-3.180061,9.366704,0.160047,-0.087965,-0.020769,0.620938,-2.572284,8.2217388,-0.068417,-0.021991,0.134390
0.802792,-3.339184,9.468399,0.213803,-0.117286,-0.357967,0.738186,-2.647658,9.4911308,0.210138,-0.092852,-0.339641
0.842274,-2.688336,9.823733,0.026878,0.100182,-0.294437,0.738186,-2.647658,9.4911308,0.210138,-0.092852,-0.339641
0.735793,-3.259024,9.433703,0.069639,0.378736,-0.084299,0.975075,-3.195615,10.4470634,-0.030543,0.206472,-0.259007
0.610170,-2.880959,9.549755,-0.191812,0.155160,0.037874,0.793221,-2.317449,9.1537428,-0.210138,0.267559,-0.062308
0.145962,-3.159722,8.383254,0.227242,-0.021991,-0.244346,0.478565,-2.662015,9.1573324,0.157603,0.065973,-0.191812
0.559921,-4.051049,9.355936,0.217468,-0.201586,-0.263894,0.478565,-2.662015,9.1573324,0.157603,0.065973,-0.191812
0.665205,-3.560520,9.609575,0.133169,-0.311541,0.004887,0.780060,-2.755335,9.5820589,0.278555,-0.183260,-0.211359
0.553938,-2.487339,9.817752,-0.280998,-0.200364,0.415388,0.842274,-2.644069,10.2604227,-0.028100,-0.217468,0.234572
0.352941,-3.203990,8.756536,-0.306654,-0.127060,0.505796,0.836291,-2.273182,9.5509520,-0.324980,-0.106291,0.481362
-0.069392,-3.370291,9.171689,-0.096517,-0.166155,0.522901,0.836291,-2.273182,9.5509520,-0.324980,-0.106291,0.481362
0.279960,-2.573481,8.702696,-0.434936,-0.174707,0.388510,0.380459,-2.288735,9.6155586,-0.096517,-0.175929,0.496023
0.183051,-3.069991,9.322437,-0.094073,0.057421,-0.029322,0.321835,-2.397608,8.9180498,-0.422719,0.042761,0.224798
0.003589,-2.847459,9.955338,0.634078,0.133169,-0.561996,0.451047,-2.729014,9.4073820,0.454484,0.142942,-0.481362
-0.113659,-3.315256,9.865608,0.549779,0.298102,-0.557109,0.451047,-2.729014,9.4073820,0.454484,0.142942,-0.481362
0.227318,-3.944568,10.303495,0.443488,0.141721,-0.305433,0.129212,-3.098705,11.5932264,0.437380,0.280998,-0.537561
-0.226122,-2.641676,9.486345,0.425162,-0.046426,0.113621,0.209372,-3.479164,11.1984100,0.548557,0.134390,-0.064752
-0.106481,-2.650051,9.474380,0.230907,-0.139277,0.419054,0.275175,-2.813959,10.1240330,0.268781,-0.056200,0.420275
0.295514,-2.285146,9.810574,0.324980,-0.134390,0.291994,0.275175,-2.813959,10.1240330,0.268781,-0.056200,0.420275
0.123230,-2.132005,9.481561,-0.003665,-0.019548,0.320093,-0.019143,-2.523232,10.8095760,0.299324,-0.051313,0.294437
-0.514457,-2.152344,8.991032,-0.194255,-0.014661,0.421497,0.008375,-1.637887,8.8522482,0.014661,0.141721,0.388510
-0.707079,-1.782653,10.348958,0.382402,-0.335976,0.282220,-0.723829,-1.651048,10.1431761,0.298102,-0.230907,0.312763
-0.299103,-1.328017,10.616954,0.759916,-0.426384,0.221133,-0.723829,-1.651048,10.1431761,0.298102,-0.230907,0.312763
0.031107,-0.428315,9.897911,0.955393,-0.343306,0.184481,-0.148355,-0.574277,10.5786686,0.808786,-0.339641,0.250455
0.208176,0.498904,9.442079,0.955393,-0.221133,0.097738,0.051446,0.313460,9.7304134,0.938289,-0.215025,0.179594
0.227318,1.665405,9.633504,1.072679,-0.156382,0.051313,0.135194,1.703690,9.1501541,1.050688,-0.111177,0.090408
0.334995,2.461018,9.592826,0.822225,-0.004887,-0.029322,0.135194,1.703690,9.1501541,1.050688,-0.111177,0.090408
0.092124,2.900101,9.778270,0.078191,0.266337,-0.201586,0.279960,2.997010,10.1563349,0.631635,0.136834,-0.062308
-0.514457,2.461018,10.419547,-0.871094,0.427606,-0.349415,-0.479761,3.092723,10.5990076,-0.337198,0.364076,-0.305433
-1.081556,1.617548,10.472187,-1.417207,0.416610,-0.442266,-0.935594,2.413162,10.7401848,-1.345125,0.445932,-0.503353
-1.435694,-0.029910,10.444672,-1.254717,0.223577,-0.398284,-0.935594,2.413162,10.7401848,-1.345125,0.445932,-0.503353
-1.630709,-1.155733,9.935000,-0.718378,-0.045204,-0.295659,-1.344766,0.260818,9.9924278,-1.177748,0.179594,-0.439823
-1.593620,-1.371087,9.439686,-0.096517,-0.277333,-0.207694,-1.499103,-0.965504,9.5318089,-0.445932,-0.122173,-0.280998
-1.257428,-1.323231,9.175279,0.571770,-0.461814,-0.041539,-1.164108,-1.235893,9.8787689,0.443488,-0.386067,-0.061087
-0.727418,-0.415155,9.708878,0.963945,-0.414167,0.114843,-1.164108,-1.235893,9.8787689,0.443488,-0.386067,-0.061087
-0.466600,0.238086,9.218349,1.141096,-0.280998,0.193033,-0.504886,-0.013161,9.6753788,1.003041,-0.324980,0.169821
-0.184247,1.647458,9.693325,1.045801,-0.058643,0.157603,-0.197408,1.391426,9.5342026,1.126436,-0.122173,0.230907
-0.460618,2.254039,9.213564,0.774577,0.166155,0.058643,-0.388834,2.496910,9.7148600,0.833220,0.180816,0.098960
-0.731007,2.968297,9.381062,0.412945,0.289550,-0.015882,-0.388834,2.496910,9.7148600,0.833220,0.180816,0.098960
-1.243071,3.090331,9.487542,0.006109,0.241903,-0.025656,-0.994218,3.468396,9.7734833,0.329867,0.332311,-0.031765
-1.690529,2.976671,9.662218,-0.301767,0.064752,0.034208,-1.392623,3.492325,9.7830553,-0.151495,0.207694,-0.025656
-1.716850,2.289931,9.753145,-0.592539,-0.207694,0.056200,-1.674976,2.618945,9.8093767,-0.531453,-0.106291,0.029322
-1.473979,1.515853,9.512667,-0.669508,-0.452040,0.065973,-1.674976,2.618945,9.8093767,-0.531453,-0.106291,0.029322
-0.869791,0.830309,9.645469,-0.480140,-0.456927,0.117286,-1.497907,1.572084,9.4073820,-0.643852,-0.439823,0.062308
-0.467797,0.617348,9.578468,-0.232129,-0.279776,0.131947,-0.574277,1.170090,9.6682005,-0.346971,-0.335976,0.125838
-0.323031,0.793221,9.578468,-0.166155,-0.010996,0.090408,-0.370888,0.981057,10.0917301,-0.158825,-0.020769,0.089186
-0.634098,0.717847,9.917054,-0.157603,0.168599,0.068417,-0.370888,0.981057,10.0917301,-0.158825,-0.020769,0.089186
-0.854238,0.465404,10.001998,-0.047647,0.196699,0.070860,-0.474975,0.906880,9.9146614,-0.145386,0.224798,0.047647
-1.159323,0.443869,10.177871,0.173486,0.096517,0.103847,-0.978664,0.605384,9.8213406,0.047647,0.206472,0.070860
-1.432104,0.553938,10.096515,0.354302,-0.018326,0.158825,-1.284946,0.738186,9.6502542,0.305433,0.067195,0.142942
-1.371087,0.729811,9.844072,0.404393,-0.117286,0.183260,-1.284946,0.738186,9.6502542,0.305433,0.067195,0.142942
-1.314856,1.478764,9.486345,0.425162,-0.138056,0.212581,-1.307678,1.231107,9.9637136,0.408058,-0.064752,0.200364
-1.160519,1.861616,9.576077,0.342085,-0.155160,0.193033,-1.306481,1.700100,9.5653086,0.398284,-0.080634,0.217468
-1.094716,1.908276,9.560523,0.238237,-0.206472,0.156382,-1.040878,2.508874,9.7256279,0.251676,-0.141721,0.171042
-0.824327,1.986043,9.568897,0.179594,-0.202807,0.109956,-1.040878,2.508874,9.7256279,0.251676,-0.141721,0.171042
-0.689133,2.267200,9.571291,0.087965,-0.138056,0.073304,-0.805185,2.615355,9.7507515,0.168599,-0.146608,0.108734
-0.716650,2.383251,9.655040,-0.034208,-0.039095,0.026878,-0.587438,2.833102,9.6251287,0.030543,-0.041539,0.043982
-0.866202,2.099702,9.651450,-0.144164,0.043982,-0.030543,-0.879362,2.429911,9.6263256,-0.123395,0.075747,-0.034208
-1.138984,1.713261,9.555737,-0.227242,-0.006109,-0.089186,-0.879362,2.429911,9.6263256,-0.123395,0.075747,-0.034208
-1.141376,1.850848,9.274581,-0.194255,-0.096517,-0.098960,-1.058824,2.342573,9.7495565,-0.229685,0.004887,-0.109956
-1.113859,1.539781,9.306884,-0.086743,-0.128282,-0.070860,-1.153341,1.947758,9.5425768,-0.144164,-0.074526,-0.096517
-1.136591,1.629512,9.639486,0.007330,-0.112399,-0.037874,-1.217947,1.611566,9.8787689,-0.018326,-0.075747,-0.052534
-1.002593,1.374677,9.525827,0.103847,-0.059865,0.013439,-1.217947,1.611566,9.8787689,-0.018326,-0.075747,-0.052534
-0.993021,1.867598,9.659825,0.112399,-0.017104,0.013439,-1.113859,1.902294,9.2422771,0.111177,-0.004887,0.018326
-1.087538,1.698904,9.858430,0.035430,0.001222,-0.061087,-0.959522,2.098505,9.8356981,0.076969,0.040317,-0.020769
-1.170090,1.907080,9.833304,-0.031765,-0.063530,-0.113621,-0.927219,2.348555,9.8213406,-0.029322,0.001222,-0.114843
-1.221536,1.500300,9.707682,0.029322,-0.120951,-0.090408,-0.927219,2.348555,9.8213406,-0.029322,0.001222,-0.114843
-1.210768,1.566102,9.469596,0.108734,-0.072082,-0.041539,-1.311267,1.665405,9.6275225,0.037874,-0.078191,-0.089186
-1.307678,1.893919,9.609575,0.095295,-0.015882,0.009774,-1.337588,1.980061,9.4025965,0.102625,0.010996,-0.012217
-1.556531,1.831706,9.584451,0.014661,-0.072082,-0.004887,-1.697708,1.568495,9.8261261,0.029322,-0.006109,0.002443
-1.509871,1.573281,9.659825,0.070860,-0.191812,-0.057421,-1.697708,1.568495,9.8261261,0.029322,-0.006109,0.002443
-1.432104,1.606781,9.619147,0.251676,-0.280998,-0.070860,-1.383052,1.861616,9.6131649,0.092852,-0.167377,-0.063530
-1.016950,1.779064,9.157332,0.384845,-0.217468,0.002443,-1.307678,1.874776,9.6203442,0.327424,-0.210138,-0.032987
-0.612563,2.642873,9.407382,0.333532,-0.146608,0.061087,-0.622134,2.870191,9.4540424,0.365297,-0.112399,0.064752
-0.587438,2.885744,9.628718,0.036652,0.062308,0.000000,-0.622134,2.870191,9.4540424,0.365297,-0.112399,0.064752
-1.204786,2.713461,10.122837,-0.257785,0.183260,-0.139277,-0.734596,3.451647,9.6610212,-0.020769,0.139277,-0.037874
-1.714458,2.250450,10.022338,-0.461814,0.046426,-0.216246,-1.380659,2.932404,10.2951202,-0.379958,0.168599,-0.218690
-1.988436,1.417747,9.732806,-0.348193,-0.069639,-0.179594,-1.999203,1.600798,9.4576321,-0.400728,-0.019548,-0.218690
-2.059024,0.897308,9.387044,-0.073304,-0.166155,-0.052534,-1.999203,1.600798,9.4576321,-0.400728,-0.019548,-0.218690
-1.597209,1.142573,9.016156,0.191812,-0.279776,0.074526,-1.613959,1.531407,8.9838524,-0.010996,-0.139277,-0.029322
-1.261017,1.359123,8.935996,0.315206,-0.255342,0.085521,-1.436890,1.557728,8.8905334,0.262672,-0.229685,0.103847
-0.995414,1.783849,9.462417,0.354302,-0.179594,0.017104,-1.027717,2.074577,9.7208414,0.350637,-0.142942,0.043982
-0.887737,2.322234,9.488738,0.287107,-0.086743,-0.067195,-1.027717,2.074577,9.7208414,0.350637,-0.142942,0.043982
-1.069592,2.688336,9.705289,0.101404,-0.006109,-0.135612,-0.993021,2.559124,9.7938232,0.256563,-0.021991,-0.078191
-1.398605,2.574677,9.815358,-0.124617,0.048869,-0.204029,-1.403391,2.934797,9.8093767,-0.007330,0.057421,-0.175929
-1.615155,2.208575,9.786645,-0.259007,0.046426,-0.263894,-1.657030,2.651247,9.5210419,-0.245568,0.075747,-0.273668
-1.643869,1.713261,9.451650,-0.250455,0.003665,-0.294437,-1.657030,2.651247,9.5210419,-0.245568,0.075747,-0.273668
-1.728814,1.220340,9.102298,-0.117286,-0.059865,-0.273668,-1.795813,1.928615,9.0628166,-0.226020,0.014661,-0.309098
-1.649851,1.129412,9.206386,0.087965,-0.089186,-0.222355,-1.739582,1.531407,8.8989086,-0.012217,-0.045204,-0.265115
-1.849652,1.377069,9.077173,0.277333,-0.109956,-0.163712,-1.835295,1.520639,9.1980104,0.235794,-0.062308,-0.173486
-1.908276,1.832902,9.603594,0.328645,-0.111177,-0.112399,-1.835295,1.520639,9.1980104,0.235794,-0.062308,-0.173486
-2.063810,2.230111,9.769895,0.248011,-0.124617,-0.084299,-1.799403,2.103291,9.7351990,0.323759,-0.067195,-0.101404
-2.068595,2.377269,10.028319,0.116064,-0.119730,-0.149051,-2.055435,2.621337,9.7507515,0.184481,-0.083078,-0.106291
-1.954936,2.238486,9.268599,0.026878,-0.114843,-0.208916,-2.092523,2.548356,9.3355980,0.035430,-0.079412,-0.207694
-1.895116,2.157130,8.719445,0.001222,-0.052534,-0.221133,-2.092523,2.548356,9.3355980,0.035430,-0.079412,-0.207694
-2.268396,1.920240,8.764909,0.051313,0.015882,-0.219911,-1.909473,2.365305,9.1310120,-0.009774,-0.007330,-0.229685
-1.936990,1.940579,8.879765,0.216246,0.092852,-0.194255,-1.685744,2.127219,8.7577314,0.119730,0.086743,-0.212581
-2.867798,2.292324,9.382257,0.311541,0.145386,-0.182038,-2.121237,2.480161,9.1453686,0.276111,0.162490,-0.182038
-2.953940,2.653640,9.650254,0.285885,0.133169,-0.184481,-2.121237,2.480161,9.1453686,0.276111,0.162490,-0.182038
-3.083152,2.778067,9.421740,0.161268,0.017104,-0.232129,-3.219543,2.868994,9.1812611,0.262672,0.157603,-0.193033
-3.079563,2.645265,9.025726,0.124617,-0.175929,-0.243124,-3.196811,3.022135,8.9898348,0.142942,-0.026878,-0.250455
-2.951547,2.593820,8.550752,0.092852,-0.332311,-0.235794,-3.168097,2.853441,8.9001036,0.091630,-0.251676,-0.240681
-2.738585,2.598605,8.810373,0.112399,-0.401949,-0.204029,-3.168097,2.853441,8.9001036,0.091630,-0.251676,-0.240681
-2.378466,2.585445,8.833104,0.063530,-0.373850,-0.215025,-2.815156,2.901298,8.5651083,0.119730,-0.357967,-0.193033
-2.321038,2.487339,8.884551,-0.142942,-0.285885,-0.301767,-2.402394,2.912065,9.1178503,-0.037874,-0.290772,-0.257785
-1.878366,2.212165,8.859426,-0.205251,-0.227242,-0.345750,-2.018346,2.624927,9.1250296,-0.190590,-0.204029,-0.349415
-2.097309,1.968097,9.171689,-0.202807,-0.173486,-0.344528,-2.018346,2.624927,9.1250296,-0.190590,-0.204029,-0.349415
-2.108077,1.653440,9.292527,-0.123395,-0.162490,-0.309098,-2.287539,2.152344,9.1920280,-0.199142,-0.140499,-0.350637
-2.096112,1.489532,9.296116,0.053756,-0.167377,-0.262672,-2.425126,1.849652,9.3379898,-0.069639,-0.124617,-0.300546
-2.054238,1.587638,9.239884,0.182038,-0.180816,-0.212581,-2.085345,1.897508,9.4540424,0.160047,-0.140499,-0.218690
-1.767099,1.694118,9.002995,0.328645,-0.201586,-0.183260,-2.085345,1.897508,9.4540424,0.160047,-0.140499,-0.218690
-2.221736,2.051846,9.479167,0.342085,-0.212581,-0.182038,-1.901098,2.114059,9.5114708,0.337198,-0.155160,-0.171042
-2.380858,2.264807,9.482756,0.197920,-0.194255,-0.215025,-2.110470,2.358127,9.1932249,0.300546,-0.173486,-0.188146
-1.732404,2.238486,9.500702,-0.065973,-0.118508,-0.265115,-1.825724,2.543571,9.8416796,0.007330,-0.102625,-0.255342
-2.370091,2.026721,9.699306,-0.226020,-0.094073,-0.310320,-1.825724,2.543571,9.8416796,0.007330,-0.102625,-0.255342
-2.014757,1.753939,9.525827,-0.169821,-0.119730,-0.287107,-1.762314,2.273182,9.7136631,-0.219911,-0.059865,-0.321315
-2.042274,1.266999,9.611969,0.020769,-0.208916,-0.243124,-1.726422,1.832902,9.4408817,-0.068417,-0.124617,-0.271224
-2.283949,1.783849,9.310472,0.234572,-0.285885,-0.202807,-2.179861,2.035096,9.2614202,0.206472,-0.230907,-0.202807
-1.619941,1.753939,9.645469,0.317650,-0.309098,-0.164934,-2.179861,2.035096,9.2614202,0.206472,-0.230907,-0.202807
-1.703690,2.176272,9.474380,0.301767,-0.329867,-0.164934,-1.769492,2.228914,9.4971132,0.317650,-0.265115,-0.150273
-1.275375,2.139183,9.633504,0.259007,-0.318872,-0.200364,-1.745564,2.469393,9.2123671,0.278555,-0.285885,-0.172264
-1.268196,2.352145,9.369098,0.161268,-0.313985,-0.235794,-1.517050,2.719443,9.2422771,0.175929,-0.276111,-0.219911
-0.832702,2.366502,9.667004,0.003665,-0.241903,-0.311541,-0.935594,2.700300,9.7890377,0.001222,-0.206472,-0.313985
-0.829113,2.146362,9.725628,-0.068417,-0.109956,-0.329867,-0.891326,2.457429,9.6514502,-0.072082,-0.079412,-0.338419
-1.265803,2.183451,9.473186,-0.085521,-0.070860,-0.322537,-0.891326,2.457429,9.6514502,-0.072082,-0.079412,-0.338419
-0.952343,1.852045,9.781858,-0.008552,-0.087965,-0.326202,-0.953540,2.288735,9.8751793,-0.080634,-0.030543,-0.333532
-1.435694,1.981257,9.431311,0.054978,-0.155160,-0.343306,-1.308874,2.116452,9.3750792,0.029322,-0.100182,-0.340863
-1.343570,2.044667,9.866805,0.010996,-0.138056,-0.355524,-1.104288,2.103291,9.9744816,0.020769,-0.112399,-0.360410
-1.387837,1.794617,9.682557,-0.094073,-0.125838,-0.362854,-1.104288,2.103291,9.9744816,0.020769,-0.112399,-0.360410
-1.204786,1.428515,9.594023,-0.042761,-0.140499,-0.349415,-1.420140,2.018346,9.6059866,-0.100182,-0.102625,-0.372628
-1.435694,1.636691,9.384650,0.174707,-0.201586,-0.323759,-1.107877,1.629512,9.4863453,0.043982,-0.131947,-0.343306
-0.923630,1.591227,9.568897,0.316428,-0.261450,-0.295659,-1.088734,1.968097,9.6586285,0.293215,-0.200364,-0.294437
-1.350748,2.179861,9.275778,0.338419,-0.307876,-0.282220,-1.088734,1.968097,9.6586285,0.293215,-0.200364,-0.294437
-1.044467,2.318645,9.468399,0.218690,-0.287107,-0.285885,-1.311267,2.516053,9.4923267,0.318872,-0.266337,-0.268781
-1.026521,2.462215,9.390633,0.063530,-0.262672,-0.295659,-0.824327,2.471786,9.6789675,0.135612,-0.238237,-0.279776
-0.870987,2.243271,9.617950,0.026878,-0.257785,-0.320093,-0.880559,2.581856,9.5018988,0.034208,-0.227242,-0.312763
-0.768096,2.257628,9.643075,0.000000,-0.244346,-0.346971,-0.880559,2.581856,9.5018988,0.034208,-0.227242,-0.312763
-0.760918,2.189433,9.879965,-0.064752,-0.194255,-0.368963,-0.753739,2.498107,9.7280207,-0.008552,-0.204029,-0.356745
-0.772882,2.014757,9.839287,-0.125838,-0.124617,-0.393397,-0.753739,2.397608,9.8368931,-0.109956,-0.122173,-0.390954
-0.818345,1.800599,9.931410,-0.118508,-0.109956,-0.400728,-0.835095,2.176272,9.9158564,-0.120951,-0.087965,-0.411723
-0.851845,1.634298,9.908679,-0.085521,-0.098960,-0.398284,-0.835095,2.176272,9.9158564,-0.120951,-0.087965,-0.411723
-0.960718,1.515853,9.896715,-0.031765,-0.091630,-0.382402,-0.898505,1.917847,9.9649105,-0.078191,-0.070860,-0.403171
-1.046860,1.440479,9.891929,0.017104,-0.083078,-0.367741,-0.970290,1.783849,9.9445715,-0.015882,-0.053756,-0.383623
-1.119841,1.447658,9.938589,0.086743,-0.111177,-0.344528,-1.045663,1.731207,9.9553385,0.074526,-0.076969,-0.350637
-1.092324,1.487139,9.847662,0.152716,-0.144164,-0.323759,-1.045663,1.731207,9.9553385,0.074526,-0.076969,-0.350637
-1.112662,1.591227,9.850055,0.178373,-0.164934,-0.296880,-1.104288,1.820938,9.8835545,0.160047,-0.112399,-0.318872
-1.101895,1.676172,9.846465,0.130725,-0.156382,-0.279776,-1.110270,1.948954,9.9553385,0.161268,-0.127060,-0.285885
-1.055235,1.674976,9.872787,0.083078,-0.145386,-0.267559,-1.079163,2.005185,9.8237333,0.091630,-0.113621,-0.272446
-1.156930,1.698904,9.830912,0.036652,-0.118508,-0.270002,-1.079163,2.005185,9.8237333,0.091630,-0.113621,-0.272446
-1.170090,1.605584,9.869197,0.019548,-0.095295,-0.267559,-1.100698,1.983650,9.9158564,0.031765,-0.078191,-0.276111
-1.202393,1.594816,9.816555,0.017104,-0.078191,-0.274889,-1.173679,1.936990,9.8488588,0.018326,-0.059865,-0.272446
-1.287339,1.569692,9.806983,-0.006109,-0.045204,-0.296880,-1.263410,1.877169,9.8404837,-0.002443,-0.017104,-0.298102
-1.318445,1.483550,9.901500,-0.079412,-0.056200,-0.305433,-1.263410,1.877169,9.8404837,-0.002443,-0.017104,-0.298102
-1.430908,1.365105,9.751948,-0.054978,-0.061087,-0.270002,-1.472782,1.802992,9.8584299,-0.083078,-0.026878,-0.307876
-1.458425,1.271785,9.852448,-0.013439,-0.068417,-0.215025,-1.385444,1.580459,9.9373922,-0.028100,-0.034208,-0.256563
-1.539781,1.265803,9.814162,0.013439,-0.076969,-0.161268,-1.544567,1.548156,9.8285198,0.007330,-0.037874,-0.179594
-1.527817,1.231107,9.750751,0.032987,-0.076969,-0.116064,-1.544567,1.548156,9.8285198,0.007330,-0.037874,-0.179594
-1.580459,1.195215,9.778270,0.032987,-0.074526,-0.073304,-1.508675,1.517050,9.8536434,0.037874,-0.036652,-0.116064
-1.606781,1.190429,9.829715,0.032987,-0.078191,-0.024435,-1.558924,1.537389,9.8356981,0.030543,-0.034208,-0.053756
-1.587638,1.209572,9.796216,0.051313,-0.086743,0.043982,-1.567299,1.524228,9.7806635,0.042761,-0.040317,0.021991
-1.594816,1.252643,9.777073,0.068417,-0.100182,0.101404,-1.567299,1.524228,9.7806635,0.042761,-0.040317,0.021991
-1.556531,1.317249,9.759127,0.062308,-0.097738,0.144164,-1.531407,1.572084,9.7950191,0.065973,-0.051313,0.105069
-1.534996,1.343570,9.774681,0.043982,-0.092852,0.168599,-1.537389,1.604388,9.6849499,0.053756,-0.047647,0.155160
-1.499103,1.360320,9.728021,-0.019548,-0.073304,0.173486,-1.501496,1.646262,9.8093767,-0.007330,-0.029322,0.166155
-1.464407,1.330409,9.662218,-0.031765,-0.053756,0.175929,-1.501496,1.646262,9.8093767,-0.007330,-0.029322,0.166155
-1.503889,1.286142,9.688540,-0.056200,-0.054978,0.194255,-1.517050,1.623530,9.7866449,-0.040317,0.000000,0.175929
-1.489532,1.261017,9.667004,-0.046426,-0.043982,0.215025,-1.512264,1.562513,9.7591267,-0.045204,0.001222,0.200364
-1.579263,1.250250,9.632308,-0.021991,-0.042761,0.218690,-1.633101,1.521835,9.7351990,-0.029322,0.014661,0.211359
-1.570888,1.274178,9.637094,0.007330,-0.057421,0.211359,-1.633101,1.521835,9.7351990,-0.029322,0.014661,0.211359
-1.552942,1.292124,9.616754,0.045204,-0.065973,0.202807,-1.556531,1.538585,9.6454687,0.015882,-0.006109,0.202807
-1.549353,1.351945,9.633504,0.064752,-0.084299,0.191812,-1.609173,1.607977,9.6825571,0.054978,-0.020769,0.193033
-1.543371,1.385444,9.628718,0.073304,-0.089186,0.177151,-1.506282,1.694118,9.6873426,0.074526,-0.036652,0.179594
-1.517050,1.491925,9.634700,0.056200,-0.091630,0.153938,-1.506282,1.694118,9.6873426,0.074526,-0.036652,0.179594
-1.517050,1.503889,9.617950,0.026878,-0.075747,0.131947,-1.554138,1.787439,9.6753788,0.052534,-0.040317,0.146608
-1.499103,1.512264,9.629915,-0.017104,-0.061087,0.109956,-1.527817,1.819742,9.6957169,0.004887,-0.020769,0.112399
-1.524228,1.459622,9.627522,-0.040317,-0.047647,0.096517,-1.537389,1.768296,9.7112703,-0.034208,-0.001222,0.090408
-1.544567,1.396212,9.629915,-0.028100,-0.048869,0.096517,-1.537389,1.768296,9.7112703,-0.034208,-0.001222,0.090408
-1.594816,1.381855,9.617950,-0.020769,-0.043982,0.101404,-1.567299,1.709672,9.6263256,-0.023213,-0.003665,0.086743
-1.617548,1.360320,9.676576,-0.006109,-0.056200,0.103847,-1.599602,1.657030,9.6909313,-0.015882,0.000000,0.096517
-1.628316,1.359123,9.701700,0.009774,-0.069639,0.107512,-1.594816,1.653440,9.6837530,0.003665,-0.020769,0.098960
-1.605584,1.385444,9.662218,0.010996,-0.111177,0.105069,-1.594816,1.653440,9.6837530,0.003665,-0.020769,0.098960
-1.567299,1.373480,9.682557,0.010996,-0.123395,0.107512,-1.625923,1.635494,9.7603235,0.012217,-0.064752,0.098960
-1.551746,1.367498,9.710074,0.009774,-0.122173,0.106291,-1.532603,1.647458,9.6981106,0.010996,-0.069639,0.102625
-1.517050,1.333999,9.755538,0.007330,-0.117286,0.095295,-1.496711,1.663012,9.7495565,0.007330,-0.073304,0.094073
-1.439283,1.292124,9.716057,-0.028100,-0.096517,0.079412,-1.496711,1.663012,9.7495565,0.007330,-0.073304,0.094073
-1.487139,1.265803,9.719646,-0.073304,-0.065973,0.065973,-1.427319,1.631905,9.8069830,-0.035430,-0.045204,0.069639
-1.514657,1.133002,9.754342,-0.127060,-0.025656,0.047647,-1.487139,1.490729,9.8380899,-0.102625,-0.001222,0.045204
-1.567299,1.009771,9.731610,-0.116064,-0.002443,0.046426,-1.545763,1.329213,9.7328062,-0.123395,0.036652,0.034208
-1.657030,0.922433,9.749557,-0.098960,0.001222,0.052534,-1.545763,1.329213,9.7328062,-0.123395,0.036652,0.034208
-1.730011,0.792024,9.737592,-0.079412,0.002443,0.062308,-1.666601,1.183251,9.8057871,-0.096517,0.046426,0.042761
-1.832902,0.736989,9.777073,-0.067195,0.006109,0.068417,-1.770689,1.067199,9.8093767,-0.072082,0.047647,0.053756
-1.880759,0.679562,9.708878,-0.024435,-0.034208,0.087965,-1.834098,0.973879,9.7794666,-0.036652,0.019548,0.072082
-1.910669,0.677169,9.682557,0.031765,-0.058643,0.125838,-1.834098,0.973879,9.7794666,-0.036652,0.019548,0.072082
-1.933401,0.713061,9.686147,0.047647,-0.072082,0.142942,-1.905883,0.967897,9.7567348,0.037874,-0.012217,0.125838
-1.944168,0.756132,9.737592,0.052534,-0.078191,0.153938,-1.934597,1.037289,9.7675018,0.051313,-0.024435,0.146608
-1.935793,0.806381,9.720841,0.050091,-0.111177,0.155160,-1.917847,1.118644,9.8045912,0.048869,-0.054978,0.152716
-1.880759,0.835095,9.640682,0.041539,-0.095295,0.158825,-1.917847,1.118644,9.8045912,0.048869,-0.054978,0.152716
-1.877169,0.885344,9.631111,0.057421,-0.095295,0.168599,-1.897508,1.173679,9.6777716,0.043982,-0.043982,0.155160
-1.850848,0.932004,9.651450,0.058643,-0.100182,0.173486,-1.844866,1.210768,9.6969137,0.059865,-0.045204,0.167377
-1.781457,1.022932,9.628718,0.065973,-0.105069,0.173486,-1.793421,1.289732,9.6658068,0.064752,-0.052534,0.171042
-1.762314,1.064806,9.622736,0.061087,-0.095295,0.174707,-1.793421,1.289732,9.6658068,0.064752,-0.052534,0.171042
-1.770689,1.119841,9.613165,0.041539,-0.070860,0.166155,-1.805385,1.398605,9.6729851,0.058643,-0.040317,0.171042
-1.786242,1.140180,9.558130,0.019548,-0.041539,0.153938,-1.775474,1.442872,9.6634140,0.026878,-0.004887,0.152716
-1.801795,1.179662,9.553344,0.047647,-0.020769,0.149051,-1.806581,1.460818,9.4827557,0.043982,0.021991,0.141721
-1.862812,1.277767,9.512667,0.074526,-0.021991,0.146608,-1.806581,1.460818,9.4827557,0.043982,0.021991,0.141721
-1.936990,1.366302,9.433703,0.094073,-0.015882,0.146608,-1.877169,1.572084,9.4995060,0.079412,0.028100,0.141721
-1.913062,1.503889,9.375079,0.097738,-0.012217,0.149051,-1.850848,1.671387,9.4480610,0.107512,0.030543,0.145386
-2.057827,1.532603,9.521042,0.034208,0.015882,0.139277,-2.062613,1.801795,9.5629158,0.053756,0.058643,0.136834
-2.092523,1.457229,9.499506,-0.059865,0.041539,0.123395,-2.062613,1.801795,9.5629158,0.053756,0.058643,0.136834
-2.282753,1.497907,9.546166,-0.136834,0.048869,0.113621,-2.143969,1.753939,9.5342026,-0.075747,0.089186,0.108734
-2.370091,1.301696,9.366704,-0.168599,0.040317,0.129503,-2.274378,1.567299,9.5641127,-0.160047,0.091630,0.106291
-2.389233,1.087538,9.402596,-0.163712,0.028100,0.157603,-2.365305,1.418944,9.4719887,-0.168599,0.076969,0.136834
-2.561517,1.076770,9.384650,-0.105069,0.007330,0.191812,-2.365305,1.418944,9.4719887,-0.168599,0.076969,0.136834
-2.507678,0.988236,9.324830,-0.042761,-0.029322,0.230907,-2.545963,1.339981,9.3344011,-0.084299,0.046426,0.188146
-2.615355,1.003789,9.432507,-0.031765,-0.050091,0.268781,-2.721836,1.374677,9.4002037,-0.037874,0.014661,0.240681
-2.598605,1.064806,9.337990,0.007330,-0.073304,0.312763,-2.640480,1.372284,9.3559361,-0.004887,-0.014661,0.293215
-2.665605,1.137787,9.531809,-0.017104,-0.074526,0.339641,-2.640480,1.372284,9.3559361,-0.004887,-0.014661,0.293215
-2.538785,1.093520,9.479167,-0.119730,-0.063530,0.333532,-2.681158,1.428515,9.6263256,-0.032987,-0.017104,0.332311
-2.602195,1.013360,9.488738,-0.184481,-0.035430,0.342085,-2.667997,1.412962,9.5521488,-0.153938,0.003665,0.326202
-2.556731,0.899701,9.487542,-0.196699,-0.018326,0.357967,-2.603391,1.256232,9.5186481,-0.191812,0.031765,0.340863
-2.632105,0.764507,9.517452,-0.193033,-0.001222,0.376293,-2.603391,1.256232,9.5186481,-0.191812,0.031765,0.340863
-2.706282,0.675972,9.467203,-0.189368,0.012217,0.393397,-2.688336,1.079163,9.5066843,-0.196699,0.054978,0.362854
-2.713461,0.575474,9.431311,-0.152716,0.006109,0.419054,-2.688336,0.920040,9.5330057,-0.177151,0.065973,0.388510
-2.775674,0.563510,9.414560,-0.084299,-0.007330,0.454484,-2.766103,0.865005,9.3966141,-0.098960,0.052534,0.438601
-2.809174,0.631705,9.418150,-0.028100,-0.034208,0.499688,-2.766103,0.865005,9.3966141,-0.098960,0.052534,0.438601
-2.819942,0.696311,9.408579,0.025656,-0.045204,0.530231,-2.845066,0.979861,9.3607225,-0.019548,0.024435,0.500910
-2.878566,0.930808,9.419346,-0.019548,-0.046426,0.540005,-2.870191,1.135394,9.4384890,0.007330,0.019548,0.531453
-2.843870,0.953540,9.414560,-0.087965,-0.048869,0.538783,-2.882155,1.284946,9.4995060,-0.073304,0.013439,0.529009
-2.863013,0.985843,9.432507,-0.158825,-0.052534,0.535118,-2.882155,1.284946,9.4995060,-0.073304,0.013439,0.529009
-2.833102,0.977468,9.486345,-0.211359,-0.046426,0.530231,-2.882155,1.286142,9.4995060,-0.167377,0.010996,0.522901
-2.822334,0.829113,9.522238,-0.259007,-0.032987,0.526566,-2.828316,1.179662,9.4875422,-0.239459,0.015882,0.514349
-2.760121,0.668794,9.462417,-0.270002,-0.035430,0.531453,-2.888137,1.074377,9.4349003,-0.271224,0.023213,0.511905
-2.859423,0.587438,9.500702,-0.263894,-0.018326,0.537561,-2.888137,1.074377,9.4349003,-0.271224,0.023213,0.511905
-2.904887,0.483350,9.422935,-0.235794,-0.001222,0.554666,-2.852245,0.803988,9.5126667,-0.255342,0.041539,0.527788
-2.932404,0.372084,9.434900,-0.207694,0.025656,0.581544,-2.909672,0.738186,9.5449696,-0.219911,0.073304,0.553444
-3.065206,0.370888,9.414560,-0.178373,0.039095,0.614530,-3.016153,0.685544,9.5688972,-0.185703,0.102625,0.588874
-3.077170,0.422333,9.135797,0.003665,-0.032987,0.632856,-3.016153,0.685544,9.5688972,-0.185703,0.102625,0.588874
-3.023332,0.693919,9.169296,0.208916,-0.146608,0.634078,-3.086741,0.812363,9.1082792,0.039095,0.023213,0.631635
-2.877369,1.075574,9.223135,0.282220,-0.228464,0.580322,-2.983850,1.196411,9.1465645,0.263894,-0.118508,0.621861
-2.729014,1.490729,9.267403,0.221133,-0.249233,0.498466,-2.707479,1.649851,9.2829561,0.240681,-0.183260,0.521679
-2.499303,1.800599,9.214760,0.102625,-0.215025,0.397062,-2.707479,1.649851,9.2829561,0.240681,-0.183260,0.521679
-2.267200,1.753939,9.220742,-0.036652,-0.162490,0.312763,-2.410769,1.939383,9.3296156,0.067195,-0.150273,0.386067
-2.210968,1.828116,9.187243,-0.102625,-0.105069,0.234572,-2.344966,2.111666,9.2279205,-0.078191,-0.081856,0.267559
-2.088934,1.685744,9.206386,-0.076969,-0.063530,0.183260,-2.088934,1.925026,9.2362957,-0.086743,-0.026878,0.183260
-2.196611,1.703690,9.298509,-0.047647,-0.010996,0.136834,-2.088934,1.925026,9.2362957,-0.086743,-0.026878,0.183260
-2.191825,1.520639,9.320044,-0.056200,0.035430,0.079412,-2.270789,2.009971,9.2973127,-0.048869,0.050091,0.112399
-2.328217,1.481157,9.365508,-0.053756,0.052534,0.037874,-2.224129,1.698904,9.3954191,-0.054978,0.089186,0.052534
-2.347359,1.415355,9.236296,-0.035430,0.026878,0.002443,-2.482553,1.806581,9.3164549,-0.047647,0.080634,-0.002443
-2.400001,1.301696,9.279366,0.019548,-0.021991,-0.006109,-2.482553,1.806581,9.3164549,-0.047647,0.080634,-0.002443
-2.493321,1.402194,9.198010,0.073304,-0.074526,-0.010996,-2.465804,1.720440,9.2135639,0.031765,0.010996,-0.019548
-2.642873,1.655833,9.253046,0.107512,-0.128282,-0.009774,-2.683551,1.817349,9.2482595,0.083078,-0.051313,-0.013439
-2.501696,1.578067,9.364311,0.111177,-0.185703,-0.024435,-2.600998,1.861616,9.2530460,0.116064,-0.129503,-0.023213
-2.469393,1.667797,9.365508,0.057421,-0.211359,-0.051313,-2.600998,1.861616,9.2530460,0.116064,-0.129503,-0.023213
-2.353341,1.640280,9.401401,0.013439,-0.208916,-0.083078,-2.508874,2.085345,9.4839525,0.057421,-0.171042,-0.058643
-2.325824,1.520639,9.634700,-0.079412,-0.171042,-0.117286,-2.356930,1.872384,9.6346998,-0.032987,-0.146608,-0.100182
-2.202593,1.396212,9.547362,-0.129503,-0.146608,-0.146608,-2.330609,1.805385,9.6299152,-0.127060,-0.112399,-0.147829
-2.201397,1.244268,9.548558,-0.073304,-0.135612,-0.141721,-2.330609,1.805385,9.6299152,-0.127060,-0.112399,-0.147829
-2.231307,1.244268,9.595219,0.014661,-0.124617,-0.118508,-2.122434,1.515853,9.6335039,-0.054978,-0.094073,-0.145386
-2.110470,1.154537,9.542577,0.098960,-0.131947,-0.102625,-2.137987,1.460818,9.5437737,0.057421,-0.087965,-0.113621
-2.126023,1.229911,9.582059,0.139277,-0.144164,-0.086743,-2.091327,1.456033,9.5653086,0.131947,-0.097738,-0.092852
-2.080559,1.435694,9.578468,0.173486,-0.162490,-0.076969,-2.091327,1.456033,9.5653086,0.131947,-0.097738,-0.092852
-2.020739,1.453640,9.573684,0.140499,-0.186925,-0.063530,-2.051846,1.601995,9.6430750,0.162490,-0.120951,-0.072082
-1.950150,1.537389,9.554541,0.105069,-0.204029,-0.056200,-2.019542,1.806581,9.6155586,0.120951,-0.150273,-0.057421
-1.861616,1.567299,9.641879,0.053756,-0.196699,-0.053756,-1.896312,1.837688,9.7005033,0.064752,-0.156382,-0.053756
-1.805385,1.527817,9.704092,-0.035430,-0.164934,-0.053756,-1.896312,1.837688,9.7005033,0.064752,-0.156382,-0.053756
-1.783849,1.366302,9.865608,-0.207694,-0.106291,-0.069639,-1.838884,1.817349,9.9637136,-0.072082,-0.108734,-0.061087
-1.819742,1.044467,9.840484,-0.324980,-0.050091,-0.070860,-1.820938,1.537389,9.9481602,-0.276111,-0.040317,-0.090408
-1.840081,0.725025,9.730413,-0.283441,-0.040317,-0.043982,-1.838884,1.118644,9.7495565,-0.310320,-0.002443,-0.074526
-1.892723,0.522832,9.751948,-0.144164,-0.057421,-0.001222,-1.838884,1.118644,9.7495565,-0.310320,-0.002443,-0.074526
-1.893919,0.437887,9.771091,0.001222,-0.107512,0.056200,-1.838884,0.772882,9.7722883,-0.113621,-0.025656,0.004887
-1.841277,0.479761,9.750751,0.129503,-0.138056,0.098960,-1.869991,0.742971,9.7698946,0.073304,-0.078191,0.078191
-1.822134,0.678365,9.774681,0.210138,-0.149051,0.133169,-1.816152,0.926022,9.8464651,0.194255,-0.095295,0.128282
-1.733600,0.882952,9.732806,0.245568,-0.150273,0.152716,-1.816152,0.926022,9.8464651,0.194255,-0.095295,0.128282
-1.676172,1.105484,9.723235,0.227242,-0.101404,0.155160,-1.749153,1.219143,9.7375917,0.243124,-0.090408,0.157603
-1.655833,1.275375,9.747163,0.177151,-0.090408,0.160047,-1.629512,1.466800,9.8548403,0.202807,-0.045204,0.160047
-1.668994,1.446461,9.707682,0.135612,-0.087965,0.156382,-1.671387,1.715654,9.7950191,0.146608,-0.039095,0.156382
-1.649851,1.550549,9.639486,0.072082,-0.069639,0.139277,-1.671387,1.715654,9.7950191,0.146608,-0.039095,0.156382
-1.654637,1.594816,9.661021,0.037874,-0.067195,0.127060,-1.652244,1.862812,9.7184496,0.062308,-0.019548,0.134390
-1.627119,1.603191,9.590433,-0.004887,-0.062308,0.114843,-1.640280,1.886741,9.6993065,0.023213,-0.019548,0.117286
-1.657030,1.555335,9.620344,-0.054978,-0.050091,0.103847,-1.642673,1.865205,9.6837530,-0.046426,-0.003665,0.097738
-1.710868,1.473979,9.657433,-0.076969,-0.045204,0.095295,-1.642673,1.865205,9.6837530,-0.046426,-0.003665,0.097738
-1.692922,1.378266,9.651450,-0.092852,-0.045204,0.098960,-1.671387,1.756332,9.7208414,-0.089186,0.001222,0.085521
-1.747957,1.348356,9.634700,-0.074526,-0.053756,0.112399,-1.721636,1.646262,9.6586285,-0.085521,-0.003665,0.094073
-1.763510,1.265803,9.629915,-0.037874,-0.061087,0.136834,-1.762314,1.554138,9.6729851,-0.046426,-0.007330,0.124617
-1.767099,1.247857,9.672985,-0.002443,-0.070860,0.158825,-1.762314,1.554138,9.6729851,-0.046426,-0.007330,0.124617
-1.753939,1.233500,9.638290,0.029322,-0.078191,0.175929,-1.783849,1.549353,9.6873426,0.002443,-0.024435,0.151495
-1.768296,1.366302,9.582059,0.078191,-0.075747,0.182038,-1.732404,1.570888,9.6143618,0.048869,-0.028100,0.173486
-1.694118,1.424926,9.652646,0.094073,-0.092852,0.185703,-1.721636,1.708475,9.7220383,0.095295,-0.037874,0.183260
-1.674976,1.509871,9.620344,0.092852,-0.095295,0.185703,-1.721636,1.708475,9.7220383,0.095295,-0.037874,0.183260
-1.641476,1.596013,9.595219,0.079412,-0.090408,0.182038,-1.652244,1.837688,9.6287184,0.091630,-0.041539,0.184481
-1.630709,1.667797,9.615559,0.050091,-0.078191,0.173486,-1.633101,1.931008,9.6227360,0.065973,-0.034208,0.175929
-1.593620,1.692922,9.561719,0.015882,-0.072082,0.162490,-1.646262,1.982454,9.6550398,0.026878,-0.023213,0.162490
-1.604388,1.702493,9.576077,-0.003665,-0.062308,0.156382,-1.646262,1.982454,9.6550398,0.026878,-0.023213,0.162490
-1.618744,1.695315,9.591630,-0.015882,-0.067195,0.150273,-1.611566,1.989632,9.6370935,-0.004887,-0.013439,0.146608
-1.579263,1.683351,9.620344,-0.028100,-0.073304,0.146608,-1.585245,1.988436,9.6670036,-0.025656,-0.024435,0.139277
-1.590031,1.624727,9.597611,-0.023213,-0.072082,0.147829,-1.586441,1.968097,9.6179504,-0.021991,-0.023213,0.141721
-1.860420,1.774278,9.902697,-0.107512,-0.075747,0.172264,-1.586441,1.968097,9.6179504,-0.021991,-0.023213,0.141721
-1.514657,1.362713,9.683753,-0.080634,-0.061087,0.222355,-1.288535,1.710868,10.0091782,-0.096517,-0.029322,0.172264
-1.611566,1.556531,9.816555,-0.065973,-0.059865,0.246790,-1.814956,1.879562,9.6753788,-0.078191,-0.001222,0.224798
-1.457229,1.451247,9.694522,-0.035430,-0.079412,0.251676,-1.476372,1.704886,9.7686987,-0.045204,-0.018326,0.238237
-1.491925,1.414158,9.737592,-0.021991,-0.098960,0.263894,-1.476372,1.704886,9.7686987,-0.045204,-0.018326,0.238237
-1.835295,1.574477,9.778270,-0.029322,-0.111177,0.291994,-1.490729,1.672583,9.8452682,-0.020769,-0.045204,0.267559
-1.458425,1.272982,9.675379,-0.043982,-0.129503,0.333532,-1.752743,1.861616,9.6454687,-0.034208,-0.063530,0.304211
-1.333999,1.406980,9.932607,-0.057421,-0.134390,0.339641,-1.177269,1.568495,9.8991070,-0.054978,-0.079412,0.327424
-1.590031,1.374677,9.652646,-0.117286,-0.098960,0.339641,-1.177269,1.568495,9.8991070,-0.054978,-0.079412,0.327424
-1.107877,1.116252,9.838090,-0.130725,-0.064752,0.351858,-1.593620,1.673779,9.5641127,-0.127060,-0.037874,0.327424
-0.949951,0.881755,9.903893,-0.131947,-0.024435,0.366519,-1.347159,1.463211,9.6801643,-0.133169,0.012217,0.346971
-1.271785,1.054038,9.793823,-0.106291,-0.012217,0.359189,-1.464407,1.429712,9.6765757,-0.108734,0.037874,0.354302
-1.131805,0.940379,9.832108,-0.052534,-0.012217,0.393397,-1.464407,1.429712,9.6765757,-0.108734,0.037874,0.354302
-1.408176,0.989432,9.809377,-0.059865,0.002443,0.419054,-1.076770,1.266999,10.0917301,-0.054978,0.047647,0.393397
-1.123430,0.768096,9.716057,-0.062308,0.004887,0.459371,-1.283749,1.229911,9.9708920,-0.069639,0.058643,0.433714
-1.356730,0.818345,9.663414,-0.037874,0.014661,0.487470,-1.043271,1.068395,9.9493561,-0.047647,0.075747,0.474031
-1.361516,0.943969,9.924232,-0.018326,0.021991,0.485027,-1.043271,1.068395,9.9493561,-0.047647,0.075747,0.474031
-1.684547,1.094716,9.634700,0.002443,-0.006109,0.505796,-1.366302,1.159323,9.9529467,-0.014661,0.070860,0.489914
-1.329213,0.897308,9.650254,0.035430,-0.025656,0.514349,-1.240679,1.173679,9.8811607,0.026878,0.043982,0.503353
-1.513460,1.061217,9.762717,0.020769,-0.026878,0.522901,-1.502692,1.362713,9.8787689,0.021991,0.032987,0.514349
-1.453640,1.150948,9.759127,0.008552,-0.039095,0.531453,-1.502692,1.362713,9.8787689,0.021991,0.032987,0.514349
-1.651048,1.270589,9.676576,-0.013439,-0.032987,0.555887,-1.679762,1.533799,9.5605230,0.002443,0.029322,0.535118
-1.494318,1.298106,9.853643,-0.042761,-0.025656,0.565661,-1.538585,1.482354,9.5318089,-0.028100,0.032987,0.554666
-1.883151,1.384248,9.711270,-0.080634,-0.020769,0.552222,-1.719243,1.591227,9.5629158,-0.074526,0.040317,0.544892
-1.366302,1.089931,9.597611,-0.091630,-0.037874,0.531453,-1.719243,1.591227,9.5629158,-0.074526,0.040317,0.544892
-1.473979,1.265803,9.461221,-0.080634,-0.034208,0.541227,-1.239482,1.471586,10.0043917,-0.080634,0.023213,0.524122
-1.189233,1.050449,9.784252,-0.062308,-0.045204,0.522901,-1.701297,1.637887,9.5629158,-0.079412,0.020769,0.519235
-1.680958,1.275375,9.734003,-0.084299,-0.048869,0.493579,-1.765903,1.609173,9.6993065,-0.076969,0.012217,0.498466
-1.465604,1.012164,9.705289,-0.114843,-0.067195,0.443488,-1.765903,1.609173,9.6993065,-0.076969,0.012217,0.498466
-1.302892,0.934397,9.773483,-0.127060,-0.074526,0.417832,-1.333999,1.259821,9.8608227,-0.118508,-0.008552,0.423940
-1.454836,1.042074,9.692128,-0.085521,-0.061087,0.417832,-1.232304,1.223929,9.7447701,-0.112399,-0.017104,0.403171
-1.335195,0.964308,9.669396,-0.017104,-0.057421,0.445932,-1.195215,1.318445,9.5497551,-0.014661,-0.001222,0.437380
-1.371087,1.073181,9.649057,0.028100,-0.042761,0.436158,-1.195215,1.318445,9.5497551,-0.014661,-0.001222,0.437380
-1.329213,1.056431,9.851251,0.054978,-0.031765,0.441045,-1.322034,1.311267,9.4887381,0.029322,0.015882,0.426384
-1.328017,1.077967,9.828520,0.068417,-0.030543,0.427606,-1.311267,1.366302,9.8464651,0.064752,0.028100,0.439823
-1.322034,1.253839,9.595219,0.041539,-0.032987,0.398284,-1.283749,1.490729,9.7268238,0.045204,0.026878,0.395841
-1.383052,1.335195,9.688540,0.026878,-0.023213,0.375071,-1.283749,1.490729,9.7268238,0.045204,0.026878,0.395841
-1.322034,1.349552,9.670592,0.024435,-0.024435,0.357967,-1.255036,1.604388,9.7675018,0.023213,0.031765,0.365297
-1.371087,1.426122,9.573684,0.056200,-0.010996,0.346971,-1.319642,1.671387,9.5593271,0.041539,0.043982,0.350637
-1.418944,1.479961,9.775877,0.020769,-0.025656,0.316428,-1.343570,1.782653,9.6729851,0.020769,0.030543,0.317650
-1.426122,1.496711,9.603594,-0.007330,-0.003665,0.289550,-1.343570,1.782653,9.6729851,0.020769,0.030543,0.317650
-1.470389,1.484747,9.671789,-0.019548,0.004887,0.262672,-1.467997,1.806581,9.5856476,-0.008552,0.053756,0.273668
-1.512264,1.518246,9.568897,-0.017104,0.012217,0.233351,-1.507478,1.783849,9.6012011,-0.019548,0.059865,0.239459
-1.590031,1.482354,9.573684,-0.041539,0.014661,0.202807,-1.593620,1.799403,9.6670036,-0.026878,0.065973,0.205251
-1.651048,1.511068,9.577272,-0.002443,0.000000,0.200364,-1.593620,1.799403,9.6670036,-0.026878,0.065973,0.205251
-1.682154,1.489532,9.576077,-0.002443,-0.019548,0.185703,-1.661815,1.818545,9.5796652,0.004887,0.042761,0.190590
-1.725225,1.481157,9.582059,-0.006109,-0.037874,0.166155,-1.708475,1.780260,9.5964146,-0.004887,0.021991,0.166155
-1.735993,1.472782,9.571291,-0.008552,-0.056200,0.151495,-1.738386,1.774278,9.5760765,-0.008552,-0.001222,0.147829
-1.745564,1.458425,9.596415,-0.036652,-0.067195,0.125838,-1.738386,1.774278,9.5760765,-0.008552,-0.001222,0.147829
-1.773082,1.397408,9.605987,-0.074526,-0.070860,0.096517,-1.758725,1.735993,9.6442719,-0.045204,-0.023213,0.109956
-1.752743,1.308874,9.579665,-0.095295,-0.085521,0.075747,-1.768296,1.639084,9.6550398,-0.090408,-0.031765,0.073304
-1.747957,1.261017,9.598808,-0.078191,-0.087965,0.059865,-1.734797,1.512264,9.6203442,-0.085521,-0.045204,0.054978
-1.726422,1.115055,9.628718,-0.054978,-0.097738,0.061087,-1.734797,1.512264,9.6203442,-0.085521,-0.045204,0.054978
-1.732404,1.046860,9.667004,-0.020769,-0.091630,0.052534,-1.732404,1.403391,9.6167536,-0.047647,-0.051313,0.051313
-1.744368,1.007378,9.742377,-0.002443,-0.090408,0.041539,-1.775474,1.332802,9.8010015,-0.006109,-0.046426,0.042761
-1.774278,1.046860,9.766306,0.026878,-0.078191,0.031765,-1.759921,1.301696,9.7950191,0.018326,-0.036652,0.028100
-1.724029,1.038485,9.671789,0.052534,-0.059865,0.025656,-1.759921,1.301696,9.7950191,0.018326,-0.036652,0.028100
-1.770689,1.079163,9.645469,0.057421,-0.040317,0.019548,-1.737189,1.367498,9.7639132,0.054978,-0.004887,0.019548
-1.901098,1.093520,9.717253,0.015882,-0.026878,-0.007330,-1.843670,1.438086,9.7220383,0.052534,0.012217,0.003665
-1.908276,1.110270,9.568897,-0.003665,-0.029322,-0.031765,-1.889133,1.412962,9.5916300,-0.001222,0.013439,-0.035430
-1.950150,1.087538,9.473186,-0.007330,-0.034208,-0.053756,-1.889133,1.412962,9.5916300,-0.001222,0.013439,-0.035430
-2.011168,0.991825,9.487542,-0.039095,-0.046426,-0.085521,-2.057827,1.360320,9.5736837,-0.018326,0.003665,-0.069639
-2.060220,0.914058,9.522238,-0.029322,-0.054978,-0.102625,-2.059024,1.214357,9.5365944,-0.052534,-0.014661,-0.109956
-2.012364,0.811167,9.582059,0.025656,-0.057421,-0.098960,-2.161915,1.150948,9.4743805,0.019548,-0.018326,-0.108734
-2.105684,0.856631,9.391829,0.083078,-0.050091,-0.112399,-2.161915,1.150948,9.4743805,0.019548,-0.018326,-0.108734
-2.188236,0.910469,9.450453,0.113621,-0.042761,-0.120951,-2.126023,1.099502,9.4911308,0.092852,-0.004887,-0.117286
-2.233700,0.955933,9.288938,0.127060,-0.058643,-0.124617,-2.201397,1.213161,9.4408817,0.109956,-0.010996,-0.130725
-2.421537,1.428515,9.211171,0.266337,-0.127060,-0.107512,-2.391626,1.709672,9.3224373,0.265115,-0.081856,-0.102625
-2.220540,1.732404,9.418150,0.114843,-0.149051,-0.193033,-2.266003,2.023132,9.4301138,0.113621,-0.108734,-0.194255
-2.199004,1.830509,9.382257,0.101404,-0.128282,-0.227242,-2.266003,2.023132,9.4301138,0.113621,-0.108734,-0.194255
-2.210968,1.794617,9.285349,0.079412,-0.106291,-0.254120,-2.206183,2.099702,9.3355980,0.100182,-0.087965,-0.233351
-2.269592,1.745564,9.322437,0.072082,-0.101404,-0.271224,-2.199004,2.036292,9.2937231,0.076969,-0.064752,-0.262672
-2.204986,1.762314,9.273384,0.086743,-0.109956,-0.290772,-2.254039,2.082952,9.1848497,0.086743,-0.070860,-0.293215
-2.333002,1.782653,9.323634,0.073304,-0.139277,-0.306654,-2.254039,2.082952,9.1848497,0.086743,-0.070860,-0.293215
-2.329413,1.756332,9.488738,0.046426,-0.171042,-0.309098,-2.318645,1.995614,9.4612207,0.058643,-0.108734,-0.311541
-2.307878,1.843670,9.574880,0.083078,-0.189368,-0.295659,-2.305485,1.996810,9.3834543,0.070860,-0.147829,-0.302989
-2.193022,1.737189,9.651450,0.010996,-0.288328,-0.244346,-2.312663,1.983650,9.7483597,0.003665,-0.219911,-0.255342
-2.078166,1.568495,9.719646,-0.024435,-0.359189,-0.208916,-2.312663,1.983650,9.7483597,0.003665,-0.219911,-0.255342
-1.767099,1.464407,9.676576,-0.015882,-0.375071,-0.172264,-1.980061,1.880759,9.7375917,-0.026878,-0.322537,-0.200364
-1.551746,1.418944,9.722038,0.008552,-0.353080,-0.150273,-1.709672,1.714458,9.8201447,-0.003665,-0.321315,-0.156382
-1.397408,1.383052,9.728021,0.019548,-0.273668,-0.138056,-1.452443,1.674976,9.7256279,0.010996,-0.245568,-0.140499
-1.278964,1.283749,9.757931,0.037874,-0.180816,-0.119730,-1.452443,1.674976,9.7256279,0.010996,-0.245568,-0.140499
-1.305285,1.317249,9.616754,0.070860,-0.086743,-0.105069,-1.319642,1.603191,9.8847504,0.036652,-0.122173,-0.123395
-1.416551,1.362713,9.668200,0.127060,-0.013439,-0.089186,-1.247857,1.534996,9.7507515,0.081856,-0.004887,-0.105069
-1.447658,1.469193,9.658628,0.144164,0.020769,-0.079412,-1.454836,1.677369,9.8871431,0.145386,0.054978,-0.084299
-1.613959,1.575674,9.692128,0.147829,0.043982,-0.065973,-1.454836,1.677369,9.8871431,0.145386,0.054978,-0.084299
-1.780260,1.648655,9.773483,0.120951,0.017104,-0.050091,-1.697708,1.836491,9.7854481,0.140499,0.081856,-0.065973
-1.910669,1.734797,9.817752,0.098960,-0.003665,-0.013439,-1.730011,2.009971,9.6741819,0.117286,0.050091,-0.037874
-1.886741,1.824527,9.628718,0.053756,-0.029322,0.012217,-1.907080,2.076970,9.6825571,0.072082,0.024435,0.002443
-1.877169,1.853241,9.515059,0.017104,-0.058643,0.032987,-1.907080,2.076970,9.6825571,0.072082,0.024435,0.002443
-1.852045,1.824527,9.487542,-0.014661,-0.091630,0.056200,-1.907080,2.122434,9.6167536,0.012217,-0.025656,0.029322
-1.860420,1.735993,9.528220,-0.025656,-0.111177,0.069639,-1.917847,2.067399,9.4648104,-0.023213,-0.052534,0.056200
-1.831706,1.701297,9.477971,-0.040317,-0.123395,0.076969,-1.843670,1.992025,9.5007019,-0.035430,-0.072082,0.069639
-1.816152,1.619941,9.511471,-0.056200,-0.127060,0.079412,-1.843670,1.992025,9.5007019,-0.035430,-0.072082,0.069639
-1.791028,1.568495,9.541381,-0.068417,-0.120951,0.081856,-1.812563,1.927419,9.5449696,-0.052534,-0.079412,0.073304
-1.773082,1.471586,9.677772,-0.086743,-0.114843,0.079412,-1.792224,1.802992,9.6753788,-0.074526,-0.073304,0.074526
-1.758725,1.406980,9.728021,-0.107512,-0.097738,0.070860,-1.768296,1.716850,9.7926273,-0.102625,-0.053756,0.062308
-1.738386,1.323231,9.717253,-0.076969,-0.092852,0.076969,-1.768296,1.716850,9.7926273,-0.102625,-0.053756,0.062308
-1.692922,1.301696,9.659825,0.004887,-0.097738,0.090408,-1.714458,1.612763,9.6454687,-0.059865,-0.047647,0.073304
-1.652244,1.332802,9.785448,0.047647,-0.106291,0.096517,-1.680958,1.617548,9.8045912,0.028100,-0.052534,0.090408
-1.605584,1.360320,9.562916,0.096517,-0.098960,0.097738,-1.630709,1.633101,9.6167536,0.078191,-0.050091,0.096517
-1.563710,1.411765,9.556933,0.145386,-0.089186,0.103847,-1.630709,1.633101,9.6167536,0.078191,-0.050091,0.096517
-1.613959,1.556531,9.521042,0.167377,-0.078191,0.105069,-1.600798,1.758725,9.5796652,0.152716,-0.040317,0.103847
-1.639084,1.694118,9.519845,0.177151,-0.063530,0.100182,-1.607977,1.909473,9.5306120,0.171042,-0.019548,0.100182
-1.664208,1.862812,9.518648,0.180816,-0.061087,0.094073,-1.657030,2.105684,9.5461664,0.180816,-0.010996,0.095295
-1.648655,2.036292,9.493524,0.146608,-0.067195,0.081856,-1.657030,2.105684,9.5461664,0.180816,-0.010996,0.095295
-1.663012,2.177469,9.487542,0.087965,-0.061087,0.062308,-1.702493,2.382055,9.5114708,0.144164,-0.018326,0.076969
-1.674976,2.221736,9.450453,-0.003665,-0.040317,0.035430,-1.686940,2.507678,9.5365944,0.050091,-0.004887,0.045204
-1.695315,2.170290,9.431311,-0.089186,-0.024435,0.012217,-1.712065,2.468197,9.4755774,-0.075747,0.015882,0.006109
-1.745564,2.018346,9.396614,-0.160047,-0.004887,-0.007330,-1.712065,2.468197,9.4755774,-0.075747,0.015882,0.006109
-1.813760,1.745564,9.345169,-0.188146,0.002443,-0.018326,-1.746760,2.250450,9.4408817,-0.168599,0.035430,-0.028100
-1.866402,1.469193,9.361919,-0.138056,-0.017104,-0.002443,-1.846063,1.909473,9.3296156,-0.173486,0.034208,-0.030543
-1.947758,1.343570,9.416954,-0.051313,-0.058643,0.039095,-1.905883,1.639084,9.3798647,-0.074526,-0.004887,0.015882
-2.006382,1.312463,9.494720,0.042761,-0.081856,0.089186,-1.905883,1.639084,9.3798647,-0.074526,-0.004887,0.015882
-2.061417,1.458425,9.622736,0.123395,-0.112399,0.141721,-2.005185,1.616352,9.4995060,0.063530,-0.039095,0.097738
-2.032703,1.686940,9.680164,0.173486,-0.142942,0.173486,-2.069792,1.873580,9.6777716,0.160047,-0.076969,0.161268
-1.956133,1.969293,9.675379,0.136834,-0.166155,0.171042,-2.002793,2.203789,9.7639132,0.153938,-0.107512,0.178373
-1.663012,1.914258,9.613165,0.031765,-0.173486,0.144164,-2.002793,2.203789,9.7639132,0.153938,-0.107512,0.178373
-1.456033,1.781457,9.457632,-0.058643,-0.140499,0.161268,-1.634298,2.208575,9.6442719,0.014661,-0.119730,0.140499
-1.409373,1.680958,9.414560,-0.125838,-0.076969,0.212581,-1.412962,2.021935,9.5018988,-0.085521,-0.063530,0.175929
-1.464407,1.590031,9.296116,-0.106291,-0.015882,0.230907,-1.450051,1.874776,9.2566347,-0.117286,0.026878,0.219911
-1.633101,1.555335,9.408579,-0.056200,0.020769,0.217468,-1.450051,1.874776,9.2566347,-0.117286,0.026878,0.219911
-1.768296,1.603191,9.475577,0.028100,0.020769,0.202807,-1.679762,1.825724,9.4061852,-0.050091,0.072082,0.202807
-1.921437,1.735993,9.604790,0.050091,0.018326,0.186925,-1.854438,1.935793,9.5653086,0.047647,0.067195,0.189368
-1.976472,1.921437,9.649057,0.042761,-0.015882,0.167377,-1.996810,2.183451,9.6801643,0.051313,0.040317,0.167377
-1.954936,1.994418,9.598808,-0.040317,-0.030543,0.129503,-1.996810,2.183451,9.6801643,0.051313,0.040317,0.167377
-1.899901,1.782653,9.519845,-0.129503,-0.026878,0.090408,-1.971686,2.239682,9.6346998,-0.064752,0.015882,0.111177
-1.883151,1.493121,9.364311,-0.128282,-0.025656,0.083078,-1.866402,1.939383,9.4528456,-0.141721,0.018326,0.069639
-1.968097,1.337588,9.403793,-0.068417,-0.032987,0.098960,-1.947758,1.635494,9.4014006,-0.084299,0.012217,0.084299
-2.079363,1.319642,9.425329,0.046426,-0.057421,0.136834,-1.947758,1.635494,9.4014006,-0.084299,0.012217,0.084299
-2.098505,1.467997,9.461221,0.131947,-0.098960,0.171042,-2.039881,1.621137,9.4241314,0.063530,-0.013439,0.139277
-2.066202,1.688136,9.540184,0.149051,-0.141721,0.193033,-2.110470,1.841277,9.4636135,0.150273,-0.064752,0.185703
-1.982454,1.873580,9.645469,0.073304,-0.161268,0.177151,-2.045863,2.155933,9.6346998,0.095295,-0.106291,0.183260
-1.812563,1.953740,9.506684,-0.003665,-0.144164,0.135612,-2.045863,2.155933,9.6346998,0.095295,-0.106291,0.183260
-1.657030,1.847259,9.525827,-0.051313,-0.114843,0.112399,-1.764707,2.202593,9.5629158,-0.015882,-0.090408,0.124617
-1.674976,1.749153,9.571291,-0.069639,-0.075747,0.097738,-1.671387,2.066202,9.5641127,-0.062308,-0.047647,0.095295
-1.710868,1.624727,9.564113,-0.081856,-0.034208,0.089186,-1.710868,1.921437,9.6179504,-0.081856,0.003665,0.079412
-1.818545,1.557728,9.554541,-0.054978,-0.019548,0.098960,-1.710868,1.921437,9.6179504,-0.081856,0.003665,0.079412
-1.915455,1.550549,9.632308,-0.021991,-0.036652,0.120951,-1.822134,1.854438,9.5772724,-0.045204,0.023213,0.094073
-1.971686,1.600798,9.655040,-0.009774,-0.061087,0.134390,-1.946561,1.846063,9.6071835,-0.010996,-0.001222,0.122173
-1.904687,1.555335,9.626326,-0.023213,-0.073304,0.135612,-1.926222,1.840081,9.6682005,-0.023213,-0.024435,0.128282
-1.855634,1.505085,9.641879,-0.039095,-0.070860,0.133169,-1.926222,1.840081,9.6682005,-0.023213,-0.024435,0.128282
-1.822134,1.410569,9.586843,-0.021991,-0.062308,0.138056,-1.859223,1.791028,9.6837530,-0.041539,-0.023213,0.125838
-1.823331,1.377069,9.602398,0.018326,-0.051313,0.146608,-1.823331,1.690529,9.5856476,-0.003665,-0.009774,0.135612
-1.823331,1.438086,9.236296,0.171042,-0.006109,0.127060,-1.818545,1.820938,9.1094751,0.157603,0.039095,0.129503
-1.986043,1.776671,9.227921,0.277333,0.006109,0.106291,-1.818545,1.820938,9.1094751,0.157603,0.039095,0.129503
-2.148755,2.110470,9.269794,0.289550,-0.013439,0.058643,-2.093720,2.097309,9.1764746,0.283441,0.056200,0.100182
-2.124826,2.419144,9.032907,0.241903,-0.056200,0.012217,-2.137987,2.525624,9.2386885,0.266337,0.021991,0.040317
-2.153541,2.482553,9.103494,0.152716,-0.098960,-0.037874,-2.212165,2.761317,9.2829561,0.182038,-0.041539,-0.024435
-2.120041,2.550749,9.194421,0.058643,-0.117286,-0.087965,-2.212165,2.761317,9.2829561,0.182038,-0.041539,-0.024435
-2.017149,2.476572,9.055637,0.023213,-0.127060,-0.105069,-2.147558,2.825924,9.1788683,0.051313,-0.076969,-0.096517
-2.057827,2.440679,9.000603,-0.003665,-0.133169,-0.147829,-2.135594,2.773281,9.2111712,0.010996,-0.084299,-0.129503
-2.226521,2.354537,9.178868,0.028100,-0.094073,-0.200364,-2.280360,2.644069,9.1657066,-0.002443,-0.075747,-0.190590
-2.452643,2.249253,9.420543,0.131947,-0.057421,-0.255342,-2.280360,2.644069,9.1657066,-0.002443,-0.075747,-0.190590
-2.082952,2.432304,9.036495,0.464258,-0.012217,-0.237016,-2.201397,2.481357,9.1058865,0.186925,-0.020769,-0.251676
-2.472982,3.028117,8.895318,0.456927,-0.057421,-0.280998,-2.397608,3.038885,8.9671030,0.499688,0.020769,-0.232129
-2.447858,3.146562,8.840283,0.213803,-0.162490,-0.313985,-2.475375,3.370291,8.9467649,0.271224,-0.098960,-0.311541
-2.514857,3.154937,8.897711,0.041539,-0.229685,-0.316428,-2.475375,3.370291,8.9467649,0.271224,-0.098960,-0.311541
-2.396412,3.040081,8.877372,-0.062308,-0.271224,-0.293215,-2.650051,3.395415,8.8319082,0.017104,-0.204029,-0.311541
-2.593820,2.945565,9.122637,-0.086743,-0.272446,-0.271224,-2.490928,3.214757,8.7840519,-0.083078,-0.246790,-0.279776
-2.285146,2.730211,9.071191,-0.079412,-0.270002,-0.270002,-2.316252,3.002992,9.0448704,-0.076969,-0.233351,-0.276111
-2.227718,2.577070,9.133405,-0.063530,-0.260229,-0.254120,-2.316252,3.002992,9.0448704,-0.076969,-0.233351,-0.276111
-2.024328,2.416751,9.117850,-0.030543,-0.239459,-0.237016,-2.080559,2.766103,9.2350998,-0.062308,-0.222355,-0.252898
-2.005185,2.299503,9.183653,0.019548,-0.229685,-0.221133,-2.099702,2.634498,9.2087784,-0.017104,-0.191812,-0.232129
-1.952543,2.289931,9.414560,0.068417,-0.222355,-0.219911,-2.065006,2.610569,9.3463650,0.061087,-0.186925,-0.224798
-1.933401,2.292324,9.573684,0.076969,-0.208916,-0.227242,-2.065006,2.610569,9.3463650,0.061087,-0.186925,-0.224798
-1.885544,2.356930,9.358329,0.052534,-0.184481,-0.248011,-1.982454,2.609373,9.2985086,0.081856,-0.171042,-0.229685
-1.818545,2.213361,9.542577,0.035430,-0.163712,-0.252898,-1.788635,2.510071,9.3152590,0.032987,-0.134390,-0.250455
-1.762314,2.234896,9.383454,0.068417,-0.157603,-0.262672,-1.826920,2.549552,9.3260260,0.057421,-0.122173,-0.262672
-1.889133,2.197808,9.381062,0.108734,-0.167377,-0.272446,-1.826920,2.549552,9.3260260,0.057421,-0.122173,-0.262672
-1.880759,2.238486,9.503096,0.109956,-0.182038,-0.259007,-1.813760,2.510071,9.4097757,0.118508,-0.133169,-0.273668
-1.816152,2.195415,9.481561,0.040317,-0.173486,-0.244346,-1.830509,2.475375,9.4349003,0.069639,-0.141721,-0.250455
-1.769492,2.116452,9.544970,0.015882,-0.160047,-0.232129,-1.786242,2.528017,9.4995060,0.024435,-0.131947,-0.235794
-1.787439,2.149951,9.388239,-0.003665,-0.135612,-0.230907,-1.786242,2.528017,9.4995060,0.024435,-0.131947,-0.235794
-1.739582,2.024328,9.477971,0.012217,-0.124617,-0.208916,-1.843670,2.483750,9.4995060,0.000000,-0.095295,-0.230907
-1.822134,2.018346,9.534203,0.043982,-0.107512,-0.200364,-1.866402,2.395216,9.6095753,0.023213,-0.074526,-0.210138
-1.842474,2.103291,9.442079,0.106291,-0.127060,-0.184481,-1.829313,2.234896,9.2733841,0.085521,-0.081856,-0.191812
-1.838884,2.110470,9.537791,0.136834,-0.150273,-0.151495,-1.829313,2.234896,9.2733841,0.085521,-0.081856,-0.191812
-1.814956,2.148755,9.460025,0.083078,-0.146608,-0.151495,-1.776671,2.419144,9.5844507,0.128282,-0.107512,-0.149051
-1.763510,2.147558,9.406185,0.052534,-0.186925,-0.149051,-1.885544,2.431108,9.6167536,0.062308,-0.124617,-0.152716
-1.652244,2.110470,9.479167,0.048869,-0.212581,-0.151495,-1.768296,2.414358,9.6215401,0.053756,-0.168599,-0.150273
-1.637887,2.188236,9.510273,0.053756,-0.205251,-0.161268,-1.768296,2.414358,9.6215401,0.053756,-0.168599,-0.150273
-1.538585,2.041078,9.680164,0.009774,-0.199142,-0.169821,-1.590031,2.394019,9.5880404,0.051313,-0.164934,-0.161268
-1.509871,2.007578,9.719646,-0.058643,-0.175929,-0.179594,-1.591227,2.350948,9.7447701,-0.015882,-0.153938,-0.178373
-1.555335,1.826920,9.730413,-0.134390,-0.139277,-0.185703,-1.570888,2.191825,9.7974119,-0.129503,-0.106291,-0.194255
-1.563710,1.700100,9.745967,-0.116064,-0.147829,-0.188146,-1.570888,2.191825,9.7974119,-0.129503,-0.106291,-0.194255
-1.513460,1.529014,9.775877,-0.068417,-0.173486,-0.186925,-1.544567,1.928615,9.7830553,-0.103847,-0.118508,-0.196699
-1.433301,1.430908,9.859626,-0.047647,-0.171042,-0.174707,-1.511068,1.776671,9.9768744,-0.048869,-0.146608,-0.189368
-1.389034,1.355534,9.787842,0.002443,-0.174707,-0.157603,-1.390230,1.665405,9.8057871,-0.010996,-0.135612,-0.166155
-1.333999,1.349552,9.786645,0.069639,-0.180816,-0.142942,-1.390230,1.665405,9.8057871,-0.010996,-0.135612,-0.166155
-1.306481,1.421337,9.839287,0.100182,-0.204029,-0.123395,-1.337588,1.674976,9.8955183,0.076969,-0.141721,-0.139277
-1.191626,1.464407,9.787842,0.131947,-0.205251,-0.119730,-1.220340,1.726422,9.7890377,0.114843,-0.161268,-0.120951
-1.061217,1.543371,9.780663,0.130725,-0.197920,-0.125838,-1.118644,1.841277,9.8261261,0.133169,-0.156382,-0.119730
-1.010968,1.609173,9.719646,0.106291,-0.183260,-0.139277,-1.118644,1.841277,9.8261261,0.133169,-0.156382,-0.119730
-0.960718,1.682154,9.687343,0.100182,-0.158825,-0.160047,-0.995414,1.962115,9.7770729,0.106291,-0.140499,-0.144164
-0.959522,1.702493,9.743573,0.081856,-0.129503,-0.173486,-0.961915,1.971686,9.7531452,0.091630,-0.106291,-0.166155
-0.966700,1.747957,9.753145,0.046426,-0.101404,-0.186925,-0.977468,2.038685,9.8081799,0.053756,-0.068417,-0.186925
-1.015753,1.655833,9.798609,0.003665,-0.053756,-0.196699,-0.977468,2.038685,9.8081799,0.053756,-0.068417,-0.186925
-1.121037,1.678565,9.725628,-0.006109,-0.020769,-0.199142,-1.060021,2.045863,9.8703938,0.003665,-0.015882,-0.210138
-1.200001,1.593620,9.713663,0.002443,-0.014661,-0.193033,-1.146162,1.928615,9.7675018,-0.002443,0.018326,-0.206472
-1.362713,1.590031,9.753145,0.017104,-0.021991,-0.186925,-1.326820,1.886741,9.7854481,0.010996,0.013439,-0.195477
-1.456033,1.582852,9.781858,0.041539,-0.023213,-0.169821,-1.326820,1.886741,9.7854481,0.010996,0.013439,-0.195477
-1.499103,1.549353,9.762717,0.057421,-0.040317,-0.150273,-1.459622,1.901098,9.7746811,0.039095,0.008552,-0.180816
-1.593620,1.605584,9.689735,0.074526,-0.046426,-0.114843,-1.450051,1.860420,9.6825571,0.059865,0.000000,-0.140499
-1.591227,1.609173,9.671789,0.070860,-0.059865,-0.083078,-1.590031,1.873580,9.7040920,0.074526,-0.014661,-0.095295
-1.623530,1.635494,9.609575,0.054978,-0.079412,-0.047647,-1.590031,1.873580,9.7040920,0.074526,-0.014661,-0.095295
-1.660619,1.580459,9.790234,0.039095,-0.085521,-0.025656,-1.616352,1.928615,9.7351990,0.047647,-0.035430,-0.052534
-1.674976,1.633101,9.662218,0.014661,-0.091630,0.001222,-1.597209,1.932204,9.5820589,0.025656,-0.043982,-0.014661
-1.720440,1.601995,9.729217,-0.029322,-0.073304,0.032987,-1.730011,1.939383,9.7818584,-0.019548,-0.035430,0.013439
-1.753939,1.599602,9.537791,-0.069639,-0.069639,0.074526,-1.730011,1.939383,9.7818584,-0.019548,-0.035430,0.013439
-1.691726,1.487139,9.668200,-0.052534,-0.053756,0.119730,-1.543371,1.775474,9.7280207,-0.062308,-0.025656,0.074526
-1.734797,1.424926,9.785448,-0.026878,-0.056200,0.136834,-1.605584,1.738386,9.7507515,-0.045204,-0.014661,0.119730
-1.751546,1.399801,9.686147,-0.006109,-0.048869,0.160047,-1.781457,1.704886,9.6071835,-0.018326,-0.001222,0.146608
-1.712065,1.421337,9.580862,0.006109,-0.065973,0.186925,-1.781457,1.704886,9.6071835,-0.018326,-0.001222,0.146608
-1.734797,1.429712,9.744770,-0.001222,-0.070860,0.224798,-1.756332,1.743171,9.6765757,0.009774,-0.013439,0.186925
-1.703690,1.459622,9.562916,-0.025656,-0.064752,0.257785,-1.755135,1.710868,9.6945219,-0.019548,-0.015882,0.234572
-1.692922,1.445265,9.683753,-0.037874,-0.052534,0.279776,-1.704886,1.720440,9.6957169,-0.032987,-0.006109,0.273668
-1.730011,1.410569,9.725628,-0.076969,-0.031765,0.296880,-1.704886,1.720440,9.6957169,-0.032987,-0.006109,0.273668
-1.712065,1.342373,9.534203,-0.083078,-0.014661,0.333532,-1.678565,1.692922,9.7627172,-0.085521,0.021991,0.291994
-1.728814,1.324427,9.700503,-0.054978,-0.015882,0.357967,-1.706082,1.613959,9.6418791,-0.065973,0.045204,0.332311
-1.740778,1.339981,9.656236,-0.030543,-0.045204,0.381180,-1.679762,1.658226,9.7722883,-0.028100,0.014661,0.366519
-1.734797,1.348356,9.774681,-0.029322,-0.042761,0.400728,-1.679762,1.658226,9.7722883,-0.028100,0.014661,0.366519
-1.676172,1.320838,9.570094,-0.058643,-0.023213,0.427606,-1.683351,1.637887,9.8907328,-0.034208,0.012217,0.398284
-1.720440,1.366302,9.712467,-0.074526,-0.026878,0.439823,-1.676172,1.645066,9.8560362,-0.063530,0.036652,0.423940
-1.691726,1.331606,9.651450,-0.090408,-0.039095,0.441045,-1.631905,1.628316,9.6430750,-0.081856,0.020769,0.428827
-1.703690,1.307678,9.732806,-0.089186,-0.050091,0.444710,-1.631905,1.628316,9.6430750,-0.081856,0.020769,0.428827
-1.648655,1.280160,9.629915,-0.064752,-0.056200,0.450819,-1.625923,1.554138,9.7782698,-0.092852,0.014661,0.434936
-1.586441,1.277767,9.640682,-0.047647,-0.061087,0.452040,-1.646262,1.584049,9.6442719,-0.054978,-0.007330,0.443488
-1.615155,1.251446,9.756735,-0.021991,-0.046426,0.454484,-1.591227,1.562513,9.8428764,-0.025656,0.008552,0.444710
-1.603191,1.368695,9.614362,0.004887,-0.025656,0.454484,-1.591227,1.562513,9.8428764,-0.025656,0.008552,0.444710
-1.606781,1.380659,9.739985,-0.013439,-0.026878,0.455705,-1.663012,1.606781,9.8380899,0.007330,0.037874,0.449597
-1.557728,1.441676,9.748360,0.017104,-0.029322,0.459371,-1.554138,1.708475,9.6981106,0.008552,0.020769,0.452040
-1.549353,1.532603,9.580862,0.010996,-0.020769,0.448375,-1.581656,1.744368,9.7040920,0.012217,0.036652,0.447153
-1.506282,1.554138,9.589237,-0.003665,-0.019548,0.443488,-1.581656,1.744368,9.7040920,0.012217,0.036652,0.447153
-1.526621,1.590031,9.600005,0.001222,-0.020769,0.433714,-1.590031,1.837688,9.7160568,0.007330,0.040317,0.434936
-1.544567,1.641476,9.640682,-0.020769,-0.023213,0.417832,-1.586441,1.889133,9.6813602,-0.003665,0.032987,0.419054
-1.570888,1.600798,9.659825,-0.042761,0.004887,0.406836,-1.539781,1.936990,9.6957169,-0.037874,0.057421,0.399506
-1.593620,1.606781,9.622736,-0.047647,0.014661,0.399506,-1.539781,1.936990,9.6957169,-0.037874,0.057421,0.399506
-1.601995,1.647458,9.560523,-0.035430,0.009774,0.378736,-1.588834,1.974079,9.5712910,-0.042761,0.065973,0.383623
-1.611566,1.685744,9.549755,-0.037874,-0.013439,0.372628,-1.684547,1.910669,9.6119690,-0.036652,0.056200,0.366519
-1.627119,1.639084,9.534203,-0.010996,-0.015882,0.378736,-1.605584,1.977668,9.5688972,-0.012217,0.039095,0.365297
-1.672583,1.731207,9.564113,0.008552,-0.034208,0.372628,-1.605584,1.977668,9.5688972,-0.012217,0.039095,0.365297
-1.648655,1.744368,9.549755,0.020769,-0.032987,0.361632,-1.647458,1.996810,9.4073820,0.008552,0.021991,0.364076
-1.643869,1.800599,9.544970,0.004887,-0.052534,0.345750,-1.646262,2.076970,9.5964146,0.014661,0.015882,0.349415
-1.596013,1.837688,9.553344,-0.010996,-0.059865,0.324980,-1.625923,2.097309,9.5988083,-0.006109,-0.004887,0.322537
-1.563710,1.797010,9.579665,-0.024435,-0.059865,0.307876,-1.625923,2.097309,9.5988083,-0.006109,-0.004887,0.322537
-1.568495,1.797010,9.667004,-0.041539,-0.057421,0.283441,-1.563710,2.116452,9.5772724,-0.024435,-0.007330,0.295659
-1.518246,1.775474,9.602398,-0.064752,-0.057421,0.256563,-1.569692,2.085345,9.6418791,-0.054978,-0.007330,0.259007
-1.485943,1.739582,9.511471,-0.052534,-0.053756,0.237016,-1.494318,2.026721,9.5473623,-0.061087,-0.002443,0.230907
-1.475175,1.686940,9.546166,-0.025656,-0.045204,0.230907,-1.494318,2.026721,9.5473623,-0.061087,-0.002443,0.230907
-1.539781,1.719243,9.531809,-0.002443,-0.043982,0.223577,-1.473979,1.986043,9.5461664,-0.021991,0.003665,0.218690
-1.524228,1.724029,9.560523,0.023213,-0.041539,0.212581,-1.490729,2.015953,9.5401840,0.013439,0.007330,0.211359
-1.545763,1.732404,9.597611,0.031765,-0.045204,0.199142,-1.557728,2.033899,9.6191473,0.030543,0.008552,0.195477
-1.554138,1.765903,9.683753,0.019548,-0.057421,0.173486,-1.557728,2.033899,9.6191473,0.030543,0.008552,0.195477
-1.503889,1.786242,9.622736,-0.003665,-0.086743,0.152716,-1.574477,2.068595,9.7782698,0.015882,-0.010996,0.167377
-1.489532,1.802992,9.576077,0.007330,-0.078191,0.138056,-1.513460,2.096112,9.5581303,-0.001222,-0.037874,0.139277
-1.456033,1.758725,9.643075,-0.007330,-0.090408,0.129503,-1.482354,2.105684,9.6358967,-0.001222,-0.046426,0.125838
-1.409373,1.769492,9.577272,0.010996,-0.084299,0.119730,-1.482354,2.105684,9.6358967,-0.001222,-0.046426,0.125838
-1.442872,1.745564,9.633504,0.024435,-0.080634,0.106291,-1.432104,2.041078,9.5844507,0.018326,-0.032987,0.113621
-1.440479,1.805385,9.574880,0.021991,-0.078191,0.086743,-1.448854,2.070988,9.6071835,0.023213,-0.032987,0.092852
-1.426122,1.807778,9.598808,0.024435,-0.072082,0.074526,-1.418944,2.112862,9.5904331,0.021991,-0.028100,0.070860
-1.442872,1.800599,9.610772,0.021991,-0.070860,0.056200,-1.418944,2.112862,9.5904331,0.021991,-0.028100,0.070860
-1.465604,1.806581,9.641879,0.013439,-0.072082,0.034208,-1.451247,2.104488,9.6382904,0.017104,-0.025656,0.047647
-1.476372,1.819742,9.604790,0.004887,-0.080634,0.012217,-1.476372,2.114059,9.6646099,0.009774,-0.031765,0.015882
-1.454836,1.786242,9.589237,0.007330,-0.081856,-0.012217,-1.521835,2.116452,9.6358967,0.006109,-0.036652,-0.012217
-1.448854,1.739582,9.600005,0.007330,-0.085521,-0.024435,-1.521835,2.116452,9.6358967,0.006109,-0.036652,-0.012217
-1.459622,1.700100,9.600005,0.013439,-0.090408,-0.031765,-1.502692,2.076970,9.6143618,0.009774,-0.043982,-0.032987
-1.481157,1.709672,9.601201,0.023213,-0.094073,-0.046426,-1.481157,2.035096,9.6119690,0.019548,-0.047647,-0.045204
-1.536192,1.752743,9.584451,0.030543,-0.067195,-0.065973,-1.546960,2.020739,9.5856476,0.028100,-0.030543,-0.069639
-1.551746,1.719243,9.649057,0.034208,-0.094073,-0.073304,-1.546960,2.020739,9.5856476,0.028100,-0.030543,-0.069639
-1.560120,1.713261,9.596415,0.036652,-0.113621,-0.080634,-1.596013,2.013560,9.6394863,0.034208,-0.056200,-0.078191
-1.542174,1.722832,9.603594,0.046426,-0.118508,-0.089186,-1.548156,2.019542,9.6083794,0.043982,-0.075747,-0.091630
-1.544567,1.728814,9.635897,0.046426,-0.129503,-0.100182,-1.566102,2.018346,9.6598253,0.046426,-0.086743,-0.101404
-1.503889,1.698904,9.689735,0.042761,-0.150273,-0.103847,-1.566102,2.018346,9.6598253,0.046426,-0.086743,-0.101404
-1.471586,1.735993,9.600005,0.042761,-0.146608,-0.108734,-1.545763,2.023132,9.6622181,0.042761,-0.108734,-0.109956
-1.432104,1.732404,9.534203,0.054978,-0.133169,-0.105069,-1.446461,2.027917,9.5880404,0.046426,-0.100182,-0.109956
-1.456033,1.726422,9.598808,0.062308,-0.096517,-0.108734,-1.452443,2.026721,9.6155586,0.059865,-0.062308,-0.111177
-1.477568,1.753939,9.572487,0.064752,-0.069639,-0.112399,-1.452443,2.026721,9.6155586,0.059865,-0.062308,-0.111177
-1.533799,1.769492,9.578468,0.068417,-0.056200,-0.111177,-1.471586,2.037488,9.5904331,0.063530,-0.026878,-0.117286
-1.598405,1.798206,9.583255,0.067195,-0.057421,-0.112399,-1.567299,2.057827,9.6119690,0.067195,-0.015882,-0.116064
-1.634298,1.816152,9.525827,0.061087,-0.062308,-0.114843,-1.634298,2.110470,9.5928259,0.061087,-0.021991,-0.119730
-1.707279,1.826920,9.611969,0.053756,-0.067195,-0.114843,-1.634298,2.110470,9.5928259,0.061087,-0.021991,-0.119730
-1.718047,1.814956,9.631111,0.042761,-0.112399,-0.113621,-1.692922,2.097309,9.6418791,0.048869,-0.035430,-0.118508
-1.701297,1.791028,9.544970,0.028100,-0.123395,-0.123395,-1.712065,2.115255,9.6155586,0.037874,-0.079412,-0.124617
-1.673779,1.777867,9.577272,0.019548,-0.130725,-0.122173,-1.727618,2.087738,9.5748796,0.023213,-0.087965,-0.128282
-1.689333,1.768296,9.603594,0.012217,-0.133169,-0.122173,-1.727618,2.087738,9.5748796,0.023213,-0.087965,-0.128282
-1.652244,1.744368,9.553344,0.013439,-0.130725,-0.116064,-1.733600,2.048256,9.6047897,0.012217,-0.092852,-0.128282
-1.691726,1.744368,9.533006,0.020769,-0.116064,-0.102625,-1.659423,2.003989,9.5186481,0.018326,-0.084299,-0.116064
-1.698904,1.716850,9.722038,0.030543,-0.102625,-0.092852,-1.688136,1.980061,9.5880404,0.030543,-0.064752,-0.100182
-1.641476,1.605584,10.001998,-0.030543,-0.167377,-0.068417,-1.688136,1.980061,9.5880404,0.030543,-0.064752,-0.100182
-1.448854,1.557728,9.676576,-0.047647,-0.168599,-0.008552,-1.762314,2.045863,9.7794666,-0.040317,-0.124617,-0.065973
-1.502692,1.612763,9.684950,-0.048869,-0.130725,0.053756,-1.293321,1.776671,10.0043917,-0.043982,-0.100182,0.013439
-1.532603,1.500300,9.605987,-0.059865,-0.112399,0.085521,-1.554138,1.770689,9.6945219,-0.050091,-0.065973,0.079412
-1.576870,1.289732,9.664610,-0.039095,-0.096517,0.101404,-1.554138,1.770689,9.6945219,-0.050091,-0.065973,0.079412
-1.678565,1.523032,9.737592,-0.019548,-0.084299,0.117286,-1.578067,1.885544,9.8763752,-0.039095,-0.051313,0.103847
-1.179662,1.239482,9.750751,0.024435,-0.079412,0.124617,-1.611566,1.799403,9.5916300,0.003665,-0.030543,0.109956
-1.530210,1.426122,9.726824,0.047647,-0.070860,0.149051,-1.389034,1.658226,9.8010015,0.039095,-0.018326,0.131947
-1.402194,1.434497,9.728021,0.076969,-0.079412,0.156382,-1.389034,1.658226,9.8010015,0.039095,-0.018326,0.131947
-1.395016,1.617548,9.562916,0.086743,-0.105069,0.183260,-1.467997,1.777867,9.7387877,0.081856,-0.029322,0.158825
-1.475175,1.732404,9.728021,0.048869,-0.103847,0.188146,-1.296910,1.816152,9.5557375,0.056200,-0.058643,0.183260
-1.153341,1.460818,9.610772,0.012217,-0.085521,0.195477,-0.988236,1.643869,9.7914305,0.023213,-0.039095,0.190590
-1.511068,1.875973,9.671789,-0.001222,-0.068417,0.199142,-0.988236,1.643869,9.7914305,0.023213,-0.039095,0.190590
-1.093520,1.519442,9.522238,-0.035430,-0.074526,0.219911,-1.453640,1.968097,9.5114708,-0.020769,-0.029322,0.199142
-1.422533,1.603191,9.884750,-0.048869,-0.057421,0.229685,-1.375873,1.946561,9.6909313,-0.037874,-0.008552,0.221133
-1.201197,1.506282,9.734003,-0.047647,-0.079412,0.237016,-1.263410,1.862812,9.7938232,-0.045204,-0.025656,0.228464
-1.485943,1.576870,9.827323,-0.056200,-0.051313,0.251676,-1.263410,1.862812,9.7938232,-0.045204,-0.025656,0.228464
-0.966700,1.322034,9.728021,-0.034208,-0.090408,0.245568,-1.098306,1.751546,9.5018988,-0.048869,-0.003665,0.250455
-1.527817,1.442872,9.900304,-0.072082,-0.085521,0.235794,-0.876970,1.683351,9.8620186,-0.036652,-0.045204,0.229685
-1.381855,1.350748,9.935000,-0.065973,-0.087965,0.240681,-1.265803,1.670190,9.8285198,-0.070860,-0.039095,0.230907
-1.171287,1.329213,9.699306,0.040317,-0.047647,0.279776,-0.999003,1.558924,9.5497551,0.043982,0.004887,0.274889
-1.060021,1.345963,9.625129,0.100182,-0.037874,0.294437,-0.999003,1.558924,9.5497551,0.043982,0.004887,0.274889
-1.019342,1.484747,9.657433,0.136834,-0.059865,0.284663,-1.142573,1.623530,9.5892372,0.102625,0.017104,0.290772
-1.009771,1.616352,9.620344,0.151495,-0.083078,0.256563,-1.037289,1.860420,9.6502542,0.166155,-0.007330,0.272446
-1.044467,1.765903,9.489935,0.184481,-0.140499,0.226020,-1.070788,2.045863,9.7052889,0.175929,-0.062308,0.241903
-0.936790,1.933401,9.536594,0.171042,-0.177151,0.150273,-1.070788,2.045863,9.7052889,0.175929,-0.062308,0.241903
-0.837488,2.033899,9.528220,0.103847,-0.201586,0.067195,-0.936790,2.228914,9.6885395,0.153938,-0.133169,0.139277
-0.708275,2.073381,9.420543,0.067195,-0.171042,0.000000,-0.783650,2.309074,9.5306120,0.076969,-0.147829,0.026878
-0.750150,2.045863,9.536594,0.045204,-0.116064,-0.048869,-0.719043,2.359323,9.5318089,0.051313,-0.079412,-0.041539
-0.711865,2.051846,9.479167,0.009774,-0.056200,-0.103847,-0.719043,2.359323,9.5318089,0.051313,-0.079412,-0.041539
-0.819542,2.070988,9.547362,0.054978,0.006109,-0.102625,-0.684347,2.355734,9.4731855,0.018326,-0.007330,-0.113621
-0.915255,2.147558,9.525827,0.096517,0.010996,-0.101404,-0.848256,2.404787,9.5461664,0.069639,0.050091,-0.108734
-0.989432,2.238486,9.509077,0.101404,0.018326,-0.107512,-0.983450,2.512464,9.5353985,0.103847,0.052534,-0.112399
-1.118644,2.319842,9.431311,0.050091,0.039095,-0.133169,-0.983450,2.512464,9.5353985,0.103847,0.052534,-0.112399
-1.266999,2.262414,9.446864,-0.004887,0.014661,-0.151495,-1.173679,2.598605,9.4863453,0.034208,0.074526,-0.149051
-1.347159,2.169094,9.345169,-0.051313,-0.001222,-0.153938,-1.281357,2.520839,9.4002037,-0.024435,0.042761,-0.167377
-1.481157,2.069792,9.385847,-0.061087,-0.014661,-0.134390,-1.442872,2.367698,9.3750792,-0.064752,0.028100,-0.152716
-1.564906,1.958525,9.415757,-0.026878,-0.046426,-0.107512,-1.442872,2.367698,9.3750792,-0.064752,0.028100,-0.152716
-1.653440,1.885544,9.436095,-0.006109,-0.045204,-0.091630,-1.586441,2.231307,9.3643112,-0.015882,-0.013439,-0.112399
-1.735993,1.826920,9.588040,-0.050091,-0.010996,-0.075747,-1.715654,2.148755,9.5820589,-0.025656,0.004887,-0.095295
-1.847259,1.704886,9.602398,-0.164934,0.047647,-0.065973,-1.837688,2.048256,9.7148600,-0.133169,0.072082,-0.084299
-1.992025,1.534996,9.516256,-0.204029,0.080634,-0.043982,-1.837688,2.048256,9.7148600,-0.133169,0.072082,-0.084299
-2.106880,1.384248,9.458828,-0.129503,0.053756,0.007330,-2.019542,1.818545,9.4707918,-0.195477,0.113621,-0.057421
-2.207379,1.292124,9.409776,-0.045204,0.021991,0.059865,-2.134398,1.606781,9.4313107,-0.085521,0.078191,0.023213
-2.281556,1.228714,9.408579,-0.020769,0.021991,0.125838,-2.261218,1.540978,9.4384890,-0.030543,0.065973,0.100182
-2.408376,1.217947,9.272187,0.058643,-0.018326,0.190590,-2.261218,1.540978,9.4384890,-0.030543,0.065973,0.100182
-2.445465,1.314856,9.229117,0.150273,-0.089186,0.249233,-2.401197,1.506282,9.2099743,0.072082,0.021991,0.196699
-2.445465,1.482354,9.280562,0.219911,-0.150273,0.293215,-2.428715,1.636691,9.2051897,0.188146,-0.061087,0.272446
-2.354537,1.814956,9.317652,0.240681,-0.177151,0.322537,-2.330609,1.982454,9.3523474,0.240681,-0.113621,0.321315
-2.129612,2.069792,9.384650,0.197920,-0.180816,0.321315,-2.330609,1.982454,9.3523474,0.240681,-0.113621,0.321315
-1.972882,2.287539,9.376275,0.072082,-0.147829,0.285885,-2.148755,2.417947,9.4049892,0.171042,-0.112399,0.320093
-1.852045,2.346163,9.343972,-0.043982,-0.095295,0.234572,-1.929811,2.645265,9.3810616,0.020769,-0.074526,0.255342
-1.859223,2.287539,9.391829,-0.136834,-0.054978,0.194255,-1.866402,2.603391,9.3463650,-0.119730,-0.015882,0.194255
-1.825724,2.114059,9.412168,-0.173486,-0.029322,0.175929,-1.866402,2.603391,9.3463650,-0.119730,-0.015882,0.194255
-1.841277,1.921437,9.430114,-0.147829,-0.009774,0.178373,-1.866402,2.353341,9.4097757,-0.171042,0.020769,0.160047
-1.902294,1.856830,9.462417,-0.079412,0.002443,0.184481,-1.898705,2.172683,9.5007019,-0.114843,0.041539,0.169821
-1.954936,1.856830,9.522238,-0.031765,0.009774,0.188146,-1.939383,2.130809,9.4743805,-0.040317,0.054978,0.179594
-1.984846,1.864009,9.424131,-0.009774,0.007330,0.204029,-1.939383,2.130809,9.4743805,-0.040317,0.054978,0.179594
-2.045863,1.854438,9.396614,-0.003665,-0.001222,0.221133,-1.978864,2.161915,9.4456673,-0.007330,0.054978,0.196699
-2.104488,1.897508,9.312866,-0.010996,-0.007330,0.246790,-2.043471,2.184647,9.3260260,-0.001222,0.042761,0.224798
-2.194218,1.849652,9.470792,-0.058643,0.000000,0.273668,-2.141577,2.147558,9.4504528,-0.032987,0.046426,0.257785
-2.267200,1.779064,9.509077,-0.136834,0.006109,0.295659,-2.141577,2.147558,9.4504528,-0.032987,0.046426,0.257785
-2.250450,1.672583,9.460025,-0.128282,-0.012217,0.335976,-2.269592,2.057827,9.4648104,-0.142942,0.053756,0.291994
-2.276771,1.635494,9.632308,-0.083078,-0.042761,0.373850,-2.280360,1.950150,9.4528456,-0.101404,0.018326,0.343306
-2.262414,1.708475,9.625129,-0.061087,-0.021991,0.392175,-2.263610,1.987239,9.6023979,-0.056200,0.026878,0.383623
-2.227718,1.710868,9.756735,-0.062308,0.017104,0.426384,-2.263610,1.987239,9.6023979,-0.056200,0.026878,0.383623
-2.178665,1.719243,9.515059,-0.062308,0.042761,0.449597,-2.220540,1.977668,9.6753788,-0.065973,0.074526,0.416610
-2.256432,1.719243,9.440882,-0.053756,0.036652,0.472810,-2.226521,1.986043,9.4995060,-0.062308,0.098960,0.448375
-2.273182,1.765903,9.346365,-0.035430,0.017104,0.503353,-2.273182,2.056631,9.3679008,-0.037874,0.083078,0.487470
-2.334198,1.848456,9.424131,-0.028100,-0.025656,0.536340,-2.273182,2.056631,9.3679008,-0.037874,0.083078,0.487470
-2.297110,1.964507,9.449257,-0.035430,-0.062308,0.569326,-2.329413,2.148755,9.3966141,-0.025656,0.028100,0.537561
-2.209772,2.027917,9.565309,-0.057421,-0.094073,0.575435,-2.271985,2.276771,9.4995060,-0.041539,-0.014661,0.565661
-2.039881,2.024328,9.622736,-0.096517,-0.102625,0.570548,-2.098505,2.323431,9.6239328,-0.085521,-0.040317,0.566883
-1.881955,2.014757,9.580862,-0.136834,-0.067195,0.551000,-2.098505,2.323431,9.6239328,-0.085521,-0.040317,0.566883
-1.759921,1.940579,9.568897,-0.161268,-0.045204,0.535118,-1.834098,2.304288,9.6370935,-0.145386,0.001222,0.536340
-1.696511,1.823331,9.400204,-0.163712,-0.006109,0.516792,-1.716850,2.185843,9.4983091,-0.164934,0.034208,0.514349
-1.720440,1.730011,9.389436,-0.130725,0.024435,0.508240,-1.726422,2.044667,9.4193459,-0.140499,0.074526,0.497244
-1.800599,1.725225,9.389436,-0.092852,0.042761,0.507018,-1.726422,2.044667,9.4193459,-0.140499,0.074526,0.497244
-1.885544,1.752743,9.456435,-0.056200,0.043982,0.509462,-1.795813,2.015953,9.4097757,-0.084299,0.103847,0.496023
-1.933401,1.797010,9.512667,-0.037874,0.035430,0.500910,-1.897508,2.087738,9.5294161,-0.040317,0.098960,0.497244
-1.941776,1.826920,9.651450,-0.048869,0.026878,0.485027,-1.957329,2.129612,9.5796652,-0.041539,0.086743,0.478918
-1.901098,1.826920,9.662218,-0.058643,0.020769,0.474031,-1.957329,2.129612,9.5796652,-0.041539,0.086743,0.478918
-1.892723,1.812563,9.640682,-0.069639,0.018326,0.463036,-1.925026,2.148755,9.6849499,-0.059865,0.078191,0.460592
-1.902294,1.751546,9.619147,-0.081856,0.013439,0.453262,-1.910669,2.092523,9.6167536,-0.075747,0.074526,0.448375
-1.913062,1.713261,9.554541,-0.078191,-0.002443,0.448375,-1.933401,2.020739,9.5569334,-0.078191,0.058643,0.437380
-1.931008,1.694118,9.475577,-0.065973,-0.019548,0.444710,-1.933401,2.020739,9.5569334,-0.078191,0.058643,0.437380
-1.914258,1.749153,9.373883,-0.056200,-0.029322,0.437380,-1.947758,2.018346,9.4253292,-0.061087,0.036652,0.433714
-1.880759,1.776671,9.422935,-0.052534,-0.041539,0.427606,-1.901098,2.023132,9.4109716,-0.052534,0.020769,0.425162
-1.840081,1.816152,9.560523,-0.054978,-0.047647,0.405614,-1.846063,2.105684,9.5102730,-0.052534,0.009774,0.404393
-1.744368,1.780260,9.469596,-0.064752,-0.036652,0.371406,-1.846063,2.105684,9.5102730,-0.052534,0.009774,0.404393
-1.740778,1.779064,9.574880,-0.089186,-0.012217,0.339641,-1.786242,2.106880,9.5665045,-0.068417,0.023213,0.357967
-1.804188,1.719243,9.540184,-0.108734,0.004887,0.317650,-1.767099,2.037488,9.5916300,-0.095295,0.048869,0.316428
-1.922633,1.621137,9.590433,-0.158825,0.006109,0.287107,-1.914258,1.954936,9.6526461,-0.144164,0.059865,0.279776
-2.015953,1.508675,9.634700,-0.208916,-0.034208,0.241903,-1.914258,1.954936,9.6526461,-0.144164,0.059865,0.279776
-2.044667,1.373480,9.647861,-0.239459,-0.073304,0.208916,-2.044667,1.786242,9.6741819,-0.207694,0.004887,0.221133
-2.037488,1.156930,9.775877,-0.245568,-0.109956,0.190590,-2.039881,1.526621,9.7088776,-0.243124,-0.041539,0.184481
-1.841277,0.955933,9.699306,-0.172264,-0.118508,0.205251,-1.861616,1.278964,9.6981106,-0.190590,-0.074526,0.189368
-1.830509,0.888934,9.719646,-0.043982,-0.076969,0.243124,-1.861616,1.278964,9.6981106,-0.190590,-0.074526,0.189368
-1.785046,0.869791,9.750751,0.106291,-0.019548,0.290772,-1.751546,1.156930,9.6813602,-0.015882,-0.014661,0.245568
-1.799403,1.002593,9.687343,0.224798,0.032987,0.320093,-1.783849,1.263410,9.7220383,0.174707,0.065973,0.306654
-1.977668,1.320838,9.645469,0.299324,0.059865,0.344528,-1.895116,1.529014,9.6394863,0.289550,0.116064,0.343306
-2.123630,1.579263,9.613165,0.240681,0.041539,0.324980,-1.895116,1.529014,9.6394863,0.289550,0.116064,0.343306
-2.145165,1.795813,9.534203,0.122173,0.012217,0.285885,-2.124826,1.929811,9.6358967,0.212581,0.091630,0.313985
-1.944168,1.850848,9.623933,0.062308,-0.149051,0.273668,-2.128416,2.110470,9.7950191,0.057421,-0.018326,0.283441
-1.910669,1.920240,9.567701,0.039095,-0.201586,0.271224,-2.105684,2.279164,9.4073820,0.046426,-0.127060,0.265115
-1.880759,2.117648,9.656236,-0.059865,-0.206472,0.272446,-2.105684,2.279164,9.4073820,0.046426,-0.127060,0.265115
-1.550549,2.096112,9.663414,-0.111177,-0.194255,0.277333,-1.603191,2.315056,9.4755774,-0.053756,-0.158825,0.270002
-1.453640,1.916651,9.716057,-0.200364,-0.156382,0.276111,-1.618744,2.319842,9.6693964,-0.156382,-0.128282,0.271224
-1.355534,1.719243,9.759127,-0.228464,-0.091630,0.272446,-1.238286,2.075774,9.7651091,-0.232129,-0.056200,0.254120
-1.307678,1.477568,9.750751,-0.226020,-0.057421,0.260229,-1.238286,2.075774,9.7651091,-0.232129,-0.056200,0.254120
-1.325624,1.249053,9.552149,-0.184481,-0.064752,0.260229,-1.355534,1.765903,9.6143618,-0.207694,-0.002443,0.248011
-1.824527,1.317249,9.942178,-0.101404,-0.010996,0.288328,-1.282553,1.469193,9.3702936,-0.149051,0.023213,0.263894
-1.513460,1.371087,9.658628,-0.021991,-0.063530,0.334754,-1.287339,1.591227,9.8177519,-0.014661,0.006109,0.320093
-1.263410,1.269392,9.900304,-0.106291,-0.146608,0.320093,-1.287339,1.591227,9.8177519,-0.014661,0.006109,0.320093
-1.147359,1.050449,9.710074,-0.147829,-0.252898,0.270002,-1.372284,1.523032,9.6107721,-0.108734,-0.107512,0.309098
-1.135394,0.705883,9.404989,-0.184481,-0.268781,0.188146,-1.282553,1.281357,9.6921282,-0.150273,-0.230907,0.224798
-0.811167,0.376870,9.136993,-0.107512,-0.166155,0.079412,-1.019342,0.658026,9.3104725,-0.156382,-0.142942,0.094073
-0.859023,0.130409,9.333204,-0.003665,-0.039095,-0.004887,-1.019342,0.658026,9.3104725,-0.156382,-0.142942,0.094073
-0.857827,0.321835,9.226725,0.079412,0.032987,-0.068417,-0.758525,0.428315,9.3607225,0.018326,0.013439,-0.021991
-0.809970,0.508475,9.463614,0.098960,0.061087,-0.156382,-1.087538,0.803988,9.4660072,0.089186,0.089186,-0.118508
-1.676172,0.734596,10.034302,-0.112399,0.059865,-0.304211,-1.721636,1.137787,10.3106728,-0.073304,0.092852,-0.295659
-2.200201,0.611366,10.460224,-0.339641,0.017104,-0.459371,-1.721636,1.137787,10.3106728,-0.073304,0.092852,-0.295659
-1.732404,-0.023928,10.082158,-0.278555,-0.010996,-0.466701,-1.931008,0.801596,10.1982098,-0.342085,0.023213,-0.489914
-1.561317,-0.556331,9.716057,-0.053756,0.010996,-0.392175,-1.745564,0.098106,10.0965147,-0.179594,0.020769,-0.463036
-1.507478,-0.710668,9.427721,0.254120,0.065973,-0.245568,-1.453640,-0.392423,9.2434740,0.183260,0.085521,-0.284663
-1.603191,-0.398405,9.105886,0.522901,0.124617,-0.138056,-1.453640,-0.392423,9.2434740,0.183260,0.085521,-0.284663
-1.945365,0.323031,9.038888,0.684169,0.106291,-0.096517,-1.526621,0.014357,9.0664053,0.564439,0.171042,-0.118508
-2.165505,1.166501,9.255438,0.623083,-0.039095,-0.112399,-2.009971,1.073181,9.2997055,0.685391,0.092852,-0.090408
-1.969293,1.785046,9.196815,0.329867,-0.234572,-0.162490,-2.219343,1.996810,9.4755774,0.392175,-0.147829,-0.145386
-2.181058,1.990828,9.725628,-0.026878,-0.415388,-0.190590,-2.219343,1.996810,9.4755774,0.392175,-0.147829,-0.145386
-2.132005,1.523032,10.278370,-0.540005,-0.532674,-0.279776,-2.287539,2.276771,10.1802635,-0.109956,-0.405614,-0.205251
-1.569692,0.449851,10.548759,-0.835664,-0.480140,-0.337198,-1.990828,1.469193,10.6600256,-0.715934,-0.511905,-0.329867
-1.033700,-0.589831,10.280763,-0.651182,-0.195477,-0.301767,-1.051646,-0.113659,10.3669043,-0.723264,-0.235794,-0.349415
-0.996611,-1.021735,9.767502,-0.149051,0.094073,-0.155160,-1.051646,-0.113659,10.3669043,-0.723264,-0.235794,-0.349415
-1.094716,-0.775275,9.517452,0.344528,0.323759,-0.052534,-0.813560,-0.827917,9.6753788,-0.045204,0.177151,-0.149051
-1.721636,-0.295514,9.888340,0.594983,0.461814,-0.004887,-1.299303,-0.340977,10.1647100,0.513127,0.458149,-0.025656
-2.411965,0.415155,9.238688,0.513127,0.255342,-0.008552,-2.287539,0.546760,9.9768744,0.537561,0.383623,-0.009774
-2.721836,0.632902,9.601201,0.345750,-0.008552,-0.010996,-2.287539,0.546760,9.9768744,0.537561,0.383623,-0.009774
-2.572284,0.658026,9.609575,0.127060,-0.171042,-0.045204,-2.761317,0.971486,9.1920280,0.290772,-0.008552,-0.021991
-2.578266,0.952343,9.570094,-0.036652,-0.215025,-0.070860,-2.730211,1.057628,9.0544415,0.039095,-0.168599,-0.054978
-2.295913,0.847059,10.118051,-0.216246,-0.117286,-0.130725,-2.342573,0.801596,9.8261261,-0.175929,-0.102625,-0.131947
-2.306681,0.093320,9.428918,-0.415388,0.036652,-0.217468,-2.342573,0.801596,9.8261261,-0.175929,-0.102625,-0.131947
-2.579463,-0.483350,10.475779,-0.767247,0.144164,-0.306654,-2.270789,0.522832,9.8799648,-0.445932,0.075747,-0.254120
-2.805584,-1.581656,10.229317,-0.952950,0.136834,-0.332311,-2.714657,-0.673580,10.5427761,-0.897972,0.168599,-0.378736
-3.059224,-2.311467,9.540184,-0.619417,-0.029322,-0.238237,-2.876173,-1.956133,9.7447701,-0.702495,0.025656,-0.300546
-3.043670,-2.342573,9.205190,-0.013439,-0.190590,-0.026878,-2.876173,-1.956133,9.7447701,-0.702495,0.025656,-0.300546
-3.035296,-2.026721,9.292527,0.551000,-0.245568,0.206472,-2.774478,-2.073381,9.1022978,0.125838,-0.158825,0.034208
-2.888137,-1.596013,9.370294,0.663400,-0.266337,0.267559,-2.653640,-1.464407,9.8476620,0.659734,-0.189368,0.276111
-2.291128,-0.985843,9.554541,0.240681,-0.223577,0.157603,-2.835495,-0.879362,9.3559361,0.390954,-0.185703,0.215025
-1.970490,-1.246661,8.612965,-0.521679,-0.058643,-0.018326,-2.835495,-0.879362,9.3559361,0.390954,-0.185703,0.215025
-1.765903,-1.593620,8.444270,-0.901637,0.074526,-0.090408,-1.856830,-0.910469,9.3559361,-0.692721,0.009774,-0.097738
-2.026721,-2.514857,9.146564,-0.085521,0.007330,0.177151,-1.473979,-1.970490,8.9539423,-0.610865,0.116064,-0.013439
-2.338984,-1.902294,9.613165,0.935845,-0.270002,0.311541,-2.415555,-1.850848,9.1645107,0.842994,-0.128282,0.340863
-2.386841,-1.509871,10.437492,0.262672,-0.368963,0.057421,-2.415555,-1.850848,9.1645107,0.842994,-0.128282,0.340863
-2.380858,-1.676172,9.614362,-0.794125,-0.117286,-0.195477,-2.500499,-1.052842,10.8035946,0.061087,-0.293215,0.004887
-2.124826,-2.244468,9.326026,-0.381180,0.058643,-0.004887,-1.966900,-1.634298,9.0508518,-0.795347,0.032987,-0.199142
-2.135594,-1.755135,8.849854,0.723264,-0.090408,0.290772,-2.210968,-1.728814,8.4741812,0.608422,0.007330,0.280998
-2.027917,-1.445265,9.996017,0.283441,-0.390954,0.083078,-2.210968,-1.728814,8.4741812,0.608422,0.007330,0.280998
-1.774278,-1.442872,9.202796,-0.625526,-0.309098,-0.180816,-2.129612,-0.884148,10.1180506,0.092852,-0.357967,0.028100
-1.502692,-1.737189,8.545966,-0.028100,-0.081856,0.080634,-1.450051,-1.768296,9.4612207,-0.541227,-0.164934,-0.139277
-1.737189,-1.434497,8.291131,0.769690,-0.190590,0.316428,-1.710868,-1.322034,8.3808613,0.689056,-0.061087,0.324980
-2.161915,-1.537389,10.500902,0.249233,-0.559553,0.069639,-1.710868,-1.322034,8.3808613,0.689056,-0.061087,0.324980
-2.181058,-1.917847,11.166106,-0.571770,-0.392175,-0.090408,-2.382055,-1.365105,10.6863461,0.074526,-0.540005,-0.014661
-1.905883,-2.368894,9.775877,-0.003665,0.085521,0.238237,-1.915455,-1.989632,10.3501539,-0.425162,-0.101404,0.021991
-2.486143,-1.674976,9.811769,0.511905,-0.237016,0.591318,-1.674976,-1.850848,10.3130655,0.591318,0.124617,0.428827
-4.138387,-2.440679,5.268996,-0.020769,-0.505796,0.631635,-1.674976,-1.850848,10.3130655,0.591318,0.124617,0.428827
-1.592423,-1.909473,9.859626,-0.481362,0.156382,0.756251,-1.402194,-1.698904,10.0450697,-0.653626,-0.157603,0.769690
-1.866402,-1.420140,9.450453,0.122173,-0.078191,0.904081,-1.765903,-1.763510,9.5234337,-0.251676,0.224798,0.825890
-1.820938,-1.201197,10.017551,0.119730,-0.472810,0.825890,-2.008775,-1.482354,10.0630159,0.184481,-0.348193,0.858877
-1.341177,-1.531407,9.693325,-0.296880,-0.243124,0.789238,-2.008775,-1.482354,10.0630159,0.184481,-0.348193,0.858877
-1.494318,-1.391426,9.251848,-0.354302,0.116064,0.855211,-1.177269,-1.018146,9.5353985,-0.346971,-0.079412,0.786794
-1.679762,-1.697708,9.451650,-0.019548,0.031765,0.852768,-1.679762,-1.820938,10.2927265,-0.188146,0.202807,0.852768
-1.959722,-1.911865,10.108479,0.002443,-0.309098,0.686613,-1.740778,-1.404587,10.3884401,0.048869,-0.119730,0.752586
-1.582852,-1.746760,9.281759,-0.189368,-0.465479,0.546114,-1.740778,-1.404587,10.3884401,0.048869,-0.119730,0.752586
-1.173679,-1.679762,8.827123,-0.206472,-0.318872,0.587652,-1.390230,-1.527817,9.6765757,-0.226020,-0.390954,0.543670
-0.875773,-1.366302,8.378469,0.047647,-0.097738,0.695165,-0.802792,-1.354338,8.5304117,-0.029322,-0.086743,0.641409
-1.211965,-1.412962,9.869197,0.233351,-0.004887,0.696386,-0.963111,-1.039681,9.5007019,0.219911,0.052534,0.708604
-1.800599,-1.117448,10.983056,0.386067,0.080634,0.637743,-0.963111,-1.039681,9.5007019,0.219911,0.052534,0.708604
-2.146362,-0.787239,10.923235,0.328645,0.019548,0.571770,-1.992025,-0.786042,10.9172525,0.386067,0.150273,0.631635
-2.422733,-0.567099,11.225926,-0.004887,-0.050091,0.476475,-2.321038,-0.492921,10.9986095,0.228464,0.052534,0.541227
-2.157130,-0.752543,9.657433,-0.290772,-0.120951,0.383623,-2.029114,-0.206979,10.1276217,-0.262672,-0.051313,0.378736
-1.795813,-0.897308,8.912068,-0.262672,-0.204029,0.356745,-2.029114,-0.206979,10.1276217,-0.262672,-0.051313,0.378736
-1.668994,-0.780060,9.129814,-0.037874,-0.285885,0.367741,-1.759921,-0.715454,8.8809605,-0.224798,-0.164934,0.348193
-1.543371,-0.771685,9.489935,0.211359,-0.298102,0.427606,-1.664208,-0.643669,9.2530460,0.080634,-0.239459,0.389732
-1.374677,-0.275175,9.958928,0.450819,-0.244346,0.470366,-1.576870,-0.358923,9.2805624,0.390954,-0.191812,0.478918
-1.578067,0.204586,10.076176,0.627970,-0.130725,0.488692,-1.576870,-0.358923,9.2805624,0.390954,-0.191812,0.478918
-1.617548,0.709472,9.717253,0.723264,0.047647,0.497244,-1.757528,0.453440,9.4408817,0.662178,-0.014661,0.513127
-1.808974,1.447658,9.577272,0.503353,0.235794,0.419054,-1.935793,1.379462,9.6682005,0.684169,0.206472,0.491136
-1.719243,1.799403,9.239884,0.202807,0.312763,0.295659,-1.779064,1.987239,9.1824570,0.256563,0.359189,0.312763
-1.948954,1.971686,9.613165,-0.135612,0.291994,0.186925,-1.779064,1.987239,9.1824570,0.256563,0.359189,0.312763
-2.203789,1.773082,9.516256,-0.442266,0.146608,0.122173,-2.252842,2.185843,9.6382904,-0.186925,0.317650,0.145386
-2.457429,1.342373,9.840484,-0.604757,-0.155160,0.113621,-2.372484,1.869991,9.7112703,-0.546114,0.036652,0.085521
-2.371287,0.677169,10.208978,-0.597426,-0.602313,0.142942,-2.414358,1.150948,10.0749807,-0.612087,-0.465479,0.118508
-1.914258,0.111266,10.516455,-0.461814,-0.752586,0.179594,-2.414358,1.150948,10.0749807,-0.612087,-0.465479,0.118508
-1.670190,-0.447458,11.274981,-0.420275,-0.375071,0.226020,-1.829313,0.339781,10.6480618,-0.436158,-0.671952,0.184481
-1.556531,-0.673580,10.210175,-0.234572,-0.025656,0.326202,-1.557728,-0.284746,10.8418789,-0.379958,-0.085521,0.252898
-1.539781,-0.742971,10.772489,0.057421,-0.048869,0.461814,-1.457229,-0.379262,10.3525467,0.024435,-0.012217,0.420275
-1.470389,-0.434297,10.067801,0.084299,0.377515,0.632856,-1.457229,-0.379262,10.3525467,0.024435,-0.012217,0.420275
-2.012364,-0.343370,10.603794,0.002443,0.494801,0.642630,-1.500300,-0.047856,10.0749807,0.074526,0.489914,0.625526
-2.830709,-0.563510,11.586047,-0.207694,0.197920,0.477697,-2.429911,0.063410,11.1062860,-0.085521,0.482584,0.564439
-2.677569,-0.783650,11.099109,-0.250455,-0.569326,0.243124,-2.962314,-0.411566,11.3443718,-0.272446,-0.344528,0.268781
-1.581656,-0.989432,8.535198,0.021991,-0.970054,0.273668,-2.962314,-0.411566,11.3443718,-0.272446,-0.344528,0.268781
-0.922433,-1.182054,7.834102,0.100182,-0.142942,0.568105,-1.622334,-1.149751,8.7003040,-0.020769,-0.862542,0.311541
-1.580459,-1.324427,8.236095,-0.053756,0.773355,0.852768,-0.853041,-1.063610,8.1918278,0.059865,0.386067,0.714712
-2.555535,-1.584049,9.614362,-0.477697,0.195477,0.563218,-2.711068,-1.223929,9.8153582,-0.399506,0.483805,0.624304
-2.262414,-1.744368,9.558130,-0.441045,-1.040914,0.226020,-2.711068,-1.223929,9.8153582,-0.399506,0.483805,0.624304
-1.374677,-1.698904,9.600005,-0.047647,-0.736704,0.467923,-2.065006,-1.526621,9.8309116,-0.361632,-1.087340,0.240681
-1.871187,-1.792224,10.743774,-0.193033,0.662178,0.880868,-1.022932,-1.209572,9.6945219,-0.043982,0.026878,0.684169
-2.327020,-1.506282,9.198010,-0.427606,0.334754,0.733038,-2.629712,-1.427319,10.2640133,-0.427606,0.581544,0.759916
-2.149951,-1.631905,9.012567,-0.373850,-0.869872,0.428827,-2.629712,-1.427319,10.2640133,-0.427606,0.581544,0.759916
-1.335195,-1.493121,8.628518,-0.015882,-0.785573,0.602313,-2.051846,-1.452443,9.4863453,-0.334754,-0.922406,0.427606
-1.585245,-1.575674,10.078569,0.034208,0.416610,1.010371,-1.117448,-1.403391,10.1348009,0.084299,-0.098960,0.828333
-2.372484,-1.707279,10.108479,-0.282220,0.605978,0.950506,-2.304288,-1.217947,10.1563349,-0.234572,0.764803,0.993267
-1.895116,-1.475175,8.032706,-0.296880,-0.395841,0.676839,-2.304288,-1.217947,10.1563349,-0.234572,0.764803,0.993267
-1.408176,-1.287339,7.028916,0.127060,-0.660956,0.801455,-1.683351,-0.996611,7.7156568,-0.250455,-0.397062,0.668287
-1.536192,-1.298106,8.194221,0.171042,-0.535118,0.934624,-1.390230,-1.045663,8.1547394,0.208916,-0.542448,0.913854
-2.023132,-2.172683,9.547362,-0.715934,-0.054978,1.017702,-1.895116,-0.562313,9.4707918,-0.794125,0.061087,0.956615
-1.533799,-2.364109,11.661422,0.321315,-0.891863,1.315804,-1.895116,-0.562313,9.4707918,-0.794125,0.061087,0.956615
-1.456033,-1.445265,10.137194,0.340863,-0.879646,1.530828,-1.288535,-1.075574,11.0117702,0.630413,-1.029919,1.434312
-1.604388,-1.580459,9.652646,-0.676839,0.448375,1.582141,-1.172483,-0.799203,10.2723885,-0.186925,-0.142942,1.541824
-2.338984,-1.782653,9.024531,-0.268781,0.166155,1.528385,-2.372484,-1.550549,9.5318089,-0.486249,0.516792,1.538159
-1.762314,-1.336391,7.892725,0.063530,-0.976163,1.204626,-2.372484,-1.550549,9.5318089,-0.486249,0.516792,1.538159
-1.105484,-1.408176,8.774481,-0.196699,-0.635300,1.176527,-1.502692,-1.054038,8.3425760,0.015882,-0.970054,1.170418
-1.331606,-1.460818,8.251650,-0.211359,0.769690,1.609019,-0.841077,-1.207179,9.3415794,-0.255342,0.262672,1.381777
-2.262414,-1.702493,9.412168,0.091630,0.605978,1.659110,-1.965704,-1.197608,8.6021976,0.039095,0.878424,1.670106
-2.166701,-1.495514,9.493524,-0.169821,-0.452040,1.231504,-1.965704,-1.197608,8.6021976,0.039095,0.878424,1.670106
-1.329213,-1.537389,8.589037,-0.548557,-0.572992,1.083675,-2.209772,-1.092324,9.7567348,-0.257785,-0.474031,1.167974
-7.247860,-5.473582,7.570890,1.330464,-2.956588,-0.335976,-0.778864,-1.326820,8.1308117,-0.354302,-0.043982,1.290147
0.652044,0.471386,5.328816,0.194255,0.752586,0.476475,2.120041,3.626323,8.7338028,0.941954,0.138056,0.302989
-2.952743,-1.951347,11.309676,-0.008552,0.191812,0.053756,2.120041,3.626323,8.7338028,0.941954,0.138056,0.302989
2.092523,-0.678365,7.877172,-0.023213,-0.345750,0.190590,-1.948954,1.655833,9.3487577,0.300546,-0.069639,0.142942
-0.813560,0.451047,9.731610,0.293215,-0.219911,0.001222,-1.105484,-0.351745,10.9950209,0.094073,0.227242,-0.041539
-0.442672,0.226122,9.779467,-0.015882,-0.138056,0.002443,-0.559921,0.374477,10.3094769,0.009774,-0.109956,0.002443
-0.666401,0.026321,9.791430,0.059865,-0.083078,0.002443,-0.559921,0.374477,10.3094769,0.009774,-0.109956,0.002443
-0.714258,0.052642,9.858430,0.020769,-0.086743,0.002443,-0.605384,0.381655,9.9936237,0.057421,-0.030543,-0.003665
-0.703490,0.027517,9.870394,0.024435,-0.085521,0.002443,-0.677169,0.360120,9.9601240,0.014661,-0.042761,-0.003665
-0.720240,0.016750,9.863214,0.034208,-0.085521,0.001222,-0.715454,0.382852,10.0175514,0.015882,-0.047647,-0.002443
-0.719043,-0.007178,9.873982,0.042761,-0.085521,0.002443,-0.715454,0.382852,10.0175514,0.015882,-0.047647,-0.002443
-0.762114,0.087338,9.881161,-0.002443,-0.105069,0.003665,-0.746561,0.422333,9.9696960,0.059865,-0.031765,-0.003665
-0.753739,0.076570,9.878769,0.042761,-0.086743,0.002443,-0.684347,0.367298,9.9062862,0.019548,-0.053756,-0.003665
-0.736989,0.033500,9.901500,0.031765,-0.091630,0.002443,-0.719043,0.410369,9.9984093,0.023213,-0.050091,-0.003665
-0.733400,0.064606,9.912268,0.008552,-0.098960,0.002443,-0.719043,0.410369,9.9984093,0.023213,-0.050091,-0.003665
-0.760918,0.081356,9.881161,0.021991,-0.096517,0.002443,-0.710668,0.419940,9.9708920,0.013439,-0.057421,-0.003665
-0.716650,0.056231,9.810574,0.028100,-0.096517,0.002443,-0.704686,0.404387,9.9098749,0.017104,-0.057421,-0.003665
-0.685544,0.028714,9.804591,0.025656,-0.094073,0.002443,-0.673580,0.387637,9.8943214,0.018326,-0.054978,-0.003665
-0.714258,0.011964,9.799805,0.024435,-0.094073,0.002443,-0.673580,0.387637,9.8943214,0.018326,-0.054978,-0.003665
-0.733400,0.044267,9.830912,0.021991,-0.095295,0.002443,-0.695115,0.394816,9.9038925,0.030543,-0.046426,-0.003665
-0.757328,0.056231,9.845268,0.031765,-0.095295,0.001222,-0.713061,0.385244,9.9122677,0.024435,-0.051313,-0.003665
-0.703490,0.005982,9.835698,0.031765,-0.094073,0.002443,-0.674776,0.378066,9.8907328,0.026878,-0.054978,-0.003665
-0.715454,0.026321,9.860823,0.023213,-0.094073,0.002443,-0.674776,0.378066,9.8907328,0.026878,-0.054978,-0.003665
-0.759721,0.088534,9.887143,0.028100,-0.091630,0.001222,-0.695115,0.405583,9.9601240,0.026878,-0.050091,-0.003665
-0.726222,0.028714,9.866805,0.031765,-0.092852,0.002443,-0.703490,0.398405,9.9314098,0.020769,-0.051313,-0.003665
-0.697508,0.037089,9.893125,0.025656,-0.095295,0.002443,-0.673580,0.422333,9.9888382,0.021991,-0.052534,-0.004887
-0.679562,0.063410,9.905089,0.019548,-0.096517,0.002443,-0.673580,0.422333,9.9888382,0.021991,-0.052534,-0.004887
-0.691526,0.022732,9.887143,0.036652,-0.087965,0.004887,-0.642473,0.417548,9.9984093,0.020769,-0.052534,-0.003665
-0.641276,-0.092124,9.806983,-0.045204,-0.127060,0.004887,-0.705883,0.514457,10.0474625,0.008552,-0.056200,-0.006109
-0.751346,0.178265,9.976874,0.091630,-0.063530,0.002443,-0.628116,0.506082,10.0570335,0.103847,-0.010996,-0.006109
-0.652044,-0.088534,9.883554,0.015882,-0.095295,0.001222,-0.628116,0.506082,10.0570335,0.103847,-0.010996,-0.006109
-0.713061,0.084945,9.917054,0.006109,-0.096517,0.001222,-0.604188,0.350549,9.9409819,0.050091,-0.037874,-0.003665
-0.733400,0.071785,9.884750,0.045204,-0.079412,0.000000,-0.648455,0.340977,9.9182501,0.018326,-0.046426,-0.004887
-0.685544,0.404387,9.718450,0.000000,-0.102625,-0.003665,-0.681954,0.392423,9.9553385,0.017104,-0.046426,-0.004887
-0.742971,0.070588,9.841680,0.013439,-0.096517,0.002443,-0.711865,0.448654,9.9684992,0.015882,-0.051313,-0.003665
-0.748953,0.068195,9.848859,0.035430,-0.090408,0.002443,-0.711865,0.448654,9.9684992,0.015882,-0.051313,-0.003665
-0.739382,0.184247,9.893125,0.036652,-0.095295,0.002443,-0.713061,0.439083,9.9613209,0.029322,-0.050091,-0.003665
-0.631705,-0.031107,9.768699,0.023213,-0.095295,0.002443,-0.672383,0.385244,9.9565353,-0.014661,-0.074526,-0.004887
-0.662812,0.010768,9.840484,-0.003665,-0.106291,0.001222,-0.684347,0.468993,9.9505529,0.015882,-0.062308,-0.002443
-0.715454,0.040678,9.836893,0.032987,-0.092852,0.001222,-0.684347,0.468993,9.9505529,0.015882,-0.062308,-0.002443
-0.681954,0.003589,9.869197,0.034208,-0.090408,0.001222,-0.646062,0.416351,9.9505529,0.019548,-0.056200,-0.002443
-0.699901,-0.004786,9.864411,0.025656,-0.094073,0.002443,-0.672383,0.396012,9.9673023,0.024435,-0.048869,-0.003665
-0.672383,0.014357,9.912268,0.020769,-0.091630,0.002443,-0.634098,0.409173,10.0019979,0.025656,-0.047647,-0.003665
-0.617348,-0.023928,9.812965,0.020769,-0.089186,0.002443,-0.634098,0.409173,10.0019979,0.025656,-0.047647,-0.003665
-0.699901,0.081356,9.887143,0.031765,-0.084299,0.003665,-0.592224,0.338584,9.9003038,0.023213,-0.043982,-0.004887
-0.714258,0.088534,9.926625,0.053756,-0.072082,0.001222,-0.644866,0.355334,9.9673023,0.012217,-0.046426,-0.004887
-0.683151,0.017946,9.876375,0.024435,-0.086743,0.002443,-0.640080,0.405583,9.9673023,0.014661,-0.048869,-0.003665
-0.777667,0.104088,9.945767,-0.008552,-0.098960,0.000000,-0.640080,0.405583,9.9673023,0.014661,-0.048869,-0.003665
-0.637687,-0.144766,9.798609,0.017104,-0.087965,0.004887,-0.666401,0.401994,9.8835545,-0.003665,-0.061087,-0.004887
-0.656830,0.011964,9.844072,0.019548,-0.092852,0.003665,-0.728615,0.448654,9.9984093,0.059865,-0.029322,-0.002443
-0.687937,0.037089,9.943375,0.047647,-0.085521,0.002443,-0.882952,0.254836,9.9876413,0.024435,-0.043982,-0.003665
-0.678365,0.122034,9.779467,0.050091,-0.089186,0.000000,-0.882952,0.254836,9.9876413,0.024435,-0.043982,-0.003665
-0.716650,-0.010768,9.815358,0.017104,-0.095295,0.001222,-0.750150,0.586242,10.2113714,0.042761,-0.047647,-0.010996
-0.752543,0.037089,9.891929,0.008552,-0.096517,0.002443,-0.733400,0.470190,9.9397850,0.046426,-0.039095,-0.003665
-0.757328,0.088534,9.890733,0.026878,-0.089186,0.001222,-0.696311,0.488136,10.0031958,0.039095,-0.043982,-0.002443
-0.759721,0.095713,9.925428,0.035430,-0.086743,0.001222,-0.696311,0.488136,10.0031958,0.039095,-0.043982,-0.002443
-0.733400,0.059821,9.856036,0.029322,-0.086743,0.001222,-0.716650,0.478565,10.0402842,0.030543,-0.046426,-0.003665
-0.748953,0.027517,9.786645,0.029322,-0.087965,0.001222,-0.704686,0.407976,9.9170542,0.020769,-0.046426,-0.003665
-0.768096,0.061017,9.844072,0.029322,-0.089186,0.001222,-0.750150,0.425922,9.9649105,0.029322,-0.045204,-0.004887
-0.753739,0.058624,9.881161,0.025656,-0.095295,0.003665,-0.750150,0.425922,9.9649105,0.029322,-0.045204,-0.004887
-0.740579,0.063410,9.842876,0.024435,-0.097738,0.002443,-0.716650,0.421137,9.9792662,0.024435,-0.052534,-0.002443
-0.735793,0.118445,9.841680,-0.021991,-0.122173,0.009774,-0.716650,0.415155,9.9493561,0.024435,-0.054978,-0.002443
-0.686740,-0.031107,9.887143,0.058643,-0.085521,0.002443,-0.654437,0.321835,9.9218397,0.032987,-0.053756,-0.003665
-0.665205,-0.281157,10.106087,-0.111177,-0.146608,0.002443,-0.654437,0.321835,9.9218397,0.032987,-0.053756,-0.003665
-0.673580,-0.130409,10.030713,0.021991,-0.087965,-0.001222,-0.545564,0.417548,9.8811607,-0.035430,-0.094073,-0.007330
-0.722632,-0.041874,9.860823,0.096517,-0.057421,0.002443,-0.587438,0.217747,9.9026966,0.089186,-0.019548,0.000000
-0.707079,0.044267,9.847662,-0.087965,-0.138056,-0.002443,-0.588634,0.421137,10.1060867,-0.059865,-0.086743,-0.001222
-0.612563,-0.093320,10.104890,0.105069,-0.048869,0.002443,-0.588634,0.421137,10.1060867,-0.059865,-0.086743,-0.001222
-0.806381,-0.059821,9.927821,0.057421,-0.067195,0.000000,-0.652044,0.586242,10.1168537,0.111177,-0.008552,-0.004887
-0.784846,0.065803,9.944571,-0.023213,-0.096517,0.003665,-0.723829,0.476172,10.1240330,0.102625,-0.004887,0.000000
-0.717847,-0.057428,9.868000,0.048869,-0.070860,0.004887,-0.641276,0.412762,10.1276217,0.075747,-0.025656,-0.001222
-0.942772,-0.387637,9.942178,0.032987,-0.083078,0.014661,-0.641276,0.412762,10.1276217,0.075747,-0.025656,-0.001222
-0.704686,0.748953,10.609776,0.158825,-0.169821,0.019548,-0.798006,0.144766,9.9146614,0.090408,-0.042761,0.012217
-0.467797,-0.044267,9.473186,-0.105069,-0.122173,0.012217,-0.684347,0.583849,10.1312122,-0.166155,-0.118508,-0.056200
-0.859023,0.634098,9.851251,0.114843,-0.046426,0.008552,-0.847059,0.581456,10.1383896,0.158825,0.024435,-0.003665
-0.763310,0.451047,9.822537,0.032987,-0.092852,0.001222,-0.847059,0.581456,10.1383896,0.158825,0.024435,-0.003665
-0.920040,-0.034696,9.930214,0.051313,-0.074526,0.002443,-0.882952,0.619741,10.0965147,-0.034208,-0.067195,-0.004887
-0.709472,0.022732,9.998409,-0.018326,-0.108734,0.004887,-0.789632,0.703490,10.1575327,0.079412,-0.032987,-0.001222
-0.764507,0.168694,9.948160,0.018326,-0.098960,0.001222,-0.652044,0.550349,10.0079813,0.031765,-0.048869,-0.002443
-0.614955,0.126820,9.936196,-0.001222,-0.119730,0.053756,-0.652044,0.550349,10.0079813,0.031765,-0.048869,-0.002443
-0.635294,0.220140,9.806983,-0.041539,-0.149051,0.003665,-0.546760,0.443869,9.8644114,-0.003665,-0.062308,0.000000
-1.499103,0.015553,10.121639,0.343306,0.050091,-0.026878,-0.577867,0.217747,9.8129654,-0.030543,-0.078191,-0.006109
-0.351745,-0.220140,9.604790,-0.095295,-0.161268,0.008552,-0.650848,0.266800,9.7902336,-0.175929,-0.127060,-0.009774
-0.879362,0.477368,9.796216,0.091630,-0.056200,0.003665,-0.650848,0.266800,9.7902336,-0.175929,-0.127060,-0.009774
-0.605384,0.015553,9.835698,0.032987,-0.089186,0.003665,-0.929612,0.620938,10.1491575,0.021991,-0.045204,-0.002443
-1.182054,0.059821,10.384850,0.177151,-0.015882,-0.019548,-0.893719,0.306281,9.9062862,0.006109,-0.059865,-0.007330
-0.439083,-0.390030,9.710074,-0.036652,-0.119730,0.006109,-0.625723,0.004786,9.6969137,-0.199142,-0.131947,-0.004887
-0.679562,0.139980,10.028319,0.073304,-0.076969,0.003665,-0.625723,0.004786,9.6969137,-0.199142,-0.131947,-0.004887
-0.696311,0.031107,9.850055,-0.009774,-0.102625,0.002443,-0.753739,0.595813,10.0953197,0.041539,-0.028100,-0.004887
-0.776471,0.270389,9.902697,0.087965,-0.081856,0.002443,-0.472582,0.344566,9.8524475,0.072082,-0.032987,0.000000
-0.697508,0.135194,9.866805,0.052534,-0.089186,0.003665,-0.602991,0.471386,9.9218397,0.037874,-0.041539,-0.003665
-0.774078,0.470190,9.891929,0.037874,-0.094073,0.004887,-0.602991,0.471386,9.9218397,0.037874,-0.041539,-0.003665
-0.582652,-0.168694,9.720841,0.028100,-0.102625,0.002443,-0.809970,0.727418,10.1395855,-0.013439,-0.068417,0.000000
-0.707079,0.227318,9.909875,0.079412,-0.080634,0.009774,-0.452244,0.425922,9.8452682,0.048869,-0.046426,0.002443
-0.719043,0.223729,9.902697,0.014661,-0.098960,-0.014661,-0.686740,0.516850,9.8739824,0.030543,-0.054978,-0.008552
0.256032,-0.138784,9.668200,0.034208,-0.072082,-0.039095,-0.686740,0.516850,9.8739824,0.030543,-0.054978,-0.008552
-0.586242,-0.209372,9.986445,0.061087,-0.058643,0.007330,-0.713061,0.558724,9.7375917,0.023213,-0.056200,-0.019548
-0.696311,0.095713,9.927821,-0.021991,-0.111177,0.006109,-0.754936,0.677169,10.1455679,0.094073,-0.021991,0.003665
-0.705883,-0.034696,9.828520,0.042761,-0.074526,0.000000,-0.570688,0.409173,9.9421778,0.034208,-0.043982,-0.003665
-0.675972,0.057428,9.832108,0.009774,-0.103847,0.008552,-0.570688,0.409173,9.9421778,0.034208,-0.043982,-0.003665
-0.681954,0.032303,9.866805,0.008552,-0.095295,0.000000,-0.683151,0.539581,9.8763752,0.029322,-0.047647,0.003665
-0.765703,0.212961,9.817752,0.064752,-0.085521,0.002443,-0.765703,0.602991,10.0582304,0.046426,-0.043982,-0.004887
-0.662812,0.095713,9.858430,0.032987,-0.090408,0.001222,-0.664008,0.427119,9.9230356,0.010996,-0.052534,-0.004887
-0.649651,0.106481,9.879965,0.015882,-0.097738,0.003665,-0.664008,0.427119,9.9230356,0.010996,-0.052534,-0.004887
-0.784846,0.190229,9.722038,0.013439,-0.098960,0.000000,-0.641276,0.467797,9.9637136,0.018326,-0.052534,0.000000
-0.716650,0.276371,9.848859,0.087965,-0.067195,0.007330,-0.703490,0.397209,9.9314098,0.053756,-0.036652,-0.002443
-0.781257,0.118445,9.966106,-0.006109,-0.102625,0.017104,-0.412762,0.632902,10.0582304,0.019548,-0.045204,-0.002443
-0.740579,0.059821,10.027123,0.070860,-0.067195,0.002443,-0.412762,0.632902,10.0582304,0.019548,-0.045204,-0.002443
-0.680758,0.084945,9.999606,0.017104,-0.091630,0.001222,-0.613759,0.647258,10.0438738,0.064752,-0.035430,-0.002443
-0.649651,0.093320,9.945767,-0.008552,-0.105069,0.000000,-0.659223,0.624527,9.9900341,0.024435,-0.050091,-0.004887
-0.616152,0.256032,9.964911,0.065973,-0.090408,0.000000,-0.635294,0.380459,9.9589281,0.046426,-0.047647,-0.002443
-0.897308,0.437887,9.975677,-0.018326,-0.094073,-0.004887,-0.635294,0.380459,9.9589281,0.046426,-0.047647,-0.002443
-0.805185,0.364905,9.970892,0.064752,-0.072082,-0.002443,-0.729811,0.776471,10.0654078,0.004887,-0.072082,-0.006109
-1.080359,0.236889,9.932607,0.171042,-0.039095,0.025656,-0.635294,0.387637,9.7926273,-0.029322,-0.076969,-0.003665
-0.439083,-0.102891,9.763913,-0.063530,-0.138056,0.008552,-0.748953,0.332602,10.1252289,-0.084299,-0.098960,-0.008552
-0.595813,0.005982,9.991232,-0.054978,-0.133169,-0.001222,-0.748953,0.332602,10.1252289,-0.084299,-0.098960,-0.008552
-0.821935,0.273978,9.591630,0.145386,-0.035430,0.013439,-0.524028,0.357727,9.8153582,-0.009774,-0.073304,-0.006109
-0.686740,0.020339,9.872787,-0.010996,-0.108734,0.002443,-0.702293,0.721436,10.2101746,0.072082,-0.040317,-0.003665
-0.611366,0.259621,9.742377,0.024435,-0.092852,0.010996,-0.739382,0.662812,10.1348009,0.052534,-0.026878,0.003665
-0.644866,0.151944,9.920643,0.000000,-0.092852,0.003665,-0.739382,0.662812,10.1348009,0.052534,-0.026878,0.003665
-0.579063,0.267996,9.792627,0.000000,-0.098960,-0.002443,-0.783650,0.433101,9.9673023,0.012217,-0.045204,-0.002443
-0.691526,0.057428,9.998409,0.085521,-0.064752,0.000000,-0.641276,0.379262,10.0031958,-0.058643,-0.075747,-0.024435
-0.586242,0.037089,9.864411,0.002443,-0.098960,0.001222,-0.643669,0.434297,9.9385891,-0.034208,-0.070860,-0.006109
-0.794417,0.271585,9.768699,0.035430,-0.083078,0.002443,-0.643669,0.434297,9.9385891,-0.034208,-0.070860,-0.006109
-0.891326,0.307478,10.010373,0.012217,-0.096517,0.001222,-0.613759,0.434297,9.8656082,0.039095,-0.017104,0.000000
-0.360120,0.191426,9.854840,0.020769,-0.122173,0.010996,-0.597009,0.537189,10.1252289,0.047647,-0.042761,-0.006109
-0.605384,0.205783,9.829715,0.006109,-0.101404,0.000000,-0.820738,0.605384,10.0295162,0.026878,-0.039095,-0.003665
-0.610170,-0.662812,9.466007,0.010996,-0.074526,0.007330,-0.820738,0.605384,10.0295162,0.026878,-0.039095,-0.003665
-0.174676,1.036092,9.627522,-0.035430,-0.152716,0.028100,-0.561117,-0.562313,9.1633148,0.130725,-0.003665,-0.004887
-1.048056,-0.172283,10.057034,0.172264,-0.017104,0.008552,-0.741775,0.181855,9.5030956,-0.171042,-0.130725,0.002443
-1.619941,0.557528,9.092727,-0.034208,-0.118508,0.216246,-0.843470,0.549153,10.5260267,-0.085521,0.051313,0.158825
-0.752543,0.552742,9.756735,0.090408,-0.075747,-0.003665,-0.843470,0.549153,10.5260267,-0.085521,0.051313,0.158825
-0.684347,0.204586,9.940982,0.089186,-0.072082,-0.004887,-1.075574,0.714258,10.4757786,0.012217,-0.053756,-0.009774
-0.728615,-0.003589,9.747163,0.009774,-0.105069,0.001222,-0.722632,0.733400,10.0103731,0.004887,-0.058643,-0.004887
-0.662812,0.159123,9.918250,0.009774,-0.100182,0.002443,-0.762114,0.630509,10.0031958,0.034208,-0.050091,-0.003665
-0.641276,0.263210,9.908679,0.026878,-0.101404,0.000000,-0.762114,0.630509,10.0031958,0.034208,-0.050091,-0.003665
-0.643669,0.144766,9.933803,0.029322,-0.094073,0.003665,-0.714258,0.421137,9.9864454,-0.010996,-0.063530,-0.007330
-0.556331,0.009571,9.836893,0.037874,-0.096517,0.006109,-0.698704,0.451047,9.9912319,0.013439,-0.064752,-0.006109
-0.629312,0.044267,9.844072,0.031765,-0.094073,0.002443,-0.595813,0.362513,9.9014997,0.019548,-0.054978,-0.003665
-0.631705,0.062213,9.915856,0.032987,-0.092852,0.002443,-0.595813,0.362513,9.9014997,0.019548,-0.054978,-0.003665
-0.630509,0.102891,9.879965,0.031765,-0.092852,0.002443,-0.604188,0.461815,10.0151596,0.031765,-0.050091,-0.003665
-0.637687,0.117248,9.889536,0.026878,-0.095295,0.002443,-0.594616,0.460618,9.9900341,0.023213,-0.051313,-0.003665
-0.608973,0.105284,9.889536,0.025656,-0.092852,0.002443,-0.594616,0.480957,9.9876413,0.028100,-0.050091,-0.003665
-0.630509,0.071785,9.868000,0.026878,-0.090408,0.002443,-0.594616,0.480957,9.9876413,0.028100,-0.050091,-0.003665
-0.641276,0.083749,9.914661,0.028100,-0.089186,0.002443,-0.604188,0.441476,9.9828568,0.026878,-0.046426,-0.003665
-0.652044,0.093320,9.915856,0.025656,-0.090408,0.002443,-0.617348,0.455833,10.0008030,0.026878,-0.046426,-0.002443
-0.629312,0.076570,9.884750,0.023213,-0.091630,0.003665,-0.594616,0.463011,9.9984093,0.025656,-0.047647,-0.002443
-0.628116,0.084945,9.869197,0.026878,-0.090408,0.002443,-0.594616,0.463011,9.9984093,0.025656,-0.047647,-0.002443
-0.618545,0.051446,9.851251,0.025656,-0.086743,0.003665,-0.582652,0.474975,9.9613209,0.026878,-0.046426,-0.003665
-0.636491,0.088534,9.858430,0.029322,-0.086743,0.003665,-0.605384,0.471386,9.9517498,0.029322,-0.043982,-0.002443
-0.653241,0.099302,9.871590,0.029322,-0.086743,0.002443,-0.632902,0.476172,9.9601240,0.030543,-0.041539,-0.002443
-0.661615,0.099302,9.899107,0.028100,-0.089186,0.002443,-0.632902,0.476172,9.9601240,0.030543,-0.041539,-0.002443
-0.668794,0.081356,9.864411,0.028100,-0.087965,0.002443,-0.635294,0.472582,9.9804630,0.028100,-0.043982,-0.003665
-0.659223,0.080160,9.868000,0.029322,-0.086743,0.002443,-0.642473,0.467797,9.9493561,0.030543,-0.042761,-0.002443
-0.653241,0.065803,9.857233,0.028100,-0.084299,0.002443,-0.638884,0.455833,9.9768744,0.028100,-0.042761,-0.002443
-0.662812,0.092124,9.900304,0.029322,-0.084299,0.003665,-0.638884,0.455833,9.9768744,0.028100,-0.042761,-0.002443
-0.673580,0.112463,9.903893,0.026878,-0.087965,0.003665,-0.632902,0.478565,10.0163555,0.029322,-0.041539,-0.002443
-0.673580,0.101695,9.860823,0.026878,-0.089186,0.003665,-0.630509,0.480957,10.0031958,0.028100,-0.043982,-0.002443
-0.684347,0.107677,9.840484,0.028100,-0.090408,0.003665,-0.637687,0.476172,9.9266253,0.026878,-0.046426,-0.001222
-0.680758,0.119641,9.856036,0.026878,-0.090408,0.003665,-0.637687,0.476172,9.9266253,0.026878,-0.046426,-0.001222
-0.696311,0.129212,9.854840,0.026878,-0.091630,0.004887,-0.654437,0.490529,9.9481602,0.028100,-0.046426,-0.001222
-0.753739,0.193819,9.895518,0.028100,-0.094073,0.003665,-0.692722,0.465404,9.9529467,0.028100,-0.048869,-0.002443
-0.667598,-0.143569,9.964911,0.043982,-0.089186,-0.003665,-0.687937,0.360120,9.9696960,-0.002443,-0.056200,-0.004887
-0.681954,0.418744,9.842876,0.013439,-0.102625,0.006109,-0.687937,0.360120,9.9696960,-0.002443,-0.056200,-0.004887
-0.766900,0.168694,9.853643,0.034208,-0.097738,0.003665,-0.713061,0.806381,10.1001053,-0.026878,-0.067195,-0.001222
-0.440279,-0.453440,9.595219,-0.081856,-0.149051,0.013439,-0.774078,0.843470,10.2329063,-0.062308,-0.076969,-0.007330
-0.662812,0.606581,9.729217,0.084299,-0.065973,0.012217,-1.036092,1.049253,10.4853487,0.255342,0.054978,-0.003665
-0.902094,0.043071,10.356135,-0.006109,-0.081856,-0.008552,-1.036092,1.049253,10.4853487,0.255342,0.054978,-0.003665
-1.007378,0.285942,10.198210,0.006109,0.057421,0.012217,-0.674776,0.771685,9.9481602,0.051313,-0.043982,-0.004887
-1.008575,0.022732,10.019944,-0.128282,-0.301767,0.150273,-0.754936,0.971486,10.2568340,-0.106291,-0.124617,0.010996
-0.405583,-0.649651,10.036695,0.086743,-0.075747,-0.021991,-0.553938,-0.011964,10.6480618,0.063530,-0.149051,-0.041539
-0.879362,0.118445,9.799805,-0.100182,-0.135612,-0.008552,-0.553938,-0.011964,10.6480618,0.063530,-0.149051,-0.041539
-0.768096,0.235693,9.940982,-0.072082,-0.124617,-0.003665,-0.667598,0.202194,9.6634140,-0.032987,-0.080634,-0.010996
-0.660419,0.179462,9.838090,0.050091,-0.089186,0.003665,-0.580260,0.339781,9.8081799,-0.047647,-0.091630,-0.023213
-0.659223,0.142373,9.870394,0.029322,-0.094073,0.003665,-0.634098,0.455833,9.9493561,0.019548,-0.053756,-0.003665
-0.642473,0.145962,9.948160,0.003665,-0.100182,0.001222,-0.634098,0.455833,9.9493561,0.019548,-0.053756,-0.003665
-0.630509,0.332602,9.903893,0.026878,-0.103847,0.003665,-0.527617,0.354138,9.8715897,0.023213,-0.053756,-0.004887
-0.766900,-0.083749,9.930214,0.025656,-0.094073,-0.003665,-0.580260,0.570688,10.0271235,0.003665,-0.064752,0.002443
-0.490529,-0.008375,9.876375,0.039095,-0.090408,0.006109,-0.636491,0.454636,9.9194460,0.013439,-0.056200,-0.002443
-0.624527,0.166301,9.870394,0.046426,-0.089186,0.002443,-0.636491,0.454636,9.9194460,0.013439,-0.056200,-0.002443
-0.636491,-0.026321,9.828520,0.002443,-0.105069,0.006109,-0.646062,0.656830,10.0678015,0.034208,-0.042761,-0.002443
-0.628116,0.093320,9.879965,0.013439,-0.096517,0.004887,-0.610170,0.544367,10.0438738,0.052534,-0.041539,0.001222
-0.677169,0.143569,9.903893,0.013439,-0.096517,0.004887,-0.697508,0.532403,10.0773716,0.032987,-0.039095,-0.001222
-0.650848,0.123230,9.919446,0.024435,-0.087965,0.004887,-0.697508,0.532403,10.0773716,0.032987,-0.039095,-0.001222
-0.647258,0.062213,9.833304,0.018326,-0.092852,0.004887,-0.629312,0.518046,9.9756775,0.025656,-0.045204,-0.001222
-0.631705,0.118445,9.812965,0.019548,-0.094073,0.003665,-0.668794,0.519243,9.9756775,0.036652,-0.043982,-0.001222
-0.629312,0.099302,9.783055,0.042761,-0.089186,0.006109,-0.631705,0.427119,9.8703938,0.039095,-0.043982,-0.001222
-0.735793,0.228515,9.827323,0.058643,-0.081856,0.003665,-0.631705,0.427119,9.8703938,0.039095,-0.043982,-0.001222
-0.387637,0.582652,9.868000,-0.034208,-0.109956,0.000000,-0.662812,0.620938,10.0259266,0.020769,-0.047647,-0.002443
-0.788435,-0.193819,9.753145,-0.164934,-0.109956,-0.003665,-0.613759,0.331406,9.9146614,-0.144164,-0.083078,-0.007330
-1.679762,0.752543,10.456635,0.307876,0.001222,-0.002443,-0.659223,0.953540,10.3788681,0.355524,0.161268,-0.004887
-0.468993,-0.344566,9.728021,0.010996,-0.084299,0.002443,-0.659223,0.953540,10.3788681,0.355524,0.161268,-0.004887
-0.658026,-0.017946,9.850055,-0.037874,-0.102625,0.006109,-0.632902,0.151944,9.7938232,0.096517,-0.009774,-0.001222
-0.905683,0.417548,9.900304,0.160047,-0.047647,0.007330,-0.563510,0.418744,9.7746811,0.059865,-0.018326,0.002443
-0.576670,-0.216550,9.596415,0.034208,-0.069639,-0.002443,-0.597009,0.235693,9.6801643,0.002443,-0.048869,0.004887
-0.867398,0.212961,10.311871,-0.138056,-0.036652,0.054978,-0.597009,0.235693,9.6801643,0.002443,-0.048869,0.004887
-0.988236,0.041874,9.978071,0.232129,-0.065973,-0.035430,-0.916451,0.196211,9.5509520,-0.123395,0.021991,0.063530
-0.903291,0.144766,9.806983,0.092852,-0.006109,-0.002443,-0.470190,0.697508,10.1778708,0.065973,-0.074526,-0.084299
-0.781257,0.153141,9.669396,0.021991,-0.076969,-0.032987,-0.898505,0.447458,9.8644114,-0.007330,-0.031765,-0.032987
-0.867398,-0.061017,9.933803,-0.009774,-0.118508,-0.047647,-0.898505,0.447458,9.8644114,-0.007330,-0.031765,-0.032987
-0.884148,-0.087338,9.881161,0.031765,-0.089186,-0.050091,-0.798006,0.496511,9.9816599,0.019548,-0.080634,-0.064752
-0.733400,0.009571,9.946964,0.001222,-0.086743,-0.004887,-0.716650,0.684347,10.0307131,-0.013439,-0.035430,-0.041539
-0.869791,0.008375,9.955338,-0.007330,-0.111177,0.024435,-0.703490,0.522832,10.0390882,-0.002443,-0.057421,0.010996
-0.904487,0.169890,9.872787,0.097738,-0.043982,0.057421,-0.703490,0.522832,10.0390882,-0.002443,-0.057421,0.010996
-0.553938,0.417548,9.945767,0.047647,-0.279776,-0.072082,-0.912862,0.579063,10.0630159,0.075747,-0.023213,0.028100
-0.723829,0.244068,9.670592,0.069639,-0.094073,0.010996,-1.054038,0.332602,10.1001053,-0.078191,-0.105069,0.026878
-0.191426,0.427119,9.936196,-0.018326,-0.106291,0.018326,-0.937986,0.119641,9.8177519,-0.045204,-0.086743,0.010996
-0.716650,-0.273978,9.365508,-0.652404,-0.010996,0.073304,-0.937986,0.119641,9.8177519,-0.045204,-0.086743,0.010996
-1.109073,-1.190429,9.506684,-0.042761,-0.156382,-0.008552,-0.477368,-0.342174,9.6801643,-0.532674,0.081856,0.019548
-0.110070,-0.707079,9.970892,0.862542,0.073304,-0.068417,-0.649651,-1.106680,8.8809605,0.400728,-0.026878,-0.051313
-3.138187,5.968896,10.417153,0.161268,-0.241903,-0.296880,2.623730,0.457029,9.6000051,0.395841,0.199142,-0.018326
-0.886541,-0.339781,9.846465,-0.310320,-0.167377,0.084299,2.623730,0.457029,9.6000051,0.395841,0.199142,-0.018326
-0.736989,0.349352,10.033106,0.384845,-0.010996,0.002443,-0.757328,-0.187837,9.3607225,-0.217468,-0.106291,0.101404
-0.806381,-0.314656,9.750751,-0.101404,-0.097738,0.002443,-0.722632,1.131805,10.1886387,-0.059865,-0.067195,-0.003665
-0.654437,-0.582652,10.174282,-0.156382,-0.146608,-0.029322,-1.726422,0.866202,8.6931248,-0.246790,0.018326,0.002443
-1.012164,0.393619,10.127622,-0.009774,-0.075747,0.010996,-1.726422,0.866202,8.6931248,-0.246790,0.018326,0.002443
-1.076770,0.197408,10.033106,-0.009774,-0.097738,0.003665,-0.900898,0.384048,9.9565353,-0.078191,-0.076969,-0.002443
-0.727418,-0.151944,9.856036,0.053756,-0.128282,-0.007330,-0.787239,0.254836,9.8069830,0.026878,-0.062308,-0.004887
0.016750,-0.684347,9.384650,0.152716,-0.498466,-0.076969,-1.783849,-0.999003,13.1282215,0.169821,-0.441045,-0.059865
-0.582652,-0.631705,10.021142,-0.455705,-0.278555,0.152716,-1.783849,-0.999003,13.1282215,0.169821,-0.441045,-0.059865
-0.646062,0.093320,9.957731,0.200364,-0.015882,-0.013439,-0.829113,-0.576670,9.5102730,-0.265115,-0.200364,0.041539
-0.502493,0.672383,9.055637,0.296880,-0.051313,-0.103847,-0.659223,-0.720240,9.1214390,0.453262,0.265115,-0.190590
0.855434,-0.123230,9.209974,0.046426,-0.113621,-0.345750,-1.867598,-0.415155,9.9888382,0.017104,-0.063530,-0.321315
-0.675972,0.118445,9.893125,-0.323759,-0.313985,0.163712,-1.867598,-0.415155,9.9888382,0.017104,-0.063530,-0.321315
-1.174876,-0.002393,8.727820,0.061087,-0.180816,0.142942,-0.628116,0.301496,9.8907328,-0.293215,-0.260229,0.183260
-0.488136,-0.057428,9.479167,0.063530,-0.086743,0.003665,-0.494118,-0.090927,9.9350004,-0.010996,-0.069639,0.050091
-0.558724,-0.086142,9.810574,0.054978,-0.072082,-0.007330,-0.269193,0.339781,10.0618191,0.028100,-0.030543,-0.030543
-0.534796,-0.205783,9.884750,0.023213,-0.081856,-0.013439,-0.269193,0.339781,10.0618191,0.028100,-0.030543,-0.030543
-0.522832,-0.625723,10.271192,0.003665,-0.042761,0.036652,-0.565903,0.278764,10.1048899,0.034208,-0.042761,-0.013439
-1.167697,-0.320638,9.822537,0.161268,0.020769,-0.036652,-0.796810,0.171087,9.8129654,0.103847,0.031765,0.039095
-0.823131,0.117248,9.920643,0.048869,-0.083078,0.001222,-0.729811,0.349352,10.0989084,0.061087,0.000000,0.018326
-0.758525,-0.144766,9.963714,0.012217,-0.091630,0.042761,-0.729811,0.349352,10.0989084,0.061087,0.000000,0.018326
-0.794417,0.100499,10.077372,0.079412,-0.069639,0.036652,-0.640080,0.431904,9.8105736,0.053756,-0.043982,0.028100
-1.929811,0.199801,8.026724,-0.124617,-0.219911,-0.034208,-0.882952,0.972682,10.8382902,0.051313,-0.092852,-0.021991
-0.514457,0.323031,9.945767,0.136834,-0.063530,-0.001222,-0.595813,0.327817,10.1958160,0.163712,-0.004887,0.000000
-0.528814,0.062213,9.741181,0.111177,-0.063530,-0.004887,-0.595813,0.327817,10.1958160,0.163712,-0.004887,0.000000
-0.516850,-0.159123,9.938589,0.025656,-0.090408,0.000000,-0.501296,0.522832,10.1982098,0.085521,-0.024435,-0.012217
-0.477368,-0.147159,9.918250,0.020769,-0.091630,-0.002443,-0.477368,0.550349,10.1790676,0.052534,-0.036652,-0.015882
-0.519243,-0.071785,9.853643,-0.008552,-0.111177,0.002443,-0.497707,0.586242,10.1946211,-0.009774,-0.051313,0.003665
-0.589831,0.090927,9.779467,-0.006109,-0.101404,0.002443,-0.497707,0.586242,10.1946211,-0.009774,-0.051313,0.003665
-0.429512,-0.022732,9.912268,0.019548,-0.095295,0.006109,-0.564706,0.252443,9.9601240,-0.030543,-0.058643,-0.006109
-0.464208,-0.245264,9.768699,0.015882,-0.094073,-0.006109,-0.576670,0.315853,10.0713902,-0.006109,-0.061087,-0.002443
-0.521635,0.026321,9.931410,-0.014661,-0.118508,0.014661,-0.557528,0.461815,10.1276217,0.026878,-0.070860,0.002443
-1.183251,-0.500100,10.128819,0.018326,-0.002443,-0.018326,-0.557528,0.461815,10.1276217,0.026878,-0.070860,0.002443
-0.729811,-0.049053,10.409975,0.141721,0.030543,-0.041539,-1.576870,-0.157926,9.4313107,0.031765,-0.095295,-0.091630
-0.565903,-0.132802,9.943375,0.018326,-0.114843,0.004887,-0.826720,0.400798,9.6478605,-0.036652,-0.065973,-0.024435
-0.614955,0.766900,9.999606,0.091630,-0.059865,-0.039095,-0.707079,0.364905,10.0606232,0.166155,0.075747,-0.118508
-0.775275,0.189033,9.755538,0.051313,-0.087965,-0.003665,-0.707079,0.364905,10.0606232,0.166155,0.075747,-0.118508
-0.643669,0.139980,9.956535,0.008552,-0.119730,0.004887,-0.764507,0.399601,9.8943214,0.042761,-0.039095,-0.012217
-0.673580,0.107677,10.055838,-0.133169,-0.169821,0.075747,-0.616152,0.926022,10.3262262,0.034208,-0.041539,-0.017104
-0.662812,0.217747,10.182657,0.105069,-0.039095,-0.006109,-0.575474,0.290728,9.8907328,0.101404,0.006109,-0.004887
-0.677169,0.393619,9.939785,-0.003665,-0.118508,0.057421,-0.575474,0.290728,9.8907328,0.101404,0.006109,-0.004887
-0.626920,0.272782,9.815358,0.064752,-0.090408,0.018326,-0.915255,0.226122,9.8859463,-0.084299,-0.101404,0.042761
-0.527617,-0.034696,9.627522,0.120951,-0.052534,0.000000,-0.605384,0.416351,9.9744816,-0.061087,-0.089186,-0.003665
-0.641276,-0.049053,9.798609,-0.032987,-0.157603,-0.003665,-0.854238,0.393619,10.1359959,-0.024435,-0.102625,-0.015882
-0.531207,-0.130409,9.718450,0.065973,-0.096517,0.008552,-0.854238,0.393619,10.1359959,-0.024435,-0.102625,-0.015882
-0.736989,0.026321,10.078569,-0.034208,-0.113621,-0.006109,-0.561117,0.314656,10.0187483,0.074526,-0.029322,-0.002443
-0.348156,-0.039482,9.858430,0.087965,-0.090408,-0.014661,-0.132802,0.193819,9.5868435,-0.004887,-0.069639,0.010996
-0.613759,-0.083749,9.652646,-0.026878,-0.105069,0.008552,-0.306281,0.439083,9.9038925,-0.041539,-0.094073,-0.032987
-0.873380,0.453440,10.124033,0.201586,-0.021991,0.012217,-0.306281,0.439083,9.9038925,-0.041539,-0.094073,-0.032987
-0.666401,0.025125,9.674182,0.026878,-0.098960,0.014661,-0.789632,0.953540,10.4458675,0.090408,-0.035430,0.000000
-0.690329,0.209372,9.987641,0.100182,-0.114843,0.010996,-0.728615,0.293121,10.0175514,0.048869,-0.053756,0.002443
-1.578067,-0.260818,9.711270,0.153938,-0.091630,0.006109,0.337388,0.610170,10.3214407,0.046426,0.010996,-0.007330
-0.973879,-0.165105,9.830912,-0.002443,-0.070860,0.000000,0.337388,0.610170,10.3214407,0.046426,0.010996,-0.007330
-0.697508,-0.171087,10.001998,-0.001222,-0.109956,0.000000,-0.573081,0.234497,9.9182501,0.043982,-0.045204,0.002443
-1.110270,0.485743,10.119247,0.041539,-0.073304,-0.002443,-1.075574,0.378066,11.1062860,0.130725,0.037874,0.024435
-1.057628,-0.230907,10.017551,0.316428,0.056200,0.041539,-0.704686,0.485743,9.4241314,0.301767,0.047647,-0.029322
-0.592224,-0.177069,9.665807,-0.085521,-0.140499,-0.002443,-0.704686,0.485743,9.4241314,0.301767,0.047647,-0.029322
-0.680758,0.404387,9.407382,-0.004887,-0.108734,0.000000,-0.522832,0.372084,9.6227360,0.041539,-0.034208,-0.006109
-0.675972,-0.273978,10.100105,-0.048869,-0.125838,0.009774,-0.786042,1.105484,10.4973125,0.017104,-0.057421,-0.004887
-0.687937,0.136391,10.022338,0.007330,-0.117286,-0.017104,-0.599402,0.582652,10.0055876,0.036652,-0.062308,-0.008552
-0.614955,-0.013161,10.007981,0.051313,-0.108734,-0.050091,-0.599402,0.582652,10.0055876,0.036652,-0.062308,-0.008552
-0.665205,0.575474,10.091730,-0.039095,-0.098960,-0.014661,-0.687937,1.345963,6.2129645,0.080634,-0.041539,-0.031765
-0.703490,0.361316,10.000803,0.123395,-0.054978,-0.006109,-0.381655,0.059821,9.6562357,0.030543,-0.031765,-0.001222
-1.021735,0.448654,10.255639,0.073304,-0.069639,-0.003665,-0.632902,0.293121,9.7387877,0.080634,-0.018326,-0.004887
-0.488136,-0.057428,9.851251,0.025656,-0.131947,-0.015882,-0.632902,0.293121,9.7387877,0.080634,-0.018326,-0.004887
-0.512064,0.005982,9.803394,0.026878,-0.103847,-0.003665,-0.500100,0.479761,9.8668051,0.029322,-0.057421,-0.006109
-0.669990,0.325424,9.741181,0.026878,-0.087965,0.000000,-0.500100,0.479761,9.8668051,0.029322,-0.057421,-0.006109
-0.471386,0.106481,9.792627,0.018326,-0.095295,0.014661,-0.605384,0.580260,9.9206429,0.018326,-0.050091,-0.001222
-0.617348,0.080160,9.793823,0.018326,-0.101404,0.002443,-0.705883,0.540778,9.8919287,-0.007330,-0.057421,0.002443
-0.675972,0.291924,9.625129,0.004887,-0.073304,-0.014661,-0.705883,0.540778,9.8919287,-0.007330,-0.057421,0.002443
-0.697508,0.198604,9.881161,0.019548,-0.089186,0.001222,-0.680758,0.630509,10.0079813,-0.021991,-0.028100,-0.023213
-0.624527,0.017946,10.197014,-0.052534,-0.123395,0.039095,-0.648455,0.764507,9.6741819,0.075747,-0.067195,0.001222
-0.786042,-0.116052,10.023534,0.015882,-0.091630,0.001222,-0.672383,0.411566,9.6801643,-0.037874,-0.091630,0.001222
0.362513,-0.782453,10.721042,-0.333532,-0.665843,-0.342085,-0.672383,0.411566,9.6801643,-0.037874,-0.091630,0.001222
-1.002593,0.072981,5.983253,0.632856,0.448375,0.013439,0.264407,-0.702293,11.0895357,-0.420275,-0.752586,-0.353080
-1.104288,-0.868595,8.919246,0.051313,-0.134390,-0.312763,0.068195,-1.832902,11.3419790,0.669508,0.436158,0.163712
-0.878166,-1.568495,8.456235,0.145386,-0.158825,0.000000,1.660619,4.578666,9.6000051,0.288328,0.177151,-0.046426
-0.616152,-0.106481,9.862019,-0.024435,-0.103847,0.031765,1.660619,4.578666,9.6000051,0.288328,0.177151,-0.046426
-0.520439,-0.227318,7.986046,0.316428,0.047647,0.061087,-0.528814,0.459422,9.9481602,-0.014661,-0.067195,0.021991
-0.735793,-0.106481,9.726824,0.035430,-0.100182,0.024435,-0.672383,-0.090927,10.8634148,-0.139277,-0.087965,0.105069
-0.780060,0.210568,9.903893,0.073304,-0.080634,-0.001222,-0.528814,0.339781,9.6646099,-0.006109,-0.059865,0.004887
-0.902094,0.228515,9.844072,0.007330,-0.119730,0.012217,-0.528814,0.339781,9.6646099,-0.006109,-0.059865,0.004887
-0.762114,0.175872,10.004392,0.006109,-0.092852,0.006109,-0.923630,0.519243,10.0941219,0.018326,-0.045204,0.009774
-0.372084,2.632105,10.214960,-0.217468,-0.348193,0.404393,-0.646062,0.538385,10.0510521,-0.002443,-0.054978,0.004887
-0.583849,-0.764507,10.804790,0.072082,-0.035430,-0.031765,-0.005982,0.032303,8.8797646,0.175929,-0.079412,-0.193033
-0.422333,-0.187837,9.456435,-0.015882,-0.119730,-0.024435,-0.005982,0.032303,8.8797646,0.175929,-0.079412,-0.193033
-0.662812,0.375673,9.998409,0.048869,-0.101404,0.000000,-0.391227,0.257228,9.8500547,0.034208,-0.025656,-0.034208
-0.705883,0.168694,10.036695,0.024435,-0.098960,0.014661,-0.678365,0.427119,9.8404837,-0.090408,-0.029322,0.008552
-0.770489,1.038485,9.921840,0.039095,-0.081856,0.222355,-0.666401,0.720240,10.0929260,0.043982,-0.025656,0.103847
-0.315853,-0.498904,9.895518,0.067195,-0.079412,-0.083078,-0.666401,0.720240,10.0929260,0.043982,-0.025656,0.103847
-0.771685,0.367298,9.559327,0.113621,-0.034208,-0.024435,-1.179662,-0.072981,10.5655079,0.028100,-0.076969,-0.243124
-0.715454,0.202194,10.055838,0.046426,-0.043982,0.036652,-0.746561,0.942772,10.2053890,-0.013439,-0.018326,-0.006109
-0.680758,0.094517,9.918250,0.094073,-0.054978,0.156382,-0.703490,0.446261,9.4588280,0.028100,-0.023213,0.280998
